Copyright 1986-2014 Xilinx, Inc. All Rights Reserved.
----------------------------------------------------------------------------------------------------------------------------------------------------------------------
| Tool Version      : Vivado v.2014.4_AR65813_AR64601_AR63880_AR63479_AR62969_(AR63524_AR64594) (win64) Build 0 Tue May 19 17:22:27 MDT 2015
| Date              : Mon Jul 27 19:07:24 2026
| Host              : DESKTOP-1F6RSOD running 64-bit major release  (build 9200)
| Command           : report_timing_summary -warn_on_violation -max_paths 10 -file udp_echo_top_timing_summary_routed.rpt -rpx udp_echo_top_timing_summary_routed.rpx
| Design            : udp_echo_top
| Device            : 7k325t-ffg900
| Speed File        : -2  PRODUCTION 1.12 2014-09-11
| Temperature Grade : C
----------------------------------------------------------------------------------------------------------------------------------------------------------------------

Timing Summary Report

------------------------------------------------------------------------------------------------
| Timer Settings
| --------------
------------------------------------------------------------------------------------------------

  Enable Multi Corner Analysis               :  Yes
  Enable Pessimism Removal                   :  Yes
  Pessimism Removal Resolution               :  Nearest Common Node
  Enable Input Delay Default Clock           :  No
  Enable Preset / Clear Arcs                 :  No
  Disable Flight Delays                      :  No

  Corner  Analyze    Analyze    
  Name    Max Paths  Min Paths  
  ------  ---------  ---------  
  Slow    Yes        Yes        
  Fast    Yes        Yes        



check_timing report

Table of Contents
-----------------
1. checking no_clock
2. checking constant_clock
3. checking pulse_width_clock
4. checking unconstrained_internal_endpoints
5. checking no_input_delay
6. checking no_output_delay
7. checking multiple_clock
8. checking generated_clocks
9. checking loops
10. checking partial_input_delay
11. checking partial_output_delay
12. checking unexpandable_clocks
13. checking latch_loops

1. checking no_clock
--------------------
 There are 0 register/latch pins with no clock.


2. checking constant_clock
--------------------------
 There are 0 register/latch pins with constant_clock.


3. checking pulse_width_clock
-----------------------------
 There are 0 register/latch pins which need pulse_width check


4. checking unconstrained_internal_endpoints
--------------------------------------------
 There are 0 pins that are not constrained for maximum delay.

 There are 0 pins that are not constrained for maximum delay due to constant clock.


5. checking no_input_delay
--------------------------
 There are 10 input ports with no input delay specified. (HIGH)

 There are 0 input ports with no input delay but user has a false path constraint.


6. checking no_output_delay
---------------------------
 There are 11 ports with no output delay specified. (HIGH)

 There are 0 ports with no output delay but user has a false path constraint

 There are 0 ports with no output delay but with a timing clock defined on it or propagating through it


7. checking multiple_clock
--------------------------
 There are 0 register/latch pins with multiple clocks.


8. checking generated_clocks
----------------------------
 There are 0 generated clocks that are not connected to a clock source.


9. checking loops
-----------------
 There are 0 combinational loops in the design.


10. checking partial_input_delay
--------------------------------
 There are 0 input ports with partial input delay specified.


11. checking partial_output_delay
---------------------------------
 There are 0 ports with partial output delay specified.


12. checking unexpandable_clocks
--------------------------------
 There are 0 unexpandable clock pairs.


13. checking latch_loops
------------------------
 There are 0 combinational latch loops in the design through latch input



------------------------------------------------------------------------------------------------
| Design Timing Summary
| ---------------------
------------------------------------------------------------------------------------------------

    WNS(ns)      TNS(ns)  TNS Failing Endpoints  TNS Total Endpoints      WHS(ns)      THS(ns)  THS Failing Endpoints  THS Total Endpoints     WPWS(ns)     TPWS(ns)  TPWS Failing Endpoints  TPWS Total Endpoints  
    -------      -------  ---------------------  -------------------      -------      -------  ---------------------  -------------------     --------     --------  ----------------------  --------------------  
     -1.694     -193.374                    153                  538        0.094        0.000                      0                  538        1.100        0.000                       0                   238  


Timing constraints are not met.


------------------------------------------------------------------------------------------------
| Clock Summary
| -------------
------------------------------------------------------------------------------------------------

Clock                 Waveform(ns)         Period(ns)      Frequency(MHz)
-----                 ------------         ----------      --------------
E_RXC                 {0.000 4.000}        8.000           125.000         
sys_clk_p             {0.000 2.500}        5.000           200.000         
  clk_out1_clk_wiz_0  {0.000 10.000}       20.000          50.000          
  clk_out2_clk_wiz_0  {0.000 4.000}        8.000           125.000         
  clkfbout_clk_wiz_0  {0.000 2.500}        5.000           200.000         


------------------------------------------------------------------------------------------------
| Intra Clock Table
| -----------------
------------------------------------------------------------------------------------------------

Clock                     WNS(ns)      TNS(ns)  TNS Failing Endpoints  TNS Total Endpoints      WHS(ns)      THS(ns)  THS Failing Endpoints  THS Total Endpoints     WPWS(ns)     TPWS(ns)  TPWS Failing Endpoints  TPWS Total Endpoints  
-----                     -------      -------  ---------------------  -------------------      -------      -------  ---------------------  -------------------     --------     --------  ----------------------  --------------------  
E_RXC                       4.077        0.000                      0                  246        0.094        0.000                      0                  246        3.600        0.000                       0                   130  
sys_clk_p                                                                                                                                                               1.100        0.000                       0                     1  
  clk_out1_clk_wiz_0       15.731        0.000                      0                   41        0.243        0.000                      0                   41        9.650        0.000                       0                    23  
  clk_out2_clk_wiz_0        3.627        0.000                      0                  183        0.100        0.000                      0                  183        3.600        0.000                       0                    81  
  clkfbout_clk_wiz_0                                                                                                                                                    3.592        0.000                       0                     3  


------------------------------------------------------------------------------------------------
| Inter Clock Table
| -----------------
------------------------------------------------------------------------------------------------

From Clock          To Clock                WNS(ns)      TNS(ns)  TNS Failing Endpoints  TNS Total Endpoints      WHS(ns)      THS(ns)  THS Failing Endpoints  THS Total Endpoints  
----------          --------                -------      -------  ---------------------  -------------------      -------      -------  ---------------------  -------------------  
clk_out1_clk_wiz_0  E_RXC                     0.220        0.000                      0                   94        0.535        0.000                      0                   94  
E_RXC               clk_out2_clk_wiz_0       -1.694     -162.260                    130                  130        3.400        0.000                      0                  130  
clk_out1_clk_wiz_0  clk_out2_clk_wiz_0       -0.376       -9.508                     52                   76        1.143        0.000                      0                   76  


------------------------------------------------------------------------------------------------
| Other Path Groups Table
| -----------------------
------------------------------------------------------------------------------------------------

Path Group          From Clock          To Clock                WNS(ns)      TNS(ns)  TNS Failing Endpoints  TNS Total Endpoints      WHS(ns)      THS(ns)  THS Failing Endpoints  THS Total Endpoints  
----------          ----------          --------                -------      -------  ---------------------  -------------------      -------      -------  ---------------------  -------------------  
**async_default**   clk_out1_clk_wiz_0  E_RXC                     0.756        0.000                      0                   45        0.257        0.000                      0                   45  
**async_default**   clk_out1_clk_wiz_0  clk_out2_clk_wiz_0       -1.577      -31.114                     23                   23        2.039        0.000                      0                   23  


------------------------------------------------------------------------------------------------
| Timing Details
| --------------
------------------------------------------------------------------------------------------------


---------------------------------------------------------------------------------------------------
From Clock:  E_RXC
  To Clock:  E_RXC

Setup :            0  Failing Endpoints,  Worst Slack        4.077ns,  Total Violation        0.000ns
Hold  :            0  Failing Endpoints,  Worst Slack        0.094ns,  Total Violation        0.000ns
PW    :            0  Failing Endpoints,  Worst Slack        3.600ns,  Total Violation        0.000ns
---------------------------------------------------------------------------------------------------


Max Delay Paths
--------------------------------------------------------------------------------------
Slack (MET) :             4.077ns  (required time - arrival time)
  Source:                 u_rx/udp_len_reg[7]/C
                            (rising edge-triggered cell FDRE clocked by E_RXC  {rise@0.000ns fall@4.000ns period=8.000ns})
  Destination:            u_rx/rx_len_reg[6]/CE
                            (rising edge-triggered cell FDCE clocked by E_RXC  {rise@0.000ns fall@4.000ns period=8.000ns})
  Path Group:             E_RXC
  Path Type:              Setup (Max at Slow Process Corner)
  Requirement:            8.000ns  (E_RXC rise@8.000ns - E_RXC rise@0.000ns)
  Data Path Delay:        3.594ns  (logic 1.067ns (29.690%)  route 2.527ns (70.310%))
  Logic Levels:           6  (CARRY4=3 LUT1=1 LUT3=1 LUT5=1)
  Clock Path Skew:        -0.093ns (DCD - SCD + CPR)
    Destination Clock Delay (DCD):    4.805ns = ( 12.805 - 8.000 ) 
    Source Clock Delay      (SCD):    5.515ns
    Clock Pessimism Removal (CPR):    0.617ns
  Clock Uncertainty:      0.035ns  ((TSJ^2 + TIJ^2)^1/2 + DJ) / 2 + PE
    Total System Jitter     (TSJ):    0.071ns
    Total Input Jitter      (TIJ):    0.000ns
    Discrete Jitter          (DJ):    0.000ns
    Phase Error              (PE):    0.000ns

    Location             Delay type                Incr(ns)  Path(ns)    Netlist Resource(s)
  -------------------------------------------------------------------    -------------------
                         (clock E_RXC rise edge)      0.000     0.000 r  
    J26                                               0.000     0.000 r  E_RXC
                         net (fo=0)                   0.000     0.000    E_RXC
    J26                  IBUF (Prop_ibuf_I_O)         1.541     1.541 r  E_RXC_IBUF_inst/O
                         net (fo=1, routed)           2.538     4.078    E_RXC_IBUF
    BUFGCTRL_X0Y1        BUFG (Prop_bufg_I_O)         0.093     4.171 r  u_bufg_rxc/O
                         net (fo=129, routed)         1.344     5.515    u_rx/e_rxc_bufg
    SLICE_X5Y168                                                      r  u_rx/udp_len_reg[7]/C
  -------------------------------------------------------------------    -------------------
    SLICE_X5Y168         FDRE (Prop_fdre_C_Q)         0.223     5.738 f  u_rx/udp_len_reg[7]/Q
                         net (fo=3, routed)           0.831     6.569    u_rx/udp_len[7]
    SLICE_X4Y166         LUT1 (Prop_lut1_I0_O)        0.043     6.612 r  u_rx/FSM_sequential_state[3]_i_41/O
                         net (fo=1, routed)           0.000     6.612    u_rx/n_0_FSM_sequential_state[3]_i_41
    SLICE_X4Y166         CARRY4 (Prop_carry4_S[1]_CO[3])
                                                      0.267     6.879 r  u_rx/FSM_sequential_state_reg[3]_i_31/CO[3]
                         net (fo=1, routed)           0.000     6.879    u_rx/n_0_FSM_sequential_state_reg[3]_i_31
    SLICE_X4Y167         CARRY4 (Prop_carry4_CI_O[0])
                                                      0.111     6.990 r  u_rx/FSM_sequential_state_reg[3]_i_30/O[0]
                         net (fo=2, routed)           0.514     7.504    u_rx/minusOp[10]
    SLICE_X6Y166         LUT3 (Prop_lut3_I1_O)        0.124     7.628 r  u_rx/FSM_sequential_state[3]_i_19/O
                         net (fo=1, routed)           0.000     7.628    u_rx/n_0_FSM_sequential_state[3]_i_19
    SLICE_X6Y166         CARRY4 (Prop_carry4_S[1]_CO[3])
                                                      0.256     7.884 f  u_rx/FSM_sequential_state_reg[3]_i_5/CO[3]
                         net (fo=3, routed)           0.590     8.474    u_rx/n_0_FSM_sequential_state_reg[3]_i_5
    SLICE_X7Y168         LUT5 (Prop_lut5_I4_O)        0.043     8.517 r  u_rx/rx_len[10]_i_1/O
                         net (fo=12, routed)          0.592     9.109    u_rx/n_0_rx_len[10]_i_1
    SLICE_X11Y159        FDCE                                         r  u_rx/rx_len_reg[6]/CE
  -------------------------------------------------------------------    -------------------

                         (clock E_RXC rise edge)      8.000     8.000 r  
    J26                                               0.000     8.000 r  E_RXC
                         net (fo=0)                   0.000     8.000    E_RXC
    J26                  IBUF (Prop_ibuf_I_O)         1.408     9.408 r  E_RXC_IBUF_inst/O
                         net (fo=1, routed)           2.149    11.557    E_RXC_IBUF
    BUFGCTRL_X0Y1        BUFG (Prop_bufg_I_O)         0.083    11.640 r  u_bufg_rxc/O
                         net (fo=129, routed)         1.165    12.805    u_rx/e_rxc_bufg
    SLICE_X11Y159                                                     r  u_rx/rx_len_reg[6]/C
                         clock pessimism              0.617    13.422    
                         clock uncertainty           -0.035    13.387    
    SLICE_X11Y159        FDCE (Setup_fdce_C_CE)      -0.201    13.186    u_rx/rx_len_reg[6]
  -------------------------------------------------------------------
                         required time                         13.186    
                         arrival time                          -9.109    
  -------------------------------------------------------------------
                         slack                                  4.077    

Slack (MET) :             4.089ns  (required time - arrival time)
  Source:                 u_rx/udp_len_reg[7]/C
                            (rising edge-triggered cell FDRE clocked by E_RXC  {rise@0.000ns fall@4.000ns period=8.000ns})
  Destination:            u_rx/rx_len_reg[4]/CE
                            (rising edge-triggered cell FDCE clocked by E_RXC  {rise@0.000ns fall@4.000ns period=8.000ns})
  Path Group:             E_RXC
  Path Type:              Setup (Max at Slow Process Corner)
  Requirement:            8.000ns  (E_RXC rise@8.000ns - E_RXC rise@0.000ns)
  Data Path Delay:        3.581ns  (logic 1.067ns (29.797%)  route 2.514ns (70.203%))
  Logic Levels:           6  (CARRY4=3 LUT1=1 LUT3=1 LUT5=1)
  Clock Path Skew:        -0.094ns (DCD - SCD + CPR)
    Destination Clock Delay (DCD):    4.804ns = ( 12.804 - 8.000 ) 
    Source Clock Delay      (SCD):    5.515ns
    Clock Pessimism Removal (CPR):    0.617ns
  Clock Uncertainty:      0.035ns  ((TSJ^2 + TIJ^2)^1/2 + DJ) / 2 + PE
    Total System Jitter     (TSJ):    0.071ns
    Total Input Jitter      (TIJ):    0.000ns
    Discrete Jitter          (DJ):    0.000ns
    Phase Error              (PE):    0.000ns

    Location             Delay type                Incr(ns)  Path(ns)    Netlist Resource(s)
  -------------------------------------------------------------------    -------------------
                         (clock E_RXC rise edge)      0.000     0.000 r  
    J26                                               0.000     0.000 r  E_RXC
                         net (fo=0)                   0.000     0.000    E_RXC
    J26                  IBUF (Prop_ibuf_I_O)         1.541     1.541 r  E_RXC_IBUF_inst/O
                         net (fo=1, routed)           2.538     4.078    E_RXC_IBUF
    BUFGCTRL_X0Y1        BUFG (Prop_bufg_I_O)         0.093     4.171 r  u_bufg_rxc/O
                         net (fo=129, routed)         1.344     5.515    u_rx/e_rxc_bufg
    SLICE_X5Y168                                                      r  u_rx/udp_len_reg[7]/C
  -------------------------------------------------------------------    -------------------
    SLICE_X5Y168         FDRE (Prop_fdre_C_Q)         0.223     5.738 f  u_rx/udp_len_reg[7]/Q
                         net (fo=3, routed)           0.831     6.569    u_rx/udp_len[7]
    SLICE_X4Y166         LUT1 (Prop_lut1_I0_O)        0.043     6.612 r  u_rx/FSM_sequential_state[3]_i_41/O
                         net (fo=1, routed)           0.000     6.612    u_rx/n_0_FSM_sequential_state[3]_i_41
    SLICE_X4Y166         CARRY4 (Prop_carry4_S[1]_CO[3])
                                                      0.267     6.879 r  u_rx/FSM_sequential_state_reg[3]_i_31/CO[3]
                         net (fo=1, routed)           0.000     6.879    u_rx/n_0_FSM_sequential_state_reg[3]_i_31
    SLICE_X4Y167         CARRY4 (Prop_carry4_CI_O[0])
                                                      0.111     6.990 r  u_rx/FSM_sequential_state_reg[3]_i_30/O[0]
                         net (fo=2, routed)           0.514     7.504    u_rx/minusOp[10]
    SLICE_X6Y166         LUT3 (Prop_lut3_I1_O)        0.124     7.628 r  u_rx/FSM_sequential_state[3]_i_19/O
                         net (fo=1, routed)           0.000     7.628    u_rx/n_0_FSM_sequential_state[3]_i_19
    SLICE_X6Y166         CARRY4 (Prop_carry4_S[1]_CO[3])
                                                      0.256     7.884 f  u_rx/FSM_sequential_state_reg[3]_i_5/CO[3]
                         net (fo=3, routed)           0.590     8.474    u_rx/n_0_FSM_sequential_state_reg[3]_i_5
    SLICE_X7Y168         LUT5 (Prop_lut5_I4_O)        0.043     8.517 r  u_rx/rx_len[10]_i_1/O
                         net (fo=12, routed)          0.579     9.096    u_rx/n_0_rx_len[10]_i_1
    SLICE_X9Y159         FDCE                                         r  u_rx/rx_len_reg[4]/CE
  -------------------------------------------------------------------    -------------------

                         (clock E_RXC rise edge)      8.000     8.000 r  
    J26                                               0.000     8.000 r  E_RXC
                         net (fo=0)                   0.000     8.000    E_RXC
    J26                  IBUF (Prop_ibuf_I_O)         1.408     9.408 r  E_RXC_IBUF_inst/O
                         net (fo=1, routed)           2.149    11.557    E_RXC_IBUF
    BUFGCTRL_X0Y1        BUFG (Prop_bufg_I_O)         0.083    11.640 r  u_bufg_rxc/O
                         net (fo=129, routed)         1.164    12.804    u_rx/e_rxc_bufg
    SLICE_X9Y159                                                      r  u_rx/rx_len_reg[4]/C
                         clock pessimism              0.617    13.421    
                         clock uncertainty           -0.035    13.386    
    SLICE_X9Y159         FDCE (Setup_fdce_C_CE)      -0.201    13.185    u_rx/rx_len_reg[4]
  -------------------------------------------------------------------
                         required time                         13.185    
                         arrival time                          -9.096    
  -------------------------------------------------------------------
                         slack                                  4.089    

Slack (MET) :             4.089ns  (required time - arrival time)
  Source:                 u_rx/udp_len_reg[7]/C
                            (rising edge-triggered cell FDRE clocked by E_RXC  {rise@0.000ns fall@4.000ns period=8.000ns})
  Destination:            u_rx/rx_len_reg[5]/CE
                            (rising edge-triggered cell FDCE clocked by E_RXC  {rise@0.000ns fall@4.000ns period=8.000ns})
  Path Group:             E_RXC
  Path Type:              Setup (Max at Slow Process Corner)
  Requirement:            8.000ns  (E_RXC rise@8.000ns - E_RXC rise@0.000ns)
  Data Path Delay:        3.581ns  (logic 1.067ns (29.797%)  route 2.514ns (70.203%))
  Logic Levels:           6  (CARRY4=3 LUT1=1 LUT3=1 LUT5=1)
  Clock Path Skew:        -0.094ns (DCD - SCD + CPR)
    Destination Clock Delay (DCD):    4.804ns = ( 12.804 - 8.000 ) 
    Source Clock Delay      (SCD):    5.515ns
    Clock Pessimism Removal (CPR):    0.617ns
  Clock Uncertainty:      0.035ns  ((TSJ^2 + TIJ^2)^1/2 + DJ) / 2 + PE
    Total System Jitter     (TSJ):    0.071ns
    Total Input Jitter      (TIJ):    0.000ns
    Discrete Jitter          (DJ):    0.000ns
    Phase Error              (PE):    0.000ns

    Location             Delay type                Incr(ns)  Path(ns)    Netlist Resource(s)
  -------------------------------------------------------------------    -------------------
                         (clock E_RXC rise edge)      0.000     0.000 r  
    J26                                               0.000     0.000 r  E_RXC
                         net (fo=0)                   0.000     0.000    E_RXC
    J26                  IBUF (Prop_ibuf_I_O)         1.541     1.541 r  E_RXC_IBUF_inst/O
                         net (fo=1, routed)           2.538     4.078    E_RXC_IBUF
    BUFGCTRL_X0Y1        BUFG (Prop_bufg_I_O)         0.093     4.171 r  u_bufg_rxc/O
                         net (fo=129, routed)         1.344     5.515    u_rx/e_rxc_bufg
    SLICE_X5Y168                                                      r  u_rx/udp_len_reg[7]/C
  -------------------------------------------------------------------    -------------------
    SLICE_X5Y168         FDRE (Prop_fdre_C_Q)         0.223     5.738 f  u_rx/udp_len_reg[7]/Q
                         net (fo=3, routed)           0.831     6.569    u_rx/udp_len[7]
    SLICE_X4Y166         LUT1 (Prop_lut1_I0_O)        0.043     6.612 r  u_rx/FSM_sequential_state[3]_i_41/O
                         net (fo=1, routed)           0.000     6.612    u_rx/n_0_FSM_sequential_state[3]_i_41
    SLICE_X4Y166         CARRY4 (Prop_carry4_S[1]_CO[3])
                                                      0.267     6.879 r  u_rx/FSM_sequential_state_reg[3]_i_31/CO[3]
                         net (fo=1, routed)           0.000     6.879    u_rx/n_0_FSM_sequential_state_reg[3]_i_31
    SLICE_X4Y167         CARRY4 (Prop_carry4_CI_O[0])
                                                      0.111     6.990 r  u_rx/FSM_sequential_state_reg[3]_i_30/O[0]
                         net (fo=2, routed)           0.514     7.504    u_rx/minusOp[10]
    SLICE_X6Y166         LUT3 (Prop_lut3_I1_O)        0.124     7.628 r  u_rx/FSM_sequential_state[3]_i_19/O
                         net (fo=1, routed)           0.000     7.628    u_rx/n_0_FSM_sequential_state[3]_i_19
    SLICE_X6Y166         CARRY4 (Prop_carry4_S[1]_CO[3])
                                                      0.256     7.884 f  u_rx/FSM_sequential_state_reg[3]_i_5/CO[3]
                         net (fo=3, routed)           0.590     8.474    u_rx/n_0_FSM_sequential_state_reg[3]_i_5
    SLICE_X7Y168         LUT5 (Prop_lut5_I4_O)        0.043     8.517 r  u_rx/rx_len[10]_i_1/O
                         net (fo=12, routed)          0.579     9.096    u_rx/n_0_rx_len[10]_i_1
    SLICE_X9Y159         FDCE                                         r  u_rx/rx_len_reg[5]/CE
  -------------------------------------------------------------------    -------------------

                         (clock E_RXC rise edge)      8.000     8.000 r  
    J26                                               0.000     8.000 r  E_RXC
                         net (fo=0)                   0.000     8.000    E_RXC
    J26                  IBUF (Prop_ibuf_I_O)         1.408     9.408 r  E_RXC_IBUF_inst/O
                         net (fo=1, routed)           2.149    11.557    E_RXC_IBUF
    BUFGCTRL_X0Y1        BUFG (Prop_bufg_I_O)         0.083    11.640 r  u_bufg_rxc/O
                         net (fo=129, routed)         1.164    12.804    u_rx/e_rxc_bufg
    SLICE_X9Y159                                                      r  u_rx/rx_len_reg[5]/C
                         clock pessimism              0.617    13.421    
                         clock uncertainty           -0.035    13.386    
    SLICE_X9Y159         FDCE (Setup_fdce_C_CE)      -0.201    13.185    u_rx/rx_len_reg[5]
  -------------------------------------------------------------------
                         required time                         13.185    
                         arrival time                          -9.096    
  -------------------------------------------------------------------
                         slack                                  4.089    

Slack (MET) :             4.130ns  (required time - arrival time)
  Source:                 u_rx/udp_len_reg[7]/C
                            (rising edge-triggered cell FDRE clocked by E_RXC  {rise@0.000ns fall@4.000ns period=8.000ns})
  Destination:            u_rx/payload_cnt_reg[0]/CE
                            (rising edge-triggered cell FDRE clocked by E_RXC  {rise@0.000ns fall@4.000ns period=8.000ns})
  Path Group:             E_RXC
  Path Type:              Setup (Max at Slow Process Corner)
  Requirement:            8.000ns  (E_RXC rise@8.000ns - E_RXC rise@0.000ns)
  Data Path Delay:        3.561ns  (logic 1.067ns (29.966%)  route 2.494ns (70.034%))
  Logic Levels:           6  (CARRY4=3 LUT1=1 LUT3=1 LUT6=1)
  Clock Path Skew:        -0.096ns (DCD - SCD + CPR)
    Destination Clock Delay (DCD):    4.802ns = ( 12.802 - 8.000 ) 
    Source Clock Delay      (SCD):    5.515ns
    Clock Pessimism Removal (CPR):    0.617ns
  Clock Uncertainty:      0.035ns  ((TSJ^2 + TIJ^2)^1/2 + DJ) / 2 + PE
    Total System Jitter     (TSJ):    0.071ns
    Total Input Jitter      (TIJ):    0.000ns
    Discrete Jitter          (DJ):    0.000ns
    Phase Error              (PE):    0.000ns

    Location             Delay type                Incr(ns)  Path(ns)    Netlist Resource(s)
  -------------------------------------------------------------------    -------------------
                         (clock E_RXC rise edge)      0.000     0.000 r  
    J26                                               0.000     0.000 r  E_RXC
                         net (fo=0)                   0.000     0.000    E_RXC
    J26                  IBUF (Prop_ibuf_I_O)         1.541     1.541 r  E_RXC_IBUF_inst/O
                         net (fo=1, routed)           2.538     4.078    E_RXC_IBUF
    BUFGCTRL_X0Y1        BUFG (Prop_bufg_I_O)         0.093     4.171 r  u_bufg_rxc/O
                         net (fo=129, routed)         1.344     5.515    u_rx/e_rxc_bufg
    SLICE_X5Y168                                                      r  u_rx/udp_len_reg[7]/C
  -------------------------------------------------------------------    -------------------
    SLICE_X5Y168         FDRE (Prop_fdre_C_Q)         0.223     5.738 f  u_rx/udp_len_reg[7]/Q
                         net (fo=3, routed)           0.831     6.569    u_rx/udp_len[7]
    SLICE_X4Y166         LUT1 (Prop_lut1_I0_O)        0.043     6.612 r  u_rx/FSM_sequential_state[3]_i_41/O
                         net (fo=1, routed)           0.000     6.612    u_rx/n_0_FSM_sequential_state[3]_i_41
    SLICE_X4Y166         CARRY4 (Prop_carry4_S[1]_CO[3])
                                                      0.267     6.879 r  u_rx/FSM_sequential_state_reg[3]_i_31/CO[3]
                         net (fo=1, routed)           0.000     6.879    u_rx/n_0_FSM_sequential_state_reg[3]_i_31
    SLICE_X4Y167         CARRY4 (Prop_carry4_CI_O[0])
                                                      0.111     6.990 r  u_rx/FSM_sequential_state_reg[3]_i_30/O[0]
                         net (fo=2, routed)           0.514     7.504    u_rx/minusOp[10]
    SLICE_X6Y166         LUT3 (Prop_lut3_I1_O)        0.124     7.628 r  u_rx/FSM_sequential_state[3]_i_19/O
                         net (fo=1, routed)           0.000     7.628    u_rx/n_0_FSM_sequential_state[3]_i_19
    SLICE_X6Y166         CARRY4 (Prop_carry4_S[1]_CO[3])
                                                      0.256     7.884 r  u_rx/FSM_sequential_state_reg[3]_i_5/CO[3]
                         net (fo=3, routed)           0.473     8.357    u_rx/n_0_FSM_sequential_state_reg[3]_i_5
    SLICE_X7Y168         LUT6 (Prop_lut6_I2_O)        0.043     8.400 r  u_rx/payload_cnt[10]_i_2__0/O
                         net (fo=11, routed)          0.676     9.076    u_rx/payload_cnt0
    SLICE_X10Y164        FDRE                                         r  u_rx/payload_cnt_reg[0]/CE
  -------------------------------------------------------------------    -------------------

                         (clock E_RXC rise edge)      8.000     8.000 r  
    J26                                               0.000     8.000 r  E_RXC
                         net (fo=0)                   0.000     8.000    E_RXC
    J26                  IBUF (Prop_ibuf_I_O)         1.408     9.408 r  E_RXC_IBUF_inst/O
                         net (fo=1, routed)           2.149    11.557    E_RXC_IBUF
    BUFGCTRL_X0Y1        BUFG (Prop_bufg_I_O)         0.083    11.640 r  u_bufg_rxc/O
                         net (fo=129, routed)         1.162    12.802    u_rx/e_rxc_bufg
    SLICE_X10Y164                                                     r  u_rx/payload_cnt_reg[0]/C
                         clock pessimism              0.617    13.419    
                         clock uncertainty           -0.035    13.384    
    SLICE_X10Y164        FDRE (Setup_fdre_C_CE)      -0.178    13.206    u_rx/payload_cnt_reg[0]
  -------------------------------------------------------------------
                         required time                         13.206    
                         arrival time                          -9.076    
  -------------------------------------------------------------------
                         slack                                  4.130    

Slack (MET) :             4.130ns  (required time - arrival time)
  Source:                 u_rx/udp_len_reg[7]/C
                            (rising edge-triggered cell FDRE clocked by E_RXC  {rise@0.000ns fall@4.000ns period=8.000ns})
  Destination:            u_rx/payload_cnt_reg[1]/CE
                            (rising edge-triggered cell FDRE clocked by E_RXC  {rise@0.000ns fall@4.000ns period=8.000ns})
  Path Group:             E_RXC
  Path Type:              Setup (Max at Slow Process Corner)
  Requirement:            8.000ns  (E_RXC rise@8.000ns - E_RXC rise@0.000ns)
  Data Path Delay:        3.561ns  (logic 1.067ns (29.966%)  route 2.494ns (70.034%))
  Logic Levels:           6  (CARRY4=3 LUT1=1 LUT3=1 LUT6=1)
  Clock Path Skew:        -0.096ns (DCD - SCD + CPR)
    Destination Clock Delay (DCD):    4.802ns = ( 12.802 - 8.000 ) 
    Source Clock Delay      (SCD):    5.515ns
    Clock Pessimism Removal (CPR):    0.617ns
  Clock Uncertainty:      0.035ns  ((TSJ^2 + TIJ^2)^1/2 + DJ) / 2 + PE
    Total System Jitter     (TSJ):    0.071ns
    Total Input Jitter      (TIJ):    0.000ns
    Discrete Jitter          (DJ):    0.000ns
    Phase Error              (PE):    0.000ns

    Location             Delay type                Incr(ns)  Path(ns)    Netlist Resource(s)
  -------------------------------------------------------------------    -------------------
                         (clock E_RXC rise edge)      0.000     0.000 r  
    J26                                               0.000     0.000 r  E_RXC
                         net (fo=0)                   0.000     0.000    E_RXC
    J26                  IBUF (Prop_ibuf_I_O)         1.541     1.541 r  E_RXC_IBUF_inst/O
                         net (fo=1, routed)           2.538     4.078    E_RXC_IBUF
    BUFGCTRL_X0Y1        BUFG (Prop_bufg_I_O)         0.093     4.171 r  u_bufg_rxc/O
                         net (fo=129, routed)         1.344     5.515    u_rx/e_rxc_bufg
    SLICE_X5Y168                                                      r  u_rx/udp_len_reg[7]/C
  -------------------------------------------------------------------    -------------------
    SLICE_X5Y168         FDRE (Prop_fdre_C_Q)         0.223     5.738 f  u_rx/udp_len_reg[7]/Q
                         net (fo=3, routed)           0.831     6.569    u_rx/udp_len[7]
    SLICE_X4Y166         LUT1 (Prop_lut1_I0_O)        0.043     6.612 r  u_rx/FSM_sequential_state[3]_i_41/O
                         net (fo=1, routed)           0.000     6.612    u_rx/n_0_FSM_sequential_state[3]_i_41
    SLICE_X4Y166         CARRY4 (Prop_carry4_S[1]_CO[3])
                                                      0.267     6.879 r  u_rx/FSM_sequential_state_reg[3]_i_31/CO[3]
                         net (fo=1, routed)           0.000     6.879    u_rx/n_0_FSM_sequential_state_reg[3]_i_31
    SLICE_X4Y167         CARRY4 (Prop_carry4_CI_O[0])
                                                      0.111     6.990 r  u_rx/FSM_sequential_state_reg[3]_i_30/O[0]
                         net (fo=2, routed)           0.514     7.504    u_rx/minusOp[10]
    SLICE_X6Y166         LUT3 (Prop_lut3_I1_O)        0.124     7.628 r  u_rx/FSM_sequential_state[3]_i_19/O
                         net (fo=1, routed)           0.000     7.628    u_rx/n_0_FSM_sequential_state[3]_i_19
    SLICE_X6Y166         CARRY4 (Prop_carry4_S[1]_CO[3])
                                                      0.256     7.884 r  u_rx/FSM_sequential_state_reg[3]_i_5/CO[3]
                         net (fo=3, routed)           0.473     8.357    u_rx/n_0_FSM_sequential_state_reg[3]_i_5
    SLICE_X7Y168         LUT6 (Prop_lut6_I2_O)        0.043     8.400 r  u_rx/payload_cnt[10]_i_2__0/O
                         net (fo=11, routed)          0.676     9.076    u_rx/payload_cnt0
    SLICE_X10Y164        FDRE                                         r  u_rx/payload_cnt_reg[1]/CE
  -------------------------------------------------------------------    -------------------

                         (clock E_RXC rise edge)      8.000     8.000 r  
    J26                                               0.000     8.000 r  E_RXC
                         net (fo=0)                   0.000     8.000    E_RXC
    J26                  IBUF (Prop_ibuf_I_O)         1.408     9.408 r  E_RXC_IBUF_inst/O
                         net (fo=1, routed)           2.149    11.557    E_RXC_IBUF
    BUFGCTRL_X0Y1        BUFG (Prop_bufg_I_O)         0.083    11.640 r  u_bufg_rxc/O
                         net (fo=129, routed)         1.162    12.802    u_rx/e_rxc_bufg
    SLICE_X10Y164                                                     r  u_rx/payload_cnt_reg[1]/C
                         clock pessimism              0.617    13.419    
                         clock uncertainty           -0.035    13.384    
    SLICE_X10Y164        FDRE (Setup_fdre_C_CE)      -0.178    13.206    u_rx/payload_cnt_reg[1]
  -------------------------------------------------------------------
                         required time                         13.206    
                         arrival time                          -9.076    
  -------------------------------------------------------------------
                         slack                                  4.130    

Slack (MET) :             4.130ns  (required time - arrival time)
  Source:                 u_rx/udp_len_reg[7]/C
                            (rising edge-triggered cell FDRE clocked by E_RXC  {rise@0.000ns fall@4.000ns period=8.000ns})
  Destination:            u_rx/payload_cnt_reg[3]/CE
                            (rising edge-triggered cell FDRE clocked by E_RXC  {rise@0.000ns fall@4.000ns period=8.000ns})
  Path Group:             E_RXC
  Path Type:              Setup (Max at Slow Process Corner)
  Requirement:            8.000ns  (E_RXC rise@8.000ns - E_RXC rise@0.000ns)
  Data Path Delay:        3.561ns  (logic 1.067ns (29.966%)  route 2.494ns (70.034%))
  Logic Levels:           6  (CARRY4=3 LUT1=1 LUT3=1 LUT6=1)
  Clock Path Skew:        -0.096ns (DCD - SCD + CPR)
    Destination Clock Delay (DCD):    4.802ns = ( 12.802 - 8.000 ) 
    Source Clock Delay      (SCD):    5.515ns
    Clock Pessimism Removal (CPR):    0.617ns
  Clock Uncertainty:      0.035ns  ((TSJ^2 + TIJ^2)^1/2 + DJ) / 2 + PE
    Total System Jitter     (TSJ):    0.071ns
    Total Input Jitter      (TIJ):    0.000ns
    Discrete Jitter          (DJ):    0.000ns
    Phase Error              (PE):    0.000ns

    Location             Delay type                Incr(ns)  Path(ns)    Netlist Resource(s)
  -------------------------------------------------------------------    -------------------
                         (clock E_RXC rise edge)      0.000     0.000 r  
    J26                                               0.000     0.000 r  E_RXC
                         net (fo=0)                   0.000     0.000    E_RXC
    J26                  IBUF (Prop_ibuf_I_O)         1.541     1.541 r  E_RXC_IBUF_inst/O
                         net (fo=1, routed)           2.538     4.078    E_RXC_IBUF
    BUFGCTRL_X0Y1        BUFG (Prop_bufg_I_O)         0.093     4.171 r  u_bufg_rxc/O
                         net (fo=129, routed)         1.344     5.515    u_rx/e_rxc_bufg
    SLICE_X5Y168                                                      r  u_rx/udp_len_reg[7]/C
  -------------------------------------------------------------------    -------------------
    SLICE_X5Y168         FDRE (Prop_fdre_C_Q)         0.223     5.738 f  u_rx/udp_len_reg[7]/Q
                         net (fo=3, routed)           0.831     6.569    u_rx/udp_len[7]
    SLICE_X4Y166         LUT1 (Prop_lut1_I0_O)        0.043     6.612 r  u_rx/FSM_sequential_state[3]_i_41/O
                         net (fo=1, routed)           0.000     6.612    u_rx/n_0_FSM_sequential_state[3]_i_41
    SLICE_X4Y166         CARRY4 (Prop_carry4_S[1]_CO[3])
                                                      0.267     6.879 r  u_rx/FSM_sequential_state_reg[3]_i_31/CO[3]
                         net (fo=1, routed)           0.000     6.879    u_rx/n_0_FSM_sequential_state_reg[3]_i_31
    SLICE_X4Y167         CARRY4 (Prop_carry4_CI_O[0])
                                                      0.111     6.990 r  u_rx/FSM_sequential_state_reg[3]_i_30/O[0]
                         net (fo=2, routed)           0.514     7.504    u_rx/minusOp[10]
    SLICE_X6Y166         LUT3 (Prop_lut3_I1_O)        0.124     7.628 r  u_rx/FSM_sequential_state[3]_i_19/O
                         net (fo=1, routed)           0.000     7.628    u_rx/n_0_FSM_sequential_state[3]_i_19
    SLICE_X6Y166         CARRY4 (Prop_carry4_S[1]_CO[3])
                                                      0.256     7.884 r  u_rx/FSM_sequential_state_reg[3]_i_5/CO[3]
                         net (fo=3, routed)           0.473     8.357    u_rx/n_0_FSM_sequential_state_reg[3]_i_5
    SLICE_X7Y168         LUT6 (Prop_lut6_I2_O)        0.043     8.400 r  u_rx/payload_cnt[10]_i_2__0/O
                         net (fo=11, routed)          0.676     9.076    u_rx/payload_cnt0
    SLICE_X10Y164        FDRE                                         r  u_rx/payload_cnt_reg[3]/CE
  -------------------------------------------------------------------    -------------------

                         (clock E_RXC rise edge)      8.000     8.000 r  
    J26                                               0.000     8.000 r  E_RXC
                         net (fo=0)                   0.000     8.000    E_RXC
    J26                  IBUF (Prop_ibuf_I_O)         1.408     9.408 r  E_RXC_IBUF_inst/O
                         net (fo=1, routed)           2.149    11.557    E_RXC_IBUF
    BUFGCTRL_X0Y1        BUFG (Prop_bufg_I_O)         0.083    11.640 r  u_bufg_rxc/O
                         net (fo=129, routed)         1.162    12.802    u_rx/e_rxc_bufg
    SLICE_X10Y164                                                     r  u_rx/payload_cnt_reg[3]/C
                         clock pessimism              0.617    13.419    
                         clock uncertainty           -0.035    13.384    
    SLICE_X10Y164        FDRE (Setup_fdre_C_CE)      -0.178    13.206    u_rx/payload_cnt_reg[3]
  -------------------------------------------------------------------
                         required time                         13.206    
                         arrival time                          -9.076    
  -------------------------------------------------------------------
                         slack                                  4.130    

Slack (MET) :             4.130ns  (required time - arrival time)
  Source:                 u_rx/udp_len_reg[7]/C
                            (rising edge-triggered cell FDRE clocked by E_RXC  {rise@0.000ns fall@4.000ns period=8.000ns})
  Destination:            u_rx/payload_cnt_reg[4]/CE
                            (rising edge-triggered cell FDRE clocked by E_RXC  {rise@0.000ns fall@4.000ns period=8.000ns})
  Path Group:             E_RXC
  Path Type:              Setup (Max at Slow Process Corner)
  Requirement:            8.000ns  (E_RXC rise@8.000ns - E_RXC rise@0.000ns)
  Data Path Delay:        3.561ns  (logic 1.067ns (29.966%)  route 2.494ns (70.034%))
  Logic Levels:           6  (CARRY4=3 LUT1=1 LUT3=1 LUT6=1)
  Clock Path Skew:        -0.096ns (DCD - SCD + CPR)
    Destination Clock Delay (DCD):    4.802ns = ( 12.802 - 8.000 ) 
    Source Clock Delay      (SCD):    5.515ns
    Clock Pessimism Removal (CPR):    0.617ns
  Clock Uncertainty:      0.035ns  ((TSJ^2 + TIJ^2)^1/2 + DJ) / 2 + PE
    Total System Jitter     (TSJ):    0.071ns
    Total Input Jitter      (TIJ):    0.000ns
    Discrete Jitter          (DJ):    0.000ns
    Phase Error              (PE):    0.000ns

    Location             Delay type                Incr(ns)  Path(ns)    Netlist Resource(s)
  -------------------------------------------------------------------    -------------------
                         (clock E_RXC rise edge)      0.000     0.000 r  
    J26                                               0.000     0.000 r  E_RXC
                         net (fo=0)                   0.000     0.000    E_RXC
    J26                  IBUF (Prop_ibuf_I_O)         1.541     1.541 r  E_RXC_IBUF_inst/O
                         net (fo=1, routed)           2.538     4.078    E_RXC_IBUF
    BUFGCTRL_X0Y1        BUFG (Prop_bufg_I_O)         0.093     4.171 r  u_bufg_rxc/O
                         net (fo=129, routed)         1.344     5.515    u_rx/e_rxc_bufg
    SLICE_X5Y168                                                      r  u_rx/udp_len_reg[7]/C
  -------------------------------------------------------------------    -------------------
    SLICE_X5Y168         FDRE (Prop_fdre_C_Q)         0.223     5.738 f  u_rx/udp_len_reg[7]/Q
                         net (fo=3, routed)           0.831     6.569    u_rx/udp_len[7]
    SLICE_X4Y166         LUT1 (Prop_lut1_I0_O)        0.043     6.612 r  u_rx/FSM_sequential_state[3]_i_41/O
                         net (fo=1, routed)           0.000     6.612    u_rx/n_0_FSM_sequential_state[3]_i_41
    SLICE_X4Y166         CARRY4 (Prop_carry4_S[1]_CO[3])
                                                      0.267     6.879 r  u_rx/FSM_sequential_state_reg[3]_i_31/CO[3]
                         net (fo=1, routed)           0.000     6.879    u_rx/n_0_FSM_sequential_state_reg[3]_i_31
    SLICE_X4Y167         CARRY4 (Prop_carry4_CI_O[0])
                                                      0.111     6.990 r  u_rx/FSM_sequential_state_reg[3]_i_30/O[0]
                         net (fo=2, routed)           0.514     7.504    u_rx/minusOp[10]
    SLICE_X6Y166         LUT3 (Prop_lut3_I1_O)        0.124     7.628 r  u_rx/FSM_sequential_state[3]_i_19/O
                         net (fo=1, routed)           0.000     7.628    u_rx/n_0_FSM_sequential_state[3]_i_19
    SLICE_X6Y166         CARRY4 (Prop_carry4_S[1]_CO[3])
                                                      0.256     7.884 r  u_rx/FSM_sequential_state_reg[3]_i_5/CO[3]
                         net (fo=3, routed)           0.473     8.357    u_rx/n_0_FSM_sequential_state_reg[3]_i_5
    SLICE_X7Y168         LUT6 (Prop_lut6_I2_O)        0.043     8.400 r  u_rx/payload_cnt[10]_i_2__0/O
                         net (fo=11, routed)          0.676     9.076    u_rx/payload_cnt0
    SLICE_X10Y164        FDRE                                         r  u_rx/payload_cnt_reg[4]/CE
  -------------------------------------------------------------------    -------------------

                         (clock E_RXC rise edge)      8.000     8.000 r  
    J26                                               0.000     8.000 r  E_RXC
                         net (fo=0)                   0.000     8.000    E_RXC
    J26                  IBUF (Prop_ibuf_I_O)         1.408     9.408 r  E_RXC_IBUF_inst/O
                         net (fo=1, routed)           2.149    11.557    E_RXC_IBUF
    BUFGCTRL_X0Y1        BUFG (Prop_bufg_I_O)         0.083    11.640 r  u_bufg_rxc/O
                         net (fo=129, routed)         1.162    12.802    u_rx/e_rxc_bufg
    SLICE_X10Y164                                                     r  u_rx/payload_cnt_reg[4]/C
                         clock pessimism              0.617    13.419    
                         clock uncertainty           -0.035    13.384    
    SLICE_X10Y164        FDRE (Setup_fdre_C_CE)      -0.178    13.206    u_rx/payload_cnt_reg[4]
  -------------------------------------------------------------------
                         required time                         13.206    
                         arrival time                          -9.076    
  -------------------------------------------------------------------
                         slack                                  4.130    

Slack (MET) :             4.130ns  (required time - arrival time)
  Source:                 u_rx/udp_len_reg[7]/C
                            (rising edge-triggered cell FDRE clocked by E_RXC  {rise@0.000ns fall@4.000ns period=8.000ns})
  Destination:            u_rx/payload_cnt_reg[5]/CE
                            (rising edge-triggered cell FDRE clocked by E_RXC  {rise@0.000ns fall@4.000ns period=8.000ns})
  Path Group:             E_RXC
  Path Type:              Setup (Max at Slow Process Corner)
  Requirement:            8.000ns  (E_RXC rise@8.000ns - E_RXC rise@0.000ns)
  Data Path Delay:        3.561ns  (logic 1.067ns (29.966%)  route 2.494ns (70.034%))
  Logic Levels:           6  (CARRY4=3 LUT1=1 LUT3=1 LUT6=1)
  Clock Path Skew:        -0.096ns (DCD - SCD + CPR)
    Destination Clock Delay (DCD):    4.802ns = ( 12.802 - 8.000 ) 
    Source Clock Delay      (SCD):    5.515ns
    Clock Pessimism Removal (CPR):    0.617ns
  Clock Uncertainty:      0.035ns  ((TSJ^2 + TIJ^2)^1/2 + DJ) / 2 + PE
    Total System Jitter     (TSJ):    0.071ns
    Total Input Jitter      (TIJ):    0.000ns
    Discrete Jitter          (DJ):    0.000ns
    Phase Error              (PE):    0.000ns

    Location             Delay type                Incr(ns)  Path(ns)    Netlist Resource(s)
  -------------------------------------------------------------------    -------------------
                         (clock E_RXC rise edge)      0.000     0.000 r  
    J26                                               0.000     0.000 r  E_RXC
                         net (fo=0)                   0.000     0.000    E_RXC
    J26                  IBUF (Prop_ibuf_I_O)         1.541     1.541 r  E_RXC_IBUF_inst/O
                         net (fo=1, routed)           2.538     4.078    E_RXC_IBUF
    BUFGCTRL_X0Y1        BUFG (Prop_bufg_I_O)         0.093     4.171 r  u_bufg_rxc/O
                         net (fo=129, routed)         1.344     5.515    u_rx/e_rxc_bufg
    SLICE_X5Y168                                                      r  u_rx/udp_len_reg[7]/C
  -------------------------------------------------------------------    -------------------
    SLICE_X5Y168         FDRE (Prop_fdre_C_Q)         0.223     5.738 f  u_rx/udp_len_reg[7]/Q
                         net (fo=3, routed)           0.831     6.569    u_rx/udp_len[7]
    SLICE_X4Y166         LUT1 (Prop_lut1_I0_O)        0.043     6.612 r  u_rx/FSM_sequential_state[3]_i_41/O
                         net (fo=1, routed)           0.000     6.612    u_rx/n_0_FSM_sequential_state[3]_i_41
    SLICE_X4Y166         CARRY4 (Prop_carry4_S[1]_CO[3])
                                                      0.267     6.879 r  u_rx/FSM_sequential_state_reg[3]_i_31/CO[3]
                         net (fo=1, routed)           0.000     6.879    u_rx/n_0_FSM_sequential_state_reg[3]_i_31
    SLICE_X4Y167         CARRY4 (Prop_carry4_CI_O[0])
                                                      0.111     6.990 r  u_rx/FSM_sequential_state_reg[3]_i_30/O[0]
                         net (fo=2, routed)           0.514     7.504    u_rx/minusOp[10]
    SLICE_X6Y166         LUT3 (Prop_lut3_I1_O)        0.124     7.628 r  u_rx/FSM_sequential_state[3]_i_19/O
                         net (fo=1, routed)           0.000     7.628    u_rx/n_0_FSM_sequential_state[3]_i_19
    SLICE_X6Y166         CARRY4 (Prop_carry4_S[1]_CO[3])
                                                      0.256     7.884 r  u_rx/FSM_sequential_state_reg[3]_i_5/CO[3]
                         net (fo=3, routed)           0.473     8.357    u_rx/n_0_FSM_sequential_state_reg[3]_i_5
    SLICE_X7Y168         LUT6 (Prop_lut6_I2_O)        0.043     8.400 r  u_rx/payload_cnt[10]_i_2__0/O
                         net (fo=11, routed)          0.676     9.076    u_rx/payload_cnt0
    SLICE_X10Y164        FDRE                                         r  u_rx/payload_cnt_reg[5]/CE
  -------------------------------------------------------------------    -------------------

                         (clock E_RXC rise edge)      8.000     8.000 r  
    J26                                               0.000     8.000 r  E_RXC
                         net (fo=0)                   0.000     8.000    E_RXC
    J26                  IBUF (Prop_ibuf_I_O)         1.408     9.408 r  E_RXC_IBUF_inst/O
                         net (fo=1, routed)           2.149    11.557    E_RXC_IBUF
    BUFGCTRL_X0Y1        BUFG (Prop_bufg_I_O)         0.083    11.640 r  u_bufg_rxc/O
                         net (fo=129, routed)         1.162    12.802    u_rx/e_rxc_bufg
    SLICE_X10Y164                                                     r  u_rx/payload_cnt_reg[5]/C
                         clock pessimism              0.617    13.419    
                         clock uncertainty           -0.035    13.384    
    SLICE_X10Y164        FDRE (Setup_fdre_C_CE)      -0.178    13.206    u_rx/payload_cnt_reg[5]
  -------------------------------------------------------------------
                         required time                         13.206    
                         arrival time                          -9.076    
  -------------------------------------------------------------------
                         slack                                  4.130    

Slack (MET) :             4.162ns  (required time - arrival time)
  Source:                 u_rx/udp_len_reg[7]/C
                            (rising edge-triggered cell FDRE clocked by E_RXC  {rise@0.000ns fall@4.000ns period=8.000ns})
  Destination:            u_rx/rx_len_reg[1]/CE
                            (rising edge-triggered cell FDCE clocked by E_RXC  {rise@0.000ns fall@4.000ns period=8.000ns})
  Path Group:             E_RXC
  Path Type:              Setup (Max at Slow Process Corner)
  Requirement:            8.000ns  (E_RXC rise@8.000ns - E_RXC rise@0.000ns)
  Data Path Delay:        3.507ns  (logic 1.067ns (30.425%)  route 2.440ns (69.575%))
  Logic Levels:           6  (CARRY4=3 LUT1=1 LUT3=1 LUT5=1)
  Clock Path Skew:        -0.095ns (DCD - SCD + CPR)
    Destination Clock Delay (DCD):    4.803ns = ( 12.803 - 8.000 ) 
    Source Clock Delay      (SCD):    5.515ns
    Clock Pessimism Removal (CPR):    0.617ns
  Clock Uncertainty:      0.035ns  ((TSJ^2 + TIJ^2)^1/2 + DJ) / 2 + PE
    Total System Jitter     (TSJ):    0.071ns
    Total Input Jitter      (TIJ):    0.000ns
    Discrete Jitter          (DJ):    0.000ns
    Phase Error              (PE):    0.000ns

    Location             Delay type                Incr(ns)  Path(ns)    Netlist Resource(s)
  -------------------------------------------------------------------    -------------------
                         (clock E_RXC rise edge)      0.000     0.000 r  
    J26                                               0.000     0.000 r  E_RXC
                         net (fo=0)                   0.000     0.000    E_RXC
    J26                  IBUF (Prop_ibuf_I_O)         1.541     1.541 r  E_RXC_IBUF_inst/O
                         net (fo=1, routed)           2.538     4.078    E_RXC_IBUF
    BUFGCTRL_X0Y1        BUFG (Prop_bufg_I_O)         0.093     4.171 r  u_bufg_rxc/O
                         net (fo=129, routed)         1.344     5.515    u_rx/e_rxc_bufg
    SLICE_X5Y168                                                      r  u_rx/udp_len_reg[7]/C
  -------------------------------------------------------------------    -------------------
    SLICE_X5Y168         FDRE (Prop_fdre_C_Q)         0.223     5.738 f  u_rx/udp_len_reg[7]/Q
                         net (fo=3, routed)           0.831     6.569    u_rx/udp_len[7]
    SLICE_X4Y166         LUT1 (Prop_lut1_I0_O)        0.043     6.612 r  u_rx/FSM_sequential_state[3]_i_41/O
                         net (fo=1, routed)           0.000     6.612    u_rx/n_0_FSM_sequential_state[3]_i_41
    SLICE_X4Y166         CARRY4 (Prop_carry4_S[1]_CO[3])
                                                      0.267     6.879 r  u_rx/FSM_sequential_state_reg[3]_i_31/CO[3]
                         net (fo=1, routed)           0.000     6.879    u_rx/n_0_FSM_sequential_state_reg[3]_i_31
    SLICE_X4Y167         CARRY4 (Prop_carry4_CI_O[0])
                                                      0.111     6.990 r  u_rx/FSM_sequential_state_reg[3]_i_30/O[0]
                         net (fo=2, routed)           0.514     7.504    u_rx/minusOp[10]
    SLICE_X6Y166         LUT3 (Prop_lut3_I1_O)        0.124     7.628 r  u_rx/FSM_sequential_state[3]_i_19/O
                         net (fo=1, routed)           0.000     7.628    u_rx/n_0_FSM_sequential_state[3]_i_19
    SLICE_X6Y166         CARRY4 (Prop_carry4_S[1]_CO[3])
                                                      0.256     7.884 f  u_rx/FSM_sequential_state_reg[3]_i_5/CO[3]
                         net (fo=3, routed)           0.590     8.474    u_rx/n_0_FSM_sequential_state_reg[3]_i_5
    SLICE_X7Y168         LUT5 (Prop_lut5_I4_O)        0.043     8.517 r  u_rx/rx_len[10]_i_1/O
                         net (fo=12, routed)          0.505     9.023    u_rx/n_0_rx_len[10]_i_1
    SLICE_X9Y160         FDCE                                         r  u_rx/rx_len_reg[1]/CE
  -------------------------------------------------------------------    -------------------

                         (clock E_RXC rise edge)      8.000     8.000 r  
    J26                                               0.000     8.000 r  E_RXC
                         net (fo=0)                   0.000     8.000    E_RXC
    J26                  IBUF (Prop_ibuf_I_O)         1.408     9.408 r  E_RXC_IBUF_inst/O
                         net (fo=1, routed)           2.149    11.557    E_RXC_IBUF
    BUFGCTRL_X0Y1        BUFG (Prop_bufg_I_O)         0.083    11.640 r  u_bufg_rxc/O
                         net (fo=129, routed)         1.163    12.803    u_rx/e_rxc_bufg
    SLICE_X9Y160                                                      r  u_rx/rx_len_reg[1]/C
                         clock pessimism              0.617    13.420    
                         clock uncertainty           -0.035    13.385    
    SLICE_X9Y160         FDCE (Setup_fdce_C_CE)      -0.201    13.184    u_rx/rx_len_reg[1]
  -------------------------------------------------------------------
                         required time                         13.184    
                         arrival time                          -9.023    
  -------------------------------------------------------------------
                         slack                                  4.162    

Slack (MET) :             4.162ns  (required time - arrival time)
  Source:                 u_rx/udp_len_reg[7]/C
                            (rising edge-triggered cell FDRE clocked by E_RXC  {rise@0.000ns fall@4.000ns period=8.000ns})
  Destination:            u_rx/rx_len_reg[3]/CE
                            (rising edge-triggered cell FDCE clocked by E_RXC  {rise@0.000ns fall@4.000ns period=8.000ns})
  Path Group:             E_RXC
  Path Type:              Setup (Max at Slow Process Corner)
  Requirement:            8.000ns  (E_RXC rise@8.000ns - E_RXC rise@0.000ns)
  Data Path Delay:        3.507ns  (logic 1.067ns (30.425%)  route 2.440ns (69.575%))
  Logic Levels:           6  (CARRY4=3 LUT1=1 LUT3=1 LUT5=1)
  Clock Path Skew:        -0.095ns (DCD - SCD + CPR)
    Destination Clock Delay (DCD):    4.803ns = ( 12.803 - 8.000 ) 
    Source Clock Delay      (SCD):    5.515ns
    Clock Pessimism Removal (CPR):    0.617ns
  Clock Uncertainty:      0.035ns  ((TSJ^2 + TIJ^2)^1/2 + DJ) / 2 + PE
    Total System Jitter     (TSJ):    0.071ns
    Total Input Jitter      (TIJ):    0.000ns
    Discrete Jitter          (DJ):    0.000ns
    Phase Error              (PE):    0.000ns

    Location             Delay type                Incr(ns)  Path(ns)    Netlist Resource(s)
  -------------------------------------------------------------------    -------------------
                         (clock E_RXC rise edge)      0.000     0.000 r  
    J26                                               0.000     0.000 r  E_RXC
                         net (fo=0)                   0.000     0.000    E_RXC
    J26                  IBUF (Prop_ibuf_I_O)         1.541     1.541 r  E_RXC_IBUF_inst/O
                         net (fo=1, routed)           2.538     4.078    E_RXC_IBUF
    BUFGCTRL_X0Y1        BUFG (Prop_bufg_I_O)         0.093     4.171 r  u_bufg_rxc/O
                         net (fo=129, routed)         1.344     5.515    u_rx/e_rxc_bufg
    SLICE_X5Y168                                                      r  u_rx/udp_len_reg[7]/C
  -------------------------------------------------------------------    -------------------
    SLICE_X5Y168         FDRE (Prop_fdre_C_Q)         0.223     5.738 f  u_rx/udp_len_reg[7]/Q
                         net (fo=3, routed)           0.831     6.569    u_rx/udp_len[7]
    SLICE_X4Y166         LUT1 (Prop_lut1_I0_O)        0.043     6.612 r  u_rx/FSM_sequential_state[3]_i_41/O
                         net (fo=1, routed)           0.000     6.612    u_rx/n_0_FSM_sequential_state[3]_i_41
    SLICE_X4Y166         CARRY4 (Prop_carry4_S[1]_CO[3])
                                                      0.267     6.879 r  u_rx/FSM_sequential_state_reg[3]_i_31/CO[3]
                         net (fo=1, routed)           0.000     6.879    u_rx/n_0_FSM_sequential_state_reg[3]_i_31
    SLICE_X4Y167         CARRY4 (Prop_carry4_CI_O[0])
                                                      0.111     6.990 r  u_rx/FSM_sequential_state_reg[3]_i_30/O[0]
                         net (fo=2, routed)           0.514     7.504    u_rx/minusOp[10]
    SLICE_X6Y166         LUT3 (Prop_lut3_I1_O)        0.124     7.628 r  u_rx/FSM_sequential_state[3]_i_19/O
                         net (fo=1, routed)           0.000     7.628    u_rx/n_0_FSM_sequential_state[3]_i_19
    SLICE_X6Y166         CARRY4 (Prop_carry4_S[1]_CO[3])
                                                      0.256     7.884 f  u_rx/FSM_sequential_state_reg[3]_i_5/CO[3]
                         net (fo=3, routed)           0.590     8.474    u_rx/n_0_FSM_sequential_state_reg[3]_i_5
    SLICE_X7Y168         LUT5 (Prop_lut5_I4_O)        0.043     8.517 r  u_rx/rx_len[10]_i_1/O
                         net (fo=12, routed)          0.505     9.023    u_rx/n_0_rx_len[10]_i_1
    SLICE_X9Y160         FDCE                                         r  u_rx/rx_len_reg[3]/CE
  -------------------------------------------------------------------    -------------------

                         (clock E_RXC rise edge)      8.000     8.000 r  
    J26                                               0.000     8.000 r  E_RXC
                         net (fo=0)                   0.000     8.000    E_RXC
    J26                  IBUF (Prop_ibuf_I_O)         1.408     9.408 r  E_RXC_IBUF_inst/O
                         net (fo=1, routed)           2.149    11.557    E_RXC_IBUF
    BUFGCTRL_X0Y1        BUFG (Prop_bufg_I_O)         0.083    11.640 r  u_bufg_rxc/O
                         net (fo=129, routed)         1.163    12.803    u_rx/e_rxc_bufg
    SLICE_X9Y160                                                      r  u_rx/rx_len_reg[3]/C
                         clock pessimism              0.617    13.420    
                         clock uncertainty           -0.035    13.385    
    SLICE_X9Y160         FDCE (Setup_fdce_C_CE)      -0.201    13.184    u_rx/rx_len_reg[3]
  -------------------------------------------------------------------
                         required time                         13.184    
                         arrival time                          -9.023    
  -------------------------------------------------------------------
                         slack                                  4.162    





Min Delay Paths
--------------------------------------------------------------------------------------
Slack (MET) :             0.094ns  (arrival time - required time)
  Source:                 u_rx/rx_addr_reg[9]/C
                            (rising edge-triggered cell FDCE clocked by E_RXC  {rise@0.000ns fall@4.000ns period=8.000ns})
  Destination:            payload_ram_reg/ADDRARDADDR[12]
                            (rising edge-triggered cell RAMB18E1 clocked by E_RXC  {rise@0.000ns fall@4.000ns period=8.000ns})
  Path Group:             E_RXC
  Path Type:              Hold (Min at Fast Process Corner)
  Requirement:            0.000ns  (E_RXC rise@0.000ns - E_RXC rise@0.000ns)
  Data Path Delay:        0.320ns  (logic 0.118ns (36.910%)  route 0.202ns (63.090%))
  Logic Levels:           0  
  Clock Path Skew:        0.043ns (DCD - SCD - CPR)
    Destination Clock Delay (DCD):    3.157ns
    Source Clock Delay      (SCD):    2.483ns
    Clock Pessimism Removal (CPR):    0.631ns

    Location             Delay type                Incr(ns)  Path(ns)    Netlist Resource(s)
  -------------------------------------------------------------------    -------------------
                         (clock E_RXC rise edge)      0.000     0.000 r  
    J26                                               0.000     0.000 r  E_RXC
                         net (fo=0)                   0.000     0.000    E_RXC
    J26                  IBUF (Prop_ibuf_I_O)         0.465     0.465 r  E_RXC_IBUF_inst/O
                         net (fo=1, routed)           1.405     1.870    E_RXC_IBUF
    BUFGCTRL_X0Y1        BUFG (Prop_bufg_I_O)         0.026     1.896 r  u_bufg_rxc/O
                         net (fo=129, routed)         0.587     2.483    u_rx/e_rxc_bufg
    SLICE_X8Y164                                                      r  u_rx/rx_addr_reg[9]/C
  -------------------------------------------------------------------    -------------------
    SLICE_X8Y164         FDCE (Prop_fdce_C_Q)         0.118     2.601 r  u_rx/rx_addr_reg[9]/Q
                         net (fo=2, routed)           0.202     2.803    rx_addr[9]
    RAMB18_X0Y64         RAMB18E1                                     r  payload_ram_reg/ADDRARDADDR[12]
  -------------------------------------------------------------------    -------------------

                         (clock E_RXC rise edge)      0.000     0.000 r  
    J26                                               0.000     0.000 r  E_RXC
                         net (fo=0)                   0.000     0.000    E_RXC
    J26                  IBUF (Prop_ibuf_I_O)         0.662     0.662 r  E_RXC_IBUF_inst/O
                         net (fo=1, routed)           1.649     2.310    E_RXC_IBUF
    BUFGCTRL_X0Y1        BUFG (Prop_bufg_I_O)         0.030     2.340 r  u_bufg_rxc/O
                         net (fo=129, routed)         0.817     3.157    e_rxc_bufg
    RAMB18_X0Y64                                                      r  payload_ram_reg/CLKARDCLK
                         clock pessimism             -0.631     2.526    
    RAMB18_X0Y64         RAMB18E1 (Hold_ramb18e1_CLKARDCLK_ADDRARDADDR[12])
                                                      0.183     2.709    payload_ram_reg
  -------------------------------------------------------------------
                         required time                         -2.709    
                         arrival time                           2.803    
  -------------------------------------------------------------------
                         slack                                  0.094    

Slack (MET) :             0.126ns  (arrival time - required time)
  Source:                 u_rx/rx_addr_reg[10]/C
                            (rising edge-triggered cell FDCE clocked by E_RXC  {rise@0.000ns fall@4.000ns period=8.000ns})
  Destination:            payload_ram_reg/ADDRARDADDR[13]
                            (rising edge-triggered cell RAMB18E1 clocked by E_RXC  {rise@0.000ns fall@4.000ns period=8.000ns})
  Path Group:             E_RXC
  Path Type:              Hold (Min at Fast Process Corner)
  Requirement:            0.000ns  (E_RXC rise@0.000ns - E_RXC rise@0.000ns)
  Data Path Delay:        0.351ns  (logic 0.118ns (33.603%)  route 0.233ns (66.397%))
  Logic Levels:           0  
  Clock Path Skew:        0.043ns (DCD - SCD - CPR)
    Destination Clock Delay (DCD):    3.157ns
    Source Clock Delay      (SCD):    2.483ns
    Clock Pessimism Removal (CPR):    0.631ns

    Location             Delay type                Incr(ns)  Path(ns)    Netlist Resource(s)
  -------------------------------------------------------------------    -------------------
                         (clock E_RXC rise edge)      0.000     0.000 r  
    J26                                               0.000     0.000 r  E_RXC
                         net (fo=0)                   0.000     0.000    E_RXC
    J26                  IBUF (Prop_ibuf_I_O)         0.465     0.465 r  E_RXC_IBUF_inst/O
                         net (fo=1, routed)           1.405     1.870    E_RXC_IBUF
    BUFGCTRL_X0Y1        BUFG (Prop_bufg_I_O)         0.026     1.896 r  u_bufg_rxc/O
                         net (fo=129, routed)         0.587     2.483    u_rx/e_rxc_bufg
    SLICE_X8Y165                                                      r  u_rx/rx_addr_reg[10]/C
  -------------------------------------------------------------------    -------------------
    SLICE_X8Y165         FDCE (Prop_fdce_C_Q)         0.118     2.601 r  u_rx/rx_addr_reg[10]/Q
                         net (fo=2, routed)           0.233     2.834    rx_addr[10]
    RAMB18_X0Y64         RAMB18E1                                     r  payload_ram_reg/ADDRARDADDR[13]
  -------------------------------------------------------------------    -------------------

                         (clock E_RXC rise edge)      0.000     0.000 r  
    J26                                               0.000     0.000 r  E_RXC
                         net (fo=0)                   0.000     0.000    E_RXC
    J26                  IBUF (Prop_ibuf_I_O)         0.662     0.662 r  E_RXC_IBUF_inst/O
                         net (fo=1, routed)           1.649     2.310    E_RXC_IBUF
    BUFGCTRL_X0Y1        BUFG (Prop_bufg_I_O)         0.030     2.340 r  u_bufg_rxc/O
                         net (fo=129, routed)         0.817     3.157    e_rxc_bufg
    RAMB18_X0Y64                                                      r  payload_ram_reg/CLKARDCLK
                         clock pessimism             -0.631     2.526    
    RAMB18_X0Y64         RAMB18E1 (Hold_ramb18e1_CLKARDCLK_ADDRARDADDR[13])
                                                      0.183     2.709    payload_ram_reg
  -------------------------------------------------------------------
                         required time                         -2.709    
                         arrival time                           2.834    
  -------------------------------------------------------------------
                         slack                                  0.126    

Slack (MET) :             0.143ns  (arrival time - required time)
  Source:                 u_rx/rx_data_reg[3]/C
                            (rising edge-triggered cell FDCE clocked by E_RXC  {rise@0.000ns fall@4.000ns period=8.000ns})
  Destination:            payload_ram_reg/DIADI[3]
                            (rising edge-triggered cell RAMB18E1 clocked by E_RXC  {rise@0.000ns fall@4.000ns period=8.000ns})
  Path Group:             E_RXC
  Path Type:              Hold (Min at Fast Process Corner)
  Requirement:            0.000ns  (E_RXC rise@0.000ns - E_RXC rise@0.000ns)
  Data Path Delay:        0.471ns  (logic 0.100ns (21.251%)  route 0.371ns (78.749%))
  Logic Levels:           0  
  Clock Path Skew:        0.032ns (DCD - SCD - CPR)
    Destination Clock Delay (DCD):    3.157ns
    Source Clock Delay      (SCD):    2.513ns
    Clock Pessimism Removal (CPR):    0.612ns

    Location             Delay type                Incr(ns)  Path(ns)    Netlist Resource(s)
  -------------------------------------------------------------------    -------------------
                         (clock E_RXC rise edge)      0.000     0.000 r  
    J26                                               0.000     0.000 r  E_RXC
                         net (fo=0)                   0.000     0.000    E_RXC
    J26                  IBUF (Prop_ibuf_I_O)         0.465     0.465 r  E_RXC_IBUF_inst/O
                         net (fo=1, routed)           1.405     1.870    E_RXC_IBUF
    BUFGCTRL_X0Y1        BUFG (Prop_bufg_I_O)         0.026     1.896 r  u_bufg_rxc/O
                         net (fo=129, routed)         0.617     2.513    u_rx/e_rxc_bufg
    SLICE_X7Y166                                                      r  u_rx/rx_data_reg[3]/C
  -------------------------------------------------------------------    -------------------
    SLICE_X7Y166         FDCE (Prop_fdce_C_Q)         0.100     2.613 r  u_rx/rx_data_reg[3]/Q
                         net (fo=1, routed)           0.371     2.984    rx_data[3]
    RAMB18_X0Y64         RAMB18E1                                     r  payload_ram_reg/DIADI[3]
  -------------------------------------------------------------------    -------------------

                         (clock E_RXC rise edge)      0.000     0.000 r  
    J26                                               0.000     0.000 r  E_RXC
                         net (fo=0)                   0.000     0.000    E_RXC
    J26                  IBUF (Prop_ibuf_I_O)         0.662     0.662 r  E_RXC_IBUF_inst/O
                         net (fo=1, routed)           1.649     2.310    E_RXC_IBUF
    BUFGCTRL_X0Y1        BUFG (Prop_bufg_I_O)         0.030     2.340 r  u_bufg_rxc/O
                         net (fo=129, routed)         0.817     3.157    e_rxc_bufg
    RAMB18_X0Y64                                                      r  payload_ram_reg/CLKARDCLK
                         clock pessimism             -0.612     2.545    
    RAMB18_X0Y64         RAMB18E1 (Hold_ramb18e1_CLKARDCLK_DIADI[3])
                                                      0.296     2.841    payload_ram_reg
  -------------------------------------------------------------------
                         required time                         -2.841    
                         arrival time                           2.984    
  -------------------------------------------------------------------
                         slack                                  0.143    

Slack (MET) :             0.144ns  (arrival time - required time)
  Source:                 u_rx/dest_ip_reg[19]/C
                            (rising edge-triggered cell FDRE clocked by E_RXC  {rise@0.000ns fall@4.000ns period=8.000ns})
  Destination:            u_rx/dest_ip_reg[27]/D
                            (rising edge-triggered cell FDRE clocked by E_RXC  {rise@0.000ns fall@4.000ns period=8.000ns})
  Path Group:             E_RXC
  Path Type:              Hold (Min at Fast Process Corner)
  Requirement:            0.000ns  (E_RXC rise@0.000ns - E_RXC rise@0.000ns)
  Data Path Delay:        0.199ns  (logic 0.100ns (50.167%)  route 0.099ns (49.833%))
  Logic Levels:           0  
  Clock Path Skew:        0.012ns (DCD - SCD - CPR)
    Destination Clock Delay (DCD):    3.151ns
    Source Clock Delay      (SCD):    2.509ns
    Clock Pessimism Removal (CPR):    0.630ns

    Location             Delay type                Incr(ns)  Path(ns)    Netlist Resource(s)
  -------------------------------------------------------------------    -------------------
                         (clock E_RXC rise edge)      0.000     0.000 r  
    J26                                               0.000     0.000 r  E_RXC
                         net (fo=0)                   0.000     0.000    E_RXC
    J26                  IBUF (Prop_ibuf_I_O)         0.465     0.465 r  E_RXC_IBUF_inst/O
                         net (fo=1, routed)           1.405     1.870    E_RXC_IBUF
    BUFGCTRL_X0Y1        BUFG (Prop_bufg_I_O)         0.026     1.896 r  u_bufg_rxc/O
                         net (fo=129, routed)         0.613     2.509    u_rx/e_rxc_bufg
    SLICE_X3Y172                                                      r  u_rx/dest_ip_reg[19]/C
  -------------------------------------------------------------------    -------------------
    SLICE_X3Y172         FDRE (Prop_fdre_C_Q)         0.100     2.609 r  u_rx/dest_ip_reg[19]/Q
                         net (fo=2, routed)           0.099     2.708    u_rx/n_0_dest_ip_reg[19]
    SLICE_X0Y172         FDRE                                         r  u_rx/dest_ip_reg[27]/D
  -------------------------------------------------------------------    -------------------

                         (clock E_RXC rise edge)      0.000     0.000 r  
    J26                                               0.000     0.000 r  E_RXC
                         net (fo=0)                   0.000     0.000    E_RXC
    J26                  IBUF (Prop_ibuf_I_O)         0.662     0.662 r  E_RXC_IBUF_inst/O
                         net (fo=1, routed)           1.649     2.310    E_RXC_IBUF
    BUFGCTRL_X0Y1        BUFG (Prop_bufg_I_O)         0.030     2.340 r  u_bufg_rxc/O
                         net (fo=129, routed)         0.811     3.151    u_rx/e_rxc_bufg
    SLICE_X0Y172                                                      r  u_rx/dest_ip_reg[27]/C
                         clock pessimism             -0.630     2.521    
    SLICE_X0Y172         FDRE (Hold_fdre_C_D)         0.043     2.564    u_rx/dest_ip_reg[27]
  -------------------------------------------------------------------
                         required time                         -2.564    
                         arrival time                           2.708    
  -------------------------------------------------------------------
                         slack                                  0.144    

Slack (MET) :             0.146ns  (arrival time - required time)
  Source:                 u_rx/rx_data_reg[7]/C
                            (rising edge-triggered cell FDCE clocked by E_RXC  {rise@0.000ns fall@4.000ns period=8.000ns})
  Destination:            payload_ram_reg/DIADI[7]
                            (rising edge-triggered cell RAMB18E1 clocked by E_RXC  {rise@0.000ns fall@4.000ns period=8.000ns})
  Path Group:             E_RXC
  Path Type:              Hold (Min at Fast Process Corner)
  Requirement:            0.000ns  (E_RXC rise@0.000ns - E_RXC rise@0.000ns)
  Data Path Delay:        0.485ns  (logic 0.118ns (24.306%)  route 0.367ns (75.693%))
  Logic Levels:           0  
  Clock Path Skew:        0.044ns (DCD - SCD - CPR)
    Destination Clock Delay (DCD):    3.157ns
    Source Clock Delay      (SCD):    2.482ns
    Clock Pessimism Removal (CPR):    0.631ns

    Location             Delay type                Incr(ns)  Path(ns)    Netlist Resource(s)
  -------------------------------------------------------------------    -------------------
                         (clock E_RXC rise edge)      0.000     0.000 r  
    J26                                               0.000     0.000 r  E_RXC
                         net (fo=0)                   0.000     0.000    E_RXC
    J26                  IBUF (Prop_ibuf_I_O)         0.465     0.465 r  E_RXC_IBUF_inst/O
                         net (fo=1, routed)           1.405     1.870    E_RXC_IBUF
    BUFGCTRL_X0Y1        BUFG (Prop_bufg_I_O)         0.026     1.896 r  u_bufg_rxc/O
                         net (fo=129, routed)         0.586     2.482    u_rx/e_rxc_bufg
    SLICE_X8Y166                                                      r  u_rx/rx_data_reg[7]/C
  -------------------------------------------------------------------    -------------------
    SLICE_X8Y166         FDCE (Prop_fdce_C_Q)         0.118     2.600 r  u_rx/rx_data_reg[7]/Q
                         net (fo=1, routed)           0.367     2.968    rx_data[7]
    RAMB18_X0Y64         RAMB18E1                                     r  payload_ram_reg/DIADI[7]
  -------------------------------------------------------------------    -------------------

                         (clock E_RXC rise edge)      0.000     0.000 r  
    J26                                               0.000     0.000 r  E_RXC
                         net (fo=0)                   0.000     0.000    E_RXC
    J26                  IBUF (Prop_ibuf_I_O)         0.662     0.662 r  E_RXC_IBUF_inst/O
                         net (fo=1, routed)           1.649     2.310    E_RXC_IBUF
    BUFGCTRL_X0Y1        BUFG (Prop_bufg_I_O)         0.030     2.340 r  u_bufg_rxc/O
                         net (fo=129, routed)         0.817     3.157    e_rxc_bufg
    RAMB18_X0Y64                                                      r  payload_ram_reg/CLKARDCLK
                         clock pessimism             -0.631     2.526    
    RAMB18_X0Y64         RAMB18E1 (Hold_ramb18e1_CLKARDCLK_DIADI[7])
                                                      0.296     2.822    payload_ram_reg
  -------------------------------------------------------------------
                         required time                         -2.822    
                         arrival time                           2.968    
  -------------------------------------------------------------------
                         slack                                  0.146    

Slack (MET) :             0.152ns  (arrival time - required time)
  Source:                 u_rx/dest_ip_reg[2]/C
                            (rising edge-triggered cell FDRE clocked by E_RXC  {rise@0.000ns fall@4.000ns period=8.000ns})
  Destination:            u_rx/dest_ip_reg[10]/D
                            (rising edge-triggered cell FDRE clocked by E_RXC  {rise@0.000ns fall@4.000ns period=8.000ns})
  Path Group:             E_RXC
  Path Type:              Hold (Min at Fast Process Corner)
  Requirement:            0.000ns  (E_RXC rise@0.000ns - E_RXC rise@0.000ns)
  Data Path Delay:        0.224ns  (logic 0.118ns (52.628%)  route 0.106ns (47.372%))
  Logic Levels:           0  
  Clock Path Skew:        0.013ns (DCD - SCD - CPR)
    Destination Clock Delay (DCD):    3.151ns
    Source Clock Delay      (SCD):    2.508ns
    Clock Pessimism Removal (CPR):    0.630ns

    Location             Delay type                Incr(ns)  Path(ns)    Netlist Resource(s)
  -------------------------------------------------------------------    -------------------
                         (clock E_RXC rise edge)      0.000     0.000 r  
    J26                                               0.000     0.000 r  E_RXC
                         net (fo=0)                   0.000     0.000    E_RXC
    J26                  IBUF (Prop_ibuf_I_O)         0.465     0.465 r  E_RXC_IBUF_inst/O
                         net (fo=1, routed)           1.405     1.870    E_RXC_IBUF
    BUFGCTRL_X0Y1        BUFG (Prop_bufg_I_O)         0.026     1.896 r  u_bufg_rxc/O
                         net (fo=129, routed)         0.612     2.508    u_rx/e_rxc_bufg
    SLICE_X2Y173                                                      r  u_rx/dest_ip_reg[2]/C
  -------------------------------------------------------------------    -------------------
    SLICE_X2Y173         FDRE (Prop_fdre_C_Q)         0.118     2.626 r  u_rx/dest_ip_reg[2]/Q
                         net (fo=2, routed)           0.106     2.732    u_rx/n_0_dest_ip_reg[2]
    SLICE_X2Y172         FDRE                                         r  u_rx/dest_ip_reg[10]/D
  -------------------------------------------------------------------    -------------------

                         (clock E_RXC rise edge)      0.000     0.000 r  
    J26                                               0.000     0.000 r  E_RXC
                         net (fo=0)                   0.000     0.000    E_RXC
    J26                  IBUF (Prop_ibuf_I_O)         0.662     0.662 r  E_RXC_IBUF_inst/O
                         net (fo=1, routed)           1.649     2.310    E_RXC_IBUF
    BUFGCTRL_X0Y1        BUFG (Prop_bufg_I_O)         0.030     2.340 r  u_bufg_rxc/O
                         net (fo=129, routed)         0.811     3.151    u_rx/e_rxc_bufg
    SLICE_X2Y172                                                      r  u_rx/dest_ip_reg[10]/C
                         clock pessimism             -0.630     2.521    
    SLICE_X2Y172         FDRE (Hold_fdre_C_D)         0.059     2.580    u_rx/dest_ip_reg[10]
  -------------------------------------------------------------------
                         required time                         -2.580    
                         arrival time                           2.732    
  -------------------------------------------------------------------
                         slack                                  0.152    

Slack (MET) :             0.152ns  (arrival time - required time)
  Source:                 u_rx/payload_cnt_reg[2]/C
                            (rising edge-triggered cell FDRE clocked by E_RXC  {rise@0.000ns fall@4.000ns period=8.000ns})
  Destination:            u_rx/payload_cnt_reg[6]/D
                            (rising edge-triggered cell FDRE clocked by E_RXC  {rise@0.000ns fall@4.000ns period=8.000ns})
  Path Group:             E_RXC
  Path Type:              Hold (Min at Fast Process Corner)
  Requirement:            0.000ns  (E_RXC rise@0.000ns - E_RXC rise@0.000ns)
  Data Path Delay:        0.239ns  (logic 0.171ns (71.473%)  route 0.068ns (28.527%))
  Logic Levels:           1  (LUT6=1)
  Clock Path Skew:        0.000ns (DCD - SCD - CPR)
    Destination Clock Delay (DCD):    3.126ns
    Source Clock Delay      (SCD):    2.483ns
    Clock Pessimism Removal (CPR):    0.643ns

    Location             Delay type                Incr(ns)  Path(ns)    Netlist Resource(s)
  -------------------------------------------------------------------    -------------------
                         (clock E_RXC rise edge)      0.000     0.000 r  
    J26                                               0.000     0.000 r  E_RXC
                         net (fo=0)                   0.000     0.000    E_RXC
    J26                  IBUF (Prop_ibuf_I_O)         0.465     0.465 r  E_RXC_IBUF_inst/O
                         net (fo=1, routed)           1.405     1.870    E_RXC_IBUF
    BUFGCTRL_X0Y1        BUFG (Prop_bufg_I_O)         0.026     1.896 r  u_bufg_rxc/O
                         net (fo=129, routed)         0.587     2.483    u_rx/e_rxc_bufg
    SLICE_X10Y165                                                     r  u_rx/payload_cnt_reg[2]/C
  -------------------------------------------------------------------    -------------------
    SLICE_X10Y165        FDRE (Prop_fdre_C_Q)         0.107     2.590 r  u_rx/payload_cnt_reg[2]/Q
                         net (fo=10, routed)          0.068     2.658    u_rx/n_0_payload_cnt_reg[2]
    SLICE_X10Y165        LUT6 (Prop_lut6_I0_O)        0.064     2.722 r  u_rx/payload_cnt[6]_i_1/O
                         net (fo=1, routed)           0.000     2.722    u_rx/plusOp[6]
    SLICE_X10Y165        FDRE                                         r  u_rx/payload_cnt_reg[6]/D
  -------------------------------------------------------------------    -------------------

                         (clock E_RXC rise edge)      0.000     0.000 r  
    J26                                               0.000     0.000 r  E_RXC
                         net (fo=0)                   0.000     0.000    E_RXC
    J26                  IBUF (Prop_ibuf_I_O)         0.662     0.662 r  E_RXC_IBUF_inst/O
                         net (fo=1, routed)           1.649     2.310    E_RXC_IBUF
    BUFGCTRL_X0Y1        BUFG (Prop_bufg_I_O)         0.030     2.340 r  u_bufg_rxc/O
                         net (fo=129, routed)         0.786     3.126    u_rx/e_rxc_bufg
    SLICE_X10Y165                                                     r  u_rx/payload_cnt_reg[6]/C
                         clock pessimism             -0.643     2.483    
    SLICE_X10Y165        FDRE (Hold_fdre_C_D)         0.087     2.570    u_rx/payload_cnt_reg[6]
  -------------------------------------------------------------------
                         required time                         -2.570    
                         arrival time                           2.722    
  -------------------------------------------------------------------
                         slack                                  0.152    

Slack (MET) :             0.152ns  (arrival time - required time)
  Source:                 u_rx/dest_ip_reg[12]/C
                            (rising edge-triggered cell FDRE clocked by E_RXC  {rise@0.000ns fall@4.000ns period=8.000ns})
  Destination:            u_rx/dest_ip_reg[20]/D
                            (rising edge-triggered cell FDRE clocked by E_RXC  {rise@0.000ns fall@4.000ns period=8.000ns})
  Path Group:             E_RXC
  Path Type:              Hold (Min at Fast Process Corner)
  Requirement:            0.000ns  (E_RXC rise@0.000ns - E_RXC rise@0.000ns)
  Data Path Delay:        0.205ns  (logic 0.100ns (48.685%)  route 0.105ns (51.315%))
  Logic Levels:           0  
  Clock Path Skew:        0.013ns (DCD - SCD - CPR)
    Destination Clock Delay (DCD):    3.151ns
    Source Clock Delay      (SCD):    2.508ns
    Clock Pessimism Removal (CPR):    0.630ns

    Location             Delay type                Incr(ns)  Path(ns)    Netlist Resource(s)
  -------------------------------------------------------------------    -------------------
                         (clock E_RXC rise edge)      0.000     0.000 r  
    J26                                               0.000     0.000 r  E_RXC
                         net (fo=0)                   0.000     0.000    E_RXC
    J26                  IBUF (Prop_ibuf_I_O)         0.465     0.465 r  E_RXC_IBUF_inst/O
                         net (fo=1, routed)           1.405     1.870    E_RXC_IBUF
    BUFGCTRL_X0Y1        BUFG (Prop_bufg_I_O)         0.026     1.896 r  u_bufg_rxc/O
                         net (fo=129, routed)         0.612     2.508    u_rx/e_rxc_bufg
    SLICE_X3Y173                                                      r  u_rx/dest_ip_reg[12]/C
  -------------------------------------------------------------------    -------------------
    SLICE_X3Y173         FDRE (Prop_fdre_C_Q)         0.100     2.608 r  u_rx/dest_ip_reg[12]/Q
                         net (fo=2, routed)           0.105     2.713    u_rx/n_0_dest_ip_reg[12]
    SLICE_X2Y172         FDRE                                         r  u_rx/dest_ip_reg[20]/D
  -------------------------------------------------------------------    -------------------

                         (clock E_RXC rise edge)      0.000     0.000 r  
    J26                                               0.000     0.000 r  E_RXC
                         net (fo=0)                   0.000     0.000    E_RXC
    J26                  IBUF (Prop_ibuf_I_O)         0.662     0.662 r  E_RXC_IBUF_inst/O
                         net (fo=1, routed)           1.649     2.310    E_RXC_IBUF
    BUFGCTRL_X0Y1        BUFG (Prop_bufg_I_O)         0.030     2.340 r  u_bufg_rxc/O
                         net (fo=129, routed)         0.811     3.151    u_rx/e_rxc_bufg
    SLICE_X2Y172                                                      r  u_rx/dest_ip_reg[20]/C
                         clock pessimism             -0.630     2.521    
    SLICE_X2Y172         FDRE (Hold_fdre_C_D)         0.040     2.561    u_rx/dest_ip_reg[20]
  -------------------------------------------------------------------
                         required time                         -2.561    
                         arrival time                           2.713    
  -------------------------------------------------------------------
                         slack                                  0.152    

Slack (MET) :             0.153ns  (arrival time - required time)
  Source:                 u_rx/rx_addr_reg[0]/C
                            (rising edge-triggered cell FDCE clocked by E_RXC  {rise@0.000ns fall@4.000ns period=8.000ns})
  Destination:            payload_ram_reg/ADDRARDADDR[3]
                            (rising edge-triggered cell RAMB18E1 clocked by E_RXC  {rise@0.000ns fall@4.000ns period=8.000ns})
  Path Group:             E_RXC
  Path Type:              Hold (Min at Fast Process Corner)
  Requirement:            0.000ns  (E_RXC rise@0.000ns - E_RXC rise@0.000ns)
  Data Path Delay:        0.394ns  (logic 0.118ns (29.925%)  route 0.276ns (70.075%))
  Logic Levels:           0  
  Clock Path Skew:        0.059ns (DCD - SCD - CPR)
    Destination Clock Delay (DCD):    3.157ns
    Source Clock Delay      (SCD):    2.486ns
    Clock Pessimism Removal (CPR):    0.612ns

    Location             Delay type                Incr(ns)  Path(ns)    Netlist Resource(s)
  -------------------------------------------------------------------    -------------------
                         (clock E_RXC rise edge)      0.000     0.000 r  
    J26                                               0.000     0.000 r  E_RXC
                         net (fo=0)                   0.000     0.000    E_RXC
    J26                  IBUF (Prop_ibuf_I_O)         0.465     0.465 r  E_RXC_IBUF_inst/O
                         net (fo=1, routed)           1.405     1.870    E_RXC_IBUF
    BUFGCTRL_X0Y1        BUFG (Prop_bufg_I_O)         0.026     1.896 r  u_bufg_rxc/O
                         net (fo=129, routed)         0.590     2.486    u_rx/e_rxc_bufg
    SLICE_X12Y159                                                     r  u_rx/rx_addr_reg[0]/C
  -------------------------------------------------------------------    -------------------
    SLICE_X12Y159        FDCE (Prop_fdce_C_Q)         0.118     2.604 r  u_rx/rx_addr_reg[0]/Q
                         net (fo=2, routed)           0.276     2.880    rx_addr[0]
    RAMB18_X0Y64         RAMB18E1                                     r  payload_ram_reg/ADDRARDADDR[3]
  -------------------------------------------------------------------    -------------------

                         (clock E_RXC rise edge)      0.000     0.000 r  
    J26                                               0.000     0.000 r  E_RXC
                         net (fo=0)                   0.000     0.000    E_RXC
    J26                  IBUF (Prop_ibuf_I_O)         0.662     0.662 r  E_RXC_IBUF_inst/O
                         net (fo=1, routed)           1.649     2.310    E_RXC_IBUF
    BUFGCTRL_X0Y1        BUFG (Prop_bufg_I_O)         0.030     2.340 r  u_bufg_rxc/O
                         net (fo=129, routed)         0.817     3.157    e_rxc_bufg
    RAMB18_X0Y64                                                      r  payload_ram_reg/CLKARDCLK
                         clock pessimism             -0.612     2.545    
    RAMB18_X0Y64         RAMB18E1 (Hold_ramb18e1_CLKARDCLK_ADDRARDADDR[3])
                                                      0.183     2.728    payload_ram_reg
  -------------------------------------------------------------------
                         required time                         -2.728    
                         arrival time                           2.880    
  -------------------------------------------------------------------
                         slack                                  0.153    

Slack (MET) :             0.153ns  (arrival time - required time)
  Source:                 u_rx/dest_port_reg[4]/C
                            (rising edge-triggered cell FDRE clocked by E_RXC  {rise@0.000ns fall@4.000ns period=8.000ns})
  Destination:            u_rx/dest_port_reg[12]/D
                            (rising edge-triggered cell FDRE clocked by E_RXC  {rise@0.000ns fall@4.000ns period=8.000ns})
  Path Group:             E_RXC
  Path Type:              Hold (Min at Fast Process Corner)
  Requirement:            0.000ns  (E_RXC rise@0.000ns - E_RXC rise@0.000ns)
  Data Path Delay:        0.204ns  (logic 0.100ns (49.017%)  route 0.104ns (50.983%))
  Logic Levels:           0  
  Clock Path Skew:        0.011ns (DCD - SCD - CPR)
    Destination Clock Delay (DCD):    3.152ns
    Source Clock Delay      (SCD):    2.511ns
    Clock Pessimism Removal (CPR):    0.630ns

    Location             Delay type                Incr(ns)  Path(ns)    Netlist Resource(s)
  -------------------------------------------------------------------    -------------------
                         (clock E_RXC rise edge)      0.000     0.000 r  
    J26                                               0.000     0.000 r  E_RXC
                         net (fo=0)                   0.000     0.000    E_RXC
    J26                  IBUF (Prop_ibuf_I_O)         0.465     0.465 r  E_RXC_IBUF_inst/O
                         net (fo=1, routed)           1.405     1.870    E_RXC_IBUF
    BUFGCTRL_X0Y1        BUFG (Prop_bufg_I_O)         0.026     1.896 r  u_bufg_rxc/O
                         net (fo=129, routed)         0.615     2.511    u_rx/e_rxc_bufg
    SLICE_X1Y170                                                      r  u_rx/dest_port_reg[4]/C
  -------------------------------------------------------------------    -------------------
    SLICE_X1Y170         FDRE (Prop_fdre_C_Q)         0.100     2.611 r  u_rx/dest_port_reg[4]/Q
                         net (fo=2, routed)           0.104     2.715    u_rx/n_0_dest_port_reg[4]
    SLICE_X0Y171         FDRE                                         r  u_rx/dest_port_reg[12]/D
  -------------------------------------------------------------------    -------------------

                         (clock E_RXC rise edge)      0.000     0.000 r  
    J26                                               0.000     0.000 r  E_RXC
                         net (fo=0)                   0.000     0.000    E_RXC
    J26                  IBUF (Prop_ibuf_I_O)         0.662     0.662 r  E_RXC_IBUF_inst/O
                         net (fo=1, routed)           1.649     2.310    E_RXC_IBUF
    BUFGCTRL_X0Y1        BUFG (Prop_bufg_I_O)         0.030     2.340 r  u_bufg_rxc/O
                         net (fo=129, routed)         0.812     3.152    u_rx/e_rxc_bufg
    SLICE_X0Y171                                                      r  u_rx/dest_port_reg[12]/C
                         clock pessimism             -0.630     2.522    
    SLICE_X0Y171         FDRE (Hold_fdre_C_D)         0.040     2.562    u_rx/dest_port_reg[12]
  -------------------------------------------------------------------
                         required time                         -2.562    
                         arrival time                           2.715    
  -------------------------------------------------------------------
                         slack                                  0.153    





Pulse Width Checks
--------------------------------------------------------------------------------------
Clock Name:         E_RXC
Waveform:           { 0 4 }
Period:             8.000
Sources:            { E_RXC }

Check Type        Corner  Lib Pin             Reference Pin  Required  Actual  Slack  Location       Pin                                 
Min Period        n/a     RAMB18E1/CLKARDCLK  n/a            1.839     8.000   6.161  RAMB18_X0Y64   payload_ram_reg/CLKARDCLK           
Min Period        n/a     BUFG/I              n/a            1.408     8.000   6.591  BUFGCTRL_X0Y1  u_bufg_rxc/I                        
Min Period        n/a     FDRE/C              n/a            0.750     8.000   7.250  SLICE_X2Y172   u_rx/dest_ip_reg[21]/C              
Min Period        n/a     FDRE/C              n/a            0.750     8.000   7.250  SLICE_X0Y172   u_rx/dest_ip_reg[28]/C              
Min Period        n/a     FDRE/C              n/a            0.750     8.000   7.250  SLICE_X0Y172   u_rx/dest_ip_reg[29]/C              
Min Period        n/a     FDRE/C              n/a            0.750     8.000   7.250  SLICE_X3Y172   u_rx/dest_ip_reg[3]/C               
Min Period        n/a     FDRE/C              n/a            0.750     8.000   7.250  SLICE_X0Y172   u_rx/dest_ip_reg[6]/C               
Min Period        n/a     FDRE/C              n/a            0.750     8.000   7.250  SLICE_X2Y172   u_rx/dest_ip_reg[8]/C               
Min Period        n/a     FDRE/C              n/a            0.750     8.000   7.250  SLICE_X2Y172   u_rx/dest_ip_reg[9]/C               
Min Period        n/a     FDRE/C              n/a            0.750     8.000   7.250  SLICE_X1Y173   u_rx/dest_port_reg[3]/C             
Low Pulse Width   Slow    FDRE/C              n/a            0.400     4.000   3.600  SLICE_X9Y166   u_rx/payload_cnt_reg[9]/C           
Low Pulse Width   Slow    FDRE/C              n/a            0.400     4.000   3.600  SLICE_X2Y172   u_rx/dest_ip_reg[21]/C              
Low Pulse Width   Fast    FDRE/C              n/a            0.400     4.000   3.600  SLICE_X2Y172   u_rx/dest_ip_reg[21]/C              
Low Pulse Width   Slow    FDRE/C              n/a            0.400     4.000   3.600  SLICE_X0Y172   u_rx/dest_ip_reg[28]/C              
Low Pulse Width   Fast    FDRE/C              n/a            0.400     4.000   3.600  SLICE_X0Y172   u_rx/dest_ip_reg[28]/C              
Low Pulse Width   Slow    FDRE/C              n/a            0.400     4.000   3.600  SLICE_X0Y172   u_rx/dest_ip_reg[29]/C              
Low Pulse Width   Fast    FDRE/C              n/a            0.400     4.000   3.600  SLICE_X0Y172   u_rx/dest_ip_reg[29]/C              
Low Pulse Width   Slow    FDRE/C              n/a            0.400     4.000   3.600  SLICE_X3Y172   u_rx/dest_ip_reg[3]/C               
Low Pulse Width   Fast    FDRE/C              n/a            0.400     4.000   3.600  SLICE_X3Y172   u_rx/dest_ip_reg[3]/C               
Low Pulse Width   Slow    FDRE/C              n/a            0.400     4.000   3.600  SLICE_X0Y172   u_rx/dest_ip_reg[6]/C               
High Pulse Width  Fast    FDCE/C              n/a            0.350     4.000   3.650  SLICE_X3Y168   u_rx/FSM_sequential_state_reg[1]/C  
High Pulse Width  Fast    FDRE/C              n/a            0.350     4.000   3.650  SLICE_X10Y164  u_rx/payload_cnt_reg[0]/C           
High Pulse Width  Fast    FDRE/C              n/a            0.350     4.000   3.650  SLICE_X10Y164  u_rx/payload_cnt_reg[1]/C           
High Pulse Width  Fast    FDRE/C              n/a            0.350     4.000   3.650  SLICE_X10Y164  u_rx/payload_cnt_reg[3]/C           
High Pulse Width  Fast    FDRE/C              n/a            0.350     4.000   3.650  SLICE_X10Y164  u_rx/payload_cnt_reg[4]/C           
High Pulse Width  Fast    FDRE/C              n/a            0.350     4.000   3.650  SLICE_X10Y164  u_rx/payload_cnt_reg[5]/C           
High Pulse Width  Fast    FDCE/C              n/a            0.350     4.000   3.650  SLICE_X8Y164   u_rx/rx_addr_reg[1]/C               
High Pulse Width  Fast    FDCE/C              n/a            0.350     4.000   3.650  SLICE_X8Y164   u_rx/rx_addr_reg[3]/C               
High Pulse Width  Fast    FDCE/C              n/a            0.350     4.000   3.650  SLICE_X8Y164   u_rx/rx_addr_reg[5]/C               
High Pulse Width  Fast    FDCE/C              n/a            0.350     4.000   3.650  SLICE_X8Y164   u_rx/rx_addr_reg[9]/C               



---------------------------------------------------------------------------------------------------
From Clock:  sys_clk_p
  To Clock:  sys_clk_p

Setup :           NA  Failing Endpoints,  Worst Slack           NA  ,  Total Violation           NA
Hold  :           NA  Failing Endpoints,  Worst Slack           NA  ,  Total Violation           NA
PW    :            0  Failing Endpoints,  Worst Slack        1.100ns,  Total Violation        0.000ns
---------------------------------------------------------------------------------------------------


Pulse Width Checks
--------------------------------------------------------------------------------------
Clock Name:         sys_clk_p
Waveform:           { 0 2.5 }
Period:             5.000
Sources:            { sys_clk_p }

Check Type        Corner  Lib Pin            Reference Pin  Required  Actual  Slack   Location         Pin                                  
Min Period        n/a     MMCME2_ADV/CLKIN1  n/a            1.071     5.000   3.929   MMCME2_ADV_X1Y1  u_clk_wiz/inst/mmcm_adv_inst/CLKIN1  
Max Period        n/a     MMCME2_ADV/CLKIN1  n/a            100.000   5.000   95.000  MMCME2_ADV_X1Y1  u_clk_wiz/inst/mmcm_adv_inst/CLKIN1  
Low Pulse Width   Fast    MMCME2_ADV/CLKIN1  n/a            1.400     2.500   1.100   MMCME2_ADV_X1Y1  u_clk_wiz/inst/mmcm_adv_inst/CLKIN1  
Low Pulse Width   Slow    MMCME2_ADV/CLKIN1  n/a            1.400     2.500   1.100   MMCME2_ADV_X1Y1  u_clk_wiz/inst/mmcm_adv_inst/CLKIN1  
High Pulse Width  Slow    MMCME2_ADV/CLKIN1  n/a            1.400     2.500   1.100   MMCME2_ADV_X1Y1  u_clk_wiz/inst/mmcm_adv_inst/CLKIN1  
High Pulse Width  Fast    MMCME2_ADV/CLKIN1  n/a            1.400     2.500   1.100   MMCME2_ADV_X1Y1  u_clk_wiz/inst/mmcm_adv_inst/CLKIN1  



---------------------------------------------------------------------------------------------------
From Clock:  clk_out1_clk_wiz_0
  To Clock:  clk_out1_clk_wiz_0

Setup :            0  Failing Endpoints,  Worst Slack       15.731ns,  Total Violation        0.000ns
Hold  :            0  Failing Endpoints,  Worst Slack        0.243ns,  Total Violation        0.000ns
PW    :            0  Failing Endpoints,  Worst Slack        9.650ns,  Total Violation        0.000ns
---------------------------------------------------------------------------------------------------


Max Delay Paths
--------------------------------------------------------------------------------------
Slack (MET) :             15.731ns  (required time - arrival time)
  Source:                 phy_rst_cnt_reg[3]/C
                            (rising edge-triggered cell FDCE clocked by clk_out1_clk_wiz_0  {rise@0.000ns fall@10.000ns period=20.000ns})
  Destination:            phy_rst_n_reg/D
                            (rising edge-triggered cell FDCE clocked by clk_out1_clk_wiz_0  {rise@0.000ns fall@10.000ns period=20.000ns})
  Path Group:             clk_out1_clk_wiz_0
  Path Type:              Setup (Max at Slow Process Corner)
  Requirement:            20.000ns  (clk_out1_clk_wiz_0 rise@20.000ns - clk_out1_clk_wiz_0 rise@0.000ns)
  Data Path Delay:        3.831ns  (logic 0.309ns (8.066%)  route 3.522ns (91.934%))
  Logic Levels:           2  (LUT6=2)
  Clock Path Skew:        -0.429ns (DCD - SCD + CPR)
    Destination Clock Delay (DCD):    -1.709ns = ( 18.291 - 20.000 ) 
    Source Clock Delay      (SCD):    -1.966ns
    Clock Pessimism Removal (CPR):    -0.686ns
  Clock Uncertainty:      0.074ns  ((TSJ^2 + DJ^2)^1/2) / 2 + PE
    Total System Jitter     (TSJ):    0.071ns
    Discrete Jitter          (DJ):    0.129ns
    Phase Error              (PE):    0.000ns

    Location             Delay type                Incr(ns)  Path(ns)    Netlist Resource(s)
  -------------------------------------------------------------------    -------------------
                         (clock clk_out1_clk_wiz_0 rise edge)
                                                      0.000     0.000 r  
    AE10                                              0.000     0.000 r  sys_clk_p
                         net (fo=0)                   0.000     0.000    u_clk_wiz/inst/clk_in1_p
    AE10                 IBUFDS (Prop_ibufds_I_O)     0.818     0.818 r  u_clk_wiz/inst/clkin1_ibufgds/O
                         net (fo=1, routed)           1.081     1.899    u_clk_wiz/inst/clk_in1_clk_wiz_0
    MMCME2_ADV_X1Y1      MMCME2_ADV (Prop_mmcme2_adv_CLKIN1_CLKOUT0)
                                                     -7.786    -5.887 r  u_clk_wiz/inst/mmcm_adv_inst/CLKOUT0
                         net (fo=1, routed)           2.130    -3.757    u_clk_wiz/inst/clk_out1_clk_wiz_0
    BUFGCTRL_X0Y2        BUFG (Prop_bufg_I_O)         0.093    -3.664 r  u_clk_wiz/inst/clkout1_buf/O
                         net (fo=21, routed)          1.698    -1.966    clk_out1
    SLICE_X149Y59                                                     r  phy_rst_cnt_reg[3]/C
  -------------------------------------------------------------------    -------------------
    SLICE_X149Y59        FDCE (Prop_fdce_C_Q)         0.223    -1.743 r  phy_rst_cnt_reg[3]/Q
                         net (fo=2, routed)           0.461    -1.282    phy_rst_cnt_reg[3]
    SLICE_X148Y60        LUT6 (Prop_lut6_I5_O)        0.043    -1.239 r  phy_rst_n_i_2/O
                         net (fo=2, routed)           3.061     1.822    n_0_phy_rst_n_i_2
    SLICE_X74Y113        LUT6 (Prop_lut6_I0_O)        0.043     1.865 r  phy_rst_n_i_1/O
                         net (fo=1, routed)           0.000     1.865    phy_rst_n
    SLICE_X74Y113        FDCE                                         r  phy_rst_n_reg/D
  -------------------------------------------------------------------    -------------------

                         (clock clk_out1_clk_wiz_0 rise edge)
                                                     20.000    20.000 r  
    AE10                                              0.000    20.000 r  sys_clk_p
                         net (fo=0)                   0.000    20.000    u_clk_wiz/inst/clk_in1_p
    AE10                 IBUFDS (Prop_ibufds_I_O)     0.722    20.722 r  u_clk_wiz/inst/clkin1_ibufgds/O
                         net (fo=1, routed)           0.986    21.708    u_clk_wiz/inst/clk_in1_clk_wiz_0
    MMCME2_ADV_X1Y1      MMCME2_ADV (Prop_mmcme2_adv_CLKIN1_CLKOUT0)
                                                     -6.759    14.949 r  u_clk_wiz/inst/mmcm_adv_inst/CLKOUT0
                         net (fo=1, routed)           2.005    16.954    u_clk_wiz/inst/clk_out1_clk_wiz_0
    BUFGCTRL_X0Y2        BUFG (Prop_bufg_I_O)         0.083    17.037 r  u_clk_wiz/inst/clkout1_buf/O
                         net (fo=21, routed)          1.254    18.291    clk_out1
    SLICE_X74Y113                                                     r  phy_rst_n_reg/C
                         clock pessimism             -0.686    17.605    
                         clock uncertainty           -0.074    17.531    
    SLICE_X74Y113        FDCE (Setup_fdce_C_D)        0.064    17.595    phy_rst_n_reg
  -------------------------------------------------------------------
                         required time                         17.595    
                         arrival time                          -1.865    
  -------------------------------------------------------------------
                         slack                                 15.731    

Slack (MET) :             18.093ns  (required time - arrival time)
  Source:                 phy_rst_cnt_reg[18]/C
                            (rising edge-triggered cell FDCE clocked by clk_out1_clk_wiz_0  {rise@0.000ns fall@10.000ns period=20.000ns})
  Destination:            phy_rst_cnt_reg[0]/CE
                            (rising edge-triggered cell FDCE clocked by clk_out1_clk_wiz_0  {rise@0.000ns fall@10.000ns period=20.000ns})
  Path Group:             clk_out1_clk_wiz_0
  Path Type:              Setup (Max at Slow Process Corner)
  Requirement:            20.000ns  (clk_out1_clk_wiz_0 rise@20.000ns - clk_out1_clk_wiz_0 rise@0.000ns)
  Data Path Delay:        1.610ns  (logic 0.309ns (19.194%)  route 1.301ns (80.806%))
  Logic Levels:           2  (LUT6=2)
  Clock Path Skew:        -0.022ns (DCD - SCD + CPR)
    Destination Clock Delay (DCD):    -1.404ns = ( 18.596 - 20.000 ) 
    Source Clock Delay      (SCD):    -1.969ns
    Clock Pessimism Removal (CPR):    -0.587ns
  Clock Uncertainty:      0.074ns  ((TSJ^2 + DJ^2)^1/2) / 2 + PE
    Total System Jitter     (TSJ):    0.071ns
    Discrete Jitter          (DJ):    0.129ns
    Phase Error              (PE):    0.000ns

    Location             Delay type                Incr(ns)  Path(ns)    Netlist Resource(s)
  -------------------------------------------------------------------    -------------------
                         (clock clk_out1_clk_wiz_0 rise edge)
                                                      0.000     0.000 r  
    AE10                                              0.000     0.000 r  sys_clk_p
                         net (fo=0)                   0.000     0.000    u_clk_wiz/inst/clk_in1_p
    AE10                 IBUFDS (Prop_ibufds_I_O)     0.818     0.818 r  u_clk_wiz/inst/clkin1_ibufgds/O
                         net (fo=1, routed)           1.081     1.899    u_clk_wiz/inst/clk_in1_clk_wiz_0
    MMCME2_ADV_X1Y1      MMCME2_ADV (Prop_mmcme2_adv_CLKIN1_CLKOUT0)
                                                     -7.786    -5.887 r  u_clk_wiz/inst/mmcm_adv_inst/CLKOUT0
                         net (fo=1, routed)           2.130    -3.757    u_clk_wiz/inst/clk_out1_clk_wiz_0
    BUFGCTRL_X0Y2        BUFG (Prop_bufg_I_O)         0.093    -3.664 r  u_clk_wiz/inst/clkout1_buf/O
                         net (fo=21, routed)          1.695    -1.969    clk_out1
    SLICE_X149Y63                                                     r  phy_rst_cnt_reg[18]/C
  -------------------------------------------------------------------    -------------------
    SLICE_X149Y63        FDCE (Prop_fdce_C_Q)         0.223    -1.746 f  phy_rst_cnt_reg[18]/Q
                         net (fo=2, routed)           0.460    -1.286    phy_rst_cnt_reg[18]
    SLICE_X148Y62        LUT6 (Prop_lut6_I1_O)        0.043    -1.243 f  phy_rst_n_i_3/O
                         net (fo=2, routed)           0.460    -0.783    n_0_phy_rst_n_i_3
    SLICE_X148Y63        LUT6 (Prop_lut6_I4_O)        0.043    -0.740 r  phy_rst_cnt[0]_i_1/O
                         net (fo=20, routed)          0.381    -0.359    n_0_phy_rst_cnt[0]_i_1
    SLICE_X149Y59        FDCE                                         r  phy_rst_cnt_reg[0]/CE
  -------------------------------------------------------------------    -------------------

                         (clock clk_out1_clk_wiz_0 rise edge)
                                                     20.000    20.000 r  
    AE10                                              0.000    20.000 r  sys_clk_p
                         net (fo=0)                   0.000    20.000    u_clk_wiz/inst/clk_in1_p
    AE10                 IBUFDS (Prop_ibufds_I_O)     0.722    20.722 r  u_clk_wiz/inst/clkin1_ibufgds/O
                         net (fo=1, routed)           0.986    21.708    u_clk_wiz/inst/clk_in1_clk_wiz_0
    MMCME2_ADV_X1Y1      MMCME2_ADV (Prop_mmcme2_adv_CLKIN1_CLKOUT0)
                                                     -6.759    14.949 r  u_clk_wiz/inst/mmcm_adv_inst/CLKOUT0
                         net (fo=1, routed)           2.005    16.954    u_clk_wiz/inst/clk_out1_clk_wiz_0
    BUFGCTRL_X0Y2        BUFG (Prop_bufg_I_O)         0.083    17.037 r  u_clk_wiz/inst/clkout1_buf/O
                         net (fo=21, routed)          1.559    18.596    clk_out1
    SLICE_X149Y59                                                     r  phy_rst_cnt_reg[0]/C
                         clock pessimism             -0.587    18.009    
                         clock uncertainty           -0.074    17.935    
    SLICE_X149Y59        FDCE (Setup_fdce_C_CE)      -0.201    17.734    phy_rst_cnt_reg[0]
  -------------------------------------------------------------------
                         required time                         17.734    
                         arrival time                           0.359    
  -------------------------------------------------------------------
                         slack                                 18.093    

Slack (MET) :             18.093ns  (required time - arrival time)
  Source:                 phy_rst_cnt_reg[18]/C
                            (rising edge-triggered cell FDCE clocked by clk_out1_clk_wiz_0  {rise@0.000ns fall@10.000ns period=20.000ns})
  Destination:            phy_rst_cnt_reg[1]/CE
                            (rising edge-triggered cell FDCE clocked by clk_out1_clk_wiz_0  {rise@0.000ns fall@10.000ns period=20.000ns})
  Path Group:             clk_out1_clk_wiz_0
  Path Type:              Setup (Max at Slow Process Corner)
  Requirement:            20.000ns  (clk_out1_clk_wiz_0 rise@20.000ns - clk_out1_clk_wiz_0 rise@0.000ns)
  Data Path Delay:        1.610ns  (logic 0.309ns (19.194%)  route 1.301ns (80.806%))
  Logic Levels:           2  (LUT6=2)
  Clock Path Skew:        -0.022ns (DCD - SCD + CPR)
    Destination Clock Delay (DCD):    -1.404ns = ( 18.596 - 20.000 ) 
    Source Clock Delay      (SCD):    -1.969ns
    Clock Pessimism Removal (CPR):    -0.587ns
  Clock Uncertainty:      0.074ns  ((TSJ^2 + DJ^2)^1/2) / 2 + PE
    Total System Jitter     (TSJ):    0.071ns
    Discrete Jitter          (DJ):    0.129ns
    Phase Error              (PE):    0.000ns

    Location             Delay type                Incr(ns)  Path(ns)    Netlist Resource(s)
  -------------------------------------------------------------------    -------------------
                         (clock clk_out1_clk_wiz_0 rise edge)
                                                      0.000     0.000 r  
    AE10                                              0.000     0.000 r  sys_clk_p
                         net (fo=0)                   0.000     0.000    u_clk_wiz/inst/clk_in1_p
    AE10                 IBUFDS (Prop_ibufds_I_O)     0.818     0.818 r  u_clk_wiz/inst/clkin1_ibufgds/O
                         net (fo=1, routed)           1.081     1.899    u_clk_wiz/inst/clk_in1_clk_wiz_0
    MMCME2_ADV_X1Y1      MMCME2_ADV (Prop_mmcme2_adv_CLKIN1_CLKOUT0)
                                                     -7.786    -5.887 r  u_clk_wiz/inst/mmcm_adv_inst/CLKOUT0
                         net (fo=1, routed)           2.130    -3.757    u_clk_wiz/inst/clk_out1_clk_wiz_0
    BUFGCTRL_X0Y2        BUFG (Prop_bufg_I_O)         0.093    -3.664 r  u_clk_wiz/inst/clkout1_buf/O
                         net (fo=21, routed)          1.695    -1.969    clk_out1
    SLICE_X149Y63                                                     r  phy_rst_cnt_reg[18]/C
  -------------------------------------------------------------------    -------------------
    SLICE_X149Y63        FDCE (Prop_fdce_C_Q)         0.223    -1.746 f  phy_rst_cnt_reg[18]/Q
                         net (fo=2, routed)           0.460    -1.286    phy_rst_cnt_reg[18]
    SLICE_X148Y62        LUT6 (Prop_lut6_I1_O)        0.043    -1.243 f  phy_rst_n_i_3/O
                         net (fo=2, routed)           0.460    -0.783    n_0_phy_rst_n_i_3
    SLICE_X148Y63        LUT6 (Prop_lut6_I4_O)        0.043    -0.740 r  phy_rst_cnt[0]_i_1/O
                         net (fo=20, routed)          0.381    -0.359    n_0_phy_rst_cnt[0]_i_1
    SLICE_X149Y59        FDCE                                         r  phy_rst_cnt_reg[1]/CE
  -------------------------------------------------------------------    -------------------

                         (clock clk_out1_clk_wiz_0 rise edge)
                                                     20.000    20.000 r  
    AE10                                              0.000    20.000 r  sys_clk_p
                         net (fo=0)                   0.000    20.000    u_clk_wiz/inst/clk_in1_p
    AE10                 IBUFDS (Prop_ibufds_I_O)     0.722    20.722 r  u_clk_wiz/inst/clkin1_ibufgds/O
                         net (fo=1, routed)           0.986    21.708    u_clk_wiz/inst/clk_in1_clk_wiz_0
    MMCME2_ADV_X1Y1      MMCME2_ADV (Prop_mmcme2_adv_CLKIN1_CLKOUT0)
                                                     -6.759    14.949 r  u_clk_wiz/inst/mmcm_adv_inst/CLKOUT0
                         net (fo=1, routed)           2.005    16.954    u_clk_wiz/inst/clk_out1_clk_wiz_0
    BUFGCTRL_X0Y2        BUFG (Prop_bufg_I_O)         0.083    17.037 r  u_clk_wiz/inst/clkout1_buf/O
                         net (fo=21, routed)          1.559    18.596    clk_out1
    SLICE_X149Y59                                                     r  phy_rst_cnt_reg[1]/C
                         clock pessimism             -0.587    18.009    
                         clock uncertainty           -0.074    17.935    
    SLICE_X149Y59        FDCE (Setup_fdce_C_CE)      -0.201    17.734    phy_rst_cnt_reg[1]
  -------------------------------------------------------------------
                         required time                         17.734    
                         arrival time                           0.359    
  -------------------------------------------------------------------
                         slack                                 18.093    

Slack (MET) :             18.093ns  (required time - arrival time)
  Source:                 phy_rst_cnt_reg[18]/C
                            (rising edge-triggered cell FDCE clocked by clk_out1_clk_wiz_0  {rise@0.000ns fall@10.000ns period=20.000ns})
  Destination:            phy_rst_cnt_reg[2]/CE
                            (rising edge-triggered cell FDCE clocked by clk_out1_clk_wiz_0  {rise@0.000ns fall@10.000ns period=20.000ns})
  Path Group:             clk_out1_clk_wiz_0
  Path Type:              Setup (Max at Slow Process Corner)
  Requirement:            20.000ns  (clk_out1_clk_wiz_0 rise@20.000ns - clk_out1_clk_wiz_0 rise@0.000ns)
  Data Path Delay:        1.610ns  (logic 0.309ns (19.194%)  route 1.301ns (80.806%))
  Logic Levels:           2  (LUT6=2)
  Clock Path Skew:        -0.022ns (DCD - SCD + CPR)
    Destination Clock Delay (DCD):    -1.404ns = ( 18.596 - 20.000 ) 
    Source Clock Delay      (SCD):    -1.969ns
    Clock Pessimism Removal (CPR):    -0.587ns
  Clock Uncertainty:      0.074ns  ((TSJ^2 + DJ^2)^1/2) / 2 + PE
    Total System Jitter     (TSJ):    0.071ns
    Discrete Jitter          (DJ):    0.129ns
    Phase Error              (PE):    0.000ns

    Location             Delay type                Incr(ns)  Path(ns)    Netlist Resource(s)
  -------------------------------------------------------------------    -------------------
                         (clock clk_out1_clk_wiz_0 rise edge)
                                                      0.000     0.000 r  
    AE10                                              0.000     0.000 r  sys_clk_p
                         net (fo=0)                   0.000     0.000    u_clk_wiz/inst/clk_in1_p
    AE10                 IBUFDS (Prop_ibufds_I_O)     0.818     0.818 r  u_clk_wiz/inst/clkin1_ibufgds/O
                         net (fo=1, routed)           1.081     1.899    u_clk_wiz/inst/clk_in1_clk_wiz_0
    MMCME2_ADV_X1Y1      MMCME2_ADV (Prop_mmcme2_adv_CLKIN1_CLKOUT0)
                                                     -7.786    -5.887 r  u_clk_wiz/inst/mmcm_adv_inst/CLKOUT0
                         net (fo=1, routed)           2.130    -3.757    u_clk_wiz/inst/clk_out1_clk_wiz_0
    BUFGCTRL_X0Y2        BUFG (Prop_bufg_I_O)         0.093    -3.664 r  u_clk_wiz/inst/clkout1_buf/O
                         net (fo=21, routed)          1.695    -1.969    clk_out1
    SLICE_X149Y63                                                     r  phy_rst_cnt_reg[18]/C
  -------------------------------------------------------------------    -------------------
    SLICE_X149Y63        FDCE (Prop_fdce_C_Q)         0.223    -1.746 f  phy_rst_cnt_reg[18]/Q
                         net (fo=2, routed)           0.460    -1.286    phy_rst_cnt_reg[18]
    SLICE_X148Y62        LUT6 (Prop_lut6_I1_O)        0.043    -1.243 f  phy_rst_n_i_3/O
                         net (fo=2, routed)           0.460    -0.783    n_0_phy_rst_n_i_3
    SLICE_X148Y63        LUT6 (Prop_lut6_I4_O)        0.043    -0.740 r  phy_rst_cnt[0]_i_1/O
                         net (fo=20, routed)          0.381    -0.359    n_0_phy_rst_cnt[0]_i_1
    SLICE_X149Y59        FDCE                                         r  phy_rst_cnt_reg[2]/CE
  -------------------------------------------------------------------    -------------------

                         (clock clk_out1_clk_wiz_0 rise edge)
                                                     20.000    20.000 r  
    AE10                                              0.000    20.000 r  sys_clk_p
                         net (fo=0)                   0.000    20.000    u_clk_wiz/inst/clk_in1_p
    AE10                 IBUFDS (Prop_ibufds_I_O)     0.722    20.722 r  u_clk_wiz/inst/clkin1_ibufgds/O
                         net (fo=1, routed)           0.986    21.708    u_clk_wiz/inst/clk_in1_clk_wiz_0
    MMCME2_ADV_X1Y1      MMCME2_ADV (Prop_mmcme2_adv_CLKIN1_CLKOUT0)
                                                     -6.759    14.949 r  u_clk_wiz/inst/mmcm_adv_inst/CLKOUT0
                         net (fo=1, routed)           2.005    16.954    u_clk_wiz/inst/clk_out1_clk_wiz_0
    BUFGCTRL_X0Y2        BUFG (Prop_bufg_I_O)         0.083    17.037 r  u_clk_wiz/inst/clkout1_buf/O
                         net (fo=21, routed)          1.559    18.596    clk_out1
    SLICE_X149Y59                                                     r  phy_rst_cnt_reg[2]/C
                         clock pessimism             -0.587    18.009    
                         clock uncertainty           -0.074    17.935    
    SLICE_X149Y59        FDCE (Setup_fdce_C_CE)      -0.201    17.734    phy_rst_cnt_reg[2]
  -------------------------------------------------------------------
                         required time                         17.734    
                         arrival time                           0.359    
  -------------------------------------------------------------------
                         slack                                 18.093    

Slack (MET) :             18.093ns  (required time - arrival time)
  Source:                 phy_rst_cnt_reg[18]/C
                            (rising edge-triggered cell FDCE clocked by clk_out1_clk_wiz_0  {rise@0.000ns fall@10.000ns period=20.000ns})
  Destination:            phy_rst_cnt_reg[3]/CE
                            (rising edge-triggered cell FDCE clocked by clk_out1_clk_wiz_0  {rise@0.000ns fall@10.000ns period=20.000ns})
  Path Group:             clk_out1_clk_wiz_0
  Path Type:              Setup (Max at Slow Process Corner)
  Requirement:            20.000ns  (clk_out1_clk_wiz_0 rise@20.000ns - clk_out1_clk_wiz_0 rise@0.000ns)
  Data Path Delay:        1.610ns  (logic 0.309ns (19.194%)  route 1.301ns (80.806%))
  Logic Levels:           2  (LUT6=2)
  Clock Path Skew:        -0.022ns (DCD - SCD + CPR)
    Destination Clock Delay (DCD):    -1.404ns = ( 18.596 - 20.000 ) 
    Source Clock Delay      (SCD):    -1.969ns
    Clock Pessimism Removal (CPR):    -0.587ns
  Clock Uncertainty:      0.074ns  ((TSJ^2 + DJ^2)^1/2) / 2 + PE
    Total System Jitter     (TSJ):    0.071ns
    Discrete Jitter          (DJ):    0.129ns
    Phase Error              (PE):    0.000ns

    Location             Delay type                Incr(ns)  Path(ns)    Netlist Resource(s)
  -------------------------------------------------------------------    -------------------
                         (clock clk_out1_clk_wiz_0 rise edge)
                                                      0.000     0.000 r  
    AE10                                              0.000     0.000 r  sys_clk_p
                         net (fo=0)                   0.000     0.000    u_clk_wiz/inst/clk_in1_p
    AE10                 IBUFDS (Prop_ibufds_I_O)     0.818     0.818 r  u_clk_wiz/inst/clkin1_ibufgds/O
                         net (fo=1, routed)           1.081     1.899    u_clk_wiz/inst/clk_in1_clk_wiz_0
    MMCME2_ADV_X1Y1      MMCME2_ADV (Prop_mmcme2_adv_CLKIN1_CLKOUT0)
                                                     -7.786    -5.887 r  u_clk_wiz/inst/mmcm_adv_inst/CLKOUT0
                         net (fo=1, routed)           2.130    -3.757    u_clk_wiz/inst/clk_out1_clk_wiz_0
    BUFGCTRL_X0Y2        BUFG (Prop_bufg_I_O)         0.093    -3.664 r  u_clk_wiz/inst/clkout1_buf/O
                         net (fo=21, routed)          1.695    -1.969    clk_out1
    SLICE_X149Y63                                                     r  phy_rst_cnt_reg[18]/C
  -------------------------------------------------------------------    -------------------
    SLICE_X149Y63        FDCE (Prop_fdce_C_Q)         0.223    -1.746 f  phy_rst_cnt_reg[18]/Q
                         net (fo=2, routed)           0.460    -1.286    phy_rst_cnt_reg[18]
    SLICE_X148Y62        LUT6 (Prop_lut6_I1_O)        0.043    -1.243 f  phy_rst_n_i_3/O
                         net (fo=2, routed)           0.460    -0.783    n_0_phy_rst_n_i_3
    SLICE_X148Y63        LUT6 (Prop_lut6_I4_O)        0.043    -0.740 r  phy_rst_cnt[0]_i_1/O
                         net (fo=20, routed)          0.381    -0.359    n_0_phy_rst_cnt[0]_i_1
    SLICE_X149Y59        FDCE                                         r  phy_rst_cnt_reg[3]/CE
  -------------------------------------------------------------------    -------------------

                         (clock clk_out1_clk_wiz_0 rise edge)
                                                     20.000    20.000 r  
    AE10                                              0.000    20.000 r  sys_clk_p
                         net (fo=0)                   0.000    20.000    u_clk_wiz/inst/clk_in1_p
    AE10                 IBUFDS (Prop_ibufds_I_O)     0.722    20.722 r  u_clk_wiz/inst/clkin1_ibufgds/O
                         net (fo=1, routed)           0.986    21.708    u_clk_wiz/inst/clk_in1_clk_wiz_0
    MMCME2_ADV_X1Y1      MMCME2_ADV (Prop_mmcme2_adv_CLKIN1_CLKOUT0)
                                                     -6.759    14.949 r  u_clk_wiz/inst/mmcm_adv_inst/CLKOUT0
                         net (fo=1, routed)           2.005    16.954    u_clk_wiz/inst/clk_out1_clk_wiz_0
    BUFGCTRL_X0Y2        BUFG (Prop_bufg_I_O)         0.083    17.037 r  u_clk_wiz/inst/clkout1_buf/O
                         net (fo=21, routed)          1.559    18.596    clk_out1
    SLICE_X149Y59                                                     r  phy_rst_cnt_reg[3]/C
                         clock pessimism             -0.587    18.009    
                         clock uncertainty           -0.074    17.935    
    SLICE_X149Y59        FDCE (Setup_fdce_C_CE)      -0.201    17.734    phy_rst_cnt_reg[3]
  -------------------------------------------------------------------
                         required time                         17.734    
                         arrival time                           0.359    
  -------------------------------------------------------------------
                         slack                                 18.093    

Slack (MET) :             18.175ns  (required time - arrival time)
  Source:                 phy_rst_cnt_reg[18]/C
                            (rising edge-triggered cell FDCE clocked by clk_out1_clk_wiz_0  {rise@0.000ns fall@10.000ns period=20.000ns})
  Destination:            phy_rst_cnt_reg[4]/CE
                            (rising edge-triggered cell FDCE clocked by clk_out1_clk_wiz_0  {rise@0.000ns fall@10.000ns period=20.000ns})
  Path Group:             clk_out1_clk_wiz_0
  Path Type:              Setup (Max at Slow Process Corner)
  Requirement:            20.000ns  (clk_out1_clk_wiz_0 rise@20.000ns - clk_out1_clk_wiz_0 rise@0.000ns)
  Data Path Delay:        1.528ns  (logic 0.309ns (20.228%)  route 1.219ns (79.772%))
  Logic Levels:           2  (LUT6=2)
  Clock Path Skew:        -0.023ns (DCD - SCD + CPR)
    Destination Clock Delay (DCD):    -1.405ns = ( 18.595 - 20.000 ) 
    Source Clock Delay      (SCD):    -1.969ns
    Clock Pessimism Removal (CPR):    -0.587ns
  Clock Uncertainty:      0.074ns  ((TSJ^2 + DJ^2)^1/2) / 2 + PE
    Total System Jitter     (TSJ):    0.071ns
    Discrete Jitter          (DJ):    0.129ns
    Phase Error              (PE):    0.000ns

    Location             Delay type                Incr(ns)  Path(ns)    Netlist Resource(s)
  -------------------------------------------------------------------    -------------------
                         (clock clk_out1_clk_wiz_0 rise edge)
                                                      0.000     0.000 r  
    AE10                                              0.000     0.000 r  sys_clk_p
                         net (fo=0)                   0.000     0.000    u_clk_wiz/inst/clk_in1_p
    AE10                 IBUFDS (Prop_ibufds_I_O)     0.818     0.818 r  u_clk_wiz/inst/clkin1_ibufgds/O
                         net (fo=1, routed)           1.081     1.899    u_clk_wiz/inst/clk_in1_clk_wiz_0
    MMCME2_ADV_X1Y1      MMCME2_ADV (Prop_mmcme2_adv_CLKIN1_CLKOUT0)
                                                     -7.786    -5.887 r  u_clk_wiz/inst/mmcm_adv_inst/CLKOUT0
                         net (fo=1, routed)           2.130    -3.757    u_clk_wiz/inst/clk_out1_clk_wiz_0
    BUFGCTRL_X0Y2        BUFG (Prop_bufg_I_O)         0.093    -3.664 r  u_clk_wiz/inst/clkout1_buf/O
                         net (fo=21, routed)          1.695    -1.969    clk_out1
    SLICE_X149Y63                                                     r  phy_rst_cnt_reg[18]/C
  -------------------------------------------------------------------    -------------------
    SLICE_X149Y63        FDCE (Prop_fdce_C_Q)         0.223    -1.746 f  phy_rst_cnt_reg[18]/Q
                         net (fo=2, routed)           0.460    -1.286    phy_rst_cnt_reg[18]
    SLICE_X148Y62        LUT6 (Prop_lut6_I1_O)        0.043    -1.243 f  phy_rst_n_i_3/O
                         net (fo=2, routed)           0.460    -0.783    n_0_phy_rst_n_i_3
    SLICE_X148Y63        LUT6 (Prop_lut6_I4_O)        0.043    -0.740 r  phy_rst_cnt[0]_i_1/O
                         net (fo=20, routed)          0.299    -0.442    n_0_phy_rst_cnt[0]_i_1
    SLICE_X149Y60        FDCE                                         r  phy_rst_cnt_reg[4]/CE
  -------------------------------------------------------------------    -------------------

                         (clock clk_out1_clk_wiz_0 rise edge)
                                                     20.000    20.000 r  
    AE10                                              0.000    20.000 r  sys_clk_p
                         net (fo=0)                   0.000    20.000    u_clk_wiz/inst/clk_in1_p
    AE10                 IBUFDS (Prop_ibufds_I_O)     0.722    20.722 r  u_clk_wiz/inst/clkin1_ibufgds/O
                         net (fo=1, routed)           0.986    21.708    u_clk_wiz/inst/clk_in1_clk_wiz_0
    MMCME2_ADV_X1Y1      MMCME2_ADV (Prop_mmcme2_adv_CLKIN1_CLKOUT0)
                                                     -6.759    14.949 r  u_clk_wiz/inst/mmcm_adv_inst/CLKOUT0
                         net (fo=1, routed)           2.005    16.954    u_clk_wiz/inst/clk_out1_clk_wiz_0
    BUFGCTRL_X0Y2        BUFG (Prop_bufg_I_O)         0.083    17.037 r  u_clk_wiz/inst/clkout1_buf/O
                         net (fo=21, routed)          1.558    18.595    clk_out1
    SLICE_X149Y60                                                     r  phy_rst_cnt_reg[4]/C
                         clock pessimism             -0.587    18.008    
                         clock uncertainty           -0.074    17.934    
    SLICE_X149Y60        FDCE (Setup_fdce_C_CE)      -0.201    17.733    phy_rst_cnt_reg[4]
  -------------------------------------------------------------------
                         required time                         17.733    
                         arrival time                           0.442    
  -------------------------------------------------------------------
                         slack                                 18.175    

Slack (MET) :             18.175ns  (required time - arrival time)
  Source:                 phy_rst_cnt_reg[18]/C
                            (rising edge-triggered cell FDCE clocked by clk_out1_clk_wiz_0  {rise@0.000ns fall@10.000ns period=20.000ns})
  Destination:            phy_rst_cnt_reg[5]/CE
                            (rising edge-triggered cell FDCE clocked by clk_out1_clk_wiz_0  {rise@0.000ns fall@10.000ns period=20.000ns})
  Path Group:             clk_out1_clk_wiz_0
  Path Type:              Setup (Max at Slow Process Corner)
  Requirement:            20.000ns  (clk_out1_clk_wiz_0 rise@20.000ns - clk_out1_clk_wiz_0 rise@0.000ns)
  Data Path Delay:        1.528ns  (logic 0.309ns (20.228%)  route 1.219ns (79.772%))
  Logic Levels:           2  (LUT6=2)
  Clock Path Skew:        -0.023ns (DCD - SCD + CPR)
    Destination Clock Delay (DCD):    -1.405ns = ( 18.595 - 20.000 ) 
    Source Clock Delay      (SCD):    -1.969ns
    Clock Pessimism Removal (CPR):    -0.587ns
  Clock Uncertainty:      0.074ns  ((TSJ^2 + DJ^2)^1/2) / 2 + PE
    Total System Jitter     (TSJ):    0.071ns
    Discrete Jitter          (DJ):    0.129ns
    Phase Error              (PE):    0.000ns

    Location             Delay type                Incr(ns)  Path(ns)    Netlist Resource(s)
  -------------------------------------------------------------------    -------------------
                         (clock clk_out1_clk_wiz_0 rise edge)
                                                      0.000     0.000 r  
    AE10                                              0.000     0.000 r  sys_clk_p
                         net (fo=0)                   0.000     0.000    u_clk_wiz/inst/clk_in1_p
    AE10                 IBUFDS (Prop_ibufds_I_O)     0.818     0.818 r  u_clk_wiz/inst/clkin1_ibufgds/O
                         net (fo=1, routed)           1.081     1.899    u_clk_wiz/inst/clk_in1_clk_wiz_0
    MMCME2_ADV_X1Y1      MMCME2_ADV (Prop_mmcme2_adv_CLKIN1_CLKOUT0)
                                                     -7.786    -5.887 r  u_clk_wiz/inst/mmcm_adv_inst/CLKOUT0
                         net (fo=1, routed)           2.130    -3.757    u_clk_wiz/inst/clk_out1_clk_wiz_0
    BUFGCTRL_X0Y2        BUFG (Prop_bufg_I_O)         0.093    -3.664 r  u_clk_wiz/inst/clkout1_buf/O
                         net (fo=21, routed)          1.695    -1.969    clk_out1
    SLICE_X149Y63                                                     r  phy_rst_cnt_reg[18]/C
  -------------------------------------------------------------------    -------------------
    SLICE_X149Y63        FDCE (Prop_fdce_C_Q)         0.223    -1.746 f  phy_rst_cnt_reg[18]/Q
                         net (fo=2, routed)           0.460    -1.286    phy_rst_cnt_reg[18]
    SLICE_X148Y62        LUT6 (Prop_lut6_I1_O)        0.043    -1.243 f  phy_rst_n_i_3/O
                         net (fo=2, routed)           0.460    -0.783    n_0_phy_rst_n_i_3
    SLICE_X148Y63        LUT6 (Prop_lut6_I4_O)        0.043    -0.740 r  phy_rst_cnt[0]_i_1/O
                         net (fo=20, routed)          0.299    -0.442    n_0_phy_rst_cnt[0]_i_1
    SLICE_X149Y60        FDCE                                         r  phy_rst_cnt_reg[5]/CE
  -------------------------------------------------------------------    -------------------

                         (clock clk_out1_clk_wiz_0 rise edge)
                                                     20.000    20.000 r  
    AE10                                              0.000    20.000 r  sys_clk_p
                         net (fo=0)                   0.000    20.000    u_clk_wiz/inst/clk_in1_p
    AE10                 IBUFDS (Prop_ibufds_I_O)     0.722    20.722 r  u_clk_wiz/inst/clkin1_ibufgds/O
                         net (fo=1, routed)           0.986    21.708    u_clk_wiz/inst/clk_in1_clk_wiz_0
    MMCME2_ADV_X1Y1      MMCME2_ADV (Prop_mmcme2_adv_CLKIN1_CLKOUT0)
                                                     -6.759    14.949 r  u_clk_wiz/inst/mmcm_adv_inst/CLKOUT0
                         net (fo=1, routed)           2.005    16.954    u_clk_wiz/inst/clk_out1_clk_wiz_0
    BUFGCTRL_X0Y2        BUFG (Prop_bufg_I_O)         0.083    17.037 r  u_clk_wiz/inst/clkout1_buf/O
                         net (fo=21, routed)          1.558    18.595    clk_out1
    SLICE_X149Y60                                                     r  phy_rst_cnt_reg[5]/C
                         clock pessimism             -0.587    18.008    
                         clock uncertainty           -0.074    17.934    
    SLICE_X149Y60        FDCE (Setup_fdce_C_CE)      -0.201    17.733    phy_rst_cnt_reg[5]
  -------------------------------------------------------------------
                         required time                         17.733    
                         arrival time                           0.442    
  -------------------------------------------------------------------
                         slack                                 18.175    

Slack (MET) :             18.175ns  (required time - arrival time)
  Source:                 phy_rst_cnt_reg[18]/C
                            (rising edge-triggered cell FDCE clocked by clk_out1_clk_wiz_0  {rise@0.000ns fall@10.000ns period=20.000ns})
  Destination:            phy_rst_cnt_reg[6]/CE
                            (rising edge-triggered cell FDCE clocked by clk_out1_clk_wiz_0  {rise@0.000ns fall@10.000ns period=20.000ns})
  Path Group:             clk_out1_clk_wiz_0
  Path Type:              Setup (Max at Slow Process Corner)
  Requirement:            20.000ns  (clk_out1_clk_wiz_0 rise@20.000ns - clk_out1_clk_wiz_0 rise@0.000ns)
  Data Path Delay:        1.528ns  (logic 0.309ns (20.228%)  route 1.219ns (79.772%))
  Logic Levels:           2  (LUT6=2)
  Clock Path Skew:        -0.023ns (DCD - SCD + CPR)
    Destination Clock Delay (DCD):    -1.405ns = ( 18.595 - 20.000 ) 
    Source Clock Delay      (SCD):    -1.969ns
    Clock Pessimism Removal (CPR):    -0.587ns
  Clock Uncertainty:      0.074ns  ((TSJ^2 + DJ^2)^1/2) / 2 + PE
    Total System Jitter     (TSJ):    0.071ns
    Discrete Jitter          (DJ):    0.129ns
    Phase Error              (PE):    0.000ns

    Location             Delay type                Incr(ns)  Path(ns)    Netlist Resource(s)
  -------------------------------------------------------------------    -------------------
                         (clock clk_out1_clk_wiz_0 rise edge)
                                                      0.000     0.000 r  
    AE10                                              0.000     0.000 r  sys_clk_p
                         net (fo=0)                   0.000     0.000    u_clk_wiz/inst/clk_in1_p
    AE10                 IBUFDS (Prop_ibufds_I_O)     0.818     0.818 r  u_clk_wiz/inst/clkin1_ibufgds/O
                         net (fo=1, routed)           1.081     1.899    u_clk_wiz/inst/clk_in1_clk_wiz_0
    MMCME2_ADV_X1Y1      MMCME2_ADV (Prop_mmcme2_adv_CLKIN1_CLKOUT0)
                                                     -7.786    -5.887 r  u_clk_wiz/inst/mmcm_adv_inst/CLKOUT0
                         net (fo=1, routed)           2.130    -3.757    u_clk_wiz/inst/clk_out1_clk_wiz_0
    BUFGCTRL_X0Y2        BUFG (Prop_bufg_I_O)         0.093    -3.664 r  u_clk_wiz/inst/clkout1_buf/O
                         net (fo=21, routed)          1.695    -1.969    clk_out1
    SLICE_X149Y63                                                     r  phy_rst_cnt_reg[18]/C
  -------------------------------------------------------------------    -------------------
    SLICE_X149Y63        FDCE (Prop_fdce_C_Q)         0.223    -1.746 f  phy_rst_cnt_reg[18]/Q
                         net (fo=2, routed)           0.460    -1.286    phy_rst_cnt_reg[18]
    SLICE_X148Y62        LUT6 (Prop_lut6_I1_O)        0.043    -1.243 f  phy_rst_n_i_3/O
                         net (fo=2, routed)           0.460    -0.783    n_0_phy_rst_n_i_3
    SLICE_X148Y63        LUT6 (Prop_lut6_I4_O)        0.043    -0.740 r  phy_rst_cnt[0]_i_1/O
                         net (fo=20, routed)          0.299    -0.442    n_0_phy_rst_cnt[0]_i_1
    SLICE_X149Y60        FDCE                                         r  phy_rst_cnt_reg[6]/CE
  -------------------------------------------------------------------    -------------------

                         (clock clk_out1_clk_wiz_0 rise edge)
                                                     20.000    20.000 r  
    AE10                                              0.000    20.000 r  sys_clk_p
                         net (fo=0)                   0.000    20.000    u_clk_wiz/inst/clk_in1_p
    AE10                 IBUFDS (Prop_ibufds_I_O)     0.722    20.722 r  u_clk_wiz/inst/clkin1_ibufgds/O
                         net (fo=1, routed)           0.986    21.708    u_clk_wiz/inst/clk_in1_clk_wiz_0
    MMCME2_ADV_X1Y1      MMCME2_ADV (Prop_mmcme2_adv_CLKIN1_CLKOUT0)
                                                     -6.759    14.949 r  u_clk_wiz/inst/mmcm_adv_inst/CLKOUT0
                         net (fo=1, routed)           2.005    16.954    u_clk_wiz/inst/clk_out1_clk_wiz_0
    BUFGCTRL_X0Y2        BUFG (Prop_bufg_I_O)         0.083    17.037 r  u_clk_wiz/inst/clkout1_buf/O
                         net (fo=21, routed)          1.558    18.595    clk_out1
    SLICE_X149Y60                                                     r  phy_rst_cnt_reg[6]/C
                         clock pessimism             -0.587    18.008    
                         clock uncertainty           -0.074    17.934    
    SLICE_X149Y60        FDCE (Setup_fdce_C_CE)      -0.201    17.733    phy_rst_cnt_reg[6]
  -------------------------------------------------------------------
                         required time                         17.733    
                         arrival time                           0.442    
  -------------------------------------------------------------------
                         slack                                 18.175    

Slack (MET) :             18.175ns  (required time - arrival time)
  Source:                 phy_rst_cnt_reg[18]/C
                            (rising edge-triggered cell FDCE clocked by clk_out1_clk_wiz_0  {rise@0.000ns fall@10.000ns period=20.000ns})
  Destination:            phy_rst_cnt_reg[7]/CE
                            (rising edge-triggered cell FDCE clocked by clk_out1_clk_wiz_0  {rise@0.000ns fall@10.000ns period=20.000ns})
  Path Group:             clk_out1_clk_wiz_0
  Path Type:              Setup (Max at Slow Process Corner)
  Requirement:            20.000ns  (clk_out1_clk_wiz_0 rise@20.000ns - clk_out1_clk_wiz_0 rise@0.000ns)
  Data Path Delay:        1.528ns  (logic 0.309ns (20.228%)  route 1.219ns (79.772%))
  Logic Levels:           2  (LUT6=2)
  Clock Path Skew:        -0.023ns (DCD - SCD + CPR)
    Destination Clock Delay (DCD):    -1.405ns = ( 18.595 - 20.000 ) 
    Source Clock Delay      (SCD):    -1.969ns
    Clock Pessimism Removal (CPR):    -0.587ns
  Clock Uncertainty:      0.074ns  ((TSJ^2 + DJ^2)^1/2) / 2 + PE
    Total System Jitter     (TSJ):    0.071ns
    Discrete Jitter          (DJ):    0.129ns
    Phase Error              (PE):    0.000ns

    Location             Delay type                Incr(ns)  Path(ns)    Netlist Resource(s)
  -------------------------------------------------------------------    -------------------
                         (clock clk_out1_clk_wiz_0 rise edge)
                                                      0.000     0.000 r  
    AE10                                              0.000     0.000 r  sys_clk_p
                         net (fo=0)                   0.000     0.000    u_clk_wiz/inst/clk_in1_p
    AE10                 IBUFDS (Prop_ibufds_I_O)     0.818     0.818 r  u_clk_wiz/inst/clkin1_ibufgds/O
                         net (fo=1, routed)           1.081     1.899    u_clk_wiz/inst/clk_in1_clk_wiz_0
    MMCME2_ADV_X1Y1      MMCME2_ADV (Prop_mmcme2_adv_CLKIN1_CLKOUT0)
                                                     -7.786    -5.887 r  u_clk_wiz/inst/mmcm_adv_inst/CLKOUT0
                         net (fo=1, routed)           2.130    -3.757    u_clk_wiz/inst/clk_out1_clk_wiz_0
    BUFGCTRL_X0Y2        BUFG (Prop_bufg_I_O)         0.093    -3.664 r  u_clk_wiz/inst/clkout1_buf/O
                         net (fo=21, routed)          1.695    -1.969    clk_out1
    SLICE_X149Y63                                                     r  phy_rst_cnt_reg[18]/C
  -------------------------------------------------------------------    -------------------
    SLICE_X149Y63        FDCE (Prop_fdce_C_Q)         0.223    -1.746 f  phy_rst_cnt_reg[18]/Q
                         net (fo=2, routed)           0.460    -1.286    phy_rst_cnt_reg[18]
    SLICE_X148Y62        LUT6 (Prop_lut6_I1_O)        0.043    -1.243 f  phy_rst_n_i_3/O
                         net (fo=2, routed)           0.460    -0.783    n_0_phy_rst_n_i_3
    SLICE_X148Y63        LUT6 (Prop_lut6_I4_O)        0.043    -0.740 r  phy_rst_cnt[0]_i_1/O
                         net (fo=20, routed)          0.299    -0.442    n_0_phy_rst_cnt[0]_i_1
    SLICE_X149Y60        FDCE                                         r  phy_rst_cnt_reg[7]/CE
  -------------------------------------------------------------------    -------------------

                         (clock clk_out1_clk_wiz_0 rise edge)
                                                     20.000    20.000 r  
    AE10                                              0.000    20.000 r  sys_clk_p
                         net (fo=0)                   0.000    20.000    u_clk_wiz/inst/clk_in1_p
    AE10                 IBUFDS (Prop_ibufds_I_O)     0.722    20.722 r  u_clk_wiz/inst/clkin1_ibufgds/O
                         net (fo=1, routed)           0.986    21.708    u_clk_wiz/inst/clk_in1_clk_wiz_0
    MMCME2_ADV_X1Y1      MMCME2_ADV (Prop_mmcme2_adv_CLKIN1_CLKOUT0)
                                                     -6.759    14.949 r  u_clk_wiz/inst/mmcm_adv_inst/CLKOUT0
                         net (fo=1, routed)           2.005    16.954    u_clk_wiz/inst/clk_out1_clk_wiz_0
    BUFGCTRL_X0Y2        BUFG (Prop_bufg_I_O)         0.083    17.037 r  u_clk_wiz/inst/clkout1_buf/O
                         net (fo=21, routed)          1.558    18.595    clk_out1
    SLICE_X149Y60                                                     r  phy_rst_cnt_reg[7]/C
                         clock pessimism             -0.587    18.008    
                         clock uncertainty           -0.074    17.934    
    SLICE_X149Y60        FDCE (Setup_fdce_C_CE)      -0.201    17.733    phy_rst_cnt_reg[7]
  -------------------------------------------------------------------
                         required time                         17.733    
                         arrival time                           0.442    
  -------------------------------------------------------------------
                         slack                                 18.175    

Slack (MET) :             18.179ns  (required time - arrival time)
  Source:                 phy_rst_cnt_reg[18]/C
                            (rising edge-triggered cell FDCE clocked by clk_out1_clk_wiz_0  {rise@0.000ns fall@10.000ns period=20.000ns})
  Destination:            phy_rst_cnt_reg[16]/CE
                            (rising edge-triggered cell FDCE clocked by clk_out1_clk_wiz_0  {rise@0.000ns fall@10.000ns period=20.000ns})
  Path Group:             clk_out1_clk_wiz_0
  Path Type:              Setup (Max at Slow Process Corner)
  Requirement:            20.000ns  (clk_out1_clk_wiz_0 rise@20.000ns - clk_out1_clk_wiz_0 rise@0.000ns)
  Data Path Delay:        1.547ns  (logic 0.309ns (19.979%)  route 1.238ns (80.021%))
  Logic Levels:           2  (LUT6=2)
  Clock Path Skew:        0.000ns (DCD - SCD + CPR)
    Destination Clock Delay (DCD):    -1.406ns = ( 18.594 - 20.000 ) 
    Source Clock Delay      (SCD):    -1.969ns
    Clock Pessimism Removal (CPR):    -0.563ns
  Clock Uncertainty:      0.074ns  ((TSJ^2 + DJ^2)^1/2) / 2 + PE
    Total System Jitter     (TSJ):    0.071ns
    Discrete Jitter          (DJ):    0.129ns
    Phase Error              (PE):    0.000ns

    Location             Delay type                Incr(ns)  Path(ns)    Netlist Resource(s)
  -------------------------------------------------------------------    -------------------
                         (clock clk_out1_clk_wiz_0 rise edge)
                                                      0.000     0.000 r  
    AE10                                              0.000     0.000 r  sys_clk_p
                         net (fo=0)                   0.000     0.000    u_clk_wiz/inst/clk_in1_p
    AE10                 IBUFDS (Prop_ibufds_I_O)     0.818     0.818 r  u_clk_wiz/inst/clkin1_ibufgds/O
                         net (fo=1, routed)           1.081     1.899    u_clk_wiz/inst/clk_in1_clk_wiz_0
    MMCME2_ADV_X1Y1      MMCME2_ADV (Prop_mmcme2_adv_CLKIN1_CLKOUT0)
                                                     -7.786    -5.887 r  u_clk_wiz/inst/mmcm_adv_inst/CLKOUT0
                         net (fo=1, routed)           2.130    -3.757    u_clk_wiz/inst/clk_out1_clk_wiz_0
    BUFGCTRL_X0Y2        BUFG (Prop_bufg_I_O)         0.093    -3.664 r  u_clk_wiz/inst/clkout1_buf/O
                         net (fo=21, routed)          1.695    -1.969    clk_out1
    SLICE_X149Y63                                                     r  phy_rst_cnt_reg[18]/C
  -------------------------------------------------------------------    -------------------
    SLICE_X149Y63        FDCE (Prop_fdce_C_Q)         0.223    -1.746 f  phy_rst_cnt_reg[18]/Q
                         net (fo=2, routed)           0.460    -1.286    phy_rst_cnt_reg[18]
    SLICE_X148Y62        LUT6 (Prop_lut6_I1_O)        0.043    -1.243 f  phy_rst_n_i_3/O
                         net (fo=2, routed)           0.460    -0.783    n_0_phy_rst_n_i_3
    SLICE_X148Y63        LUT6 (Prop_lut6_I4_O)        0.043    -0.740 r  phy_rst_cnt[0]_i_1/O
                         net (fo=20, routed)          0.318    -0.422    n_0_phy_rst_cnt[0]_i_1
    SLICE_X149Y63        FDCE                                         r  phy_rst_cnt_reg[16]/CE
  -------------------------------------------------------------------    -------------------

                         (clock clk_out1_clk_wiz_0 rise edge)
                                                     20.000    20.000 r  
    AE10                                              0.000    20.000 r  sys_clk_p
                         net (fo=0)                   0.000    20.000    u_clk_wiz/inst/clk_in1_p
    AE10                 IBUFDS (Prop_ibufds_I_O)     0.722    20.722 r  u_clk_wiz/inst/clkin1_ibufgds/O
                         net (fo=1, routed)           0.986    21.708    u_clk_wiz/inst/clk_in1_clk_wiz_0
    MMCME2_ADV_X1Y1      MMCME2_ADV (Prop_mmcme2_adv_CLKIN1_CLKOUT0)
                                                     -6.759    14.949 r  u_clk_wiz/inst/mmcm_adv_inst/CLKOUT0
                         net (fo=1, routed)           2.005    16.954    u_clk_wiz/inst/clk_out1_clk_wiz_0
    BUFGCTRL_X0Y2        BUFG (Prop_bufg_I_O)         0.083    17.037 r  u_clk_wiz/inst/clkout1_buf/O
                         net (fo=21, routed)          1.557    18.594    clk_out1
    SLICE_X149Y63                                                     r  phy_rst_cnt_reg[16]/C
                         clock pessimism             -0.563    18.031    
                         clock uncertainty           -0.074    17.957    
    SLICE_X149Y63        FDCE (Setup_fdce_C_CE)      -0.201    17.756    phy_rst_cnt_reg[16]
  -------------------------------------------------------------------
                         required time                         17.756    
                         arrival time                           0.422    
  -------------------------------------------------------------------
                         slack                                 18.179    





Min Delay Paths
--------------------------------------------------------------------------------------
Slack (MET) :             0.243ns  (arrival time - required time)
  Source:                 phy_rst_cnt_reg[15]/C
                            (rising edge-triggered cell FDCE clocked by clk_out1_clk_wiz_0  {rise@0.000ns fall@10.000ns period=20.000ns})
  Destination:            phy_rst_cnt_reg[15]/D
                            (rising edge-triggered cell FDCE clocked by clk_out1_clk_wiz_0  {rise@0.000ns fall@10.000ns period=20.000ns})
  Path Group:             clk_out1_clk_wiz_0
  Path Type:              Hold (Min at Fast Process Corner)
  Requirement:            0.000ns  (clk_out1_clk_wiz_0 rise@0.000ns - clk_out1_clk_wiz_0 rise@0.000ns)
  Data Path Delay:        0.314ns  (logic 0.177ns (56.379%)  route 0.137ns (43.621%))
  Logic Levels:           2  (CARRY4=1 LUT2=1)
  Clock Path Skew:        0.000ns (DCD - SCD - CPR)
    Destination Clock Delay (DCD):    -0.508ns
    Source Clock Delay      (SCD):    -0.494ns
    Clock Pessimism Removal (CPR):    -0.014ns

    Location             Delay type                Incr(ns)  Path(ns)    Netlist Resource(s)
  -------------------------------------------------------------------    -------------------
                         (clock clk_out1_clk_wiz_0 rise edge)
                                                      0.000     0.000 r  
    AE10                                              0.000     0.000 r  sys_clk_p
                         net (fo=0)                   0.000     0.000    u_clk_wiz/inst/clk_in1_p
    AE10                 IBUFDS (Prop_ibufds_I_O)     0.354     0.354 r  u_clk_wiz/inst/clkin1_ibufgds/O
                         net (fo=1, routed)           0.503     0.857    u_clk_wiz/inst/clk_in1_clk_wiz_0
    MMCME2_ADV_X1Y1      MMCME2_ADV (Prop_mmcme2_adv_CLKIN1_CLKOUT0)
                                                     -3.040    -2.183 r  u_clk_wiz/inst/mmcm_adv_inst/CLKOUT0
                         net (fo=1, routed)           0.940    -1.243    u_clk_wiz/inst/clk_out1_clk_wiz_0
    BUFGCTRL_X0Y2        BUFG (Prop_bufg_I_O)         0.026    -1.217 r  u_clk_wiz/inst/clkout1_buf/O
                         net (fo=21, routed)          0.723    -0.494    clk_out1
    SLICE_X149Y62                                                     r  phy_rst_cnt_reg[15]/C
  -------------------------------------------------------------------    -------------------
    SLICE_X149Y62        FDCE (Prop_fdce_C_Q)         0.100    -0.394 r  phy_rst_cnt_reg[15]/Q
                         net (fo=2, routed)           0.137    -0.257    phy_rst_cnt_reg[15]
    SLICE_X149Y62        LUT2 (Prop_lut2_I1_O)        0.028    -0.229 r  phy_rst_cnt[12]_i_2/O
                         net (fo=1, routed)           0.000    -0.229    n_0_phy_rst_cnt[12]_i_2
    SLICE_X149Y62        CARRY4 (Prop_carry4_S[3]_O[3])
                                                      0.049    -0.180 r  phy_rst_cnt_reg[12]_i_1/O[3]
                         net (fo=1, routed)           0.000    -0.180    n_4_phy_rst_cnt_reg[12]_i_1
    SLICE_X149Y62        FDCE                                         r  phy_rst_cnt_reg[15]/D
  -------------------------------------------------------------------    -------------------

                         (clock clk_out1_clk_wiz_0 rise edge)
                                                      0.000     0.000 r  
    AE10                                              0.000     0.000 r  sys_clk_p
                         net (fo=0)                   0.000     0.000    u_clk_wiz/inst/clk_in1_p
    AE10                 IBUFDS (Prop_ibufds_I_O)     0.432     0.432 r  u_clk_wiz/inst/clkin1_ibufgds/O
                         net (fo=1, routed)           0.553     0.985    u_clk_wiz/inst/clk_in1_clk_wiz_0
    MMCME2_ADV_X1Y1      MMCME2_ADV (Prop_mmcme2_adv_CLKIN1_CLKOUT0)
                                                     -3.493    -2.508 r  u_clk_wiz/inst/mmcm_adv_inst/CLKOUT0
                         net (fo=1, routed)           1.007    -1.501    u_clk_wiz/inst/clk_out1_clk_wiz_0
    BUFGCTRL_X0Y2        BUFG (Prop_bufg_I_O)         0.030    -1.471 r  u_clk_wiz/inst/clkout1_buf/O
                         net (fo=21, routed)          0.963    -0.508    clk_out1
    SLICE_X149Y62                                                     r  phy_rst_cnt_reg[15]/C
                         clock pessimism              0.014    -0.494    
    SLICE_X149Y62        FDCE (Hold_fdce_C_D)         0.071    -0.423    phy_rst_cnt_reg[15]
  -------------------------------------------------------------------
                         required time                          0.423    
                         arrival time                          -0.180    
  -------------------------------------------------------------------
                         slack                                  0.243    

Slack (MET) :             0.243ns  (arrival time - required time)
  Source:                 phy_rst_cnt_reg[3]/C
                            (rising edge-triggered cell FDCE clocked by clk_out1_clk_wiz_0  {rise@0.000ns fall@10.000ns period=20.000ns})
  Destination:            phy_rst_cnt_reg[3]/D
                            (rising edge-triggered cell FDCE clocked by clk_out1_clk_wiz_0  {rise@0.000ns fall@10.000ns period=20.000ns})
  Path Group:             clk_out1_clk_wiz_0
  Path Type:              Hold (Min at Fast Process Corner)
  Requirement:            0.000ns  (clk_out1_clk_wiz_0 rise@0.000ns - clk_out1_clk_wiz_0 rise@0.000ns)
  Data Path Delay:        0.314ns  (logic 0.177ns (56.346%)  route 0.137ns (43.654%))
  Logic Levels:           2  (CARRY4=1 LUT2=1)
  Clock Path Skew:        0.000ns (DCD - SCD - CPR)
    Destination Clock Delay (DCD):    -0.505ns
    Source Clock Delay      (SCD):    -0.492ns
    Clock Pessimism Removal (CPR):    -0.013ns

    Location             Delay type                Incr(ns)  Path(ns)    Netlist Resource(s)
  -------------------------------------------------------------------    -------------------
                         (clock clk_out1_clk_wiz_0 rise edge)
                                                      0.000     0.000 r  
    AE10                                              0.000     0.000 r  sys_clk_p
                         net (fo=0)                   0.000     0.000    u_clk_wiz/inst/clk_in1_p
    AE10                 IBUFDS (Prop_ibufds_I_O)     0.354     0.354 r  u_clk_wiz/inst/clkin1_ibufgds/O
                         net (fo=1, routed)           0.503     0.857    u_clk_wiz/inst/clk_in1_clk_wiz_0
    MMCME2_ADV_X1Y1      MMCME2_ADV (Prop_mmcme2_adv_CLKIN1_CLKOUT0)
                                                     -3.040    -2.183 r  u_clk_wiz/inst/mmcm_adv_inst/CLKOUT0
                         net (fo=1, routed)           0.940    -1.243    u_clk_wiz/inst/clk_out1_clk_wiz_0
    BUFGCTRL_X0Y2        BUFG (Prop_bufg_I_O)         0.026    -1.217 r  u_clk_wiz/inst/clkout1_buf/O
                         net (fo=21, routed)          0.725    -0.492    clk_out1
    SLICE_X149Y59                                                     r  phy_rst_cnt_reg[3]/C
  -------------------------------------------------------------------    -------------------
    SLICE_X149Y59        FDCE (Prop_fdce_C_Q)         0.100    -0.392 r  phy_rst_cnt_reg[3]/Q
                         net (fo=2, routed)           0.137    -0.255    phy_rst_cnt_reg[3]
    SLICE_X149Y59        LUT2 (Prop_lut2_I1_O)        0.028    -0.227 r  phy_rst_cnt[0]_i_4/O
                         net (fo=1, routed)           0.000    -0.227    n_0_phy_rst_cnt[0]_i_4
    SLICE_X149Y59        CARRY4 (Prop_carry4_S[3]_O[3])
                                                      0.049    -0.178 r  phy_rst_cnt_reg[0]_i_2/O[3]
                         net (fo=1, routed)           0.000    -0.178    n_4_phy_rst_cnt_reg[0]_i_2
    SLICE_X149Y59        FDCE                                         r  phy_rst_cnt_reg[3]/D
  -------------------------------------------------------------------    -------------------

                         (clock clk_out1_clk_wiz_0 rise edge)
                                                      0.000     0.000 r  
    AE10                                              0.000     0.000 r  sys_clk_p
                         net (fo=0)                   0.000     0.000    u_clk_wiz/inst/clk_in1_p
    AE10                 IBUFDS (Prop_ibufds_I_O)     0.432     0.432 r  u_clk_wiz/inst/clkin1_ibufgds/O
                         net (fo=1, routed)           0.553     0.985    u_clk_wiz/inst/clk_in1_clk_wiz_0
    MMCME2_ADV_X1Y1      MMCME2_ADV (Prop_mmcme2_adv_CLKIN1_CLKOUT0)
                                                     -3.493    -2.508 r  u_clk_wiz/inst/mmcm_adv_inst/CLKOUT0
                         net (fo=1, routed)           1.007    -1.501    u_clk_wiz/inst/clk_out1_clk_wiz_0
    BUFGCTRL_X0Y2        BUFG (Prop_bufg_I_O)         0.030    -1.471 r  u_clk_wiz/inst/clkout1_buf/O
                         net (fo=21, routed)          0.966    -0.505    clk_out1
    SLICE_X149Y59                                                     r  phy_rst_cnt_reg[3]/C
                         clock pessimism              0.013    -0.492    
    SLICE_X149Y59        FDCE (Hold_fdce_C_D)         0.071    -0.421    phy_rst_cnt_reg[3]
  -------------------------------------------------------------------
                         required time                          0.421    
                         arrival time                          -0.178    
  -------------------------------------------------------------------
                         slack                                  0.243    

Slack (MET) :             0.245ns  (arrival time - required time)
  Source:                 phy_rst_cnt_reg[19]/C
                            (rising edge-triggered cell FDCE clocked by clk_out1_clk_wiz_0  {rise@0.000ns fall@10.000ns period=20.000ns})
  Destination:            phy_rst_cnt_reg[19]/D
                            (rising edge-triggered cell FDCE clocked by clk_out1_clk_wiz_0  {rise@0.000ns fall@10.000ns period=20.000ns})
  Path Group:             clk_out1_clk_wiz_0
  Path Type:              Hold (Min at Fast Process Corner)
  Requirement:            0.000ns  (clk_out1_clk_wiz_0 rise@0.000ns - clk_out1_clk_wiz_0 rise@0.000ns)
  Data Path Delay:        0.316ns  (logic 0.177ns (56.002%)  route 0.139ns (43.998%))
  Logic Levels:           2  (CARRY4=1 LUT2=1)
  Clock Path Skew:        0.000ns (DCD - SCD - CPR)
    Destination Clock Delay (DCD):    -0.509ns
    Source Clock Delay      (SCD):    -0.495ns
    Clock Pessimism Removal (CPR):    -0.014ns

    Location             Delay type                Incr(ns)  Path(ns)    Netlist Resource(s)
  -------------------------------------------------------------------    -------------------
                         (clock clk_out1_clk_wiz_0 rise edge)
                                                      0.000     0.000 r  
    AE10                                              0.000     0.000 r  sys_clk_p
                         net (fo=0)                   0.000     0.000    u_clk_wiz/inst/clk_in1_p
    AE10                 IBUFDS (Prop_ibufds_I_O)     0.354     0.354 r  u_clk_wiz/inst/clkin1_ibufgds/O
                         net (fo=1, routed)           0.503     0.857    u_clk_wiz/inst/clk_in1_clk_wiz_0
    MMCME2_ADV_X1Y1      MMCME2_ADV (Prop_mmcme2_adv_CLKIN1_CLKOUT0)
                                                     -3.040    -2.183 r  u_clk_wiz/inst/mmcm_adv_inst/CLKOUT0
                         net (fo=1, routed)           0.940    -1.243    u_clk_wiz/inst/clk_out1_clk_wiz_0
    BUFGCTRL_X0Y2        BUFG (Prop_bufg_I_O)         0.026    -1.217 r  u_clk_wiz/inst/clkout1_buf/O
                         net (fo=21, routed)          0.722    -0.495    clk_out1
    SLICE_X149Y63                                                     r  phy_rst_cnt_reg[19]/C
  -------------------------------------------------------------------    -------------------
    SLICE_X149Y63        FDCE (Prop_fdce_C_Q)         0.100    -0.395 r  phy_rst_cnt_reg[19]/Q
                         net (fo=2, routed)           0.139    -0.256    phy_rst_cnt_reg[19]
    SLICE_X149Y63        LUT2 (Prop_lut2_I1_O)        0.028    -0.228 r  phy_rst_cnt[16]_i_2/O
                         net (fo=1, routed)           0.000    -0.228    n_0_phy_rst_cnt[16]_i_2
    SLICE_X149Y63        CARRY4 (Prop_carry4_S[3]_O[3])
                                                      0.049    -0.179 r  phy_rst_cnt_reg[16]_i_1/O[3]
                         net (fo=1, routed)           0.000    -0.179    n_4_phy_rst_cnt_reg[16]_i_1
    SLICE_X149Y63        FDCE                                         r  phy_rst_cnt_reg[19]/D
  -------------------------------------------------------------------    -------------------

                         (clock clk_out1_clk_wiz_0 rise edge)
                                                      0.000     0.000 r  
    AE10                                              0.000     0.000 r  sys_clk_p
                         net (fo=0)                   0.000     0.000    u_clk_wiz/inst/clk_in1_p
    AE10                 IBUFDS (Prop_ibufds_I_O)     0.432     0.432 r  u_clk_wiz/inst/clkin1_ibufgds/O
                         net (fo=1, routed)           0.553     0.985    u_clk_wiz/inst/clk_in1_clk_wiz_0
    MMCME2_ADV_X1Y1      MMCME2_ADV (Prop_mmcme2_adv_CLKIN1_CLKOUT0)
                                                     -3.493    -2.508 r  u_clk_wiz/inst/mmcm_adv_inst/CLKOUT0
                         net (fo=1, routed)           1.007    -1.501    u_clk_wiz/inst/clk_out1_clk_wiz_0
    BUFGCTRL_X0Y2        BUFG (Prop_bufg_I_O)         0.030    -1.471 r  u_clk_wiz/inst/clkout1_buf/O
                         net (fo=21, routed)          0.962    -0.509    clk_out1
    SLICE_X149Y63                                                     r  phy_rst_cnt_reg[19]/C
                         clock pessimism              0.014    -0.495    
    SLICE_X149Y63        FDCE (Hold_fdce_C_D)         0.071    -0.424    phy_rst_cnt_reg[19]
  -------------------------------------------------------------------
                         required time                          0.424    
                         arrival time                          -0.179    
  -------------------------------------------------------------------
                         slack                                  0.245    

Slack (MET) :             0.248ns  (arrival time - required time)
  Source:                 phy_rst_cnt_reg[0]/C
                            (rising edge-triggered cell FDCE clocked by clk_out1_clk_wiz_0  {rise@0.000ns fall@10.000ns period=20.000ns})
  Destination:            phy_rst_cnt_reg[0]/D
                            (rising edge-triggered cell FDCE clocked by clk_out1_clk_wiz_0  {rise@0.000ns fall@10.000ns period=20.000ns})
  Path Group:             clk_out1_clk_wiz_0
  Path Type:              Hold (Min at Fast Process Corner)
  Requirement:            0.000ns  (clk_out1_clk_wiz_0 rise@0.000ns - clk_out1_clk_wiz_0 rise@0.000ns)
  Data Path Delay:        0.319ns  (logic 0.183ns (57.398%)  route 0.136ns (42.602%))
  Logic Levels:           2  (CARRY4=1 LUT2=1)
  Clock Path Skew:        0.000ns (DCD - SCD - CPR)
    Destination Clock Delay (DCD):    -0.505ns
    Source Clock Delay      (SCD):    -0.492ns
    Clock Pessimism Removal (CPR):    -0.013ns

    Location             Delay type                Incr(ns)  Path(ns)    Netlist Resource(s)
  -------------------------------------------------------------------    -------------------
                         (clock clk_out1_clk_wiz_0 rise edge)
                                                      0.000     0.000 r  
    AE10                                              0.000     0.000 r  sys_clk_p
                         net (fo=0)                   0.000     0.000    u_clk_wiz/inst/clk_in1_p
    AE10                 IBUFDS (Prop_ibufds_I_O)     0.354     0.354 r  u_clk_wiz/inst/clkin1_ibufgds/O
                         net (fo=1, routed)           0.503     0.857    u_clk_wiz/inst/clk_in1_clk_wiz_0
    MMCME2_ADV_X1Y1      MMCME2_ADV (Prop_mmcme2_adv_CLKIN1_CLKOUT0)
                                                     -3.040    -2.183 r  u_clk_wiz/inst/mmcm_adv_inst/CLKOUT0
                         net (fo=1, routed)           0.940    -1.243    u_clk_wiz/inst/clk_out1_clk_wiz_0
    BUFGCTRL_X0Y2        BUFG (Prop_bufg_I_O)         0.026    -1.217 r  u_clk_wiz/inst/clkout1_buf/O
                         net (fo=21, routed)          0.725    -0.492    clk_out1
    SLICE_X149Y59                                                     r  phy_rst_cnt_reg[0]/C
  -------------------------------------------------------------------    -------------------
    SLICE_X149Y59        FDCE (Prop_fdce_C_Q)         0.100    -0.392 f  phy_rst_cnt_reg[0]/Q
                         net (fo=3, routed)           0.136    -0.256    phy_rst_cnt_reg[0]
    SLICE_X149Y59        LUT2 (Prop_lut2_I0_O)        0.028    -0.228 r  phy_rst_cnt[0]_i_7/O
                         net (fo=1, routed)           0.000    -0.228    n_0_phy_rst_cnt[0]_i_7
    SLICE_X149Y59        CARRY4 (Prop_carry4_S[0]_O[0])
                                                      0.055    -0.173 r  phy_rst_cnt_reg[0]_i_2/O[0]
                         net (fo=1, routed)           0.000    -0.173    n_7_phy_rst_cnt_reg[0]_i_2
    SLICE_X149Y59        FDCE                                         r  phy_rst_cnt_reg[0]/D
  -------------------------------------------------------------------    -------------------

                         (clock clk_out1_clk_wiz_0 rise edge)
                                                      0.000     0.000 r  
    AE10                                              0.000     0.000 r  sys_clk_p
                         net (fo=0)                   0.000     0.000    u_clk_wiz/inst/clk_in1_p
    AE10                 IBUFDS (Prop_ibufds_I_O)     0.432     0.432 r  u_clk_wiz/inst/clkin1_ibufgds/O
                         net (fo=1, routed)           0.553     0.985    u_clk_wiz/inst/clk_in1_clk_wiz_0
    MMCME2_ADV_X1Y1      MMCME2_ADV (Prop_mmcme2_adv_CLKIN1_CLKOUT0)
                                                     -3.493    -2.508 r  u_clk_wiz/inst/mmcm_adv_inst/CLKOUT0
                         net (fo=1, routed)           1.007    -1.501    u_clk_wiz/inst/clk_out1_clk_wiz_0
    BUFGCTRL_X0Y2        BUFG (Prop_bufg_I_O)         0.030    -1.471 r  u_clk_wiz/inst/clkout1_buf/O
                         net (fo=21, routed)          0.966    -0.505    clk_out1
    SLICE_X149Y59                                                     r  phy_rst_cnt_reg[0]/C
                         clock pessimism              0.013    -0.492    
    SLICE_X149Y59        FDCE (Hold_fdce_C_D)         0.071    -0.421    phy_rst_cnt_reg[0]
  -------------------------------------------------------------------
                         required time                          0.421    
                         arrival time                          -0.173    
  -------------------------------------------------------------------
                         slack                                  0.248    

Slack (MET) :             0.248ns  (arrival time - required time)
  Source:                 phy_rst_cnt_reg[8]/C
                            (rising edge-triggered cell FDCE clocked by clk_out1_clk_wiz_0  {rise@0.000ns fall@10.000ns period=20.000ns})
  Destination:            phy_rst_cnt_reg[8]/D
                            (rising edge-triggered cell FDCE clocked by clk_out1_clk_wiz_0  {rise@0.000ns fall@10.000ns period=20.000ns})
  Path Group:             clk_out1_clk_wiz_0
  Path Type:              Hold (Min at Fast Process Corner)
  Requirement:            0.000ns  (clk_out1_clk_wiz_0 rise@0.000ns - clk_out1_clk_wiz_0 rise@0.000ns)
  Data Path Delay:        0.319ns  (logic 0.183ns (57.343%)  route 0.136ns (42.657%))
  Logic Levels:           2  (CARRY4=1 LUT2=1)
  Clock Path Skew:        0.000ns (DCD - SCD - CPR)
    Destination Clock Delay (DCD):    -0.506ns
    Source Clock Delay      (SCD):    -0.493ns
    Clock Pessimism Removal (CPR):    -0.013ns

    Location             Delay type                Incr(ns)  Path(ns)    Netlist Resource(s)
  -------------------------------------------------------------------    -------------------
                         (clock clk_out1_clk_wiz_0 rise edge)
                                                      0.000     0.000 r  
    AE10                                              0.000     0.000 r  sys_clk_p
                         net (fo=0)                   0.000     0.000    u_clk_wiz/inst/clk_in1_p
    AE10                 IBUFDS (Prop_ibufds_I_O)     0.354     0.354 r  u_clk_wiz/inst/clkin1_ibufgds/O
                         net (fo=1, routed)           0.503     0.857    u_clk_wiz/inst/clk_in1_clk_wiz_0
    MMCME2_ADV_X1Y1      MMCME2_ADV (Prop_mmcme2_adv_CLKIN1_CLKOUT0)
                                                     -3.040    -2.183 r  u_clk_wiz/inst/mmcm_adv_inst/CLKOUT0
                         net (fo=1, routed)           0.940    -1.243    u_clk_wiz/inst/clk_out1_clk_wiz_0
    BUFGCTRL_X0Y2        BUFG (Prop_bufg_I_O)         0.026    -1.217 r  u_clk_wiz/inst/clkout1_buf/O
                         net (fo=21, routed)          0.724    -0.493    clk_out1
    SLICE_X149Y61                                                     r  phy_rst_cnt_reg[8]/C
  -------------------------------------------------------------------    -------------------
    SLICE_X149Y61        FDCE (Prop_fdce_C_Q)         0.100    -0.393 r  phy_rst_cnt_reg[8]/Q
                         net (fo=2, routed)           0.136    -0.257    phy_rst_cnt_reg[8]
    SLICE_X149Y61        LUT2 (Prop_lut2_I1_O)        0.028    -0.229 r  phy_rst_cnt[8]_i_5/O
                         net (fo=1, routed)           0.000    -0.229    n_0_phy_rst_cnt[8]_i_5
    SLICE_X149Y61        CARRY4 (Prop_carry4_S[0]_O[0])
                                                      0.055    -0.174 r  phy_rst_cnt_reg[8]_i_1/O[0]
                         net (fo=1, routed)           0.000    -0.174    n_7_phy_rst_cnt_reg[8]_i_1
    SLICE_X149Y61        FDCE                                         r  phy_rst_cnt_reg[8]/D
  -------------------------------------------------------------------    -------------------

                         (clock clk_out1_clk_wiz_0 rise edge)
                                                      0.000     0.000 r  
    AE10                                              0.000     0.000 r  sys_clk_p
                         net (fo=0)                   0.000     0.000    u_clk_wiz/inst/clk_in1_p
    AE10                 IBUFDS (Prop_ibufds_I_O)     0.432     0.432 r  u_clk_wiz/inst/clkin1_ibufgds/O
                         net (fo=1, routed)           0.553     0.985    u_clk_wiz/inst/clk_in1_clk_wiz_0
    MMCME2_ADV_X1Y1      MMCME2_ADV (Prop_mmcme2_adv_CLKIN1_CLKOUT0)
                                                     -3.493    -2.508 r  u_clk_wiz/inst/mmcm_adv_inst/CLKOUT0
                         net (fo=1, routed)           1.007    -1.501    u_clk_wiz/inst/clk_out1_clk_wiz_0
    BUFGCTRL_X0Y2        BUFG (Prop_bufg_I_O)         0.030    -1.471 r  u_clk_wiz/inst/clkout1_buf/O
                         net (fo=21, routed)          0.965    -0.506    clk_out1
    SLICE_X149Y61                                                     r  phy_rst_cnt_reg[8]/C
                         clock pessimism              0.013    -0.493    
    SLICE_X149Y61        FDCE (Hold_fdce_C_D)         0.071    -0.422    phy_rst_cnt_reg[8]
  -------------------------------------------------------------------
                         required time                          0.422    
                         arrival time                          -0.174    
  -------------------------------------------------------------------
                         slack                                  0.248    

Slack (MET) :             0.250ns  (arrival time - required time)
  Source:                 phy_rst_cnt_reg[12]/C
                            (rising edge-triggered cell FDCE clocked by clk_out1_clk_wiz_0  {rise@0.000ns fall@10.000ns period=20.000ns})
  Destination:            phy_rst_cnt_reg[12]/D
                            (rising edge-triggered cell FDCE clocked by clk_out1_clk_wiz_0  {rise@0.000ns fall@10.000ns period=20.000ns})
  Path Group:             clk_out1_clk_wiz_0
  Path Type:              Hold (Min at Fast Process Corner)
  Requirement:            0.000ns  (clk_out1_clk_wiz_0 rise@0.000ns - clk_out1_clk_wiz_0 rise@0.000ns)
  Data Path Delay:        0.321ns  (logic 0.183ns (56.999%)  route 0.138ns (43.001%))
  Logic Levels:           2  (CARRY4=1 LUT2=1)
  Clock Path Skew:        0.000ns (DCD - SCD - CPR)
    Destination Clock Delay (DCD):    -0.508ns
    Source Clock Delay      (SCD):    -0.494ns
    Clock Pessimism Removal (CPR):    -0.014ns

    Location             Delay type                Incr(ns)  Path(ns)    Netlist Resource(s)
  -------------------------------------------------------------------    -------------------
                         (clock clk_out1_clk_wiz_0 rise edge)
                                                      0.000     0.000 r  
    AE10                                              0.000     0.000 r  sys_clk_p
                         net (fo=0)                   0.000     0.000    u_clk_wiz/inst/clk_in1_p
    AE10                 IBUFDS (Prop_ibufds_I_O)     0.354     0.354 r  u_clk_wiz/inst/clkin1_ibufgds/O
                         net (fo=1, routed)           0.503     0.857    u_clk_wiz/inst/clk_in1_clk_wiz_0
    MMCME2_ADV_X1Y1      MMCME2_ADV (Prop_mmcme2_adv_CLKIN1_CLKOUT0)
                                                     -3.040    -2.183 r  u_clk_wiz/inst/mmcm_adv_inst/CLKOUT0
                         net (fo=1, routed)           0.940    -1.243    u_clk_wiz/inst/clk_out1_clk_wiz_0
    BUFGCTRL_X0Y2        BUFG (Prop_bufg_I_O)         0.026    -1.217 r  u_clk_wiz/inst/clkout1_buf/O
                         net (fo=21, routed)          0.723    -0.494    clk_out1
    SLICE_X149Y62                                                     r  phy_rst_cnt_reg[12]/C
  -------------------------------------------------------------------    -------------------
    SLICE_X149Y62        FDCE (Prop_fdce_C_Q)         0.100    -0.394 r  phy_rst_cnt_reg[12]/Q
                         net (fo=2, routed)           0.138    -0.256    phy_rst_cnt_reg[12]
    SLICE_X149Y62        LUT2 (Prop_lut2_I1_O)        0.028    -0.228 r  phy_rst_cnt[12]_i_5/O
                         net (fo=1, routed)           0.000    -0.228    n_0_phy_rst_cnt[12]_i_5
    SLICE_X149Y62        CARRY4 (Prop_carry4_S[0]_O[0])
                                                      0.055    -0.173 r  phy_rst_cnt_reg[12]_i_1/O[0]
                         net (fo=1, routed)           0.000    -0.173    n_7_phy_rst_cnt_reg[12]_i_1
    SLICE_X149Y62        FDCE                                         r  phy_rst_cnt_reg[12]/D
  -------------------------------------------------------------------    -------------------

                         (clock clk_out1_clk_wiz_0 rise edge)
                                                      0.000     0.000 r  
    AE10                                              0.000     0.000 r  sys_clk_p
                         net (fo=0)                   0.000     0.000    u_clk_wiz/inst/clk_in1_p
    AE10                 IBUFDS (Prop_ibufds_I_O)     0.432     0.432 r  u_clk_wiz/inst/clkin1_ibufgds/O
                         net (fo=1, routed)           0.553     0.985    u_clk_wiz/inst/clk_in1_clk_wiz_0
    MMCME2_ADV_X1Y1      MMCME2_ADV (Prop_mmcme2_adv_CLKIN1_CLKOUT0)
                                                     -3.493    -2.508 r  u_clk_wiz/inst/mmcm_adv_inst/CLKOUT0
                         net (fo=1, routed)           1.007    -1.501    u_clk_wiz/inst/clk_out1_clk_wiz_0
    BUFGCTRL_X0Y2        BUFG (Prop_bufg_I_O)         0.030    -1.471 r  u_clk_wiz/inst/clkout1_buf/O
                         net (fo=21, routed)          0.963    -0.508    clk_out1
    SLICE_X149Y62                                                     r  phy_rst_cnt_reg[12]/C
                         clock pessimism              0.014    -0.494    
    SLICE_X149Y62        FDCE (Hold_fdce_C_D)         0.071    -0.423    phy_rst_cnt_reg[12]
  -------------------------------------------------------------------
                         required time                          0.423    
                         arrival time                          -0.173    
  -------------------------------------------------------------------
                         slack                                  0.250    

Slack (MET) :             0.250ns  (arrival time - required time)
  Source:                 phy_rst_cnt_reg[16]/C
                            (rising edge-triggered cell FDCE clocked by clk_out1_clk_wiz_0  {rise@0.000ns fall@10.000ns period=20.000ns})
  Destination:            phy_rst_cnt_reg[16]/D
                            (rising edge-triggered cell FDCE clocked by clk_out1_clk_wiz_0  {rise@0.000ns fall@10.000ns period=20.000ns})
  Path Group:             clk_out1_clk_wiz_0
  Path Type:              Hold (Min at Fast Process Corner)
  Requirement:            0.000ns  (clk_out1_clk_wiz_0 rise@0.000ns - clk_out1_clk_wiz_0 rise@0.000ns)
  Data Path Delay:        0.321ns  (logic 0.183ns (56.999%)  route 0.138ns (43.001%))
  Logic Levels:           2  (CARRY4=1 LUT2=1)
  Clock Path Skew:        0.000ns (DCD - SCD - CPR)
    Destination Clock Delay (DCD):    -0.509ns
    Source Clock Delay      (SCD):    -0.495ns
    Clock Pessimism Removal (CPR):    -0.014ns

    Location             Delay type                Incr(ns)  Path(ns)    Netlist Resource(s)
  -------------------------------------------------------------------    -------------------
                         (clock clk_out1_clk_wiz_0 rise edge)
                                                      0.000     0.000 r  
    AE10                                              0.000     0.000 r  sys_clk_p
                         net (fo=0)                   0.000     0.000    u_clk_wiz/inst/clk_in1_p
    AE10                 IBUFDS (Prop_ibufds_I_O)     0.354     0.354 r  u_clk_wiz/inst/clkin1_ibufgds/O
                         net (fo=1, routed)           0.503     0.857    u_clk_wiz/inst/clk_in1_clk_wiz_0
    MMCME2_ADV_X1Y1      MMCME2_ADV (Prop_mmcme2_adv_CLKIN1_CLKOUT0)
                                                     -3.040    -2.183 r  u_clk_wiz/inst/mmcm_adv_inst/CLKOUT0
                         net (fo=1, routed)           0.940    -1.243    u_clk_wiz/inst/clk_out1_clk_wiz_0
    BUFGCTRL_X0Y2        BUFG (Prop_bufg_I_O)         0.026    -1.217 r  u_clk_wiz/inst/clkout1_buf/O
                         net (fo=21, routed)          0.722    -0.495    clk_out1
    SLICE_X149Y63                                                     r  phy_rst_cnt_reg[16]/C
  -------------------------------------------------------------------    -------------------
    SLICE_X149Y63        FDCE (Prop_fdce_C_Q)         0.100    -0.395 r  phy_rst_cnt_reg[16]/Q
                         net (fo=2, routed)           0.138    -0.257    phy_rst_cnt_reg[16]
    SLICE_X149Y63        LUT2 (Prop_lut2_I1_O)        0.028    -0.229 r  phy_rst_cnt[16]_i_5/O
                         net (fo=1, routed)           0.000    -0.229    n_0_phy_rst_cnt[16]_i_5
    SLICE_X149Y63        CARRY4 (Prop_carry4_S[0]_O[0])
                                                      0.055    -0.174 r  phy_rst_cnt_reg[16]_i_1/O[0]
                         net (fo=1, routed)           0.000    -0.174    n_7_phy_rst_cnt_reg[16]_i_1
    SLICE_X149Y63        FDCE                                         r  phy_rst_cnt_reg[16]/D
  -------------------------------------------------------------------    -------------------

                         (clock clk_out1_clk_wiz_0 rise edge)
                                                      0.000     0.000 r  
    AE10                                              0.000     0.000 r  sys_clk_p
                         net (fo=0)                   0.000     0.000    u_clk_wiz/inst/clk_in1_p
    AE10                 IBUFDS (Prop_ibufds_I_O)     0.432     0.432 r  u_clk_wiz/inst/clkin1_ibufgds/O
                         net (fo=1, routed)           0.553     0.985    u_clk_wiz/inst/clk_in1_clk_wiz_0
    MMCME2_ADV_X1Y1      MMCME2_ADV (Prop_mmcme2_adv_CLKIN1_CLKOUT0)
                                                     -3.493    -2.508 r  u_clk_wiz/inst/mmcm_adv_inst/CLKOUT0
                         net (fo=1, routed)           1.007    -1.501    u_clk_wiz/inst/clk_out1_clk_wiz_0
    BUFGCTRL_X0Y2        BUFG (Prop_bufg_I_O)         0.030    -1.471 r  u_clk_wiz/inst/clkout1_buf/O
                         net (fo=21, routed)          0.962    -0.509    clk_out1
    SLICE_X149Y63                                                     r  phy_rst_cnt_reg[16]/C
                         clock pessimism              0.014    -0.495    
    SLICE_X149Y63        FDCE (Hold_fdce_C_D)         0.071    -0.424    phy_rst_cnt_reg[16]
  -------------------------------------------------------------------
                         required time                          0.424    
                         arrival time                          -0.174    
  -------------------------------------------------------------------
                         slack                                  0.250    

Slack (MET) :             0.250ns  (arrival time - required time)
  Source:                 phy_rst_cnt_reg[4]/C
                            (rising edge-triggered cell FDCE clocked by clk_out1_clk_wiz_0  {rise@0.000ns fall@10.000ns period=20.000ns})
  Destination:            phy_rst_cnt_reg[4]/D
                            (rising edge-triggered cell FDCE clocked by clk_out1_clk_wiz_0  {rise@0.000ns fall@10.000ns period=20.000ns})
  Path Group:             clk_out1_clk_wiz_0
  Path Type:              Hold (Min at Fast Process Corner)
  Requirement:            0.000ns  (clk_out1_clk_wiz_0 rise@0.000ns - clk_out1_clk_wiz_0 rise@0.000ns)
  Data Path Delay:        0.321ns  (logic 0.183ns (56.999%)  route 0.138ns (43.001%))
  Logic Levels:           2  (CARRY4=1 LUT2=1)
  Clock Path Skew:        0.000ns (DCD - SCD - CPR)
    Destination Clock Delay (DCD):    -0.506ns
    Source Clock Delay      (SCD):    -0.493ns
    Clock Pessimism Removal (CPR):    -0.013ns

    Location             Delay type                Incr(ns)  Path(ns)    Netlist Resource(s)
  -------------------------------------------------------------------    -------------------
                         (clock clk_out1_clk_wiz_0 rise edge)
                                                      0.000     0.000 r  
    AE10                                              0.000     0.000 r  sys_clk_p
                         net (fo=0)                   0.000     0.000    u_clk_wiz/inst/clk_in1_p
    AE10                 IBUFDS (Prop_ibufds_I_O)     0.354     0.354 r  u_clk_wiz/inst/clkin1_ibufgds/O
                         net (fo=1, routed)           0.503     0.857    u_clk_wiz/inst/clk_in1_clk_wiz_0
    MMCME2_ADV_X1Y1      MMCME2_ADV (Prop_mmcme2_adv_CLKIN1_CLKOUT0)
                                                     -3.040    -2.183 r  u_clk_wiz/inst/mmcm_adv_inst/CLKOUT0
                         net (fo=1, routed)           0.940    -1.243    u_clk_wiz/inst/clk_out1_clk_wiz_0
    BUFGCTRL_X0Y2        BUFG (Prop_bufg_I_O)         0.026    -1.217 r  u_clk_wiz/inst/clkout1_buf/O
                         net (fo=21, routed)          0.724    -0.493    clk_out1
    SLICE_X149Y60                                                     r  phy_rst_cnt_reg[4]/C
  -------------------------------------------------------------------    -------------------
    SLICE_X149Y60        FDCE (Prop_fdce_C_Q)         0.100    -0.393 r  phy_rst_cnt_reg[4]/Q
                         net (fo=2, routed)           0.138    -0.255    phy_rst_cnt_reg[4]
    SLICE_X149Y60        LUT2 (Prop_lut2_I1_O)        0.028    -0.227 r  phy_rst_cnt[4]_i_5/O
                         net (fo=1, routed)           0.000    -0.227    n_0_phy_rst_cnt[4]_i_5
    SLICE_X149Y60        CARRY4 (Prop_carry4_S[0]_O[0])
                                                      0.055    -0.172 r  phy_rst_cnt_reg[4]_i_1/O[0]
                         net (fo=1, routed)           0.000    -0.172    n_7_phy_rst_cnt_reg[4]_i_1
    SLICE_X149Y60        FDCE                                         r  phy_rst_cnt_reg[4]/D
  -------------------------------------------------------------------    -------------------

                         (clock clk_out1_clk_wiz_0 rise edge)
                                                      0.000     0.000 r  
    AE10                                              0.000     0.000 r  sys_clk_p
                         net (fo=0)                   0.000     0.000    u_clk_wiz/inst/clk_in1_p
    AE10                 IBUFDS (Prop_ibufds_I_O)     0.432     0.432 r  u_clk_wiz/inst/clkin1_ibufgds/O
                         net (fo=1, routed)           0.553     0.985    u_clk_wiz/inst/clk_in1_clk_wiz_0
    MMCME2_ADV_X1Y1      MMCME2_ADV (Prop_mmcme2_adv_CLKIN1_CLKOUT0)
                                                     -3.493    -2.508 r  u_clk_wiz/inst/mmcm_adv_inst/CLKOUT0
                         net (fo=1, routed)           1.007    -1.501    u_clk_wiz/inst/clk_out1_clk_wiz_0
    BUFGCTRL_X0Y2        BUFG (Prop_bufg_I_O)         0.030    -1.471 r  u_clk_wiz/inst/clkout1_buf/O
                         net (fo=21, routed)          0.965    -0.506    clk_out1
    SLICE_X149Y60                                                     r  phy_rst_cnt_reg[4]/C
                         clock pessimism              0.013    -0.493    
    SLICE_X149Y60        FDCE (Hold_fdce_C_D)         0.071    -0.422    phy_rst_cnt_reg[4]
  -------------------------------------------------------------------
                         required time                          0.422    
                         arrival time                          -0.172    
  -------------------------------------------------------------------
                         slack                                  0.250    

Slack (MET) :             0.250ns  (arrival time - required time)
  Source:                 phy_rst_cnt_reg[11]/C
                            (rising edge-triggered cell FDCE clocked by clk_out1_clk_wiz_0  {rise@0.000ns fall@10.000ns period=20.000ns})
  Destination:            phy_rst_cnt_reg[11]/D
                            (rising edge-triggered cell FDCE clocked by clk_out1_clk_wiz_0  {rise@0.000ns fall@10.000ns period=20.000ns})
  Path Group:             clk_out1_clk_wiz_0
  Path Type:              Hold (Min at Fast Process Corner)
  Requirement:            0.000ns  (clk_out1_clk_wiz_0 rise@0.000ns - clk_out1_clk_wiz_0 rise@0.000ns)
  Data Path Delay:        0.321ns  (logic 0.177ns (55.082%)  route 0.144ns (44.918%))
  Logic Levels:           2  (CARRY4=1 LUT2=1)
  Clock Path Skew:        0.000ns (DCD - SCD - CPR)
    Destination Clock Delay (DCD):    -0.506ns
    Source Clock Delay      (SCD):    -0.493ns
    Clock Pessimism Removal (CPR):    -0.013ns

    Location             Delay type                Incr(ns)  Path(ns)    Netlist Resource(s)
  -------------------------------------------------------------------    -------------------
                         (clock clk_out1_clk_wiz_0 rise edge)
                                                      0.000     0.000 r  
    AE10                                              0.000     0.000 r  sys_clk_p
                         net (fo=0)                   0.000     0.000    u_clk_wiz/inst/clk_in1_p
    AE10                 IBUFDS (Prop_ibufds_I_O)     0.354     0.354 r  u_clk_wiz/inst/clkin1_ibufgds/O
                         net (fo=1, routed)           0.503     0.857    u_clk_wiz/inst/clk_in1_clk_wiz_0
    MMCME2_ADV_X1Y1      MMCME2_ADV (Prop_mmcme2_adv_CLKIN1_CLKOUT0)
                                                     -3.040    -2.183 r  u_clk_wiz/inst/mmcm_adv_inst/CLKOUT0
                         net (fo=1, routed)           0.940    -1.243    u_clk_wiz/inst/clk_out1_clk_wiz_0
    BUFGCTRL_X0Y2        BUFG (Prop_bufg_I_O)         0.026    -1.217 r  u_clk_wiz/inst/clkout1_buf/O
                         net (fo=21, routed)          0.724    -0.493    clk_out1
    SLICE_X149Y61                                                     r  phy_rst_cnt_reg[11]/C
  -------------------------------------------------------------------    -------------------
    SLICE_X149Y61        FDCE (Prop_fdce_C_Q)         0.100    -0.393 r  phy_rst_cnt_reg[11]/Q
                         net (fo=3, routed)           0.144    -0.249    phy_rst_cnt_reg[11]
    SLICE_X149Y61        LUT2 (Prop_lut2_I1_O)        0.028    -0.221 r  phy_rst_cnt[8]_i_2/O
                         net (fo=1, routed)           0.000    -0.221    n_0_phy_rst_cnt[8]_i_2
    SLICE_X149Y61        CARRY4 (Prop_carry4_S[3]_O[3])
                                                      0.049    -0.172 r  phy_rst_cnt_reg[8]_i_1/O[3]
                         net (fo=1, routed)           0.000    -0.172    n_4_phy_rst_cnt_reg[8]_i_1
    SLICE_X149Y61        FDCE                                         r  phy_rst_cnt_reg[11]/D
  -------------------------------------------------------------------    -------------------

                         (clock clk_out1_clk_wiz_0 rise edge)
                                                      0.000     0.000 r  
    AE10                                              0.000     0.000 r  sys_clk_p
                         net (fo=0)                   0.000     0.000    u_clk_wiz/inst/clk_in1_p
    AE10                 IBUFDS (Prop_ibufds_I_O)     0.432     0.432 r  u_clk_wiz/inst/clkin1_ibufgds/O
                         net (fo=1, routed)           0.553     0.985    u_clk_wiz/inst/clk_in1_clk_wiz_0
    MMCME2_ADV_X1Y1      MMCME2_ADV (Prop_mmcme2_adv_CLKIN1_CLKOUT0)
                                                     -3.493    -2.508 r  u_clk_wiz/inst/mmcm_adv_inst/CLKOUT0
                         net (fo=1, routed)           1.007    -1.501    u_clk_wiz/inst/clk_out1_clk_wiz_0
    BUFGCTRL_X0Y2        BUFG (Prop_bufg_I_O)         0.030    -1.471 r  u_clk_wiz/inst/clkout1_buf/O
                         net (fo=21, routed)          0.965    -0.506    clk_out1
    SLICE_X149Y61                                                     r  phy_rst_cnt_reg[11]/C
                         clock pessimism              0.013    -0.493    
    SLICE_X149Y61        FDCE (Hold_fdce_C_D)         0.071    -0.422    phy_rst_cnt_reg[11]
  -------------------------------------------------------------------
                         required time                          0.422    
                         arrival time                          -0.172    
  -------------------------------------------------------------------
                         slack                                  0.250    

Slack (MET) :             0.251ns  (arrival time - required time)
  Source:                 phy_rst_cnt_reg[7]/C
                            (rising edge-triggered cell FDCE clocked by clk_out1_clk_wiz_0  {rise@0.000ns fall@10.000ns period=20.000ns})
  Destination:            phy_rst_cnt_reg[7]/D
                            (rising edge-triggered cell FDCE clocked by clk_out1_clk_wiz_0  {rise@0.000ns fall@10.000ns period=20.000ns})
  Path Group:             clk_out1_clk_wiz_0
  Path Type:              Hold (Min at Fast Process Corner)
  Requirement:            0.000ns  (clk_out1_clk_wiz_0 rise@0.000ns - clk_out1_clk_wiz_0 rise@0.000ns)
  Data Path Delay:        0.322ns  (logic 0.177ns (54.918%)  route 0.145ns (45.082%))
  Logic Levels:           2  (CARRY4=1 LUT2=1)
  Clock Path Skew:        0.000ns (DCD - SCD - CPR)
    Destination Clock Delay (DCD):    -0.506ns
    Source Clock Delay      (SCD):    -0.493ns
    Clock Pessimism Removal (CPR):    -0.013ns

    Location             Delay type                Incr(ns)  Path(ns)    Netlist Resource(s)
  -------------------------------------------------------------------    -------------------
                         (clock clk_out1_clk_wiz_0 rise edge)
                                                      0.000     0.000 r  
    AE10                                              0.000     0.000 r  sys_clk_p
                         net (fo=0)                   0.000     0.000    u_clk_wiz/inst/clk_in1_p
    AE10                 IBUFDS (Prop_ibufds_I_O)     0.354     0.354 r  u_clk_wiz/inst/clkin1_ibufgds/O
                         net (fo=1, routed)           0.503     0.857    u_clk_wiz/inst/clk_in1_clk_wiz_0
    MMCME2_ADV_X1Y1      MMCME2_ADV (Prop_mmcme2_adv_CLKIN1_CLKOUT0)
                                                     -3.040    -2.183 r  u_clk_wiz/inst/mmcm_adv_inst/CLKOUT0
                         net (fo=1, routed)           0.940    -1.243    u_clk_wiz/inst/clk_out1_clk_wiz_0
    BUFGCTRL_X0Y2        BUFG (Prop_bufg_I_O)         0.026    -1.217 r  u_clk_wiz/inst/clkout1_buf/O
                         net (fo=21, routed)          0.724    -0.493    clk_out1
    SLICE_X149Y60                                                     r  phy_rst_cnt_reg[7]/C
  -------------------------------------------------------------------    -------------------
    SLICE_X149Y60        FDCE (Prop_fdce_C_Q)         0.100    -0.393 r  phy_rst_cnt_reg[7]/Q
                         net (fo=3, routed)           0.145    -0.248    phy_rst_cnt_reg[7]
    SLICE_X149Y60        LUT2 (Prop_lut2_I1_O)        0.028    -0.220 r  phy_rst_cnt[4]_i_2/O
                         net (fo=1, routed)           0.000    -0.220    n_0_phy_rst_cnt[4]_i_2
    SLICE_X149Y60        CARRY4 (Prop_carry4_S[3]_O[3])
                                                      0.049    -0.171 r  phy_rst_cnt_reg[4]_i_1/O[3]
                         net (fo=1, routed)           0.000    -0.171    n_4_phy_rst_cnt_reg[4]_i_1
    SLICE_X149Y60        FDCE                                         r  phy_rst_cnt_reg[7]/D
  -------------------------------------------------------------------    -------------------

                         (clock clk_out1_clk_wiz_0 rise edge)
                                                      0.000     0.000 r  
    AE10                                              0.000     0.000 r  sys_clk_p
                         net (fo=0)                   0.000     0.000    u_clk_wiz/inst/clk_in1_p
    AE10                 IBUFDS (Prop_ibufds_I_O)     0.432     0.432 r  u_clk_wiz/inst/clkin1_ibufgds/O
                         net (fo=1, routed)           0.553     0.985    u_clk_wiz/inst/clk_in1_clk_wiz_0
    MMCME2_ADV_X1Y1      MMCME2_ADV (Prop_mmcme2_adv_CLKIN1_CLKOUT0)
                                                     -3.493    -2.508 r  u_clk_wiz/inst/mmcm_adv_inst/CLKOUT0
                         net (fo=1, routed)           1.007    -1.501    u_clk_wiz/inst/clk_out1_clk_wiz_0
    BUFGCTRL_X0Y2        BUFG (Prop_bufg_I_O)         0.030    -1.471 r  u_clk_wiz/inst/clkout1_buf/O
                         net (fo=21, routed)          0.965    -0.506    clk_out1
    SLICE_X149Y60                                                     r  phy_rst_cnt_reg[7]/C
                         clock pessimism              0.013    -0.493    
    SLICE_X149Y60        FDCE (Hold_fdce_C_D)         0.071    -0.422    phy_rst_cnt_reg[7]
  -------------------------------------------------------------------
                         required time                          0.422    
                         arrival time                          -0.171    
  -------------------------------------------------------------------
                         slack                                  0.251    





Pulse Width Checks
--------------------------------------------------------------------------------------
Clock Name:         clk_out1_clk_wiz_0
Waveform:           { 0 10 }
Period:             20.000
Sources:            { u_clk_wiz/inst/mmcm_adv_inst/CLKOUT0 }

Check Type        Corner  Lib Pin             Reference Pin  Required  Actual  Slack    Location         Pin                                   
Min Period        n/a     BUFG/I              n/a            1.408     20.000  18.591   BUFGCTRL_X0Y2    u_clk_wiz/inst/clkout1_buf/I          
Min Period        n/a     MMCME2_ADV/CLKOUT0  n/a            1.071     20.000  18.929   MMCME2_ADV_X1Y1  u_clk_wiz/inst/mmcm_adv_inst/CLKOUT0  
Min Period        n/a     FDCE/C              n/a            0.700     20.000  19.300   SLICE_X149Y59    phy_rst_cnt_reg[0]/C                  
Min Period        n/a     FDCE/C              n/a            0.700     20.000  19.300   SLICE_X149Y61    phy_rst_cnt_reg[10]/C                 
Min Period        n/a     FDCE/C              n/a            0.700     20.000  19.300   SLICE_X149Y61    phy_rst_cnt_reg[11]/C                 
Min Period        n/a     FDCE/C              n/a            0.700     20.000  19.300   SLICE_X149Y62    phy_rst_cnt_reg[12]/C                 
Min Period        n/a     FDCE/C              n/a            0.700     20.000  19.300   SLICE_X149Y62    phy_rst_cnt_reg[13]/C                 
Min Period        n/a     FDCE/C              n/a            0.700     20.000  19.300   SLICE_X149Y62    phy_rst_cnt_reg[14]/C                 
Min Period        n/a     FDCE/C              n/a            0.700     20.000  19.300   SLICE_X149Y62    phy_rst_cnt_reg[15]/C                 
Min Period        n/a     FDCE/C              n/a            0.700     20.000  19.300   SLICE_X149Y63    phy_rst_cnt_reg[16]/C                 
Max Period        n/a     MMCME2_ADV/CLKOUT0  n/a            213.360   20.000  193.360  MMCME2_ADV_X1Y1  u_clk_wiz/inst/mmcm_adv_inst/CLKOUT0  
Low Pulse Width   Slow    FDCE/C              n/a            0.350     10.000  9.650    SLICE_X149Y59    phy_rst_cnt_reg[0]/C                  
Low Pulse Width   Fast    FDCE/C              n/a            0.350     10.000  9.650    SLICE_X149Y59    phy_rst_cnt_reg[0]/C                  
Low Pulse Width   Slow    FDCE/C              n/a            0.350     10.000  9.650    SLICE_X149Y61    phy_rst_cnt_reg[10]/C                 
Low Pulse Width   Slow    FDCE/C              n/a            0.350     10.000  9.650    SLICE_X149Y61    phy_rst_cnt_reg[11]/C                 
Low Pulse Width   Slow    FDCE/C              n/a            0.350     10.000  9.650    SLICE_X149Y62    phy_rst_cnt_reg[12]/C                 
Low Pulse Width   Slow    FDCE/C              n/a            0.350     10.000  9.650    SLICE_X149Y62    phy_rst_cnt_reg[13]/C                 
Low Pulse Width   Slow    FDCE/C              n/a            0.350     10.000  9.650    SLICE_X149Y62    phy_rst_cnt_reg[14]/C                 
Low Pulse Width   Slow    FDCE/C              n/a            0.350     10.000  9.650    SLICE_X149Y62    phy_rst_cnt_reg[15]/C                 
Low Pulse Width   Slow    FDCE/C              n/a            0.350     10.000  9.650    SLICE_X149Y63    phy_rst_cnt_reg[16]/C                 
Low Pulse Width   Slow    FDCE/C              n/a            0.350     10.000  9.650    SLICE_X149Y63    phy_rst_cnt_reg[17]/C                 
High Pulse Width  Fast    FDCE/C              n/a            0.350     10.000  9.650    SLICE_X149Y59    phy_rst_cnt_reg[0]/C                  
High Pulse Width  Fast    FDCE/C              n/a            0.350     10.000  9.650    SLICE_X149Y59    phy_rst_cnt_reg[1]/C                  
High Pulse Width  Fast    FDCE/C              n/a            0.350     10.000  9.650    SLICE_X149Y59    phy_rst_cnt_reg[2]/C                  
High Pulse Width  Fast    FDCE/C              n/a            0.350     10.000  9.650    SLICE_X149Y59    phy_rst_cnt_reg[3]/C                  
High Pulse Width  Fast    FDCE/C              n/a            0.350     10.000  9.650    SLICE_X74Y113    phy_rst_n_reg/C                       
High Pulse Width  Slow    FDCE/C              n/a            0.350     10.000  9.650    SLICE_X149Y59    phy_rst_cnt_reg[0]/C                  
High Pulse Width  Slow    FDCE/C              n/a            0.350     10.000  9.650    SLICE_X149Y61    phy_rst_cnt_reg[10]/C                 
High Pulse Width  Fast    FDCE/C              n/a            0.350     10.000  9.650    SLICE_X149Y61    phy_rst_cnt_reg[10]/C                 
High Pulse Width  Slow    FDCE/C              n/a            0.350     10.000  9.650    SLICE_X149Y61    phy_rst_cnt_reg[11]/C                 
High Pulse Width  Fast    FDCE/C              n/a            0.350     10.000  9.650    SLICE_X149Y61    phy_rst_cnt_reg[11]/C                 



---------------------------------------------------------------------------------------------------
From Clock:  clk_out2_clk_wiz_0
  To Clock:  clk_out2_clk_wiz_0

Setup :            0  Failing Endpoints,  Worst Slack        3.627ns,  Total Violation        0.000ns
Hold  :            0  Failing Endpoints,  Worst Slack        0.100ns,  Total Violation        0.000ns
PW    :            0  Failing Endpoints,  Worst Slack        3.600ns,  Total Violation        0.000ns
---------------------------------------------------------------------------------------------------


Max Delay Paths
--------------------------------------------------------------------------------------
Slack (MET) :             3.627ns  (required time - arrival time)
  Source:                 payload_ram_reg/CLKBWRCLK
                            (rising edge-triggered cell RAMB18E1 clocked by clk_out2_clk_wiz_0  {rise@0.000ns fall@4.000ns period=8.000ns})
  Destination:            u_tx/crc_reg_reg[18]/D
                            (rising edge-triggered cell FDRE clocked by clk_out2_clk_wiz_0  {rise@0.000ns fall@4.000ns period=8.000ns})
  Path Group:             clk_out2_clk_wiz_0
  Path Type:              Setup (Max at Slow Process Corner)
  Requirement:            8.000ns  (clk_out2_clk_wiz_0 rise@8.000ns - clk_out2_clk_wiz_0 rise@0.000ns)
  Data Path Delay:        4.297ns  (logic 1.929ns (44.889%)  route 2.368ns (55.111%))
  Logic Levels:           3  (LUT3=1 LUT5=1 LUT6=1)
  Clock Path Skew:        -0.076ns (DCD - SCD + CPR)
    Destination Clock Delay (DCD):    -1.799ns = ( 6.201 - 8.000 ) 
    Source Clock Delay      (SCD):    -2.339ns
    Clock Pessimism Removal (CPR):    -0.615ns
  Clock Uncertainty:      0.064ns  ((TSJ^2 + DJ^2)^1/2) / 2 + PE
    Total System Jitter     (TSJ):    0.071ns
    Discrete Jitter          (DJ):    0.108ns
    Phase Error              (PE):    0.000ns

    Location             Delay type                Incr(ns)  Path(ns)    Netlist Resource(s)
  -------------------------------------------------------------------    -------------------
                         (clock clk_out2_clk_wiz_0 rise edge)
                                                      0.000     0.000 r  
    AE10                                              0.000     0.000 r  sys_clk_p
                         net (fo=0)                   0.000     0.000    u_clk_wiz/inst/clk_in1_p
    AE10                 IBUFDS (Prop_ibufds_I_O)     0.818     0.818 r  u_clk_wiz/inst/clkin1_ibufgds/O
                         net (fo=1, routed)           1.081     1.899    u_clk_wiz/inst/clk_in1_clk_wiz_0
    MMCME2_ADV_X1Y1      MMCME2_ADV (Prop_mmcme2_adv_CLKIN1_CLKOUT1)
                                                     -7.786    -5.887 r  u_clk_wiz/inst/mmcm_adv_inst/CLKOUT1
                         net (fo=1, routed)           2.130    -3.757    u_clk_wiz/inst/clk_out2_clk_wiz_0
    BUFGCTRL_X0Y0        BUFG (Prop_bufg_I_O)         0.093    -3.664 r  u_clk_wiz/inst/clkout2_buf/O
                         net (fo=79, routed)          1.326    -2.339    C
    RAMB18_X0Y64                                                      r  payload_ram_reg/CLKBWRCLK
  -------------------------------------------------------------------    -------------------
    RAMB18_X0Y64         RAMB18E1 (Prop_ramb18e1_CLKBWRCLK_DOBDO[5])
                                                      1.800    -0.539 r  payload_ram_reg/DOBDO[5]
                         net (fo=9, routed)           1.256     0.718    u_tx/DOBDO[5]
    SLICE_X2Y159         LUT3 (Prop_lut3_I1_O)        0.043     0.761 r  u_tx/crc_reg[18]_i_4/O
                         net (fo=1, routed)           0.738     1.499    u_tx/n_0_crc_reg[18]_i_4
    SLICE_X11Y156        LUT6 (Prop_lut6_I4_O)        0.043     1.542 r  u_tx/crc_reg[18]_i_2/O
                         net (fo=1, routed)           0.374     1.916    u_tx/n_0_crc_reg[18]_i_2
    SLICE_X12Y158        LUT5 (Prop_lut5_I0_O)        0.043     1.959 r  u_tx/crc_reg[18]_i_1/O
                         net (fo=1, routed)           0.000     1.959    u_tx/crc_reg[18]
    SLICE_X12Y158        FDRE                                         r  u_tx/crc_reg_reg[18]/D
  -------------------------------------------------------------------    -------------------

                         (clock clk_out2_clk_wiz_0 rise edge)
                                                      8.000     8.000 r  
    AE10                                              0.000     8.000 r  sys_clk_p
                         net (fo=0)                   0.000     8.000    u_clk_wiz/inst/clk_in1_p
    AE10                 IBUFDS (Prop_ibufds_I_O)     0.722     8.722 r  u_clk_wiz/inst/clkin1_ibufgds/O
                         net (fo=1, routed)           0.986     9.708    u_clk_wiz/inst/clk_in1_clk_wiz_0
    MMCME2_ADV_X1Y1      MMCME2_ADV (Prop_mmcme2_adv_CLKIN1_CLKOUT1)
                                                     -6.759     2.949 r  u_clk_wiz/inst/mmcm_adv_inst/CLKOUT1
                         net (fo=1, routed)           2.005     4.954    u_clk_wiz/inst/clk_out2_clk_wiz_0
    BUFGCTRL_X0Y0        BUFG (Prop_bufg_I_O)         0.083     5.037 r  u_clk_wiz/inst/clkout2_buf/O
                         net (fo=79, routed)          1.164     6.201    u_tx/C
    SLICE_X12Y158                                                     r  u_tx/crc_reg_reg[18]/C
                         clock pessimism             -0.615     5.586    
                         clock uncertainty           -0.064     5.522    
    SLICE_X12Y158        FDRE (Setup_fdre_C_D)        0.064     5.586    u_tx/crc_reg_reg[18]
  -------------------------------------------------------------------
                         required time                          5.586    
                         arrival time                          -1.959    
  -------------------------------------------------------------------
                         slack                                  3.627    

Slack (MET) :             3.882ns  (required time - arrival time)
  Source:                 payload_ram_reg/CLKBWRCLK
                            (rising edge-triggered cell RAMB18E1 clocked by clk_out2_clk_wiz_0  {rise@0.000ns fall@4.000ns period=8.000ns})
  Destination:            u_tx/crc_reg_reg[8]/D
                            (rising edge-triggered cell FDRE clocked by clk_out2_clk_wiz_0  {rise@0.000ns fall@4.000ns period=8.000ns})
  Path Group:             clk_out2_clk_wiz_0
  Path Type:              Setup (Max at Slow Process Corner)
  Requirement:            8.000ns  (clk_out2_clk_wiz_0 rise@8.000ns - clk_out2_clk_wiz_0 rise@0.000ns)
  Data Path Delay:        4.066ns  (logic 1.929ns (47.446%)  route 2.137ns (52.554%))
  Logic Levels:           3  (LUT2=1 LUT6=2)
  Clock Path Skew:        -0.053ns (DCD - SCD + CPR)
    Destination Clock Delay (DCD):    -1.799ns = ( 6.201 - 8.000 ) 
    Source Clock Delay      (SCD):    -2.339ns
    Clock Pessimism Removal (CPR):    -0.592ns
  Clock Uncertainty:      0.064ns  ((TSJ^2 + DJ^2)^1/2) / 2 + PE
    Total System Jitter     (TSJ):    0.071ns
    Discrete Jitter          (DJ):    0.108ns
    Phase Error              (PE):    0.000ns

    Location             Delay type                Incr(ns)  Path(ns)    Netlist Resource(s)
  -------------------------------------------------------------------    -------------------
                         (clock clk_out2_clk_wiz_0 rise edge)
                                                      0.000     0.000 r  
    AE10                                              0.000     0.000 r  sys_clk_p
                         net (fo=0)                   0.000     0.000    u_clk_wiz/inst/clk_in1_p
    AE10                 IBUFDS (Prop_ibufds_I_O)     0.818     0.818 r  u_clk_wiz/inst/clkin1_ibufgds/O
                         net (fo=1, routed)           1.081     1.899    u_clk_wiz/inst/clk_in1_clk_wiz_0
    MMCME2_ADV_X1Y1      MMCME2_ADV (Prop_mmcme2_adv_CLKIN1_CLKOUT1)
                                                     -7.786    -5.887 r  u_clk_wiz/inst/mmcm_adv_inst/CLKOUT1
                         net (fo=1, routed)           2.130    -3.757    u_clk_wiz/inst/clk_out2_clk_wiz_0
    BUFGCTRL_X0Y0        BUFG (Prop_bufg_I_O)         0.093    -3.664 r  u_clk_wiz/inst/clkout2_buf/O
                         net (fo=79, routed)          1.326    -2.339    C
    RAMB18_X0Y64                                                      r  payload_ram_reg/CLKBWRCLK
  -------------------------------------------------------------------    -------------------
    RAMB18_X0Y64         RAMB18E1 (Prop_ramb18e1_CLKBWRCLK_DOBDO[7])
                                                      1.800    -0.539 r  payload_ram_reg/DOBDO[7]
                         net (fo=8, routed)           1.177     0.639    u_tx/DOBDO[7]
    SLICE_X2Y158         LUT2 (Prop_lut2_I1_O)        0.043     0.682 r  u_tx/crc_reg[16]_i_8/O
                         net (fo=2, routed)           0.625     1.306    u_tx/n_0_crc_reg[16]_i_8
    SLICE_X10Y157        LUT6 (Prop_lut6_I5_O)        0.043     1.349 r  u_tx/crc_reg[16]_i_4/O
                         net (fo=2, routed)           0.335     1.684    u_tx/n_0_crc_reg[16]_i_4
    SLICE_X8Y158         LUT6 (Prop_lut6_I3_O)        0.043     1.727 r  u_tx/crc_reg[8]_i_1/O
                         net (fo=1, routed)           0.000     1.727    u_tx/crc_reg[8]
    SLICE_X8Y158         FDRE                                         r  u_tx/crc_reg_reg[8]/D
  -------------------------------------------------------------------    -------------------

                         (clock clk_out2_clk_wiz_0 rise edge)
                                                      8.000     8.000 r  
    AE10                                              0.000     8.000 r  sys_clk_p
                         net (fo=0)                   0.000     8.000    u_clk_wiz/inst/clk_in1_p
    AE10                 IBUFDS (Prop_ibufds_I_O)     0.722     8.722 r  u_clk_wiz/inst/clkin1_ibufgds/O
                         net (fo=1, routed)           0.986     9.708    u_clk_wiz/inst/clk_in1_clk_wiz_0
    MMCME2_ADV_X1Y1      MMCME2_ADV (Prop_mmcme2_adv_CLKIN1_CLKOUT1)
                                                     -6.759     2.949 r  u_clk_wiz/inst/mmcm_adv_inst/CLKOUT1
                         net (fo=1, routed)           2.005     4.954    u_clk_wiz/inst/clk_out2_clk_wiz_0
    BUFGCTRL_X0Y0        BUFG (Prop_bufg_I_O)         0.083     5.037 r  u_clk_wiz/inst/clkout2_buf/O
                         net (fo=79, routed)          1.164     6.201    u_tx/C
    SLICE_X8Y158                                                      r  u_tx/crc_reg_reg[8]/C
                         clock pessimism             -0.592     5.609    
                         clock uncertainty           -0.064     5.545    
    SLICE_X8Y158         FDRE (Setup_fdre_C_D)        0.065     5.610    u_tx/crc_reg_reg[8]
  -------------------------------------------------------------------
                         required time                          5.610    
                         arrival time                          -1.727    
  -------------------------------------------------------------------
                         slack                                  3.882    

Slack (MET) :             3.892ns  (required time - arrival time)
  Source:                 u_tx/byte_cnt_reg[10]/C
                            (rising edge-triggered cell FDRE clocked by clk_out2_clk_wiz_0  {rise@0.000ns fall@4.000ns period=8.000ns})
  Destination:            u_tx/crc_reg_reg[12]/D
                            (rising edge-triggered cell FDRE clocked by clk_out2_clk_wiz_0  {rise@0.000ns fall@4.000ns period=8.000ns})
  Path Group:             clk_out2_clk_wiz_0
  Path Type:              Setup (Max at Slow Process Corner)
  Requirement:            8.000ns  (clk_out2_clk_wiz_0 rise@8.000ns - clk_out2_clk_wiz_0 rise@0.000ns)
  Data Path Delay:        4.056ns  (logic 0.474ns (11.685%)  route 3.582ns (88.315%))
  Logic Levels:           5  (LUT3=1 LUT5=3 LUT6=1)
  Clock Path Skew:        -0.020ns (DCD - SCD + CPR)
    Destination Clock Delay (DCD):    -1.796ns = ( 6.204 - 8.000 ) 
    Source Clock Delay      (SCD):    -2.369ns
    Clock Pessimism Removal (CPR):    -0.593ns
  Clock Uncertainty:      0.064ns  ((TSJ^2 + DJ^2)^1/2) / 2 + PE
    Total System Jitter     (TSJ):    0.071ns
    Discrete Jitter          (DJ):    0.108ns
    Phase Error              (PE):    0.000ns

    Location             Delay type                Incr(ns)  Path(ns)    Netlist Resource(s)
  -------------------------------------------------------------------    -------------------
                         (clock clk_out2_clk_wiz_0 rise edge)
                                                      0.000     0.000 r  
    AE10                                              0.000     0.000 r  sys_clk_p
                         net (fo=0)                   0.000     0.000    u_clk_wiz/inst/clk_in1_p
    AE10                 IBUFDS (Prop_ibufds_I_O)     0.818     0.818 r  u_clk_wiz/inst/clkin1_ibufgds/O
                         net (fo=1, routed)           1.081     1.899    u_clk_wiz/inst/clk_in1_clk_wiz_0
    MMCME2_ADV_X1Y1      MMCME2_ADV (Prop_mmcme2_adv_CLKIN1_CLKOUT1)
                                                     -7.786    -5.887 r  u_clk_wiz/inst/mmcm_adv_inst/CLKOUT1
                         net (fo=1, routed)           2.130    -3.757    u_clk_wiz/inst/clk_out2_clk_wiz_0
    BUFGCTRL_X0Y0        BUFG (Prop_bufg_I_O)         0.093    -3.664 r  u_clk_wiz/inst/clkout2_buf/O
                         net (fo=79, routed)          1.295    -2.369    u_tx/C
    SLICE_X10Y163                                                     r  u_tx/byte_cnt_reg[10]/C
  -------------------------------------------------------------------    -------------------
    SLICE_X10Y163        FDRE (Prop_fdre_C_Q)         0.259    -2.110 r  u_tx/byte_cnt_reg[10]/Q
                         net (fo=3, routed)           0.566    -1.544    u_tx/sel0[11]
    SLICE_X9Y166         LUT3 (Prop_lut3_I2_O)        0.043    -1.501 r  u_tx/byte_cnt[4]_i_4/O
                         net (fo=8, routed)           0.442    -1.060    u_tx/n_0_byte_cnt[4]_i_4
    SLICE_X10Y163        LUT5 (Prop_lut5_I0_O)        0.043    -1.017 f  u_tx/byte_cnt[10]_i_7/O
                         net (fo=22, routed)          1.580     0.563    u_tx/n_0_byte_cnt[10]_i_7
    SLICE_X11Y157        LUT5 (Prop_lut5_I1_O)        0.043     0.606 f  u_tx/crc_reg[16]_i_7/O
                         net (fo=3, routed)           0.644     1.250    u_tx/n_0_crc_reg[16]_i_7
    SLICE_X9Y155         LUT5 (Prop_lut5_I4_O)        0.043     1.293 r  u_tx/crc_reg[12]_i_2/O
                         net (fo=2, routed)           0.351     1.644    u_tx/n_0_crc_reg[12]_i_2
    SLICE_X11Y155        LUT6 (Prop_lut6_I1_O)        0.043     1.687 r  u_tx/crc_reg[12]_i_1/O
                         net (fo=1, routed)           0.000     1.687    u_tx/crc_reg[12]
    SLICE_X11Y155        FDRE                                         r  u_tx/crc_reg_reg[12]/D
  -------------------------------------------------------------------    -------------------

                         (clock clk_out2_clk_wiz_0 rise edge)
                                                      8.000     8.000 r  
    AE10                                              0.000     8.000 r  sys_clk_p
                         net (fo=0)                   0.000     8.000    u_clk_wiz/inst/clk_in1_p
    AE10                 IBUFDS (Prop_ibufds_I_O)     0.722     8.722 r  u_clk_wiz/inst/clkin1_ibufgds/O
                         net (fo=1, routed)           0.986     9.708    u_clk_wiz/inst/clk_in1_clk_wiz_0
    MMCME2_ADV_X1Y1      MMCME2_ADV (Prop_mmcme2_adv_CLKIN1_CLKOUT1)
                                                     -6.759     2.949 r  u_clk_wiz/inst/mmcm_adv_inst/CLKOUT1
                         net (fo=1, routed)           2.005     4.954    u_clk_wiz/inst/clk_out2_clk_wiz_0
    BUFGCTRL_X0Y0        BUFG (Prop_bufg_I_O)         0.083     5.037 r  u_clk_wiz/inst/clkout2_buf/O
                         net (fo=79, routed)          1.167     6.204    u_tx/C
    SLICE_X11Y155                                                     r  u_tx/crc_reg_reg[12]/C
                         clock pessimism             -0.593     5.611    
                         clock uncertainty           -0.064     5.547    
    SLICE_X11Y155        FDRE (Setup_fdre_C_D)        0.033     5.580    u_tx/crc_reg_reg[12]
  -------------------------------------------------------------------
                         required time                          5.580    
                         arrival time                          -1.687    
  -------------------------------------------------------------------
                         slack                                  3.892    

Slack (MET) :             3.927ns  (required time - arrival time)
  Source:                 payload_ram_reg/CLKBWRCLK
                            (rising edge-triggered cell RAMB18E1 clocked by clk_out2_clk_wiz_0  {rise@0.000ns fall@4.000ns period=8.000ns})
  Destination:            u_tx/crc_reg_reg[16]/D
                            (rising edge-triggered cell FDRE clocked by clk_out2_clk_wiz_0  {rise@0.000ns fall@4.000ns period=8.000ns})
  Path Group:             clk_out2_clk_wiz_0
  Path Type:              Setup (Max at Slow Process Corner)
  Requirement:            8.000ns  (clk_out2_clk_wiz_0 rise@8.000ns - clk_out2_clk_wiz_0 rise@0.000ns)
  Data Path Delay:        4.022ns  (logic 1.929ns (47.964%)  route 2.093ns (52.036%))
  Logic Levels:           3  (LUT2=1 LUT6=2)
  Clock Path Skew:        -0.053ns (DCD - SCD + CPR)
    Destination Clock Delay (DCD):    -1.799ns = ( 6.201 - 8.000 ) 
    Source Clock Delay      (SCD):    -2.339ns
    Clock Pessimism Removal (CPR):    -0.592ns
  Clock Uncertainty:      0.064ns  ((TSJ^2 + DJ^2)^1/2) / 2 + PE
    Total System Jitter     (TSJ):    0.071ns
    Discrete Jitter          (DJ):    0.108ns
    Phase Error              (PE):    0.000ns

    Location             Delay type                Incr(ns)  Path(ns)    Netlist Resource(s)
  -------------------------------------------------------------------    -------------------
                         (clock clk_out2_clk_wiz_0 rise edge)
                                                      0.000     0.000 r  
    AE10                                              0.000     0.000 r  sys_clk_p
                         net (fo=0)                   0.000     0.000    u_clk_wiz/inst/clk_in1_p
    AE10                 IBUFDS (Prop_ibufds_I_O)     0.818     0.818 r  u_clk_wiz/inst/clkin1_ibufgds/O
                         net (fo=1, routed)           1.081     1.899    u_clk_wiz/inst/clk_in1_clk_wiz_0
    MMCME2_ADV_X1Y1      MMCME2_ADV (Prop_mmcme2_adv_CLKIN1_CLKOUT1)
                                                     -7.786    -5.887 r  u_clk_wiz/inst/mmcm_adv_inst/CLKOUT1
                         net (fo=1, routed)           2.130    -3.757    u_clk_wiz/inst/clk_out2_clk_wiz_0
    BUFGCTRL_X0Y0        BUFG (Prop_bufg_I_O)         0.093    -3.664 r  u_clk_wiz/inst/clkout2_buf/O
                         net (fo=79, routed)          1.326    -2.339    C
    RAMB18_X0Y64                                                      r  payload_ram_reg/CLKBWRCLK
  -------------------------------------------------------------------    -------------------
    RAMB18_X0Y64         RAMB18E1 (Prop_ramb18e1_CLKBWRCLK_DOBDO[7])
                                                      1.800    -0.539 r  payload_ram_reg/DOBDO[7]
                         net (fo=8, routed)           1.177     0.639    u_tx/DOBDO[7]
    SLICE_X2Y158         LUT2 (Prop_lut2_I1_O)        0.043     0.682 r  u_tx/crc_reg[16]_i_8/O
                         net (fo=2, routed)           0.625     1.306    u_tx/n_0_crc_reg[16]_i_8
    SLICE_X10Y157        LUT6 (Prop_lut6_I5_O)        0.043     1.349 r  u_tx/crc_reg[16]_i_4/O
                         net (fo=2, routed)           0.291     1.640    u_tx/n_0_crc_reg[16]_i_4
    SLICE_X8Y158         LUT6 (Prop_lut6_I4_O)        0.043     1.683 r  u_tx/crc_reg[16]_i_1/O
                         net (fo=1, routed)           0.000     1.683    u_tx/crc_reg[16]
    SLICE_X8Y158         FDRE                                         r  u_tx/crc_reg_reg[16]/D
  -------------------------------------------------------------------    -------------------

                         (clock clk_out2_clk_wiz_0 rise edge)
                                                      8.000     8.000 r  
    AE10                                              0.000     8.000 r  sys_clk_p
                         net (fo=0)                   0.000     8.000    u_clk_wiz/inst/clk_in1_p
    AE10                 IBUFDS (Prop_ibufds_I_O)     0.722     8.722 r  u_clk_wiz/inst/clkin1_ibufgds/O
                         net (fo=1, routed)           0.986     9.708    u_clk_wiz/inst/clk_in1_clk_wiz_0
    MMCME2_ADV_X1Y1      MMCME2_ADV (Prop_mmcme2_adv_CLKIN1_CLKOUT1)
                                                     -6.759     2.949 r  u_clk_wiz/inst/mmcm_adv_inst/CLKOUT1
                         net (fo=1, routed)           2.005     4.954    u_clk_wiz/inst/clk_out2_clk_wiz_0
    BUFGCTRL_X0Y0        BUFG (Prop_bufg_I_O)         0.083     5.037 r  u_clk_wiz/inst/clkout2_buf/O
                         net (fo=79, routed)          1.164     6.201    u_tx/C
    SLICE_X8Y158                                                      r  u_tx/crc_reg_reg[16]/C
                         clock pessimism             -0.592     5.609    
                         clock uncertainty           -0.064     5.545    
    SLICE_X8Y158         FDRE (Setup_fdre_C_D)        0.066     5.611    u_tx/crc_reg_reg[16]
  -------------------------------------------------------------------
                         required time                          5.611    
                         arrival time                          -1.683    
  -------------------------------------------------------------------
                         slack                                  3.927    

Slack (MET) :             3.941ns  (required time - arrival time)
  Source:                 u_tx/byte_cnt_reg[10]/C
                            (rising edge-triggered cell FDRE clocked by clk_out2_clk_wiz_0  {rise@0.000ns fall@4.000ns period=8.000ns})
  Destination:            u_tx/crc_reg_reg[4]/D
                            (rising edge-triggered cell FDRE clocked by clk_out2_clk_wiz_0  {rise@0.000ns fall@4.000ns period=8.000ns})
  Path Group:             clk_out2_clk_wiz_0
  Path Type:              Setup (Max at Slow Process Corner)
  Requirement:            8.000ns  (clk_out2_clk_wiz_0 rise@8.000ns - clk_out2_clk_wiz_0 rise@0.000ns)
  Data Path Delay:        4.008ns  (logic 0.474ns (11.825%)  route 3.534ns (88.175%))
  Logic Levels:           5  (LUT3=1 LUT5=3 LUT6=1)
  Clock Path Skew:        -0.020ns (DCD - SCD + CPR)
    Destination Clock Delay (DCD):    -1.796ns = ( 6.204 - 8.000 ) 
    Source Clock Delay      (SCD):    -2.369ns
    Clock Pessimism Removal (CPR):    -0.593ns
  Clock Uncertainty:      0.064ns  ((TSJ^2 + DJ^2)^1/2) / 2 + PE
    Total System Jitter     (TSJ):    0.071ns
    Discrete Jitter          (DJ):    0.108ns
    Phase Error              (PE):    0.000ns

    Location             Delay type                Incr(ns)  Path(ns)    Netlist Resource(s)
  -------------------------------------------------------------------    -------------------
                         (clock clk_out2_clk_wiz_0 rise edge)
                                                      0.000     0.000 r  
    AE10                                              0.000     0.000 r  sys_clk_p
                         net (fo=0)                   0.000     0.000    u_clk_wiz/inst/clk_in1_p
    AE10                 IBUFDS (Prop_ibufds_I_O)     0.818     0.818 r  u_clk_wiz/inst/clkin1_ibufgds/O
                         net (fo=1, routed)           1.081     1.899    u_clk_wiz/inst/clk_in1_clk_wiz_0
    MMCME2_ADV_X1Y1      MMCME2_ADV (Prop_mmcme2_adv_CLKIN1_CLKOUT1)
                                                     -7.786    -5.887 r  u_clk_wiz/inst/mmcm_adv_inst/CLKOUT1
                         net (fo=1, routed)           2.130    -3.757    u_clk_wiz/inst/clk_out2_clk_wiz_0
    BUFGCTRL_X0Y0        BUFG (Prop_bufg_I_O)         0.093    -3.664 r  u_clk_wiz/inst/clkout2_buf/O
                         net (fo=79, routed)          1.295    -2.369    u_tx/C
    SLICE_X10Y163                                                     r  u_tx/byte_cnt_reg[10]/C
  -------------------------------------------------------------------    -------------------
    SLICE_X10Y163        FDRE (Prop_fdre_C_Q)         0.259    -2.110 r  u_tx/byte_cnt_reg[10]/Q
                         net (fo=3, routed)           0.566    -1.544    u_tx/sel0[11]
    SLICE_X9Y166         LUT3 (Prop_lut3_I2_O)        0.043    -1.501 r  u_tx/byte_cnt[4]_i_4/O
                         net (fo=8, routed)           0.442    -1.060    u_tx/n_0_byte_cnt[4]_i_4
    SLICE_X10Y163        LUT5 (Prop_lut5_I0_O)        0.043    -1.017 f  u_tx/byte_cnt[10]_i_7/O
                         net (fo=22, routed)          1.580     0.563    u_tx/n_0_byte_cnt[10]_i_7
    SLICE_X11Y157        LUT5 (Prop_lut5_I1_O)        0.043     0.606 f  u_tx/crc_reg[16]_i_7/O
                         net (fo=3, routed)           0.644     1.250    u_tx/n_0_crc_reg[16]_i_7
    SLICE_X9Y155         LUT5 (Prop_lut5_I4_O)        0.043     1.293 r  u_tx/crc_reg[12]_i_2/O
                         net (fo=2, routed)           0.303     1.596    u_tx/n_0_crc_reg[12]_i_2
    SLICE_X11Y155        LUT6 (Prop_lut6_I2_O)        0.043     1.639 r  u_tx/crc_reg[4]_i_1/O
                         net (fo=1, routed)           0.000     1.639    u_tx/crc_reg[4]
    SLICE_X11Y155        FDRE                                         r  u_tx/crc_reg_reg[4]/D
  -------------------------------------------------------------------    -------------------

                         (clock clk_out2_clk_wiz_0 rise edge)
                                                      8.000     8.000 r  
    AE10                                              0.000     8.000 r  sys_clk_p
                         net (fo=0)                   0.000     8.000    u_clk_wiz/inst/clk_in1_p
    AE10                 IBUFDS (Prop_ibufds_I_O)     0.722     8.722 r  u_clk_wiz/inst/clkin1_ibufgds/O
                         net (fo=1, routed)           0.986     9.708    u_clk_wiz/inst/clk_in1_clk_wiz_0
    MMCME2_ADV_X1Y1      MMCME2_ADV (Prop_mmcme2_adv_CLKIN1_CLKOUT1)
                                                     -6.759     2.949 r  u_clk_wiz/inst/mmcm_adv_inst/CLKOUT1
                         net (fo=1, routed)           2.005     4.954    u_clk_wiz/inst/clk_out2_clk_wiz_0
    BUFGCTRL_X0Y0        BUFG (Prop_bufg_I_O)         0.083     5.037 r  u_clk_wiz/inst/clkout2_buf/O
                         net (fo=79, routed)          1.167     6.204    u_tx/C
    SLICE_X11Y155                                                     r  u_tx/crc_reg_reg[4]/C
                         clock pessimism             -0.593     5.611    
                         clock uncertainty           -0.064     5.547    
    SLICE_X11Y155        FDRE (Setup_fdre_C_D)        0.034     5.581    u_tx/crc_reg_reg[4]
  -------------------------------------------------------------------
                         required time                          5.581    
                         arrival time                          -1.639    
  -------------------------------------------------------------------
                         slack                                  3.941    

Slack (MET) :             3.963ns  (required time - arrival time)
  Source:                 u_tx/byte_cnt_reg[1]/C
                            (rising edge-triggered cell FDRE clocked by clk_out2_clk_wiz_0  {rise@0.000ns fall@4.000ns period=8.000ns})
  Destination:            u_tx/crc_reg_reg[24]/D
                            (rising edge-triggered cell FDRE clocked by clk_out2_clk_wiz_0  {rise@0.000ns fall@4.000ns period=8.000ns})
  Path Group:             clk_out2_clk_wiz_0
  Path Type:              Setup (Max at Slow Process Corner)
  Requirement:            8.000ns  (clk_out2_clk_wiz_0 rise@8.000ns - clk_out2_clk_wiz_0 rise@0.000ns)
  Data Path Delay:        4.062ns  (logic 0.914ns (22.501%)  route 3.148ns (77.499%))
  Logic Levels:           7  (CARRY4=1 LUT1=1 LUT5=1 LUT6=3 MUXF7=1)
  Clock Path Skew:        0.013ns (DCD - SCD + CPR)
    Destination Clock Delay (DCD):    -1.743ns = ( 6.257 - 8.000 ) 
    Source Clock Delay      (SCD):    -2.371ns
    Clock Pessimism Removal (CPR):    -0.615ns
  Clock Uncertainty:      0.064ns  ((TSJ^2 + DJ^2)^1/2) / 2 + PE
    Total System Jitter     (TSJ):    0.071ns
    Discrete Jitter          (DJ):    0.108ns
    Phase Error              (PE):    0.000ns

    Location             Delay type                Incr(ns)  Path(ns)    Netlist Resource(s)
  -------------------------------------------------------------------    -------------------
                         (clock clk_out2_clk_wiz_0 rise edge)
                                                      0.000     0.000 r  
    AE10                                              0.000     0.000 r  sys_clk_p
                         net (fo=0)                   0.000     0.000    u_clk_wiz/inst/clk_in1_p
    AE10                 IBUFDS (Prop_ibufds_I_O)     0.818     0.818 r  u_clk_wiz/inst/clkin1_ibufgds/O
                         net (fo=1, routed)           1.081     1.899    u_clk_wiz/inst/clk_in1_clk_wiz_0
    MMCME2_ADV_X1Y1      MMCME2_ADV (Prop_mmcme2_adv_CLKIN1_CLKOUT1)
                                                     -7.786    -5.887 r  u_clk_wiz/inst/mmcm_adv_inst/CLKOUT1
                         net (fo=1, routed)           2.130    -3.757    u_clk_wiz/inst/clk_out2_clk_wiz_0
    BUFGCTRL_X0Y0        BUFG (Prop_bufg_I_O)         0.093    -3.664 r  u_clk_wiz/inst/clkout2_buf/O
                         net (fo=79, routed)          1.293    -2.371    u_tx/C
    SLICE_X9Y164                                                      r  u_tx/byte_cnt_reg[1]/C
  -------------------------------------------------------------------    -------------------
    SLICE_X9Y164         FDRE (Prop_fdre_C_Q)         0.223    -2.148 f  u_tx/byte_cnt_reg[1]/Q
                         net (fo=62, routed)          0.780    -1.368    u_tx/O1[1]
    SLICE_X11Y165        LUT1 (Prop_lut1_I0_O)        0.043    -1.325 r  u_tx/gmii_txd[6]_i_11/O
                         net (fo=1, routed)           0.000    -1.325    u_tx/n_0_gmii_txd[6]_i_11
    SLICE_X11Y165        CARRY4 (Prop_carry4_S[1]_O[2])
                                                      0.282    -1.043 f  u_tx/gmii_txd_reg[6]_i_5/O[2]
                         net (fo=11, routed)          0.436    -0.607    u_tx/n_5_gmii_txd_reg[6]_i_5
    SLICE_X11Y164        LUT5 (Prop_lut5_I1_O)        0.122    -0.485 f  u_tx/gmii_txd[0]_i_5/O
                         net (fo=1, routed)           0.355    -0.130    u_tx/n_0_gmii_txd[0]_i_5
    SLICE_X11Y164        LUT6 (Prop_lut6_I5_O)        0.043    -0.087 r  u_tx/gmii_txd[0]_i_2/O
                         net (fo=7, routed)           1.110     1.023    u_tx/n_0_gmii_txd[0]_i_2
    SLICE_X3Y157         LUT6 (Prop_lut6_I0_O)        0.043     1.066 r  u_tx/crc_reg[24]_i_6/O
                         net (fo=1, routed)           0.467     1.533    u_tx/n_0_crc_reg[24]_i_6
    SLICE_X2Y159         LUT6 (Prop_lut6_I5_O)        0.043     1.576 r  u_tx/crc_reg[24]_i_2/O
                         net (fo=1, routed)           0.000     1.576    u_tx/n_0_crc_reg[24]_i_2
    SLICE_X2Y159         MUXF7 (Prop_muxf7_I0_O)      0.115     1.691 r  u_tx/crc_reg_reg[24]_i_1/O
                         net (fo=1, routed)           0.000     1.691    u_tx/crc_reg[24]
    SLICE_X2Y159         FDRE                                         r  u_tx/crc_reg_reg[24]/D
  -------------------------------------------------------------------    -------------------

                         (clock clk_out2_clk_wiz_0 rise edge)
                                                      8.000     8.000 r  
    AE10                                              0.000     8.000 r  sys_clk_p
                         net (fo=0)                   0.000     8.000    u_clk_wiz/inst/clk_in1_p
    AE10                 IBUFDS (Prop_ibufds_I_O)     0.722     8.722 r  u_clk_wiz/inst/clkin1_ibufgds/O
                         net (fo=1, routed)           0.986     9.708    u_clk_wiz/inst/clk_in1_clk_wiz_0
    MMCME2_ADV_X1Y1      MMCME2_ADV (Prop_mmcme2_adv_CLKIN1_CLKOUT1)
                                                     -6.759     2.949 r  u_clk_wiz/inst/mmcm_adv_inst/CLKOUT1
                         net (fo=1, routed)           2.005     4.954    u_clk_wiz/inst/clk_out2_clk_wiz_0
    BUFGCTRL_X0Y0        BUFG (Prop_bufg_I_O)         0.083     5.037 r  u_clk_wiz/inst/clkout2_buf/O
                         net (fo=79, routed)          1.220     6.257    u_tx/C
    SLICE_X2Y159                                                      r  u_tx/crc_reg_reg[24]/C
                         clock pessimism             -0.615     5.642    
                         clock uncertainty           -0.064     5.578    
    SLICE_X2Y159         FDRE (Setup_fdre_C_D)        0.076     5.654    u_tx/crc_reg_reg[24]
  -------------------------------------------------------------------
                         required time                          5.654    
                         arrival time                          -1.691    
  -------------------------------------------------------------------
                         slack                                  3.963    

Slack (MET) :             4.015ns  (required time - arrival time)
  Source:                 u_tx/byte_cnt_reg[10]/C
                            (rising edge-triggered cell FDRE clocked by clk_out2_clk_wiz_0  {rise@0.000ns fall@4.000ns period=8.000ns})
  Destination:            u_tx/crc_reg_reg[30]/D
                            (rising edge-triggered cell FDRE clocked by clk_out2_clk_wiz_0  {rise@0.000ns fall@4.000ns period=8.000ns})
  Path Group:             clk_out2_clk_wiz_0
  Path Type:              Setup (Max at Slow Process Corner)
  Requirement:            8.000ns  (clk_out2_clk_wiz_0 rise@8.000ns - clk_out2_clk_wiz_0 rise@0.000ns)
  Data Path Delay:        3.910ns  (logic 0.675ns (17.263%)  route 3.235ns (82.737%))
  Logic Levels:           6  (LUT3=1 LUT5=2 LUT6=2 MUXF7=1)
  Clock Path Skew:        -0.044ns (DCD - SCD + CPR)
    Destination Clock Delay (DCD):    -1.798ns = ( 6.202 - 8.000 ) 
    Source Clock Delay      (SCD):    -2.369ns
    Clock Pessimism Removal (CPR):    -0.615ns
  Clock Uncertainty:      0.064ns  ((TSJ^2 + DJ^2)^1/2) / 2 + PE
    Total System Jitter     (TSJ):    0.071ns
    Discrete Jitter          (DJ):    0.108ns
    Phase Error              (PE):    0.000ns

    Location             Delay type                Incr(ns)  Path(ns)    Netlist Resource(s)
  -------------------------------------------------------------------    -------------------
                         (clock clk_out2_clk_wiz_0 rise edge)
                                                      0.000     0.000 r  
    AE10                                              0.000     0.000 r  sys_clk_p
                         net (fo=0)                   0.000     0.000    u_clk_wiz/inst/clk_in1_p
    AE10                 IBUFDS (Prop_ibufds_I_O)     0.818     0.818 r  u_clk_wiz/inst/clkin1_ibufgds/O
                         net (fo=1, routed)           1.081     1.899    u_clk_wiz/inst/clk_in1_clk_wiz_0
    MMCME2_ADV_X1Y1      MMCME2_ADV (Prop_mmcme2_adv_CLKIN1_CLKOUT1)
                                                     -7.786    -5.887 r  u_clk_wiz/inst/mmcm_adv_inst/CLKOUT1
                         net (fo=1, routed)           2.130    -3.757    u_clk_wiz/inst/clk_out2_clk_wiz_0
    BUFGCTRL_X0Y0        BUFG (Prop_bufg_I_O)         0.093    -3.664 r  u_clk_wiz/inst/clkout2_buf/O
                         net (fo=79, routed)          1.295    -2.369    u_tx/C
    SLICE_X10Y163                                                     r  u_tx/byte_cnt_reg[10]/C
  -------------------------------------------------------------------    -------------------
    SLICE_X10Y163        FDRE (Prop_fdre_C_Q)         0.259    -2.110 r  u_tx/byte_cnt_reg[10]/Q
                         net (fo=3, routed)           0.566    -1.544    u_tx/sel0[11]
    SLICE_X9Y166         LUT3 (Prop_lut3_I2_O)        0.043    -1.501 r  u_tx/byte_cnt[4]_i_4/O
                         net (fo=8, routed)           0.442    -1.060    u_tx/n_0_byte_cnt[4]_i_4
    SLICE_X10Y163        LUT5 (Prop_lut5_I0_O)        0.043    -1.017 f  u_tx/byte_cnt[10]_i_7/O
                         net (fo=22, routed)          1.804     0.787    u_tx/n_0_byte_cnt[10]_i_7
    SLICE_X10Y157        LUT6 (Prop_lut6_I1_O)        0.043     0.830 r  u_tx/crc_reg[16]_i_6/O
                         net (fo=5, routed)           0.274     1.105    u_tx/n_0_crc_reg[16]_i_6
    SLICE_X13Y157        LUT5 (Prop_lut5_I3_O)        0.043     1.148 r  u_tx/crc_reg[30]_i_8/O
                         net (fo=1, routed)           0.000     1.148    u_tx/n_0_crc_reg[30]_i_8
    SLICE_X13Y157        MUXF7 (Prop_muxf7_I1_O)      0.122     1.270 r  u_tx/crc_reg_reg[30]_i_4/O
                         net (fo=1, routed)           0.149     1.419    u_tx/n_0_crc_reg_reg[30]_i_4
    SLICE_X13Y157        LUT6 (Prop_lut6_I5_O)        0.122     1.541 r  u_tx/crc_reg[30]_i_1/O
                         net (fo=1, routed)           0.000     1.541    u_tx/crc_reg[30]
    SLICE_X13Y157        FDRE                                         r  u_tx/crc_reg_reg[30]/D
  -------------------------------------------------------------------    -------------------

                         (clock clk_out2_clk_wiz_0 rise edge)
                                                      8.000     8.000 r  
    AE10                                              0.000     8.000 r  sys_clk_p
                         net (fo=0)                   0.000     8.000    u_clk_wiz/inst/clk_in1_p
    AE10                 IBUFDS (Prop_ibufds_I_O)     0.722     8.722 r  u_clk_wiz/inst/clkin1_ibufgds/O
                         net (fo=1, routed)           0.986     9.708    u_clk_wiz/inst/clk_in1_clk_wiz_0
    MMCME2_ADV_X1Y1      MMCME2_ADV (Prop_mmcme2_adv_CLKIN1_CLKOUT1)
                                                     -6.759     2.949 r  u_clk_wiz/inst/mmcm_adv_inst/CLKOUT1
                         net (fo=1, routed)           2.005     4.954    u_clk_wiz/inst/clk_out2_clk_wiz_0
    BUFGCTRL_X0Y0        BUFG (Prop_bufg_I_O)         0.083     5.037 r  u_clk_wiz/inst/clkout2_buf/O
                         net (fo=79, routed)          1.165     6.202    u_tx/C
    SLICE_X13Y157                                                     r  u_tx/crc_reg_reg[30]/C
                         clock pessimism             -0.615     5.587    
                         clock uncertainty           -0.064     5.523    
    SLICE_X13Y157        FDRE (Setup_fdre_C_D)        0.033     5.556    u_tx/crc_reg_reg[30]
  -------------------------------------------------------------------
                         required time                          5.556    
                         arrival time                          -1.541    
  -------------------------------------------------------------------
                         slack                                  4.015    

Slack (MET) :             4.046ns  (required time - arrival time)
  Source:                 u_tx/byte_cnt_reg[1]/C
                            (rising edge-triggered cell FDRE clocked by clk_out2_clk_wiz_0  {rise@0.000ns fall@4.000ns period=8.000ns})
  Destination:            u_tx/crc_reg_reg[26]/D
                            (rising edge-triggered cell FDRE clocked by clk_out2_clk_wiz_0  {rise@0.000ns fall@4.000ns period=8.000ns})
  Path Group:             clk_out2_clk_wiz_0
  Path Type:              Setup (Max at Slow Process Corner)
  Requirement:            8.000ns  (clk_out2_clk_wiz_0 rise@8.000ns - clk_out2_clk_wiz_0 rise@0.000ns)
  Data Path Delay:        3.934ns  (logic 0.944ns (23.994%)  route 2.990ns (76.006%))
  Logic Levels:           7  (CARRY4=1 LUT1=1 LUT3=1 LUT5=2 LUT6=2)
  Clock Path Skew:        0.012ns (DCD - SCD + CPR)
    Destination Clock Delay (DCD):    -1.744ns = ( 6.256 - 8.000 ) 
    Source Clock Delay      (SCD):    -2.371ns
    Clock Pessimism Removal (CPR):    -0.615ns
  Clock Uncertainty:      0.064ns  ((TSJ^2 + DJ^2)^1/2) / 2 + PE
    Total System Jitter     (TSJ):    0.071ns
    Discrete Jitter          (DJ):    0.108ns
    Phase Error              (PE):    0.000ns

    Location             Delay type                Incr(ns)  Path(ns)    Netlist Resource(s)
  -------------------------------------------------------------------    -------------------
                         (clock clk_out2_clk_wiz_0 rise edge)
                                                      0.000     0.000 r  
    AE10                                              0.000     0.000 r  sys_clk_p
                         net (fo=0)                   0.000     0.000    u_clk_wiz/inst/clk_in1_p
    AE10                 IBUFDS (Prop_ibufds_I_O)     0.818     0.818 r  u_clk_wiz/inst/clkin1_ibufgds/O
                         net (fo=1, routed)           1.081     1.899    u_clk_wiz/inst/clk_in1_clk_wiz_0
    MMCME2_ADV_X1Y1      MMCME2_ADV (Prop_mmcme2_adv_CLKIN1_CLKOUT1)
                                                     -7.786    -5.887 r  u_clk_wiz/inst/mmcm_adv_inst/CLKOUT1
                         net (fo=1, routed)           2.130    -3.757    u_clk_wiz/inst/clk_out2_clk_wiz_0
    BUFGCTRL_X0Y0        BUFG (Prop_bufg_I_O)         0.093    -3.664 r  u_clk_wiz/inst/clkout2_buf/O
                         net (fo=79, routed)          1.293    -2.371    u_tx/C
    SLICE_X9Y164                                                      r  u_tx/byte_cnt_reg[1]/C
  -------------------------------------------------------------------    -------------------
    SLICE_X9Y164         FDRE (Prop_fdre_C_Q)         0.223    -2.148 f  u_tx/byte_cnt_reg[1]/Q
                         net (fo=62, routed)          0.780    -1.368    u_tx/O1[1]
    SLICE_X11Y165        LUT1 (Prop_lut1_I0_O)        0.043    -1.325 r  u_tx/gmii_txd[6]_i_11/O
                         net (fo=1, routed)           0.000    -1.325    u_tx/n_0_gmii_txd[6]_i_11
    SLICE_X11Y165        CARRY4 (Prop_carry4_S[1]_O[2])
                                                      0.282    -1.043 r  u_tx/gmii_txd_reg[6]_i_5/O[2]
                         net (fo=11, routed)          0.553    -0.490    u_tx/n_5_gmii_txd_reg[6]_i_5
    SLICE_X11Y162        LUT3 (Prop_lut3_I1_O)        0.131    -0.359 r  u_tx/crc_reg[20]_i_6/O
                         net (fo=1, routed)           0.237    -0.122    u_tx/n_0_crc_reg[20]_i_6
    SLICE_X11Y162        LUT6 (Prop_lut6_I3_O)        0.136     0.014 r  u_tx/crc_reg[20]_i_4/O
                         net (fo=5, routed)           0.708     0.721    u_tx/n_0_crc_reg[20]_i_4
    SLICE_X2Y157         LUT5 (Prop_lut5_I3_O)        0.043     0.764 f  u_tx/crc_reg[26]_i_8/O
                         net (fo=1, routed)           0.614     1.378    u_tx/n_0_crc_reg[26]_i_8
    SLICE_X5Y158         LUT6 (Prop_lut6_I5_O)        0.043     1.421 f  u_tx/crc_reg[26]_i_2/O
                         net (fo=1, routed)           0.099     1.520    u_tx/n_0_crc_reg[26]_i_2
    SLICE_X5Y158         LUT5 (Prop_lut5_I2_O)        0.043     1.563 r  u_tx/crc_reg[26]_i_1/O
                         net (fo=1, routed)           0.000     1.563    u_tx/crc_reg[26]
    SLICE_X5Y158         FDRE                                         r  u_tx/crc_reg_reg[26]/D
  -------------------------------------------------------------------    -------------------

                         (clock clk_out2_clk_wiz_0 rise edge)
                                                      8.000     8.000 r  
    AE10                                              0.000     8.000 r  sys_clk_p
                         net (fo=0)                   0.000     8.000    u_clk_wiz/inst/clk_in1_p
    AE10                 IBUFDS (Prop_ibufds_I_O)     0.722     8.722 r  u_clk_wiz/inst/clkin1_ibufgds/O
                         net (fo=1, routed)           0.986     9.708    u_clk_wiz/inst/clk_in1_clk_wiz_0
    MMCME2_ADV_X1Y1      MMCME2_ADV (Prop_mmcme2_adv_CLKIN1_CLKOUT1)
                                                     -6.759     2.949 r  u_clk_wiz/inst/mmcm_adv_inst/CLKOUT1
                         net (fo=1, routed)           2.005     4.954    u_clk_wiz/inst/clk_out2_clk_wiz_0
    BUFGCTRL_X0Y0        BUFG (Prop_bufg_I_O)         0.083     5.037 r  u_clk_wiz/inst/clkout2_buf/O
                         net (fo=79, routed)          1.219     6.256    u_tx/C
    SLICE_X5Y158                                                      r  u_tx/crc_reg_reg[26]/C
                         clock pessimism             -0.615     5.641    
                         clock uncertainty           -0.064     5.577    
    SLICE_X5Y158         FDRE (Setup_fdre_C_D)        0.033     5.610    u_tx/crc_reg_reg[26]
  -------------------------------------------------------------------
                         required time                          5.610    
                         arrival time                          -1.563    
  -------------------------------------------------------------------
                         slack                                  4.046    

Slack (MET) :             4.067ns  (required time - arrival time)
  Source:                 u_tx/byte_cnt_reg[10]/C
                            (rising edge-triggered cell FDRE clocked by clk_out2_clk_wiz_0  {rise@0.000ns fall@4.000ns period=8.000ns})
  Destination:            u_tx/crc_reg_reg[14]/D
                            (rising edge-triggered cell FDRE clocked by clk_out2_clk_wiz_0  {rise@0.000ns fall@4.000ns period=8.000ns})
  Path Group:             clk_out2_clk_wiz_0
  Path Type:              Setup (Max at Slow Process Corner)
  Requirement:            8.000ns  (clk_out2_clk_wiz_0 rise@8.000ns - clk_out2_clk_wiz_0 rise@0.000ns)
  Data Path Delay:        3.901ns  (logic 0.575ns (14.739%)  route 3.326ns (85.261%))
  Logic Levels:           6  (LUT3=1 LUT5=2 LUT6=2 MUXF7=1)
  Clock Path Skew:        -0.044ns (DCD - SCD + CPR)
    Destination Clock Delay (DCD):    -1.798ns = ( 6.202 - 8.000 ) 
    Source Clock Delay      (SCD):    -2.369ns
    Clock Pessimism Removal (CPR):    -0.615ns
  Clock Uncertainty:      0.064ns  ((TSJ^2 + DJ^2)^1/2) / 2 + PE
    Total System Jitter     (TSJ):    0.071ns
    Discrete Jitter          (DJ):    0.108ns
    Phase Error              (PE):    0.000ns

    Location             Delay type                Incr(ns)  Path(ns)    Netlist Resource(s)
  -------------------------------------------------------------------    -------------------
                         (clock clk_out2_clk_wiz_0 rise edge)
                                                      0.000     0.000 r  
    AE10                                              0.000     0.000 r  sys_clk_p
                         net (fo=0)                   0.000     0.000    u_clk_wiz/inst/clk_in1_p
    AE10                 IBUFDS (Prop_ibufds_I_O)     0.818     0.818 r  u_clk_wiz/inst/clkin1_ibufgds/O
                         net (fo=1, routed)           1.081     1.899    u_clk_wiz/inst/clk_in1_clk_wiz_0
    MMCME2_ADV_X1Y1      MMCME2_ADV (Prop_mmcme2_adv_CLKIN1_CLKOUT1)
                                                     -7.786    -5.887 r  u_clk_wiz/inst/mmcm_adv_inst/CLKOUT1
                         net (fo=1, routed)           2.130    -3.757    u_clk_wiz/inst/clk_out2_clk_wiz_0
    BUFGCTRL_X0Y0        BUFG (Prop_bufg_I_O)         0.093    -3.664 r  u_clk_wiz/inst/clkout2_buf/O
                         net (fo=79, routed)          1.295    -2.369    u_tx/C
    SLICE_X10Y163                                                     r  u_tx/byte_cnt_reg[10]/C
  -------------------------------------------------------------------    -------------------
    SLICE_X10Y163        FDRE (Prop_fdre_C_Q)         0.259    -2.110 r  u_tx/byte_cnt_reg[10]/Q
                         net (fo=3, routed)           0.566    -1.544    u_tx/sel0[11]
    SLICE_X9Y166         LUT3 (Prop_lut3_I2_O)        0.043    -1.501 r  u_tx/byte_cnt[4]_i_4/O
                         net (fo=8, routed)           0.442    -1.060    u_tx/n_0_byte_cnt[4]_i_4
    SLICE_X10Y163        LUT5 (Prop_lut5_I0_O)        0.043    -1.017 f  u_tx/byte_cnt[10]_i_7/O
                         net (fo=22, routed)          1.804     0.787    u_tx/n_0_byte_cnt[10]_i_7
    SLICE_X10Y157        LUT6 (Prop_lut6_I1_O)        0.043     0.830 r  u_tx/crc_reg[16]_i_6/O
                         net (fo=5, routed)           0.270     1.101    u_tx/n_0_crc_reg[16]_i_6
    SLICE_X9Y156         LUT5 (Prop_lut5_I1_O)        0.043     1.144 r  u_tx/crc_reg[14]_i_4/O
                         net (fo=1, routed)           0.244     1.388    u_tx/n_0_crc_reg[14]_i_4
    SLICE_X8Y156         LUT6 (Prop_lut6_I2_O)        0.043     1.431 r  u_tx/crc_reg[14]_i_2/O
                         net (fo=1, routed)           0.000     1.431    u_tx/n_0_crc_reg[14]_i_2
    SLICE_X8Y156         MUXF7 (Prop_muxf7_I0_O)      0.101     1.532 r  u_tx/crc_reg_reg[14]_i_1/O
                         net (fo=1, routed)           0.000     1.532    u_tx/crc_reg[14]
    SLICE_X8Y156         FDRE                                         r  u_tx/crc_reg_reg[14]/D
  -------------------------------------------------------------------    -------------------

                         (clock clk_out2_clk_wiz_0 rise edge)
                                                      8.000     8.000 r  
    AE10                                              0.000     8.000 r  sys_clk_p
                         net (fo=0)                   0.000     8.000    u_clk_wiz/inst/clk_in1_p
    AE10                 IBUFDS (Prop_ibufds_I_O)     0.722     8.722 r  u_clk_wiz/inst/clkin1_ibufgds/O
                         net (fo=1, routed)           0.986     9.708    u_clk_wiz/inst/clk_in1_clk_wiz_0
    MMCME2_ADV_X1Y1      MMCME2_ADV (Prop_mmcme2_adv_CLKIN1_CLKOUT1)
                                                     -6.759     2.949 r  u_clk_wiz/inst/mmcm_adv_inst/CLKOUT1
                         net (fo=1, routed)           2.005     4.954    u_clk_wiz/inst/clk_out2_clk_wiz_0
    BUFGCTRL_X0Y0        BUFG (Prop_bufg_I_O)         0.083     5.037 r  u_clk_wiz/inst/clkout2_buf/O
                         net (fo=79, routed)          1.165     6.202    u_tx/C
    SLICE_X8Y156                                                      r  u_tx/crc_reg_reg[14]/C
                         clock pessimism             -0.615     5.587    
                         clock uncertainty           -0.064     5.523    
    SLICE_X8Y156         FDRE (Setup_fdre_C_D)        0.076     5.599    u_tx/crc_reg_reg[14]
  -------------------------------------------------------------------
                         required time                          5.599    
                         arrival time                          -1.532    
  -------------------------------------------------------------------
                         slack                                  4.067    

Slack (MET) :             4.082ns  (required time - arrival time)
  Source:                 u_tx/byte_cnt_reg[10]/C
                            (rising edge-triggered cell FDRE clocked by clk_out2_clk_wiz_0  {rise@0.000ns fall@4.000ns period=8.000ns})
  Destination:            u_tx/crc_reg_reg[27]/D
                            (rising edge-triggered cell FDRE clocked by clk_out2_clk_wiz_0  {rise@0.000ns fall@4.000ns period=8.000ns})
  Path Group:             clk_out2_clk_wiz_0
  Path Type:              Setup (Max at Slow Process Corner)
  Requirement:            8.000ns  (clk_out2_clk_wiz_0 rise@8.000ns - clk_out2_clk_wiz_0 rise@0.000ns)
  Data Path Delay:        3.908ns  (logic 0.575ns (14.714%)  route 3.333ns (85.286%))
  Logic Levels:           6  (LUT3=1 LUT5=2 LUT6=2 MUXF7=1)
  Clock Path Skew:        -0.022ns (DCD - SCD + CPR)
    Destination Clock Delay (DCD):    -1.798ns = ( 6.202 - 8.000 ) 
    Source Clock Delay      (SCD):    -2.369ns
    Clock Pessimism Removal (CPR):    -0.593ns
  Clock Uncertainty:      0.064ns  ((TSJ^2 + DJ^2)^1/2) / 2 + PE
    Total System Jitter     (TSJ):    0.071ns
    Discrete Jitter          (DJ):    0.108ns
    Phase Error              (PE):    0.000ns

    Location             Delay type                Incr(ns)  Path(ns)    Netlist Resource(s)
  -------------------------------------------------------------------    -------------------
                         (clock clk_out2_clk_wiz_0 rise edge)
                                                      0.000     0.000 r  
    AE10                                              0.000     0.000 r  sys_clk_p
                         net (fo=0)                   0.000     0.000    u_clk_wiz/inst/clk_in1_p
    AE10                 IBUFDS (Prop_ibufds_I_O)     0.818     0.818 r  u_clk_wiz/inst/clkin1_ibufgds/O
                         net (fo=1, routed)           1.081     1.899    u_clk_wiz/inst/clk_in1_clk_wiz_0
    MMCME2_ADV_X1Y1      MMCME2_ADV (Prop_mmcme2_adv_CLKIN1_CLKOUT1)
                                                     -7.786    -5.887 r  u_clk_wiz/inst/mmcm_adv_inst/CLKOUT1
                         net (fo=1, routed)           2.130    -3.757    u_clk_wiz/inst/clk_out2_clk_wiz_0
    BUFGCTRL_X0Y0        BUFG (Prop_bufg_I_O)         0.093    -3.664 r  u_clk_wiz/inst/clkout2_buf/O
                         net (fo=79, routed)          1.295    -2.369    u_tx/C
    SLICE_X10Y163                                                     r  u_tx/byte_cnt_reg[10]/C
  -------------------------------------------------------------------    -------------------
    SLICE_X10Y163        FDRE (Prop_fdre_C_Q)         0.259    -2.110 r  u_tx/byte_cnt_reg[10]/Q
                         net (fo=3, routed)           0.566    -1.544    u_tx/sel0[11]
    SLICE_X9Y166         LUT3 (Prop_lut3_I2_O)        0.043    -1.501 r  u_tx/byte_cnt[4]_i_4/O
                         net (fo=8, routed)           0.442    -1.060    u_tx/n_0_byte_cnt[4]_i_4
    SLICE_X10Y163        LUT5 (Prop_lut5_I0_O)        0.043    -1.017 f  u_tx/byte_cnt[10]_i_7/O
                         net (fo=22, routed)          1.804     0.787    u_tx/n_0_byte_cnt[10]_i_7
    SLICE_X10Y157        LUT6 (Prop_lut6_I1_O)        0.043     0.830 r  u_tx/crc_reg[16]_i_6/O
                         net (fo=5, routed)           0.280     1.110    u_tx/n_0_crc_reg[16]_i_6
    SLICE_X11Y158        LUT5 (Prop_lut5_I4_O)        0.043     1.153 r  u_tx/crc_reg[27]_i_4/O
                         net (fo=1, routed)           0.241     1.395    u_tx/n_0_crc_reg[27]_i_4
    SLICE_X10Y159        LUT6 (Prop_lut6_I4_O)        0.043     1.438 r  u_tx/crc_reg[27]_i_2/O
                         net (fo=1, routed)           0.000     1.438    u_tx/n_0_crc_reg[27]_i_2
    SLICE_X10Y159        MUXF7 (Prop_muxf7_I0_O)      0.101     1.539 r  u_tx/crc_reg_reg[27]_i_1/O
                         net (fo=1, routed)           0.000     1.539    u_tx/crc_reg[27]
    SLICE_X10Y159        FDRE                                         r  u_tx/crc_reg_reg[27]/D
  -------------------------------------------------------------------    -------------------

                         (clock clk_out2_clk_wiz_0 rise edge)
                                                      8.000     8.000 r  
    AE10                                              0.000     8.000 r  sys_clk_p
                         net (fo=0)                   0.000     8.000    u_clk_wiz/inst/clk_in1_p
    AE10                 IBUFDS (Prop_ibufds_I_O)     0.722     8.722 r  u_clk_wiz/inst/clkin1_ibufgds/O
                         net (fo=1, routed)           0.986     9.708    u_clk_wiz/inst/clk_in1_clk_wiz_0
    MMCME2_ADV_X1Y1      MMCME2_ADV (Prop_mmcme2_adv_CLKIN1_CLKOUT1)
                                                     -6.759     2.949 r  u_clk_wiz/inst/mmcm_adv_inst/CLKOUT1
                         net (fo=1, routed)           2.005     4.954    u_clk_wiz/inst/clk_out2_clk_wiz_0
    BUFGCTRL_X0Y0        BUFG (Prop_bufg_I_O)         0.083     5.037 r  u_clk_wiz/inst/clkout2_buf/O
                         net (fo=79, routed)          1.165     6.202    u_tx/C
    SLICE_X10Y159                                                     r  u_tx/crc_reg_reg[27]/C
                         clock pessimism             -0.593     5.609    
                         clock uncertainty           -0.064     5.545    
    SLICE_X10Y159        FDRE (Setup_fdre_C_D)        0.076     5.621    u_tx/crc_reg_reg[27]
  -------------------------------------------------------------------
                         required time                          5.621    
                         arrival time                          -1.539    
  -------------------------------------------------------------------
                         slack                                  4.082    





Min Delay Paths
--------------------------------------------------------------------------------------
Slack (MET) :             0.100ns  (arrival time - required time)
  Source:                 u_tx/byte_cnt_reg[8]/C
                            (rising edge-triggered cell FDRE clocked by clk_out2_clk_wiz_0  {rise@0.000ns fall@4.000ns period=8.000ns})
  Destination:            u_tx/byte_cnt_reg[10]/D
                            (rising edge-triggered cell FDRE clocked by clk_out2_clk_wiz_0  {rise@0.000ns fall@4.000ns period=8.000ns})
  Path Group:             clk_out2_clk_wiz_0
  Path Type:              Hold (Min at Fast Process Corner)
  Requirement:            0.000ns  (clk_out2_clk_wiz_0 rise@0.000ns - clk_out2_clk_wiz_0 rise@0.000ns)
  Data Path Delay:        0.198ns  (logic 0.128ns (64.491%)  route 0.070ns (35.509%))
  Logic Levels:           1  (LUT6=1)
  Clock Path Skew:        0.011ns (DCD - SCD - CPR)
    Destination Clock Delay (DCD):    -0.684ns
    Source Clock Delay      (SCD):    -0.630ns
    Clock Pessimism Removal (CPR):    -0.065ns

    Location             Delay type                Incr(ns)  Path(ns)    Netlist Resource(s)
  -------------------------------------------------------------------    -------------------
                         (clock clk_out2_clk_wiz_0 rise edge)
                                                      0.000     0.000 r  
    AE10                                              0.000     0.000 r  sys_clk_p
                         net (fo=0)                   0.000     0.000    u_clk_wiz/inst/clk_in1_p
    AE10                 IBUFDS (Prop_ibufds_I_O)     0.354     0.354 r  u_clk_wiz/inst/clkin1_ibufgds/O
                         net (fo=1, routed)           0.503     0.857    u_clk_wiz/inst/clk_in1_clk_wiz_0
    MMCME2_ADV_X1Y1      MMCME2_ADV (Prop_mmcme2_adv_CLKIN1_CLKOUT1)
                                                     -3.040    -2.183 r  u_clk_wiz/inst/mmcm_adv_inst/CLKOUT1
                         net (fo=1, routed)           0.940    -1.243    u_clk_wiz/inst/clk_out2_clk_wiz_0
    BUFGCTRL_X0Y0        BUFG (Prop_bufg_I_O)         0.026    -1.217 r  u_clk_wiz/inst/clkout2_buf/O
                         net (fo=79, routed)          0.587    -0.630    u_tx/C
    SLICE_X11Y163                                                     r  u_tx/byte_cnt_reg[8]/C
  -------------------------------------------------------------------    -------------------
    SLICE_X11Y163        FDRE (Prop_fdre_C_Q)         0.100    -0.530 r  u_tx/byte_cnt_reg[8]/Q
                         net (fo=5, routed)           0.070    -0.460    u_tx/sel0[9]
    SLICE_X10Y163        LUT6 (Prop_lut6_I2_O)        0.028    -0.432 r  u_tx/byte_cnt[10]_i_3__0/O
                         net (fo=1, routed)           0.000    -0.432    u_tx/n_0_byte_cnt[10]_i_3__0
    SLICE_X10Y163        FDRE                                         r  u_tx/byte_cnt_reg[10]/D
  -------------------------------------------------------------------    -------------------

                         (clock clk_out2_clk_wiz_0 rise edge)
                                                      0.000     0.000 r  
    AE10                                              0.000     0.000 r  sys_clk_p
                         net (fo=0)                   0.000     0.000    u_clk_wiz/inst/clk_in1_p
    AE10                 IBUFDS (Prop_ibufds_I_O)     0.432     0.432 r  u_clk_wiz/inst/clkin1_ibufgds/O
                         net (fo=1, routed)           0.553     0.985    u_clk_wiz/inst/clk_in1_clk_wiz_0
    MMCME2_ADV_X1Y1      MMCME2_ADV (Prop_mmcme2_adv_CLKIN1_CLKOUT1)
                                                     -3.493    -2.508 r  u_clk_wiz/inst/mmcm_adv_inst/CLKOUT1
                         net (fo=1, routed)           1.007    -1.501    u_clk_wiz/inst/clk_out2_clk_wiz_0
    BUFGCTRL_X0Y0        BUFG (Prop_bufg_I_O)         0.030    -1.471 r  u_clk_wiz/inst/clkout2_buf/O
                         net (fo=79, routed)          0.787    -0.684    u_tx/C
    SLICE_X10Y163                                                     r  u_tx/byte_cnt_reg[10]/C
                         clock pessimism              0.065    -0.619    
    SLICE_X10Y163        FDRE (Hold_fdre_C_D)         0.087    -0.532    u_tx/byte_cnt_reg[10]
  -------------------------------------------------------------------
                         required time                          0.532    
                         arrival time                          -0.432    
  -------------------------------------------------------------------
                         slack                                  0.100    

Slack (MET) :             0.103ns  (arrival time - required time)
  Source:                 u_tx/rd_addr_reg[0]/C
                            (rising edge-triggered cell FDCE clocked by clk_out2_clk_wiz_0  {rise@0.000ns fall@4.000ns period=8.000ns})
  Destination:            payload_ram_reg/ADDRBWRADDR[3]
                            (rising edge-triggered cell RAMB18E1 clocked by clk_out2_clk_wiz_0  {rise@0.000ns fall@4.000ns period=8.000ns})
  Path Group:             clk_out2_clk_wiz_0
  Path Type:              Hold (Min at Fast Process Corner)
  Requirement:            0.000ns  (clk_out2_clk_wiz_0 rise@0.000ns - clk_out2_clk_wiz_0 rise@0.000ns)
  Data Path Delay:        0.332ns  (logic 0.100ns (30.119%)  route 0.232ns (69.881%))
  Logic Levels:           0  
  Clock Path Skew:        0.046ns (DCD - SCD - CPR)
    Destination Clock Delay (DCD):    -0.652ns
    Source Clock Delay      (SCD):    -0.630ns
    Clock Pessimism Removal (CPR):    -0.067ns

    Location             Delay type                Incr(ns)  Path(ns)    Netlist Resource(s)
  -------------------------------------------------------------------    -------------------
                         (clock clk_out2_clk_wiz_0 rise edge)
                                                      0.000     0.000 r  
    AE10                                              0.000     0.000 r  sys_clk_p
                         net (fo=0)                   0.000     0.000    u_clk_wiz/inst/clk_in1_p
    AE10                 IBUFDS (Prop_ibufds_I_O)     0.354     0.354 r  u_clk_wiz/inst/clkin1_ibufgds/O
                         net (fo=1, routed)           0.503     0.857    u_clk_wiz/inst/clk_in1_clk_wiz_0
    MMCME2_ADV_X1Y1      MMCME2_ADV (Prop_mmcme2_adv_CLKIN1_CLKOUT1)
                                                     -3.040    -2.183 r  u_clk_wiz/inst/mmcm_adv_inst/CLKOUT1
                         net (fo=1, routed)           0.940    -1.243    u_clk_wiz/inst/clk_out2_clk_wiz_0
    BUFGCTRL_X0Y0        BUFG (Prop_bufg_I_O)         0.026    -1.217 r  u_clk_wiz/inst/clkout2_buf/O
                         net (fo=79, routed)          0.587    -0.630    u_tx/C
    SLICE_X9Y165                                                      r  u_tx/rd_addr_reg[0]/C
  -------------------------------------------------------------------    -------------------
    SLICE_X9Y165         FDCE (Prop_fdce_C_Q)         0.100    -0.530 r  u_tx/rd_addr_reg[0]/Q
                         net (fo=1, routed)           0.232    -0.298    rd_addr[0]
    RAMB18_X0Y64         RAMB18E1                                     r  payload_ram_reg/ADDRBWRADDR[3]
  -------------------------------------------------------------------    -------------------

                         (clock clk_out2_clk_wiz_0 rise edge)
                                                      0.000     0.000 r  
    AE10                                              0.000     0.000 r  sys_clk_p
                         net (fo=0)                   0.000     0.000    u_clk_wiz/inst/clk_in1_p
    AE10                 IBUFDS (Prop_ibufds_I_O)     0.432     0.432 r  u_clk_wiz/inst/clkin1_ibufgds/O
                         net (fo=1, routed)           0.553     0.985    u_clk_wiz/inst/clk_in1_clk_wiz_0
    MMCME2_ADV_X1Y1      MMCME2_ADV (Prop_mmcme2_adv_CLKIN1_CLKOUT1)
                                                     -3.493    -2.508 r  u_clk_wiz/inst/mmcm_adv_inst/CLKOUT1
                         net (fo=1, routed)           1.007    -1.501    u_clk_wiz/inst/clk_out2_clk_wiz_0
    BUFGCTRL_X0Y0        BUFG (Prop_bufg_I_O)         0.030    -1.471 r  u_clk_wiz/inst/clkout2_buf/O
                         net (fo=79, routed)          0.820    -0.652    C
    RAMB18_X0Y64                                                      r  payload_ram_reg/CLKBWRCLK
                         clock pessimism              0.067    -0.585    
    RAMB18_X0Y64         RAMB18E1 (Hold_ramb18e1_CLKBWRCLK_ADDRBWRADDR[3])
                                                      0.183    -0.402    payload_ram_reg
  -------------------------------------------------------------------
                         required time                          0.402    
                         arrival time                          -0.298    
  -------------------------------------------------------------------
                         slack                                  0.103    

Slack (MET) :             0.112ns  (arrival time - required time)
  Source:                 u_tx/rd_addr_reg[5]/C
                            (rising edge-triggered cell FDCE clocked by clk_out2_clk_wiz_0  {rise@0.000ns fall@4.000ns period=8.000ns})
  Destination:            payload_ram_reg/ADDRBWRADDR[8]
                            (rising edge-triggered cell RAMB18E1 clocked by clk_out2_clk_wiz_0  {rise@0.000ns fall@4.000ns period=8.000ns})
  Path Group:             clk_out2_clk_wiz_0
  Path Type:              Hold (Min at Fast Process Corner)
  Requirement:            0.000ns  (clk_out2_clk_wiz_0 rise@0.000ns - clk_out2_clk_wiz_0 rise@0.000ns)
  Data Path Delay:        0.358ns  (logic 0.118ns (32.953%)  route 0.240ns (67.047%))
  Logic Levels:           0  
  Clock Path Skew:        0.064ns (DCD - SCD - CPR)
    Destination Clock Delay (DCD):    -0.652ns
    Source Clock Delay      (SCD):    -0.629ns
    Clock Pessimism Removal (CPR):    -0.086ns

    Location             Delay type                Incr(ns)  Path(ns)    Netlist Resource(s)
  -------------------------------------------------------------------    -------------------
                         (clock clk_out2_clk_wiz_0 rise edge)
                                                      0.000     0.000 r  
    AE10                                              0.000     0.000 r  sys_clk_p
                         net (fo=0)                   0.000     0.000    u_clk_wiz/inst/clk_in1_p
    AE10                 IBUFDS (Prop_ibufds_I_O)     0.354     0.354 r  u_clk_wiz/inst/clkin1_ibufgds/O
                         net (fo=1, routed)           0.503     0.857    u_clk_wiz/inst/clk_in1_clk_wiz_0
    MMCME2_ADV_X1Y1      MMCME2_ADV (Prop_mmcme2_adv_CLKIN1_CLKOUT1)
                                                     -3.040    -2.183 r  u_clk_wiz/inst/mmcm_adv_inst/CLKOUT1
                         net (fo=1, routed)           0.940    -1.243    u_clk_wiz/inst/clk_out2_clk_wiz_0
    BUFGCTRL_X0Y0        BUFG (Prop_bufg_I_O)         0.026    -1.217 r  u_clk_wiz/inst/clkout2_buf/O
                         net (fo=79, routed)          0.588    -0.629    u_tx/C
    SLICE_X10Y162                                                     r  u_tx/rd_addr_reg[5]/C
  -------------------------------------------------------------------    -------------------
    SLICE_X10Y162        FDCE (Prop_fdce_C_Q)         0.118    -0.511 r  u_tx/rd_addr_reg[5]/Q
                         net (fo=1, routed)           0.240    -0.271    rd_addr[5]
    RAMB18_X0Y64         RAMB18E1                                     r  payload_ram_reg/ADDRBWRADDR[8]
  -------------------------------------------------------------------    -------------------

                         (clock clk_out2_clk_wiz_0 rise edge)
                                                      0.000     0.000 r  
    AE10                                              0.000     0.000 r  sys_clk_p
                         net (fo=0)                   0.000     0.000    u_clk_wiz/inst/clk_in1_p
    AE10                 IBUFDS (Prop_ibufds_I_O)     0.432     0.432 r  u_clk_wiz/inst/clkin1_ibufgds/O
                         net (fo=1, routed)           0.553     0.985    u_clk_wiz/inst/clk_in1_clk_wiz_0
    MMCME2_ADV_X1Y1      MMCME2_ADV (Prop_mmcme2_adv_CLKIN1_CLKOUT1)
                                                     -3.493    -2.508 r  u_clk_wiz/inst/mmcm_adv_inst/CLKOUT1
                         net (fo=1, routed)           1.007    -1.501    u_clk_wiz/inst/clk_out2_clk_wiz_0
    BUFGCTRL_X0Y0        BUFG (Prop_bufg_I_O)         0.030    -1.471 r  u_clk_wiz/inst/clkout2_buf/O
                         net (fo=79, routed)          0.820    -0.652    C
    RAMB18_X0Y64                                                      r  payload_ram_reg/CLKBWRCLK
                         clock pessimism              0.086    -0.566    
    RAMB18_X0Y64         RAMB18E1 (Hold_ramb18e1_CLKBWRCLK_ADDRBWRADDR[8])
                                                      0.183    -0.383    payload_ram_reg
  -------------------------------------------------------------------
                         required time                          0.383    
                         arrival time                          -0.271    
  -------------------------------------------------------------------
                         slack                                  0.112    

Slack (MET) :             0.115ns  (arrival time - required time)
  Source:                 u_tx/rd_addr_reg[10]/C
                            (rising edge-triggered cell FDCE clocked by clk_out2_clk_wiz_0  {rise@0.000ns fall@4.000ns period=8.000ns})
  Destination:            payload_ram_reg/ADDRBWRADDR[13]
                            (rising edge-triggered cell RAMB18E1 clocked by clk_out2_clk_wiz_0  {rise@0.000ns fall@4.000ns period=8.000ns})
  Path Group:             clk_out2_clk_wiz_0
  Path Type:              Hold (Min at Fast Process Corner)
  Requirement:            0.000ns  (clk_out2_clk_wiz_0 rise@0.000ns - clk_out2_clk_wiz_0 rise@0.000ns)
  Data Path Delay:        0.343ns  (logic 0.118ns (34.446%)  route 0.225ns (65.554%))
  Logic Levels:           0  
  Clock Path Skew:        0.045ns (DCD - SCD - CPR)
    Destination Clock Delay (DCD):    -0.652ns
    Source Clock Delay      (SCD):    -0.629ns
    Clock Pessimism Removal (CPR):    -0.067ns

    Location             Delay type                Incr(ns)  Path(ns)    Netlist Resource(s)
  -------------------------------------------------------------------    -------------------
                         (clock clk_out2_clk_wiz_0 rise edge)
                                                      0.000     0.000 r  
    AE10                                              0.000     0.000 r  sys_clk_p
                         net (fo=0)                   0.000     0.000    u_clk_wiz/inst/clk_in1_p
    AE10                 IBUFDS (Prop_ibufds_I_O)     0.354     0.354 r  u_clk_wiz/inst/clkin1_ibufgds/O
                         net (fo=1, routed)           0.503     0.857    u_clk_wiz/inst/clk_in1_clk_wiz_0
    MMCME2_ADV_X1Y1      MMCME2_ADV (Prop_mmcme2_adv_CLKIN1_CLKOUT1)
                                                     -3.040    -2.183 r  u_clk_wiz/inst/mmcm_adv_inst/CLKOUT1
                         net (fo=1, routed)           0.940    -1.243    u_clk_wiz/inst/clk_out2_clk_wiz_0
    BUFGCTRL_X0Y0        BUFG (Prop_bufg_I_O)         0.026    -1.217 r  u_clk_wiz/inst/clkout2_buf/O
                         net (fo=79, routed)          0.588    -0.629    u_tx/C
    SLICE_X8Y162                                                      r  u_tx/rd_addr_reg[10]/C
  -------------------------------------------------------------------    -------------------
    SLICE_X8Y162         FDCE (Prop_fdce_C_Q)         0.118    -0.511 r  u_tx/rd_addr_reg[10]/Q
                         net (fo=1, routed)           0.225    -0.287    rd_addr[10]
    RAMB18_X0Y64         RAMB18E1                                     r  payload_ram_reg/ADDRBWRADDR[13]
  -------------------------------------------------------------------    -------------------

                         (clock clk_out2_clk_wiz_0 rise edge)
                                                      0.000     0.000 r  
    AE10                                              0.000     0.000 r  sys_clk_p
                         net (fo=0)                   0.000     0.000    u_clk_wiz/inst/clk_in1_p
    AE10                 IBUFDS (Prop_ibufds_I_O)     0.432     0.432 r  u_clk_wiz/inst/clkin1_ibufgds/O
                         net (fo=1, routed)           0.553     0.985    u_clk_wiz/inst/clk_in1_clk_wiz_0
    MMCME2_ADV_X1Y1      MMCME2_ADV (Prop_mmcme2_adv_CLKIN1_CLKOUT1)
                                                     -3.493    -2.508 r  u_clk_wiz/inst/mmcm_adv_inst/CLKOUT1
                         net (fo=1, routed)           1.007    -1.501    u_clk_wiz/inst/clk_out2_clk_wiz_0
    BUFGCTRL_X0Y0        BUFG (Prop_bufg_I_O)         0.030    -1.471 r  u_clk_wiz/inst/clkout2_buf/O
                         net (fo=79, routed)          0.820    -0.652    C
    RAMB18_X0Y64                                                      r  payload_ram_reg/CLKBWRCLK
                         clock pessimism              0.067    -0.585    
    RAMB18_X0Y64         RAMB18E1 (Hold_ramb18e1_CLKBWRCLK_ADDRBWRADDR[13])
                                                      0.183    -0.402    payload_ram_reg
  -------------------------------------------------------------------
                         required time                          0.402    
                         arrival time                          -0.287    
  -------------------------------------------------------------------
                         slack                                  0.115    

Slack (MET) :             0.125ns  (arrival time - required time)
  Source:                 u_tx/rd_addr_reg[4]/C
                            (rising edge-triggered cell FDCE clocked by clk_out2_clk_wiz_0  {rise@0.000ns fall@4.000ns period=8.000ns})
  Destination:            payload_ram_reg/ADDRBWRADDR[7]
                            (rising edge-triggered cell RAMB18E1 clocked by clk_out2_clk_wiz_0  {rise@0.000ns fall@4.000ns period=8.000ns})
  Path Group:             clk_out2_clk_wiz_0
  Path Type:              Hold (Min at Fast Process Corner)
  Requirement:            0.000ns  (clk_out2_clk_wiz_0 rise@0.000ns - clk_out2_clk_wiz_0 rise@0.000ns)
  Data Path Delay:        0.353ns  (logic 0.118ns (33.451%)  route 0.235ns (66.549%))
  Logic Levels:           0  
  Clock Path Skew:        0.045ns (DCD - SCD - CPR)
    Destination Clock Delay (DCD):    -0.652ns
    Source Clock Delay      (SCD):    -0.629ns
    Clock Pessimism Removal (CPR):    -0.067ns

    Location             Delay type                Incr(ns)  Path(ns)    Netlist Resource(s)
  -------------------------------------------------------------------    -------------------
                         (clock clk_out2_clk_wiz_0 rise edge)
                                                      0.000     0.000 r  
    AE10                                              0.000     0.000 r  sys_clk_p
                         net (fo=0)                   0.000     0.000    u_clk_wiz/inst/clk_in1_p
    AE10                 IBUFDS (Prop_ibufds_I_O)     0.354     0.354 r  u_clk_wiz/inst/clkin1_ibufgds/O
                         net (fo=1, routed)           0.503     0.857    u_clk_wiz/inst/clk_in1_clk_wiz_0
    MMCME2_ADV_X1Y1      MMCME2_ADV (Prop_mmcme2_adv_CLKIN1_CLKOUT1)
                                                     -3.040    -2.183 r  u_clk_wiz/inst/mmcm_adv_inst/CLKOUT1
                         net (fo=1, routed)           0.940    -1.243    u_clk_wiz/inst/clk_out2_clk_wiz_0
    BUFGCTRL_X0Y0        BUFG (Prop_bufg_I_O)         0.026    -1.217 r  u_clk_wiz/inst/clkout2_buf/O
                         net (fo=79, routed)          0.588    -0.629    u_tx/C
    SLICE_X8Y162                                                      r  u_tx/rd_addr_reg[4]/C
  -------------------------------------------------------------------    -------------------
    SLICE_X8Y162         FDCE (Prop_fdce_C_Q)         0.118    -0.511 r  u_tx/rd_addr_reg[4]/Q
                         net (fo=1, routed)           0.235    -0.276    rd_addr[4]
    RAMB18_X0Y64         RAMB18E1                                     r  payload_ram_reg/ADDRBWRADDR[7]
  -------------------------------------------------------------------    -------------------

                         (clock clk_out2_clk_wiz_0 rise edge)
                                                      0.000     0.000 r  
    AE10                                              0.000     0.000 r  sys_clk_p
                         net (fo=0)                   0.000     0.000    u_clk_wiz/inst/clk_in1_p
    AE10                 IBUFDS (Prop_ibufds_I_O)     0.432     0.432 r  u_clk_wiz/inst/clkin1_ibufgds/O
                         net (fo=1, routed)           0.553     0.985    u_clk_wiz/inst/clk_in1_clk_wiz_0
    MMCME2_ADV_X1Y1      MMCME2_ADV (Prop_mmcme2_adv_CLKIN1_CLKOUT1)
                                                     -3.493    -2.508 r  u_clk_wiz/inst/mmcm_adv_inst/CLKOUT1
                         net (fo=1, routed)           1.007    -1.501    u_clk_wiz/inst/clk_out2_clk_wiz_0
    BUFGCTRL_X0Y0        BUFG (Prop_bufg_I_O)         0.030    -1.471 r  u_clk_wiz/inst/clkout2_buf/O
                         net (fo=79, routed)          0.820    -0.652    C
    RAMB18_X0Y64                                                      r  payload_ram_reg/CLKBWRCLK
                         clock pessimism              0.067    -0.585    
    RAMB18_X0Y64         RAMB18E1 (Hold_ramb18e1_CLKBWRCLK_ADDRBWRADDR[7])
                                                      0.183    -0.402    payload_ram_reg
  -------------------------------------------------------------------
                         required time                          0.402    
                         arrival time                          -0.276    
  -------------------------------------------------------------------
                         slack                                  0.125    

Slack (MET) :             0.183ns  (arrival time - required time)
  Source:                 u_tx/rd_addr_reg[6]/C
                            (rising edge-triggered cell FDCE clocked by clk_out2_clk_wiz_0  {rise@0.000ns fall@4.000ns period=8.000ns})
  Destination:            payload_ram_reg/ADDRBWRADDR[9]
                            (rising edge-triggered cell RAMB18E1 clocked by clk_out2_clk_wiz_0  {rise@0.000ns fall@4.000ns period=8.000ns})
  Path Group:             clk_out2_clk_wiz_0
  Path Type:              Hold (Min at Fast Process Corner)
  Requirement:            0.000ns  (clk_out2_clk_wiz_0 rise@0.000ns - clk_out2_clk_wiz_0 rise@0.000ns)
  Data Path Delay:        0.410ns  (logic 0.118ns (28.759%)  route 0.292ns (71.241%))
  Logic Levels:           0  
  Clock Path Skew:        0.045ns (DCD - SCD - CPR)
    Destination Clock Delay (DCD):    -0.652ns
    Source Clock Delay      (SCD):    -0.629ns
    Clock Pessimism Removal (CPR):    -0.067ns

    Location             Delay type                Incr(ns)  Path(ns)    Netlist Resource(s)
  -------------------------------------------------------------------    -------------------
                         (clock clk_out2_clk_wiz_0 rise edge)
                                                      0.000     0.000 r  
    AE10                                              0.000     0.000 r  sys_clk_p
                         net (fo=0)                   0.000     0.000    u_clk_wiz/inst/clk_in1_p
    AE10                 IBUFDS (Prop_ibufds_I_O)     0.354     0.354 r  u_clk_wiz/inst/clkin1_ibufgds/O
                         net (fo=1, routed)           0.503     0.857    u_clk_wiz/inst/clk_in1_clk_wiz_0
    MMCME2_ADV_X1Y1      MMCME2_ADV (Prop_mmcme2_adv_CLKIN1_CLKOUT1)
                                                     -3.040    -2.183 r  u_clk_wiz/inst/mmcm_adv_inst/CLKOUT1
                         net (fo=1, routed)           0.940    -1.243    u_clk_wiz/inst/clk_out2_clk_wiz_0
    BUFGCTRL_X0Y0        BUFG (Prop_bufg_I_O)         0.026    -1.217 r  u_clk_wiz/inst/clkout2_buf/O
                         net (fo=79, routed)          0.588    -0.629    u_tx/C
    SLICE_X8Y162                                                      r  u_tx/rd_addr_reg[6]/C
  -------------------------------------------------------------------    -------------------
    SLICE_X8Y162         FDCE (Prop_fdce_C_Q)         0.118    -0.511 r  u_tx/rd_addr_reg[6]/Q
                         net (fo=1, routed)           0.292    -0.219    rd_addr[6]
    RAMB18_X0Y64         RAMB18E1                                     r  payload_ram_reg/ADDRBWRADDR[9]
  -------------------------------------------------------------------    -------------------

                         (clock clk_out2_clk_wiz_0 rise edge)
                                                      0.000     0.000 r  
    AE10                                              0.000     0.000 r  sys_clk_p
                         net (fo=0)                   0.000     0.000    u_clk_wiz/inst/clk_in1_p
    AE10                 IBUFDS (Prop_ibufds_I_O)     0.432     0.432 r  u_clk_wiz/inst/clkin1_ibufgds/O
                         net (fo=1, routed)           0.553     0.985    u_clk_wiz/inst/clk_in1_clk_wiz_0
    MMCME2_ADV_X1Y1      MMCME2_ADV (Prop_mmcme2_adv_CLKIN1_CLKOUT1)
                                                     -3.493    -2.508 r  u_clk_wiz/inst/mmcm_adv_inst/CLKOUT1
                         net (fo=1, routed)           1.007    -1.501    u_clk_wiz/inst/clk_out2_clk_wiz_0
    BUFGCTRL_X0Y0        BUFG (Prop_bufg_I_O)         0.030    -1.471 r  u_clk_wiz/inst/clkout2_buf/O
                         net (fo=79, routed)          0.820    -0.652    C
    RAMB18_X0Y64                                                      r  payload_ram_reg/CLKBWRCLK
                         clock pessimism              0.067    -0.585    
    RAMB18_X0Y64         RAMB18E1 (Hold_ramb18e1_CLKBWRCLK_ADDRBWRADDR[9])
                                                      0.183    -0.402    payload_ram_reg
  -------------------------------------------------------------------
                         required time                          0.402    
                         arrival time                          -0.219    
  -------------------------------------------------------------------
                         slack                                  0.183    

Slack (MET) :             0.194ns  (arrival time - required time)
  Source:                 u_tx/byte_cnt_reg[6]/C
                            (rising edge-triggered cell FDRE clocked by clk_out2_clk_wiz_0  {rise@0.000ns fall@4.000ns period=8.000ns})
  Destination:            u_tx/byte_cnt_reg[7]/D
                            (rising edge-triggered cell FDRE clocked by clk_out2_clk_wiz_0  {rise@0.000ns fall@4.000ns period=8.000ns})
  Path Group:             clk_out2_clk_wiz_0
  Path Type:              Hold (Min at Fast Process Corner)
  Requirement:            0.000ns  (clk_out2_clk_wiz_0 rise@0.000ns - clk_out2_clk_wiz_0 rise@0.000ns)
  Data Path Delay:        0.255ns  (logic 0.128ns (50.116%)  route 0.127ns (49.884%))
  Logic Levels:           1  (LUT6=1)
  Clock Path Skew:        0.000ns (DCD - SCD - CPR)
    Destination Clock Delay (DCD):    -0.684ns
    Source Clock Delay      (SCD):    -0.630ns
    Clock Pessimism Removal (CPR):    -0.054ns

    Location             Delay type                Incr(ns)  Path(ns)    Netlist Resource(s)
  -------------------------------------------------------------------    -------------------
                         (clock clk_out2_clk_wiz_0 rise edge)
                                                      0.000     0.000 r  
    AE10                                              0.000     0.000 r  sys_clk_p
                         net (fo=0)                   0.000     0.000    u_clk_wiz/inst/clk_in1_p
    AE10                 IBUFDS (Prop_ibufds_I_O)     0.354     0.354 r  u_clk_wiz/inst/clkin1_ibufgds/O
                         net (fo=1, routed)           0.503     0.857    u_clk_wiz/inst/clk_in1_clk_wiz_0
    MMCME2_ADV_X1Y1      MMCME2_ADV (Prop_mmcme2_adv_CLKIN1_CLKOUT1)
                                                     -3.040    -2.183 r  u_clk_wiz/inst/mmcm_adv_inst/CLKOUT1
                         net (fo=1, routed)           0.940    -1.243    u_clk_wiz/inst/clk_out2_clk_wiz_0
    BUFGCTRL_X0Y0        BUFG (Prop_bufg_I_O)         0.026    -1.217 r  u_clk_wiz/inst/clkout2_buf/O
                         net (fo=79, routed)          0.587    -0.630    u_tx/C
    SLICE_X11Y163                                                     r  u_tx/byte_cnt_reg[6]/C
  -------------------------------------------------------------------    -------------------
    SLICE_X11Y163        FDRE (Prop_fdre_C_Q)         0.100    -0.530 r  u_tx/byte_cnt_reg[6]/Q
                         net (fo=11, routed)          0.127    -0.403    u_tx/sel0[7]
    SLICE_X11Y163        LUT6 (Prop_lut6_I5_O)        0.028    -0.375 r  u_tx/byte_cnt[7]_i_1__0/O
                         net (fo=1, routed)           0.000    -0.375    u_tx/n_0_byte_cnt[7]_i_1__0
    SLICE_X11Y163        FDRE                                         r  u_tx/byte_cnt_reg[7]/D
  -------------------------------------------------------------------    -------------------

                         (clock clk_out2_clk_wiz_0 rise edge)
                                                      0.000     0.000 r  
    AE10                                              0.000     0.000 r  sys_clk_p
                         net (fo=0)                   0.000     0.000    u_clk_wiz/inst/clk_in1_p
    AE10                 IBUFDS (Prop_ibufds_I_O)     0.432     0.432 r  u_clk_wiz/inst/clkin1_ibufgds/O
                         net (fo=1, routed)           0.553     0.985    u_clk_wiz/inst/clk_in1_clk_wiz_0
    MMCME2_ADV_X1Y1      MMCME2_ADV (Prop_mmcme2_adv_CLKIN1_CLKOUT1)
                                                     -3.493    -2.508 r  u_clk_wiz/inst/mmcm_adv_inst/CLKOUT1
                         net (fo=1, routed)           1.007    -1.501    u_clk_wiz/inst/clk_out2_clk_wiz_0
    BUFGCTRL_X0Y0        BUFG (Prop_bufg_I_O)         0.030    -1.471 r  u_clk_wiz/inst/clkout2_buf/O
                         net (fo=79, routed)          0.787    -0.684    u_tx/C
    SLICE_X11Y163                                                     r  u_tx/byte_cnt_reg[7]/C
                         clock pessimism              0.054    -0.630    
    SLICE_X11Y163        FDRE (Hold_fdre_C_D)         0.061    -0.569    u_tx/byte_cnt_reg[7]
  -------------------------------------------------------------------
                         required time                          0.569    
                         arrival time                          -0.375    
  -------------------------------------------------------------------
                         slack                                  0.194    

Slack (MET) :             0.196ns  (arrival time - required time)
  Source:                 u_tx/byte_cnt_reg[6]/C
                            (rising edge-triggered cell FDRE clocked by clk_out2_clk_wiz_0  {rise@0.000ns fall@4.000ns period=8.000ns})
  Destination:            u_tx/byte_cnt_reg[6]/D
                            (rising edge-triggered cell FDRE clocked by clk_out2_clk_wiz_0  {rise@0.000ns fall@4.000ns period=8.000ns})
  Path Group:             clk_out2_clk_wiz_0
  Path Type:              Hold (Min at Fast Process Corner)
  Requirement:            0.000ns  (clk_out2_clk_wiz_0 rise@0.000ns - clk_out2_clk_wiz_0 rise@0.000ns)
  Data Path Delay:        0.257ns  (logic 0.128ns (49.727%)  route 0.129ns (50.273%))
  Logic Levels:           1  (LUT6=1)
  Clock Path Skew:        0.000ns (DCD - SCD - CPR)
    Destination Clock Delay (DCD):    -0.684ns
    Source Clock Delay      (SCD):    -0.630ns
    Clock Pessimism Removal (CPR):    -0.054ns

    Location             Delay type                Incr(ns)  Path(ns)    Netlist Resource(s)
  -------------------------------------------------------------------    -------------------
                         (clock clk_out2_clk_wiz_0 rise edge)
                                                      0.000     0.000 r  
    AE10                                              0.000     0.000 r  sys_clk_p
                         net (fo=0)                   0.000     0.000    u_clk_wiz/inst/clk_in1_p
    AE10                 IBUFDS (Prop_ibufds_I_O)     0.354     0.354 r  u_clk_wiz/inst/clkin1_ibufgds/O
                         net (fo=1, routed)           0.503     0.857    u_clk_wiz/inst/clk_in1_clk_wiz_0
    MMCME2_ADV_X1Y1      MMCME2_ADV (Prop_mmcme2_adv_CLKIN1_CLKOUT1)
                                                     -3.040    -2.183 r  u_clk_wiz/inst/mmcm_adv_inst/CLKOUT1
                         net (fo=1, routed)           0.940    -1.243    u_clk_wiz/inst/clk_out2_clk_wiz_0
    BUFGCTRL_X0Y0        BUFG (Prop_bufg_I_O)         0.026    -1.217 r  u_clk_wiz/inst/clkout2_buf/O
                         net (fo=79, routed)          0.587    -0.630    u_tx/C
    SLICE_X11Y163                                                     r  u_tx/byte_cnt_reg[6]/C
  -------------------------------------------------------------------    -------------------
    SLICE_X11Y163        FDRE (Prop_fdre_C_Q)         0.100    -0.530 r  u_tx/byte_cnt_reg[6]/Q
                         net (fo=11, routed)          0.129    -0.401    u_tx/sel0[7]
    SLICE_X11Y163        LUT6 (Prop_lut6_I0_O)        0.028    -0.373 r  u_tx/byte_cnt[6]_i_1__0/O
                         net (fo=1, routed)           0.000    -0.373    u_tx/n_0_byte_cnt[6]_i_1__0
    SLICE_X11Y163        FDRE                                         r  u_tx/byte_cnt_reg[6]/D
  -------------------------------------------------------------------    -------------------

                         (clock clk_out2_clk_wiz_0 rise edge)
                                                      0.000     0.000 r  
    AE10                                              0.000     0.000 r  sys_clk_p
                         net (fo=0)                   0.000     0.000    u_clk_wiz/inst/clk_in1_p
    AE10                 IBUFDS (Prop_ibufds_I_O)     0.432     0.432 r  u_clk_wiz/inst/clkin1_ibufgds/O
                         net (fo=1, routed)           0.553     0.985    u_clk_wiz/inst/clk_in1_clk_wiz_0
    MMCME2_ADV_X1Y1      MMCME2_ADV (Prop_mmcme2_adv_CLKIN1_CLKOUT1)
                                                     -3.493    -2.508 r  u_clk_wiz/inst/mmcm_adv_inst/CLKOUT1
                         net (fo=1, routed)           1.007    -1.501    u_clk_wiz/inst/clk_out2_clk_wiz_0
    BUFGCTRL_X0Y0        BUFG (Prop_bufg_I_O)         0.030    -1.471 r  u_clk_wiz/inst/clkout2_buf/O
                         net (fo=79, routed)          0.787    -0.684    u_tx/C
    SLICE_X11Y163                                                     r  u_tx/byte_cnt_reg[6]/C
                         clock pessimism              0.054    -0.630    
    SLICE_X11Y163        FDRE (Hold_fdre_C_D)         0.061    -0.569    u_tx/byte_cnt_reg[6]
  -------------------------------------------------------------------
                         required time                          0.569    
                         arrival time                          -0.373    
  -------------------------------------------------------------------
                         slack                                  0.196    

Slack (MET) :             0.200ns  (arrival time - required time)
  Source:                 u_tx/payload_cnt_reg[8]/C
                            (rising edge-triggered cell FDRE clocked by clk_out2_clk_wiz_0  {rise@0.000ns fall@4.000ns period=8.000ns})
  Destination:            u_tx/payload_cnt_reg[9]/D
                            (rising edge-triggered cell FDRE clocked by clk_out2_clk_wiz_0  {rise@0.000ns fall@4.000ns period=8.000ns})
  Path Group:             clk_out2_clk_wiz_0
  Path Type:              Hold (Min at Fast Process Corner)
  Requirement:            0.000ns  (clk_out2_clk_wiz_0 rise@0.000ns - clk_out2_clk_wiz_0 rise@0.000ns)
  Data Path Delay:        0.275ns  (logic 0.130ns (47.351%)  route 0.145ns (52.649%))
  Logic Levels:           1  (LUT5=1)
  Clock Path Skew:        0.000ns (DCD - SCD - CPR)
    Destination Clock Delay (DCD):    -0.681ns
    Source Clock Delay      (SCD):    -0.628ns
    Clock Pessimism Removal (CPR):    -0.053ns

    Location             Delay type                Incr(ns)  Path(ns)    Netlist Resource(s)
  -------------------------------------------------------------------    -------------------
                         (clock clk_out2_clk_wiz_0 rise edge)
                                                      0.000     0.000 r  
    AE10                                              0.000     0.000 r  sys_clk_p
                         net (fo=0)                   0.000     0.000    u_clk_wiz/inst/clk_in1_p
    AE10                 IBUFDS (Prop_ibufds_I_O)     0.354     0.354 r  u_clk_wiz/inst/clkin1_ibufgds/O
                         net (fo=1, routed)           0.503     0.857    u_clk_wiz/inst/clk_in1_clk_wiz_0
    MMCME2_ADV_X1Y1      MMCME2_ADV (Prop_mmcme2_adv_CLKIN1_CLKOUT1)
                                                     -3.040    -2.183 r  u_clk_wiz/inst/mmcm_adv_inst/CLKOUT1
                         net (fo=1, routed)           0.940    -1.243    u_clk_wiz/inst/clk_out2_clk_wiz_0
    BUFGCTRL_X0Y0        BUFG (Prop_bufg_I_O)         0.026    -1.217 r  u_clk_wiz/inst/clkout2_buf/O
                         net (fo=79, routed)          0.589    -0.628    u_tx/C
    SLICE_X11Y161                                                     r  u_tx/payload_cnt_reg[8]/C
  -------------------------------------------------------------------    -------------------
    SLICE_X11Y161        FDRE (Prop_fdre_C_Q)         0.100    -0.528 r  u_tx/payload_cnt_reg[8]/Q
                         net (fo=7, routed)           0.145    -0.384    u_tx/payload_cnt[8]
    SLICE_X11Y161        LUT5 (Prop_lut5_I4_O)        0.030    -0.354 r  u_tx/payload_cnt[9]_i_1__0/O
                         net (fo=1, routed)           0.000    -0.354    u_tx/plusOp[9]
    SLICE_X11Y161        FDRE                                         r  u_tx/payload_cnt_reg[9]/D
  -------------------------------------------------------------------    -------------------

                         (clock clk_out2_clk_wiz_0 rise edge)
                                                      0.000     0.000 r  
    AE10                                              0.000     0.000 r  sys_clk_p
                         net (fo=0)                   0.000     0.000    u_clk_wiz/inst/clk_in1_p
    AE10                 IBUFDS (Prop_ibufds_I_O)     0.432     0.432 r  u_clk_wiz/inst/clkin1_ibufgds/O
                         net (fo=1, routed)           0.553     0.985    u_clk_wiz/inst/clk_in1_clk_wiz_0
    MMCME2_ADV_X1Y1      MMCME2_ADV (Prop_mmcme2_adv_CLKIN1_CLKOUT1)
                                                     -3.493    -2.508 r  u_clk_wiz/inst/mmcm_adv_inst/CLKOUT1
                         net (fo=1, routed)           1.007    -1.501    u_clk_wiz/inst/clk_out2_clk_wiz_0
    BUFGCTRL_X0Y0        BUFG (Prop_bufg_I_O)         0.030    -1.471 r  u_clk_wiz/inst/clkout2_buf/O
                         net (fo=79, routed)          0.790    -0.681    u_tx/C
    SLICE_X11Y161                                                     r  u_tx/payload_cnt_reg[9]/C
                         clock pessimism              0.053    -0.628    
    SLICE_X11Y161        FDRE (Hold_fdre_C_D)         0.075    -0.553    u_tx/payload_cnt_reg[9]
  -------------------------------------------------------------------
                         required time                          0.553    
                         arrival time                          -0.354    
  -------------------------------------------------------------------
                         slack                                  0.200    

Slack (MET) :             0.202ns  (arrival time - required time)
  Source:                 u_tx/byte_cnt_reg[5]/C
                            (rising edge-triggered cell FDRE clocked by clk_out2_clk_wiz_0  {rise@0.000ns fall@4.000ns period=8.000ns})
  Destination:            u_tx/byte_cnt_reg[8]/D
                            (rising edge-triggered cell FDRE clocked by clk_out2_clk_wiz_0  {rise@0.000ns fall@4.000ns period=8.000ns})
  Path Group:             clk_out2_clk_wiz_0
  Path Type:              Hold (Min at Fast Process Corner)
  Requirement:            0.000ns  (clk_out2_clk_wiz_0 rise@0.000ns - clk_out2_clk_wiz_0 rise@0.000ns)
  Data Path Delay:        0.262ns  (logic 0.128ns (48.936%)  route 0.134ns (51.064%))
  Logic Levels:           1  (LUT6=1)
  Clock Path Skew:        0.000ns (DCD - SCD - CPR)
    Destination Clock Delay (DCD):    -0.684ns
    Source Clock Delay      (SCD):    -0.630ns
    Clock Pessimism Removal (CPR):    -0.054ns

    Location             Delay type                Incr(ns)  Path(ns)    Netlist Resource(s)
  -------------------------------------------------------------------    -------------------
                         (clock clk_out2_clk_wiz_0 rise edge)
                                                      0.000     0.000 r  
    AE10                                              0.000     0.000 r  sys_clk_p
                         net (fo=0)                   0.000     0.000    u_clk_wiz/inst/clk_in1_p
    AE10                 IBUFDS (Prop_ibufds_I_O)     0.354     0.354 r  u_clk_wiz/inst/clkin1_ibufgds/O
                         net (fo=1, routed)           0.503     0.857    u_clk_wiz/inst/clk_in1_clk_wiz_0
    MMCME2_ADV_X1Y1      MMCME2_ADV (Prop_mmcme2_adv_CLKIN1_CLKOUT1)
                                                     -3.040    -2.183 r  u_clk_wiz/inst/mmcm_adv_inst/CLKOUT1
                         net (fo=1, routed)           0.940    -1.243    u_clk_wiz/inst/clk_out2_clk_wiz_0
    BUFGCTRL_X0Y0        BUFG (Prop_bufg_I_O)         0.026    -1.217 r  u_clk_wiz/inst/clkout2_buf/O
                         net (fo=79, routed)          0.587    -0.630    u_tx/C
    SLICE_X11Y163                                                     r  u_tx/byte_cnt_reg[5]/C
  -------------------------------------------------------------------    -------------------
    SLICE_X11Y163        FDRE (Prop_fdre_C_Q)         0.100    -0.530 r  u_tx/byte_cnt_reg[5]/Q
                         net (fo=11, routed)          0.134    -0.397    u_tx/sel0[6]
    SLICE_X11Y163        LUT6 (Prop_lut6_I4_O)        0.028    -0.369 r  u_tx/byte_cnt[8]_i_1__0/O
                         net (fo=1, routed)           0.000    -0.369    u_tx/n_0_byte_cnt[8]_i_1__0
    SLICE_X11Y163        FDRE                                         r  u_tx/byte_cnt_reg[8]/D
  -------------------------------------------------------------------    -------------------

                         (clock clk_out2_clk_wiz_0 rise edge)
                                                      0.000     0.000 r  
    AE10                                              0.000     0.000 r  sys_clk_p
                         net (fo=0)                   0.000     0.000    u_clk_wiz/inst/clk_in1_p
    AE10                 IBUFDS (Prop_ibufds_I_O)     0.432     0.432 r  u_clk_wiz/inst/clkin1_ibufgds/O
                         net (fo=1, routed)           0.553     0.985    u_clk_wiz/inst/clk_in1_clk_wiz_0
    MMCME2_ADV_X1Y1      MMCME2_ADV (Prop_mmcme2_adv_CLKIN1_CLKOUT1)
                                                     -3.493    -2.508 r  u_clk_wiz/inst/mmcm_adv_inst/CLKOUT1
                         net (fo=1, routed)           1.007    -1.501    u_clk_wiz/inst/clk_out2_clk_wiz_0
    BUFGCTRL_X0Y0        BUFG (Prop_bufg_I_O)         0.030    -1.471 r  u_clk_wiz/inst/clkout2_buf/O
                         net (fo=79, routed)          0.787    -0.684    u_tx/C
    SLICE_X11Y163                                                     r  u_tx/byte_cnt_reg[8]/C
                         clock pessimism              0.054    -0.630    
    SLICE_X11Y163        FDRE (Hold_fdre_C_D)         0.060    -0.570    u_tx/byte_cnt_reg[8]
  -------------------------------------------------------------------
                         required time                          0.570    
                         arrival time                          -0.369    
  -------------------------------------------------------------------
                         slack                                  0.202    





Pulse Width Checks
--------------------------------------------------------------------------------------
Clock Name:         clk_out2_clk_wiz_0
Waveform:           { 0 4 }
Period:             8.000
Sources:            { u_clk_wiz/inst/mmcm_adv_inst/CLKOUT1 }

Check Type        Corner  Lib Pin             Reference Pin  Required  Actual  Slack    Location         Pin                                   
Min Period        n/a     RAMB18E1/CLKBWRCLK  n/a            1.839     8.000   6.161    RAMB18_X0Y64     payload_ram_reg/CLKBWRCLK             
Min Period        n/a     BUFG/I              n/a            1.408     8.000   6.591    BUFGCTRL_X0Y0    u_clk_wiz/inst/clkout2_buf/I          
Min Period        n/a     MMCME2_ADV/CLKOUT1  n/a            1.071     8.000   6.929    MMCME2_ADV_X1Y1  u_clk_wiz/inst/mmcm_adv_inst/CLKOUT1  
Min Period        n/a     ODDR/C              n/a            1.070     8.000   6.930    OLOGIC_X0Y178    ODDR_gtxc/C                           
Min Period        n/a     FDRE/C              n/a            0.750     8.000   7.250    SLICE_X9Y164     u_tx/byte_cnt_reg[2]/C                
Min Period        n/a     FDRE/C              n/a            0.750     8.000   7.250    SLICE_X11Y163    u_tx/byte_cnt_reg[9]/C                
Min Period        n/a     FDRE/C              n/a            0.750     8.000   7.250    SLICE_X10Y161    u_tx/payload_cnt_reg[10]/C            
Min Period        n/a     FDRE/C              n/a            0.750     8.000   7.250    SLICE_X10Y161    u_tx/payload_cnt_reg[2]/C             
Min Period        n/a     FDRE/C              n/a            0.750     8.000   7.250    SLICE_X10Y161    u_tx/payload_cnt_reg[4]/C             
Min Period        n/a     FDRE/C              n/a            0.750     8.000   7.250    SLICE_X11Y161    u_tx/payload_cnt_reg[7]/C             
Max Period        n/a     MMCME2_ADV/CLKOUT1  n/a            213.360   8.000   205.360  MMCME2_ADV_X1Y1  u_clk_wiz/inst/mmcm_adv_inst/CLKOUT1  
Low Pulse Width   Slow    FDRE/C              n/a            0.400     4.000   3.600    SLICE_X9Y164     u_tx/byte_cnt_reg[2]/C                
Low Pulse Width   Slow    FDRE/C              n/a            0.400     4.000   3.600    SLICE_X11Y163    u_tx/byte_cnt_reg[9]/C                
Low Pulse Width   Slow    FDRE/C              n/a            0.400     4.000   3.600    SLICE_X10Y161    u_tx/payload_cnt_reg[10]/C            
Low Pulse Width   Fast    FDRE/C              n/a            0.400     4.000   3.600    SLICE_X10Y161    u_tx/payload_cnt_reg[10]/C            
Low Pulse Width   Slow    FDRE/C              n/a            0.400     4.000   3.600    SLICE_X10Y161    u_tx/payload_cnt_reg[2]/C             
Low Pulse Width   Fast    FDRE/C              n/a            0.400     4.000   3.600    SLICE_X10Y161    u_tx/payload_cnt_reg[2]/C             
Low Pulse Width   Slow    FDRE/C              n/a            0.400     4.000   3.600    SLICE_X10Y161    u_tx/payload_cnt_reg[4]/C             
Low Pulse Width   Fast    FDRE/C              n/a            0.400     4.000   3.600    SLICE_X10Y161    u_tx/payload_cnt_reg[4]/C             
Low Pulse Width   Slow    FDRE/C              n/a            0.400     4.000   3.600    SLICE_X11Y161    u_tx/payload_cnt_reg[7]/C             
Low Pulse Width   Fast    FDRE/C              n/a            0.400     4.000   3.600    SLICE_X11Y161    u_tx/payload_cnt_reg[7]/C             
High Pulse Width  Fast    FDRE/C              n/a            0.350     4.000   3.650    SLICE_X10Y163    u_tx/byte_cnt_reg[0]/C                
High Pulse Width  Fast    FDRE/C              n/a            0.350     4.000   3.650    SLICE_X10Y163    u_tx/byte_cnt_reg[10]/C               
High Pulse Width  Slow    FDRE/C              n/a            0.350     4.000   3.650    SLICE_X9Y164     u_tx/byte_cnt_reg[1]/C                
High Pulse Width  Fast    FDRE/C              n/a            0.350     4.000   3.650    SLICE_X9Y164     u_tx/byte_cnt_reg[1]/C                
High Pulse Width  Slow    FDRE/C              n/a            0.350     4.000   3.650    SLICE_X9Y164     u_tx/byte_cnt_reg[2]/C                
High Pulse Width  Fast    FDRE/C              n/a            0.350     4.000   3.650    SLICE_X9Y164     u_tx/byte_cnt_reg[2]/C                
High Pulse Width  Slow    FDRE/C              n/a            0.350     4.000   3.650    SLICE_X9Y164     u_tx/byte_cnt_reg[3]/C                
High Pulse Width  Fast    FDRE/C              n/a            0.350     4.000   3.650    SLICE_X9Y164     u_tx/byte_cnt_reg[3]/C                
High Pulse Width  Slow    FDRE/C              n/a            0.350     4.000   3.650    SLICE_X9Y164     u_tx/byte_cnt_reg[4]/C                
High Pulse Width  Fast    FDRE/C              n/a            0.350     4.000   3.650    SLICE_X9Y164     u_tx/byte_cnt_reg[4]/C                



---------------------------------------------------------------------------------------------------
From Clock:  clkfbout_clk_wiz_0
  To Clock:  clkfbout_clk_wiz_0

Setup :           NA  Failing Endpoints,  Worst Slack           NA  ,  Total Violation           NA
Hold  :           NA  Failing Endpoints,  Worst Slack           NA  ,  Total Violation           NA
PW    :            0  Failing Endpoints,  Worst Slack        3.592ns,  Total Violation        0.000ns
---------------------------------------------------------------------------------------------------


Pulse Width Checks
--------------------------------------------------------------------------------------
Clock Name:         clkfbout_clk_wiz_0
Waveform:           { 0 2.5 }
Period:             5.000
Sources:            { u_clk_wiz/inst/mmcm_adv_inst/CLKFBOUT }

Check Type  Corner  Lib Pin              Reference Pin  Required  Actual  Slack    Location         Pin                                    
Min Period  n/a     BUFG/I               n/a            1.408     5.000   3.592    BUFGCTRL_X0Y3    u_clk_wiz/inst/clkf_buf/I              
Min Period  n/a     MMCME2_ADV/CLKFBIN   n/a            1.071     5.000   3.929    MMCME2_ADV_X1Y1  u_clk_wiz/inst/mmcm_adv_inst/CLKFBIN   
Min Period  n/a     MMCME2_ADV/CLKFBOUT  n/a            1.071     5.000   3.929    MMCME2_ADV_X1Y1  u_clk_wiz/inst/mmcm_adv_inst/CLKFBOUT  
Max Period  n/a     MMCME2_ADV/CLKFBIN   n/a            100.000   5.000   95.000   MMCME2_ADV_X1Y1  u_clk_wiz/inst/mmcm_adv_inst/CLKFBIN   
Max Period  n/a     MMCME2_ADV/CLKFBOUT  n/a            213.360   5.000   208.360  MMCME2_ADV_X1Y1  u_clk_wiz/inst/mmcm_adv_inst/CLKFBOUT  



---------------------------------------------------------------------------------------------------
From Clock:  clk_out1_clk_wiz_0
  To Clock:  E_RXC

Setup :            0  Failing Endpoints,  Worst Slack        0.220ns,  Total Violation        0.000ns
Hold  :            0  Failing Endpoints,  Worst Slack        0.535ns,  Total Violation        0.000ns
---------------------------------------------------------------------------------------------------


Max Delay Paths
--------------------------------------------------------------------------------------
Slack (MET) :             0.220ns  (required time - arrival time)
  Source:                 phy_rst_n_reg/C
                            (rising edge-triggered cell FDCE clocked by clk_out1_clk_wiz_0  {rise@0.000ns fall@10.000ns period=20.000ns})
  Destination:            u_rx/dest_port_reg[13]/CE
                            (rising edge-triggered cell FDRE clocked by E_RXC  {rise@0.000ns fall@4.000ns period=8.000ns})
  Path Group:             E_RXC
  Path Type:              Setup (Max at Fast Process Corner)
  Requirement:            4.000ns  (E_RXC rise@24.000ns - clk_out1_clk_wiz_0 rise@20.000ns)
  Data Path Delay:        6.670ns  (logic 0.217ns (3.253%)  route 6.453ns (96.747%))
  Logic Levels:           2  (LUT5=2)
  Clock Path Skew:        3.173ns (DCD - SCD + CPR)
    Destination Clock Delay (DCD):    2.508ns = ( 26.508 - 24.000 ) 
    Source Clock Delay      (SCD):    -0.665ns = ( 19.335 - 20.000 ) 
    Clock Pessimism Removal (CPR):    0.000ns
  Clock Uncertainty:      0.164ns  ((TSJ^2 + DJ^2)^1/2) / 2 + PE
    Total System Jitter     (TSJ):    0.071ns
    Discrete Jitter          (DJ):    0.129ns
    Phase Error              (PE):    0.090ns
  Clock Domain Crossing:  Inter clock paths are considered valid unless explicitly excluded by timing constraints such as set_clock_groups or set_false_path.

    Location             Delay type                Incr(ns)  Path(ns)    Netlist Resource(s)
  -------------------------------------------------------------------    -------------------
                         (clock clk_out1_clk_wiz_0 rise edge)
                                                     20.000    20.000 r  
    AE10                                              0.000    20.000 r  sys_clk_p
                         net (fo=0)                   0.000    20.000    u_clk_wiz/inst/clk_in1_p
    AE10                 IBUFDS (Prop_ibufds_I_O)     0.432    20.432 r  u_clk_wiz/inst/clkin1_ibufgds/O
                         net (fo=1, routed)           0.553    20.985    u_clk_wiz/inst/clk_in1_clk_wiz_0
    MMCME2_ADV_X1Y1      MMCME2_ADV (Prop_mmcme2_adv_CLKIN1_CLKOUT0)
                                                     -3.493    17.492 r  u_clk_wiz/inst/mmcm_adv_inst/CLKOUT0
                         net (fo=1, routed)           1.007    18.499    u_clk_wiz/inst/clk_out1_clk_wiz_0
    BUFGCTRL_X0Y2        BUFG (Prop_bufg_I_O)         0.030    18.529 r  u_clk_wiz/inst/clkout1_buf/O
                         net (fo=21, routed)          0.806    19.335    clk_out1
    SLICE_X74Y113                                                     r  phy_rst_n_reg/C
  -------------------------------------------------------------------    -------------------
    SLICE_X74Y113        FDCE (Prop_fdce_C_Q)         0.147    19.482 r  phy_rst_n_reg/Q
                         net (fo=10, routed)          5.008    24.489    u_rx/Q
    SLICE_X4Y170         LUT5 (Prop_lut5_I1_O)        0.035    24.524 r  u_rx/dest_port[15]_i_2/O
                         net (fo=1, routed)           0.743    25.268    u_rx/n_0_dest_port[15]_i_2
    SLICE_X4Y170         LUT5 (Prop_lut5_I4_O)        0.035    25.303 r  u_rx/dest_port[15]_i_1/O
                         net (fo=16, routed)          0.702    26.005    u_rx/n_0_dest_port[15]_i_1
    SLICE_X1Y173         FDRE                                         r  u_rx/dest_port_reg[13]/CE
  -------------------------------------------------------------------    -------------------

                         (clock E_RXC rise edge)     24.000    24.000 r  
    J26                                               0.000    24.000 r  E_RXC
                         net (fo=0)                   0.000    24.000    E_RXC
    J26                  IBUF (Prop_ibuf_I_O)         0.465    24.465 r  E_RXC_IBUF_inst/O
                         net (fo=1, routed)           1.405    25.870    E_RXC_IBUF
    BUFGCTRL_X0Y1        BUFG (Prop_bufg_I_O)         0.026    25.896 r  u_bufg_rxc/O
                         net (fo=129, routed)         0.612    26.508    u_rx/e_rxc_bufg
    SLICE_X1Y173                                                      r  u_rx/dest_port_reg[13]/C
                         clock pessimism              0.000    26.508    
                         clock uncertainty           -0.164    26.344    
    SLICE_X1Y173         FDRE (Setup_fdre_C_CE)      -0.119    26.225    u_rx/dest_port_reg[13]
  -------------------------------------------------------------------
                         required time                         26.225    
                         arrival time                         -26.005    
  -------------------------------------------------------------------
                         slack                                  0.220    

Slack (MET) :             0.220ns  (required time - arrival time)
  Source:                 phy_rst_n_reg/C
                            (rising edge-triggered cell FDCE clocked by clk_out1_clk_wiz_0  {rise@0.000ns fall@10.000ns period=20.000ns})
  Destination:            u_rx/dest_port_reg[14]/CE
                            (rising edge-triggered cell FDRE clocked by E_RXC  {rise@0.000ns fall@4.000ns period=8.000ns})
  Path Group:             E_RXC
  Path Type:              Setup (Max at Fast Process Corner)
  Requirement:            4.000ns  (E_RXC rise@24.000ns - clk_out1_clk_wiz_0 rise@20.000ns)
  Data Path Delay:        6.670ns  (logic 0.217ns (3.253%)  route 6.453ns (96.747%))
  Logic Levels:           2  (LUT5=2)
  Clock Path Skew:        3.173ns (DCD - SCD + CPR)
    Destination Clock Delay (DCD):    2.508ns = ( 26.508 - 24.000 ) 
    Source Clock Delay      (SCD):    -0.665ns = ( 19.335 - 20.000 ) 
    Clock Pessimism Removal (CPR):    0.000ns
  Clock Uncertainty:      0.164ns  ((TSJ^2 + DJ^2)^1/2) / 2 + PE
    Total System Jitter     (TSJ):    0.071ns
    Discrete Jitter          (DJ):    0.129ns
    Phase Error              (PE):    0.090ns
  Clock Domain Crossing:  Inter clock paths are considered valid unless explicitly excluded by timing constraints such as set_clock_groups or set_false_path.

    Location             Delay type                Incr(ns)  Path(ns)    Netlist Resource(s)
  -------------------------------------------------------------------    -------------------
                         (clock clk_out1_clk_wiz_0 rise edge)
                                                     20.000    20.000 r  
    AE10                                              0.000    20.000 r  sys_clk_p
                         net (fo=0)                   0.000    20.000    u_clk_wiz/inst/clk_in1_p
    AE10                 IBUFDS (Prop_ibufds_I_O)     0.432    20.432 r  u_clk_wiz/inst/clkin1_ibufgds/O
                         net (fo=1, routed)           0.553    20.985    u_clk_wiz/inst/clk_in1_clk_wiz_0
    MMCME2_ADV_X1Y1      MMCME2_ADV (Prop_mmcme2_adv_CLKIN1_CLKOUT0)
                                                     -3.493    17.492 r  u_clk_wiz/inst/mmcm_adv_inst/CLKOUT0
                         net (fo=1, routed)           1.007    18.499    u_clk_wiz/inst/clk_out1_clk_wiz_0
    BUFGCTRL_X0Y2        BUFG (Prop_bufg_I_O)         0.030    18.529 r  u_clk_wiz/inst/clkout1_buf/O
                         net (fo=21, routed)          0.806    19.335    clk_out1
    SLICE_X74Y113                                                     r  phy_rst_n_reg/C
  -------------------------------------------------------------------    -------------------
    SLICE_X74Y113        FDCE (Prop_fdce_C_Q)         0.147    19.482 r  phy_rst_n_reg/Q
                         net (fo=10, routed)          5.008    24.489    u_rx/Q
    SLICE_X4Y170         LUT5 (Prop_lut5_I1_O)        0.035    24.524 r  u_rx/dest_port[15]_i_2/O
                         net (fo=1, routed)           0.743    25.268    u_rx/n_0_dest_port[15]_i_2
    SLICE_X4Y170         LUT5 (Prop_lut5_I4_O)        0.035    25.303 r  u_rx/dest_port[15]_i_1/O
                         net (fo=16, routed)          0.702    26.005    u_rx/n_0_dest_port[15]_i_1
    SLICE_X1Y173         FDRE                                         r  u_rx/dest_port_reg[14]/CE
  -------------------------------------------------------------------    -------------------

                         (clock E_RXC rise edge)     24.000    24.000 r  
    J26                                               0.000    24.000 r  E_RXC
                         net (fo=0)                   0.000    24.000    E_RXC
    J26                  IBUF (Prop_ibuf_I_O)         0.465    24.465 r  E_RXC_IBUF_inst/O
                         net (fo=1, routed)           1.405    25.870    E_RXC_IBUF
    BUFGCTRL_X0Y1        BUFG (Prop_bufg_I_O)         0.026    25.896 r  u_bufg_rxc/O
                         net (fo=129, routed)         0.612    26.508    u_rx/e_rxc_bufg
    SLICE_X1Y173                                                      r  u_rx/dest_port_reg[14]/C
                         clock pessimism              0.000    26.508    
                         clock uncertainty           -0.164    26.344    
    SLICE_X1Y173         FDRE (Setup_fdre_C_CE)      -0.119    26.225    u_rx/dest_port_reg[14]
  -------------------------------------------------------------------
                         required time                         26.225    
                         arrival time                         -26.005    
  -------------------------------------------------------------------
                         slack                                  0.220    

Slack (MET) :             0.220ns  (required time - arrival time)
  Source:                 phy_rst_n_reg/C
                            (rising edge-triggered cell FDCE clocked by clk_out1_clk_wiz_0  {rise@0.000ns fall@10.000ns period=20.000ns})
  Destination:            u_rx/dest_port_reg[15]/CE
                            (rising edge-triggered cell FDRE clocked by E_RXC  {rise@0.000ns fall@4.000ns period=8.000ns})
  Path Group:             E_RXC
  Path Type:              Setup (Max at Fast Process Corner)
  Requirement:            4.000ns  (E_RXC rise@24.000ns - clk_out1_clk_wiz_0 rise@20.000ns)
  Data Path Delay:        6.670ns  (logic 0.217ns (3.253%)  route 6.453ns (96.747%))
  Logic Levels:           2  (LUT5=2)
  Clock Path Skew:        3.173ns (DCD - SCD + CPR)
    Destination Clock Delay (DCD):    2.508ns = ( 26.508 - 24.000 ) 
    Source Clock Delay      (SCD):    -0.665ns = ( 19.335 - 20.000 ) 
    Clock Pessimism Removal (CPR):    0.000ns
  Clock Uncertainty:      0.164ns  ((TSJ^2 + DJ^2)^1/2) / 2 + PE
    Total System Jitter     (TSJ):    0.071ns
    Discrete Jitter          (DJ):    0.129ns
    Phase Error              (PE):    0.090ns
  Clock Domain Crossing:  Inter clock paths are considered valid unless explicitly excluded by timing constraints such as set_clock_groups or set_false_path.

    Location             Delay type                Incr(ns)  Path(ns)    Netlist Resource(s)
  -------------------------------------------------------------------    -------------------
                         (clock clk_out1_clk_wiz_0 rise edge)
                                                     20.000    20.000 r  
    AE10                                              0.000    20.000 r  sys_clk_p
                         net (fo=0)                   0.000    20.000    u_clk_wiz/inst/clk_in1_p
    AE10                 IBUFDS (Prop_ibufds_I_O)     0.432    20.432 r  u_clk_wiz/inst/clkin1_ibufgds/O
                         net (fo=1, routed)           0.553    20.985    u_clk_wiz/inst/clk_in1_clk_wiz_0
    MMCME2_ADV_X1Y1      MMCME2_ADV (Prop_mmcme2_adv_CLKIN1_CLKOUT0)
                                                     -3.493    17.492 r  u_clk_wiz/inst/mmcm_adv_inst/CLKOUT0
                         net (fo=1, routed)           1.007    18.499    u_clk_wiz/inst/clk_out1_clk_wiz_0
    BUFGCTRL_X0Y2        BUFG (Prop_bufg_I_O)         0.030    18.529 r  u_clk_wiz/inst/clkout1_buf/O
                         net (fo=21, routed)          0.806    19.335    clk_out1
    SLICE_X74Y113                                                     r  phy_rst_n_reg/C
  -------------------------------------------------------------------    -------------------
    SLICE_X74Y113        FDCE (Prop_fdce_C_Q)         0.147    19.482 r  phy_rst_n_reg/Q
                         net (fo=10, routed)          5.008    24.489    u_rx/Q
    SLICE_X4Y170         LUT5 (Prop_lut5_I1_O)        0.035    24.524 r  u_rx/dest_port[15]_i_2/O
                         net (fo=1, routed)           0.743    25.268    u_rx/n_0_dest_port[15]_i_2
    SLICE_X4Y170         LUT5 (Prop_lut5_I4_O)        0.035    25.303 r  u_rx/dest_port[15]_i_1/O
                         net (fo=16, routed)          0.702    26.005    u_rx/n_0_dest_port[15]_i_1
    SLICE_X1Y173         FDRE                                         r  u_rx/dest_port_reg[15]/CE
  -------------------------------------------------------------------    -------------------

                         (clock E_RXC rise edge)     24.000    24.000 r  
    J26                                               0.000    24.000 r  E_RXC
                         net (fo=0)                   0.000    24.000    E_RXC
    J26                  IBUF (Prop_ibuf_I_O)         0.465    24.465 r  E_RXC_IBUF_inst/O
                         net (fo=1, routed)           1.405    25.870    E_RXC_IBUF
    BUFGCTRL_X0Y1        BUFG (Prop_bufg_I_O)         0.026    25.896 r  u_bufg_rxc/O
                         net (fo=129, routed)         0.612    26.508    u_rx/e_rxc_bufg
    SLICE_X1Y173                                                      r  u_rx/dest_port_reg[15]/C
                         clock pessimism              0.000    26.508    
                         clock uncertainty           -0.164    26.344    
    SLICE_X1Y173         FDRE (Setup_fdre_C_CE)      -0.119    26.225    u_rx/dest_port_reg[15]
  -------------------------------------------------------------------
                         required time                         26.225    
                         arrival time                         -26.005    
  -------------------------------------------------------------------
                         slack                                  0.220    

Slack (MET) :             0.220ns  (required time - arrival time)
  Source:                 phy_rst_n_reg/C
                            (rising edge-triggered cell FDCE clocked by clk_out1_clk_wiz_0  {rise@0.000ns fall@10.000ns period=20.000ns})
  Destination:            u_rx/dest_port_reg[2]/CE
                            (rising edge-triggered cell FDRE clocked by E_RXC  {rise@0.000ns fall@4.000ns period=8.000ns})
  Path Group:             E_RXC
  Path Type:              Setup (Max at Fast Process Corner)
  Requirement:            4.000ns  (E_RXC rise@24.000ns - clk_out1_clk_wiz_0 rise@20.000ns)
  Data Path Delay:        6.670ns  (logic 0.217ns (3.253%)  route 6.453ns (96.747%))
  Logic Levels:           2  (LUT5=2)
  Clock Path Skew:        3.173ns (DCD - SCD + CPR)
    Destination Clock Delay (DCD):    2.508ns = ( 26.508 - 24.000 ) 
    Source Clock Delay      (SCD):    -0.665ns = ( 19.335 - 20.000 ) 
    Clock Pessimism Removal (CPR):    0.000ns
  Clock Uncertainty:      0.164ns  ((TSJ^2 + DJ^2)^1/2) / 2 + PE
    Total System Jitter     (TSJ):    0.071ns
    Discrete Jitter          (DJ):    0.129ns
    Phase Error              (PE):    0.090ns
  Clock Domain Crossing:  Inter clock paths are considered valid unless explicitly excluded by timing constraints such as set_clock_groups or set_false_path.

    Location             Delay type                Incr(ns)  Path(ns)    Netlist Resource(s)
  -------------------------------------------------------------------    -------------------
                         (clock clk_out1_clk_wiz_0 rise edge)
                                                     20.000    20.000 r  
    AE10                                              0.000    20.000 r  sys_clk_p
                         net (fo=0)                   0.000    20.000    u_clk_wiz/inst/clk_in1_p
    AE10                 IBUFDS (Prop_ibufds_I_O)     0.432    20.432 r  u_clk_wiz/inst/clkin1_ibufgds/O
                         net (fo=1, routed)           0.553    20.985    u_clk_wiz/inst/clk_in1_clk_wiz_0
    MMCME2_ADV_X1Y1      MMCME2_ADV (Prop_mmcme2_adv_CLKIN1_CLKOUT0)
                                                     -3.493    17.492 r  u_clk_wiz/inst/mmcm_adv_inst/CLKOUT0
                         net (fo=1, routed)           1.007    18.499    u_clk_wiz/inst/clk_out1_clk_wiz_0
    BUFGCTRL_X0Y2        BUFG (Prop_bufg_I_O)         0.030    18.529 r  u_clk_wiz/inst/clkout1_buf/O
                         net (fo=21, routed)          0.806    19.335    clk_out1
    SLICE_X74Y113                                                     r  phy_rst_n_reg/C
  -------------------------------------------------------------------    -------------------
    SLICE_X74Y113        FDCE (Prop_fdce_C_Q)         0.147    19.482 r  phy_rst_n_reg/Q
                         net (fo=10, routed)          5.008    24.489    u_rx/Q
    SLICE_X4Y170         LUT5 (Prop_lut5_I1_O)        0.035    24.524 r  u_rx/dest_port[15]_i_2/O
                         net (fo=1, routed)           0.743    25.268    u_rx/n_0_dest_port[15]_i_2
    SLICE_X4Y170         LUT5 (Prop_lut5_I4_O)        0.035    25.303 r  u_rx/dest_port[15]_i_1/O
                         net (fo=16, routed)          0.702    26.005    u_rx/n_0_dest_port[15]_i_1
    SLICE_X1Y173         FDRE                                         r  u_rx/dest_port_reg[2]/CE
  -------------------------------------------------------------------    -------------------

                         (clock E_RXC rise edge)     24.000    24.000 r  
    J26                                               0.000    24.000 r  E_RXC
                         net (fo=0)                   0.000    24.000    E_RXC
    J26                  IBUF (Prop_ibuf_I_O)         0.465    24.465 r  E_RXC_IBUF_inst/O
                         net (fo=1, routed)           1.405    25.870    E_RXC_IBUF
    BUFGCTRL_X0Y1        BUFG (Prop_bufg_I_O)         0.026    25.896 r  u_bufg_rxc/O
                         net (fo=129, routed)         0.612    26.508    u_rx/e_rxc_bufg
    SLICE_X1Y173                                                      r  u_rx/dest_port_reg[2]/C
                         clock pessimism              0.000    26.508    
                         clock uncertainty           -0.164    26.344    
    SLICE_X1Y173         FDRE (Setup_fdre_C_CE)      -0.119    26.225    u_rx/dest_port_reg[2]
  -------------------------------------------------------------------
                         required time                         26.225    
                         arrival time                         -26.005    
  -------------------------------------------------------------------
                         slack                                  0.220    

Slack (MET) :             0.220ns  (required time - arrival time)
  Source:                 phy_rst_n_reg/C
                            (rising edge-triggered cell FDCE clocked by clk_out1_clk_wiz_0  {rise@0.000ns fall@10.000ns period=20.000ns})
  Destination:            u_rx/dest_port_reg[3]/CE
                            (rising edge-triggered cell FDRE clocked by E_RXC  {rise@0.000ns fall@4.000ns period=8.000ns})
  Path Group:             E_RXC
  Path Type:              Setup (Max at Fast Process Corner)
  Requirement:            4.000ns  (E_RXC rise@24.000ns - clk_out1_clk_wiz_0 rise@20.000ns)
  Data Path Delay:        6.670ns  (logic 0.217ns (3.253%)  route 6.453ns (96.747%))
  Logic Levels:           2  (LUT5=2)
  Clock Path Skew:        3.173ns (DCD - SCD + CPR)
    Destination Clock Delay (DCD):    2.508ns = ( 26.508 - 24.000 ) 
    Source Clock Delay      (SCD):    -0.665ns = ( 19.335 - 20.000 ) 
    Clock Pessimism Removal (CPR):    0.000ns
  Clock Uncertainty:      0.164ns  ((TSJ^2 + DJ^2)^1/2) / 2 + PE
    Total System Jitter     (TSJ):    0.071ns
    Discrete Jitter          (DJ):    0.129ns
    Phase Error              (PE):    0.090ns
  Clock Domain Crossing:  Inter clock paths are considered valid unless explicitly excluded by timing constraints such as set_clock_groups or set_false_path.

    Location             Delay type                Incr(ns)  Path(ns)    Netlist Resource(s)
  -------------------------------------------------------------------    -------------------
                         (clock clk_out1_clk_wiz_0 rise edge)
                                                     20.000    20.000 r  
    AE10                                              0.000    20.000 r  sys_clk_p
                         net (fo=0)                   0.000    20.000    u_clk_wiz/inst/clk_in1_p
    AE10                 IBUFDS (Prop_ibufds_I_O)     0.432    20.432 r  u_clk_wiz/inst/clkin1_ibufgds/O
                         net (fo=1, routed)           0.553    20.985    u_clk_wiz/inst/clk_in1_clk_wiz_0
    MMCME2_ADV_X1Y1      MMCME2_ADV (Prop_mmcme2_adv_CLKIN1_CLKOUT0)
                                                     -3.493    17.492 r  u_clk_wiz/inst/mmcm_adv_inst/CLKOUT0
                         net (fo=1, routed)           1.007    18.499    u_clk_wiz/inst/clk_out1_clk_wiz_0
    BUFGCTRL_X0Y2        BUFG (Prop_bufg_I_O)         0.030    18.529 r  u_clk_wiz/inst/clkout1_buf/O
                         net (fo=21, routed)          0.806    19.335    clk_out1
    SLICE_X74Y113                                                     r  phy_rst_n_reg/C
  -------------------------------------------------------------------    -------------------
    SLICE_X74Y113        FDCE (Prop_fdce_C_Q)         0.147    19.482 r  phy_rst_n_reg/Q
                         net (fo=10, routed)          5.008    24.489    u_rx/Q
    SLICE_X4Y170         LUT5 (Prop_lut5_I1_O)        0.035    24.524 r  u_rx/dest_port[15]_i_2/O
                         net (fo=1, routed)           0.743    25.268    u_rx/n_0_dest_port[15]_i_2
    SLICE_X4Y170         LUT5 (Prop_lut5_I4_O)        0.035    25.303 r  u_rx/dest_port[15]_i_1/O
                         net (fo=16, routed)          0.702    26.005    u_rx/n_0_dest_port[15]_i_1
    SLICE_X1Y173         FDRE                                         r  u_rx/dest_port_reg[3]/CE
  -------------------------------------------------------------------    -------------------

                         (clock E_RXC rise edge)     24.000    24.000 r  
    J26                                               0.000    24.000 r  E_RXC
                         net (fo=0)                   0.000    24.000    E_RXC
    J26                  IBUF (Prop_ibuf_I_O)         0.465    24.465 r  E_RXC_IBUF_inst/O
                         net (fo=1, routed)           1.405    25.870    E_RXC_IBUF
    BUFGCTRL_X0Y1        BUFG (Prop_bufg_I_O)         0.026    25.896 r  u_bufg_rxc/O
                         net (fo=129, routed)         0.612    26.508    u_rx/e_rxc_bufg
    SLICE_X1Y173                                                      r  u_rx/dest_port_reg[3]/C
                         clock pessimism              0.000    26.508    
                         clock uncertainty           -0.164    26.344    
    SLICE_X1Y173         FDRE (Setup_fdre_C_CE)      -0.119    26.225    u_rx/dest_port_reg[3]
  -------------------------------------------------------------------
                         required time                         26.225    
                         arrival time                         -26.005    
  -------------------------------------------------------------------
                         slack                                  0.220    

Slack (MET) :             0.220ns  (required time - arrival time)
  Source:                 phy_rst_n_reg/C
                            (rising edge-triggered cell FDCE clocked by clk_out1_clk_wiz_0  {rise@0.000ns fall@10.000ns period=20.000ns})
  Destination:            u_rx/dest_port_reg[5]/CE
                            (rising edge-triggered cell FDRE clocked by E_RXC  {rise@0.000ns fall@4.000ns period=8.000ns})
  Path Group:             E_RXC
  Path Type:              Setup (Max at Fast Process Corner)
  Requirement:            4.000ns  (E_RXC rise@24.000ns - clk_out1_clk_wiz_0 rise@20.000ns)
  Data Path Delay:        6.670ns  (logic 0.217ns (3.253%)  route 6.453ns (96.747%))
  Logic Levels:           2  (LUT5=2)
  Clock Path Skew:        3.173ns (DCD - SCD + CPR)
    Destination Clock Delay (DCD):    2.508ns = ( 26.508 - 24.000 ) 
    Source Clock Delay      (SCD):    -0.665ns = ( 19.335 - 20.000 ) 
    Clock Pessimism Removal (CPR):    0.000ns
  Clock Uncertainty:      0.164ns  ((TSJ^2 + DJ^2)^1/2) / 2 + PE
    Total System Jitter     (TSJ):    0.071ns
    Discrete Jitter          (DJ):    0.129ns
    Phase Error              (PE):    0.090ns
  Clock Domain Crossing:  Inter clock paths are considered valid unless explicitly excluded by timing constraints such as set_clock_groups or set_false_path.

    Location             Delay type                Incr(ns)  Path(ns)    Netlist Resource(s)
  -------------------------------------------------------------------    -------------------
                         (clock clk_out1_clk_wiz_0 rise edge)
                                                     20.000    20.000 r  
    AE10                                              0.000    20.000 r  sys_clk_p
                         net (fo=0)                   0.000    20.000    u_clk_wiz/inst/clk_in1_p
    AE10                 IBUFDS (Prop_ibufds_I_O)     0.432    20.432 r  u_clk_wiz/inst/clkin1_ibufgds/O
                         net (fo=1, routed)           0.553    20.985    u_clk_wiz/inst/clk_in1_clk_wiz_0
    MMCME2_ADV_X1Y1      MMCME2_ADV (Prop_mmcme2_adv_CLKIN1_CLKOUT0)
                                                     -3.493    17.492 r  u_clk_wiz/inst/mmcm_adv_inst/CLKOUT0
                         net (fo=1, routed)           1.007    18.499    u_clk_wiz/inst/clk_out1_clk_wiz_0
    BUFGCTRL_X0Y2        BUFG (Prop_bufg_I_O)         0.030    18.529 r  u_clk_wiz/inst/clkout1_buf/O
                         net (fo=21, routed)          0.806    19.335    clk_out1
    SLICE_X74Y113                                                     r  phy_rst_n_reg/C
  -------------------------------------------------------------------    -------------------
    SLICE_X74Y113        FDCE (Prop_fdce_C_Q)         0.147    19.482 r  phy_rst_n_reg/Q
                         net (fo=10, routed)          5.008    24.489    u_rx/Q
    SLICE_X4Y170         LUT5 (Prop_lut5_I1_O)        0.035    24.524 r  u_rx/dest_port[15]_i_2/O
                         net (fo=1, routed)           0.743    25.268    u_rx/n_0_dest_port[15]_i_2
    SLICE_X4Y170         LUT5 (Prop_lut5_I4_O)        0.035    25.303 r  u_rx/dest_port[15]_i_1/O
                         net (fo=16, routed)          0.702    26.005    u_rx/n_0_dest_port[15]_i_1
    SLICE_X1Y173         FDRE                                         r  u_rx/dest_port_reg[5]/CE
  -------------------------------------------------------------------    -------------------

                         (clock E_RXC rise edge)     24.000    24.000 r  
    J26                                               0.000    24.000 r  E_RXC
                         net (fo=0)                   0.000    24.000    E_RXC
    J26                  IBUF (Prop_ibuf_I_O)         0.465    24.465 r  E_RXC_IBUF_inst/O
                         net (fo=1, routed)           1.405    25.870    E_RXC_IBUF
    BUFGCTRL_X0Y1        BUFG (Prop_bufg_I_O)         0.026    25.896 r  u_bufg_rxc/O
                         net (fo=129, routed)         0.612    26.508    u_rx/e_rxc_bufg
    SLICE_X1Y173                                                      r  u_rx/dest_port_reg[5]/C
                         clock pessimism              0.000    26.508    
                         clock uncertainty           -0.164    26.344    
    SLICE_X1Y173         FDRE (Setup_fdre_C_CE)      -0.119    26.225    u_rx/dest_port_reg[5]
  -------------------------------------------------------------------
                         required time                         26.225    
                         arrival time                         -26.005    
  -------------------------------------------------------------------
                         slack                                  0.220    

Slack (MET) :             0.220ns  (required time - arrival time)
  Source:                 phy_rst_n_reg/C
                            (rising edge-triggered cell FDCE clocked by clk_out1_clk_wiz_0  {rise@0.000ns fall@10.000ns period=20.000ns})
  Destination:            u_rx/dest_port_reg[6]/CE
                            (rising edge-triggered cell FDRE clocked by E_RXC  {rise@0.000ns fall@4.000ns period=8.000ns})
  Path Group:             E_RXC
  Path Type:              Setup (Max at Fast Process Corner)
  Requirement:            4.000ns  (E_RXC rise@24.000ns - clk_out1_clk_wiz_0 rise@20.000ns)
  Data Path Delay:        6.670ns  (logic 0.217ns (3.253%)  route 6.453ns (96.747%))
  Logic Levels:           2  (LUT5=2)
  Clock Path Skew:        3.173ns (DCD - SCD + CPR)
    Destination Clock Delay (DCD):    2.508ns = ( 26.508 - 24.000 ) 
    Source Clock Delay      (SCD):    -0.665ns = ( 19.335 - 20.000 ) 
    Clock Pessimism Removal (CPR):    0.000ns
  Clock Uncertainty:      0.164ns  ((TSJ^2 + DJ^2)^1/2) / 2 + PE
    Total System Jitter     (TSJ):    0.071ns
    Discrete Jitter          (DJ):    0.129ns
    Phase Error              (PE):    0.090ns
  Clock Domain Crossing:  Inter clock paths are considered valid unless explicitly excluded by timing constraints such as set_clock_groups or set_false_path.

    Location             Delay type                Incr(ns)  Path(ns)    Netlist Resource(s)
  -------------------------------------------------------------------    -------------------
                         (clock clk_out1_clk_wiz_0 rise edge)
                                                     20.000    20.000 r  
    AE10                                              0.000    20.000 r  sys_clk_p
                         net (fo=0)                   0.000    20.000    u_clk_wiz/inst/clk_in1_p
    AE10                 IBUFDS (Prop_ibufds_I_O)     0.432    20.432 r  u_clk_wiz/inst/clkin1_ibufgds/O
                         net (fo=1, routed)           0.553    20.985    u_clk_wiz/inst/clk_in1_clk_wiz_0
    MMCME2_ADV_X1Y1      MMCME2_ADV (Prop_mmcme2_adv_CLKIN1_CLKOUT0)
                                                     -3.493    17.492 r  u_clk_wiz/inst/mmcm_adv_inst/CLKOUT0
                         net (fo=1, routed)           1.007    18.499    u_clk_wiz/inst/clk_out1_clk_wiz_0
    BUFGCTRL_X0Y2        BUFG (Prop_bufg_I_O)         0.030    18.529 r  u_clk_wiz/inst/clkout1_buf/O
                         net (fo=21, routed)          0.806    19.335    clk_out1
    SLICE_X74Y113                                                     r  phy_rst_n_reg/C
  -------------------------------------------------------------------    -------------------
    SLICE_X74Y113        FDCE (Prop_fdce_C_Q)         0.147    19.482 r  phy_rst_n_reg/Q
                         net (fo=10, routed)          5.008    24.489    u_rx/Q
    SLICE_X4Y170         LUT5 (Prop_lut5_I1_O)        0.035    24.524 r  u_rx/dest_port[15]_i_2/O
                         net (fo=1, routed)           0.743    25.268    u_rx/n_0_dest_port[15]_i_2
    SLICE_X4Y170         LUT5 (Prop_lut5_I4_O)        0.035    25.303 r  u_rx/dest_port[15]_i_1/O
                         net (fo=16, routed)          0.702    26.005    u_rx/n_0_dest_port[15]_i_1
    SLICE_X1Y173         FDRE                                         r  u_rx/dest_port_reg[6]/CE
  -------------------------------------------------------------------    -------------------

                         (clock E_RXC rise edge)     24.000    24.000 r  
    J26                                               0.000    24.000 r  E_RXC
                         net (fo=0)                   0.000    24.000    E_RXC
    J26                  IBUF (Prop_ibuf_I_O)         0.465    24.465 r  E_RXC_IBUF_inst/O
                         net (fo=1, routed)           1.405    25.870    E_RXC_IBUF
    BUFGCTRL_X0Y1        BUFG (Prop_bufg_I_O)         0.026    25.896 r  u_bufg_rxc/O
                         net (fo=129, routed)         0.612    26.508    u_rx/e_rxc_bufg
    SLICE_X1Y173                                                      r  u_rx/dest_port_reg[6]/C
                         clock pessimism              0.000    26.508    
                         clock uncertainty           -0.164    26.344    
    SLICE_X1Y173         FDRE (Setup_fdre_C_CE)      -0.119    26.225    u_rx/dest_port_reg[6]
  -------------------------------------------------------------------
                         required time                         26.225    
                         arrival time                         -26.005    
  -------------------------------------------------------------------
                         slack                                  0.220    

Slack (MET) :             0.235ns  (required time - arrival time)
  Source:                 phy_rst_n_reg/C
                            (rising edge-triggered cell FDCE clocked by clk_out1_clk_wiz_0  {rise@0.000ns fall@10.000ns period=20.000ns})
  Destination:            u_rx/dest_port_reg[12]/CE
                            (rising edge-triggered cell FDRE clocked by E_RXC  {rise@0.000ns fall@4.000ns period=8.000ns})
  Path Group:             E_RXC
  Path Type:              Setup (Max at Fast Process Corner)
  Requirement:            4.000ns  (E_RXC rise@24.000ns - clk_out1_clk_wiz_0 rise@20.000ns)
  Data Path Delay:        6.658ns  (logic 0.217ns (3.259%)  route 6.441ns (96.741%))
  Logic Levels:           2  (LUT5=2)
  Clock Path Skew:        3.175ns (DCD - SCD + CPR)
    Destination Clock Delay (DCD):    2.510ns = ( 26.510 - 24.000 ) 
    Source Clock Delay      (SCD):    -0.665ns = ( 19.335 - 20.000 ) 
    Clock Pessimism Removal (CPR):    0.000ns
  Clock Uncertainty:      0.164ns  ((TSJ^2 + DJ^2)^1/2) / 2 + PE
    Total System Jitter     (TSJ):    0.071ns
    Discrete Jitter          (DJ):    0.129ns
    Phase Error              (PE):    0.090ns
  Clock Domain Crossing:  Inter clock paths are considered valid unless explicitly excluded by timing constraints such as set_clock_groups or set_false_path.

    Location             Delay type                Incr(ns)  Path(ns)    Netlist Resource(s)
  -------------------------------------------------------------------    -------------------
                         (clock clk_out1_clk_wiz_0 rise edge)
                                                     20.000    20.000 r  
    AE10                                              0.000    20.000 r  sys_clk_p
                         net (fo=0)                   0.000    20.000    u_clk_wiz/inst/clk_in1_p
    AE10                 IBUFDS (Prop_ibufds_I_O)     0.432    20.432 r  u_clk_wiz/inst/clkin1_ibufgds/O
                         net (fo=1, routed)           0.553    20.985    u_clk_wiz/inst/clk_in1_clk_wiz_0
    MMCME2_ADV_X1Y1      MMCME2_ADV (Prop_mmcme2_adv_CLKIN1_CLKOUT0)
                                                     -3.493    17.492 r  u_clk_wiz/inst/mmcm_adv_inst/CLKOUT0
                         net (fo=1, routed)           1.007    18.499    u_clk_wiz/inst/clk_out1_clk_wiz_0
    BUFGCTRL_X0Y2        BUFG (Prop_bufg_I_O)         0.030    18.529 r  u_clk_wiz/inst/clkout1_buf/O
                         net (fo=21, routed)          0.806    19.335    clk_out1
    SLICE_X74Y113                                                     r  phy_rst_n_reg/C
  -------------------------------------------------------------------    -------------------
    SLICE_X74Y113        FDCE (Prop_fdce_C_Q)         0.147    19.482 r  phy_rst_n_reg/Q
                         net (fo=10, routed)          5.008    24.489    u_rx/Q
    SLICE_X4Y170         LUT5 (Prop_lut5_I1_O)        0.035    24.524 r  u_rx/dest_port[15]_i_2/O
                         net (fo=1, routed)           0.743    25.268    u_rx/n_0_dest_port[15]_i_2
    SLICE_X4Y170         LUT5 (Prop_lut5_I4_O)        0.035    25.303 r  u_rx/dest_port[15]_i_1/O
                         net (fo=16, routed)          0.689    25.992    u_rx/n_0_dest_port[15]_i_1
    SLICE_X0Y171         FDRE                                         r  u_rx/dest_port_reg[12]/CE
  -------------------------------------------------------------------    -------------------

                         (clock E_RXC rise edge)     24.000    24.000 r  
    J26                                               0.000    24.000 r  E_RXC
                         net (fo=0)                   0.000    24.000    E_RXC
    J26                  IBUF (Prop_ibuf_I_O)         0.465    24.465 r  E_RXC_IBUF_inst/O
                         net (fo=1, routed)           1.405    25.870    E_RXC_IBUF
    BUFGCTRL_X0Y1        BUFG (Prop_bufg_I_O)         0.026    25.896 r  u_bufg_rxc/O
                         net (fo=129, routed)         0.614    26.510    u_rx/e_rxc_bufg
    SLICE_X0Y171                                                      r  u_rx/dest_port_reg[12]/C
                         clock pessimism              0.000    26.510    
                         clock uncertainty           -0.164    26.346    
    SLICE_X0Y171         FDRE (Setup_fdre_C_CE)      -0.119    26.227    u_rx/dest_port_reg[12]
  -------------------------------------------------------------------
                         required time                         26.227    
                         arrival time                         -25.992    
  -------------------------------------------------------------------
                         slack                                  0.235    

Slack (MET) :             0.235ns  (required time - arrival time)
  Source:                 phy_rst_n_reg/C
                            (rising edge-triggered cell FDCE clocked by clk_out1_clk_wiz_0  {rise@0.000ns fall@10.000ns period=20.000ns})
  Destination:            u_rx/dest_port_reg[7]/CE
                            (rising edge-triggered cell FDRE clocked by E_RXC  {rise@0.000ns fall@4.000ns period=8.000ns})
  Path Group:             E_RXC
  Path Type:              Setup (Max at Fast Process Corner)
  Requirement:            4.000ns  (E_RXC rise@24.000ns - clk_out1_clk_wiz_0 rise@20.000ns)
  Data Path Delay:        6.658ns  (logic 0.217ns (3.259%)  route 6.441ns (96.741%))
  Logic Levels:           2  (LUT5=2)
  Clock Path Skew:        3.175ns (DCD - SCD + CPR)
    Destination Clock Delay (DCD):    2.510ns = ( 26.510 - 24.000 ) 
    Source Clock Delay      (SCD):    -0.665ns = ( 19.335 - 20.000 ) 
    Clock Pessimism Removal (CPR):    0.000ns
  Clock Uncertainty:      0.164ns  ((TSJ^2 + DJ^2)^1/2) / 2 + PE
    Total System Jitter     (TSJ):    0.071ns
    Discrete Jitter          (DJ):    0.129ns
    Phase Error              (PE):    0.090ns
  Clock Domain Crossing:  Inter clock paths are considered valid unless explicitly excluded by timing constraints such as set_clock_groups or set_false_path.

    Location             Delay type                Incr(ns)  Path(ns)    Netlist Resource(s)
  -------------------------------------------------------------------    -------------------
                         (clock clk_out1_clk_wiz_0 rise edge)
                                                     20.000    20.000 r  
    AE10                                              0.000    20.000 r  sys_clk_p
                         net (fo=0)                   0.000    20.000    u_clk_wiz/inst/clk_in1_p
    AE10                 IBUFDS (Prop_ibufds_I_O)     0.432    20.432 r  u_clk_wiz/inst/clkin1_ibufgds/O
                         net (fo=1, routed)           0.553    20.985    u_clk_wiz/inst/clk_in1_clk_wiz_0
    MMCME2_ADV_X1Y1      MMCME2_ADV (Prop_mmcme2_adv_CLKIN1_CLKOUT0)
                                                     -3.493    17.492 r  u_clk_wiz/inst/mmcm_adv_inst/CLKOUT0
                         net (fo=1, routed)           1.007    18.499    u_clk_wiz/inst/clk_out1_clk_wiz_0
    BUFGCTRL_X0Y2        BUFG (Prop_bufg_I_O)         0.030    18.529 r  u_clk_wiz/inst/clkout1_buf/O
                         net (fo=21, routed)          0.806    19.335    clk_out1
    SLICE_X74Y113                                                     r  phy_rst_n_reg/C
  -------------------------------------------------------------------    -------------------
    SLICE_X74Y113        FDCE (Prop_fdce_C_Q)         0.147    19.482 r  phy_rst_n_reg/Q
                         net (fo=10, routed)          5.008    24.489    u_rx/Q
    SLICE_X4Y170         LUT5 (Prop_lut5_I1_O)        0.035    24.524 r  u_rx/dest_port[15]_i_2/O
                         net (fo=1, routed)           0.743    25.268    u_rx/n_0_dest_port[15]_i_2
    SLICE_X4Y170         LUT5 (Prop_lut5_I4_O)        0.035    25.303 r  u_rx/dest_port[15]_i_1/O
                         net (fo=16, routed)          0.689    25.992    u_rx/n_0_dest_port[15]_i_1
    SLICE_X0Y171         FDRE                                         r  u_rx/dest_port_reg[7]/CE
  -------------------------------------------------------------------    -------------------

                         (clock E_RXC rise edge)     24.000    24.000 r  
    J26                                               0.000    24.000 r  E_RXC
                         net (fo=0)                   0.000    24.000    E_RXC
    J26                  IBUF (Prop_ibuf_I_O)         0.465    24.465 r  E_RXC_IBUF_inst/O
                         net (fo=1, routed)           1.405    25.870    E_RXC_IBUF
    BUFGCTRL_X0Y1        BUFG (Prop_bufg_I_O)         0.026    25.896 r  u_bufg_rxc/O
                         net (fo=129, routed)         0.614    26.510    u_rx/e_rxc_bufg
    SLICE_X0Y171                                                      r  u_rx/dest_port_reg[7]/C
                         clock pessimism              0.000    26.510    
                         clock uncertainty           -0.164    26.346    
    SLICE_X0Y171         FDRE (Setup_fdre_C_CE)      -0.119    26.227    u_rx/dest_port_reg[7]
  -------------------------------------------------------------------
                         required time                         26.227    
                         arrival time                         -25.992    
  -------------------------------------------------------------------
                         slack                                  0.235    

Slack (MET) :             0.276ns  (required time - arrival time)
  Source:                 phy_rst_n_reg/C
                            (rising edge-triggered cell FDCE clocked by clk_out1_clk_wiz_0  {rise@0.000ns fall@10.000ns period=20.000ns})
  Destination:            u_rx/dest_port_reg[11]/CE
                            (rising edge-triggered cell FDRE clocked by E_RXC  {rise@0.000ns fall@4.000ns period=8.000ns})
  Path Group:             E_RXC
  Path Type:              Setup (Max at Fast Process Corner)
  Requirement:            4.000ns  (E_RXC rise@24.000ns - clk_out1_clk_wiz_0 rise@20.000ns)
  Data Path Delay:        6.613ns  (logic 0.217ns (3.281%)  route 6.396ns (96.719%))
  Logic Levels:           2  (LUT5=2)
  Clock Path Skew:        3.172ns (DCD - SCD + CPR)
    Destination Clock Delay (DCD):    2.507ns = ( 26.507 - 24.000 ) 
    Source Clock Delay      (SCD):    -0.665ns = ( 19.335 - 20.000 ) 
    Clock Pessimism Removal (CPR):    0.000ns
  Clock Uncertainty:      0.164ns  ((TSJ^2 + DJ^2)^1/2) / 2 + PE
    Total System Jitter     (TSJ):    0.071ns
    Discrete Jitter          (DJ):    0.129ns
    Phase Error              (PE):    0.090ns
  Clock Domain Crossing:  Inter clock paths are considered valid unless explicitly excluded by timing constraints such as set_clock_groups or set_false_path.

    Location             Delay type                Incr(ns)  Path(ns)    Netlist Resource(s)
  -------------------------------------------------------------------    -------------------
                         (clock clk_out1_clk_wiz_0 rise edge)
                                                     20.000    20.000 r  
    AE10                                              0.000    20.000 r  sys_clk_p
                         net (fo=0)                   0.000    20.000    u_clk_wiz/inst/clk_in1_p
    AE10                 IBUFDS (Prop_ibufds_I_O)     0.432    20.432 r  u_clk_wiz/inst/clkin1_ibufgds/O
                         net (fo=1, routed)           0.553    20.985    u_clk_wiz/inst/clk_in1_clk_wiz_0
    MMCME2_ADV_X1Y1      MMCME2_ADV (Prop_mmcme2_adv_CLKIN1_CLKOUT0)
                                                     -3.493    17.492 r  u_clk_wiz/inst/mmcm_adv_inst/CLKOUT0
                         net (fo=1, routed)           1.007    18.499    u_clk_wiz/inst/clk_out1_clk_wiz_0
    BUFGCTRL_X0Y2        BUFG (Prop_bufg_I_O)         0.030    18.529 r  u_clk_wiz/inst/clkout1_buf/O
                         net (fo=21, routed)          0.806    19.335    clk_out1
    SLICE_X74Y113                                                     r  phy_rst_n_reg/C
  -------------------------------------------------------------------    -------------------
    SLICE_X74Y113        FDCE (Prop_fdce_C_Q)         0.147    19.482 r  phy_rst_n_reg/Q
                         net (fo=10, routed)          5.008    24.489    u_rx/Q
    SLICE_X4Y170         LUT5 (Prop_lut5_I1_O)        0.035    24.524 r  u_rx/dest_port[15]_i_2/O
                         net (fo=1, routed)           0.743    25.268    u_rx/n_0_dest_port[15]_i_2
    SLICE_X4Y170         LUT5 (Prop_lut5_I4_O)        0.035    25.303 r  u_rx/dest_port[15]_i_1/O
                         net (fo=16, routed)          0.645    25.948    u_rx/n_0_dest_port[15]_i_1
    SLICE_X4Y172         FDRE                                         r  u_rx/dest_port_reg[11]/CE
  -------------------------------------------------------------------    -------------------

                         (clock E_RXC rise edge)     24.000    24.000 r  
    J26                                               0.000    24.000 r  E_RXC
                         net (fo=0)                   0.000    24.000    E_RXC
    J26                  IBUF (Prop_ibuf_I_O)         0.465    24.465 r  E_RXC_IBUF_inst/O
                         net (fo=1, routed)           1.405    25.870    E_RXC_IBUF
    BUFGCTRL_X0Y1        BUFG (Prop_bufg_I_O)         0.026    25.896 r  u_bufg_rxc/O
                         net (fo=129, routed)         0.611    26.507    u_rx/e_rxc_bufg
    SLICE_X4Y172                                                      r  u_rx/dest_port_reg[11]/C
                         clock pessimism              0.000    26.507    
                         clock uncertainty           -0.164    26.343    
    SLICE_X4Y172         FDRE (Setup_fdre_C_CE)      -0.119    26.224    u_rx/dest_port_reg[11]
  -------------------------------------------------------------------
                         required time                         26.224    
                         arrival time                         -25.948    
  -------------------------------------------------------------------
                         slack                                  0.276    





Min Delay Paths
--------------------------------------------------------------------------------------
Slack (MET) :             0.535ns  (arrival time - required time)
  Source:                 phy_rst_n_reg/C
                            (rising edge-triggered cell FDCE clocked by clk_out1_clk_wiz_0  {rise@0.000ns fall@10.000ns period=20.000ns})
  Destination:            u_rx/dest_ip_reg[10]/CE
                            (rising edge-triggered cell FDRE clocked by E_RXC  {rise@0.000ns fall@4.000ns period=8.000ns})
  Path Group:             E_RXC
  Path Type:              Hold (Min at Slow Process Corner)
  Requirement:            0.000ns  (E_RXC rise@0.000ns - clk_out1_clk_wiz_0 rise@0.000ns)
  Data Path Delay:        7.959ns  (logic 0.278ns (3.493%)  route 7.681ns (96.507%))
  Logic Levels:           2  (LUT5=2)
  Clock Path Skew:        7.221ns (DCD - SCD - CPR)
    Destination Clock Delay (DCD):    5.511ns
    Source Clock Delay      (SCD):    -1.709ns
    Clock Pessimism Removal (CPR):    -0.000ns
  Clock Uncertainty:      0.164ns  ((TSJ^2 + DJ^2)^1/2) / 2 + PE
    Total System Jitter     (TSJ):    0.071ns
    Discrete Jitter          (DJ):    0.129ns
    Phase Error              (PE):    0.090ns
  Clock Domain Crossing:  Inter clock paths are considered valid unless explicitly excluded by timing constraints such as set_clock_groups or set_false_path.

    Location             Delay type                Incr(ns)  Path(ns)    Netlist Resource(s)
  -------------------------------------------------------------------    -------------------
                         (clock clk_out1_clk_wiz_0 rise edge)
                                                      0.000     0.000 r  
    AE10                                              0.000     0.000 r  sys_clk_p
                         net (fo=0)                   0.000     0.000    u_clk_wiz/inst/clk_in1_p
    AE10                 IBUFDS (Prop_ibufds_I_O)     0.722     0.722 r  u_clk_wiz/inst/clkin1_ibufgds/O
                         net (fo=1, routed)           0.986     1.708    u_clk_wiz/inst/clk_in1_clk_wiz_0
    MMCME2_ADV_X1Y1      MMCME2_ADV (Prop_mmcme2_adv_CLKIN1_CLKOUT0)
                                                     -6.759    -5.051 r  u_clk_wiz/inst/mmcm_adv_inst/CLKOUT0
                         net (fo=1, routed)           2.005    -3.046    u_clk_wiz/inst/clk_out1_clk_wiz_0
    BUFGCTRL_X0Y2        BUFG (Prop_bufg_I_O)         0.083    -2.963 r  u_clk_wiz/inst/clkout1_buf/O
                         net (fo=21, routed)          1.254    -1.709    clk_out1
    SLICE_X74Y113                                                     r  phy_rst_n_reg/C
  -------------------------------------------------------------------    -------------------
    SLICE_X74Y113        FDCE (Prop_fdce_C_Q)         0.206    -1.503 r  phy_rst_n_reg/Q
                         net (fo=10, routed)          6.417     4.914    u_rx/Q
    SLICE_X5Y170         LUT5 (Prop_lut5_I1_O)        0.036     4.950 r  u_rx/ip_proto[7]_i_2/O
                         net (fo=2, routed)           0.482     5.431    u_rx/n_0_ip_proto[7]_i_2
    SLICE_X5Y170         LUT5 (Prop_lut5_I4_O)        0.036     5.467 r  u_rx/dest_ip[31]_i_1/O
                         net (fo=32, routed)          0.783     6.250    u_rx/n_0_dest_ip[31]_i_1
    SLICE_X2Y172         FDRE                                         r  u_rx/dest_ip_reg[10]/CE
  -------------------------------------------------------------------    -------------------

                         (clock E_RXC rise edge)      0.000     0.000 r  
    J26                                               0.000     0.000 r  E_RXC
                         net (fo=0)                   0.000     0.000    E_RXC
    J26                  IBUF (Prop_ibuf_I_O)         1.541     1.541 r  E_RXC_IBUF_inst/O
                         net (fo=1, routed)           2.538     4.078    E_RXC_IBUF
    BUFGCTRL_X0Y1        BUFG (Prop_bufg_I_O)         0.093     4.171 r  u_bufg_rxc/O
                         net (fo=129, routed)         1.340     5.511    u_rx/e_rxc_bufg
    SLICE_X2Y172                                                      r  u_rx/dest_ip_reg[10]/C
                         clock pessimism              0.000     5.511    
                         clock uncertainty            0.164     5.675    
    SLICE_X2Y172         FDRE (Hold_fdre_C_CE)        0.040     5.715    u_rx/dest_ip_reg[10]
  -------------------------------------------------------------------
                         required time                         -5.715    
                         arrival time                           6.250    
  -------------------------------------------------------------------
                         slack                                  0.535    

Slack (MET) :             0.535ns  (arrival time - required time)
  Source:                 phy_rst_n_reg/C
                            (rising edge-triggered cell FDCE clocked by clk_out1_clk_wiz_0  {rise@0.000ns fall@10.000ns period=20.000ns})
  Destination:            u_rx/dest_ip_reg[17]/CE
                            (rising edge-triggered cell FDRE clocked by E_RXC  {rise@0.000ns fall@4.000ns period=8.000ns})
  Path Group:             E_RXC
  Path Type:              Hold (Min at Slow Process Corner)
  Requirement:            0.000ns  (E_RXC rise@0.000ns - clk_out1_clk_wiz_0 rise@0.000ns)
  Data Path Delay:        7.959ns  (logic 0.278ns (3.493%)  route 7.681ns (96.507%))
  Logic Levels:           2  (LUT5=2)
  Clock Path Skew:        7.221ns (DCD - SCD - CPR)
    Destination Clock Delay (DCD):    5.511ns
    Source Clock Delay      (SCD):    -1.709ns
    Clock Pessimism Removal (CPR):    -0.000ns
  Clock Uncertainty:      0.164ns  ((TSJ^2 + DJ^2)^1/2) / 2 + PE
    Total System Jitter     (TSJ):    0.071ns
    Discrete Jitter          (DJ):    0.129ns
    Phase Error              (PE):    0.090ns
  Clock Domain Crossing:  Inter clock paths are considered valid unless explicitly excluded by timing constraints such as set_clock_groups or set_false_path.

    Location             Delay type                Incr(ns)  Path(ns)    Netlist Resource(s)
  -------------------------------------------------------------------    -------------------
                         (clock clk_out1_clk_wiz_0 rise edge)
                                                      0.000     0.000 r  
    AE10                                              0.000     0.000 r  sys_clk_p
                         net (fo=0)                   0.000     0.000    u_clk_wiz/inst/clk_in1_p
    AE10                 IBUFDS (Prop_ibufds_I_O)     0.722     0.722 r  u_clk_wiz/inst/clkin1_ibufgds/O
                         net (fo=1, routed)           0.986     1.708    u_clk_wiz/inst/clk_in1_clk_wiz_0
    MMCME2_ADV_X1Y1      MMCME2_ADV (Prop_mmcme2_adv_CLKIN1_CLKOUT0)
                                                     -6.759    -5.051 r  u_clk_wiz/inst/mmcm_adv_inst/CLKOUT0
                         net (fo=1, routed)           2.005    -3.046    u_clk_wiz/inst/clk_out1_clk_wiz_0
    BUFGCTRL_X0Y2        BUFG (Prop_bufg_I_O)         0.083    -2.963 r  u_clk_wiz/inst/clkout1_buf/O
                         net (fo=21, routed)          1.254    -1.709    clk_out1
    SLICE_X74Y113                                                     r  phy_rst_n_reg/C
  -------------------------------------------------------------------    -------------------
    SLICE_X74Y113        FDCE (Prop_fdce_C_Q)         0.206    -1.503 r  phy_rst_n_reg/Q
                         net (fo=10, routed)          6.417     4.914    u_rx/Q
    SLICE_X5Y170         LUT5 (Prop_lut5_I1_O)        0.036     4.950 r  u_rx/ip_proto[7]_i_2/O
                         net (fo=2, routed)           0.482     5.431    u_rx/n_0_ip_proto[7]_i_2
    SLICE_X5Y170         LUT5 (Prop_lut5_I4_O)        0.036     5.467 r  u_rx/dest_ip[31]_i_1/O
                         net (fo=32, routed)          0.783     6.250    u_rx/n_0_dest_ip[31]_i_1
    SLICE_X2Y172         FDRE                                         r  u_rx/dest_ip_reg[17]/CE
  -------------------------------------------------------------------    -------------------

                         (clock E_RXC rise edge)      0.000     0.000 r  
    J26                                               0.000     0.000 r  E_RXC
                         net (fo=0)                   0.000     0.000    E_RXC
    J26                  IBUF (Prop_ibuf_I_O)         1.541     1.541 r  E_RXC_IBUF_inst/O
                         net (fo=1, routed)           2.538     4.078    E_RXC_IBUF
    BUFGCTRL_X0Y1        BUFG (Prop_bufg_I_O)         0.093     4.171 r  u_bufg_rxc/O
                         net (fo=129, routed)         1.340     5.511    u_rx/e_rxc_bufg
    SLICE_X2Y172                                                      r  u_rx/dest_ip_reg[17]/C
                         clock pessimism              0.000     5.511    
                         clock uncertainty            0.164     5.675    
    SLICE_X2Y172         FDRE (Hold_fdre_C_CE)        0.040     5.715    u_rx/dest_ip_reg[17]
  -------------------------------------------------------------------
                         required time                         -5.715    
                         arrival time                           6.250    
  -------------------------------------------------------------------
                         slack                                  0.535    

Slack (MET) :             0.535ns  (arrival time - required time)
  Source:                 phy_rst_n_reg/C
                            (rising edge-triggered cell FDCE clocked by clk_out1_clk_wiz_0  {rise@0.000ns fall@10.000ns period=20.000ns})
  Destination:            u_rx/dest_ip_reg[18]/CE
                            (rising edge-triggered cell FDRE clocked by E_RXC  {rise@0.000ns fall@4.000ns period=8.000ns})
  Path Group:             E_RXC
  Path Type:              Hold (Min at Slow Process Corner)
  Requirement:            0.000ns  (E_RXC rise@0.000ns - clk_out1_clk_wiz_0 rise@0.000ns)
  Data Path Delay:        7.959ns  (logic 0.278ns (3.493%)  route 7.681ns (96.507%))
  Logic Levels:           2  (LUT5=2)
  Clock Path Skew:        7.221ns (DCD - SCD - CPR)
    Destination Clock Delay (DCD):    5.511ns
    Source Clock Delay      (SCD):    -1.709ns
    Clock Pessimism Removal (CPR):    -0.000ns
  Clock Uncertainty:      0.164ns  ((TSJ^2 + DJ^2)^1/2) / 2 + PE
    Total System Jitter     (TSJ):    0.071ns
    Discrete Jitter          (DJ):    0.129ns
    Phase Error              (PE):    0.090ns
  Clock Domain Crossing:  Inter clock paths are considered valid unless explicitly excluded by timing constraints such as set_clock_groups or set_false_path.

    Location             Delay type                Incr(ns)  Path(ns)    Netlist Resource(s)
  -------------------------------------------------------------------    -------------------
                         (clock clk_out1_clk_wiz_0 rise edge)
                                                      0.000     0.000 r  
    AE10                                              0.000     0.000 r  sys_clk_p
                         net (fo=0)                   0.000     0.000    u_clk_wiz/inst/clk_in1_p
    AE10                 IBUFDS (Prop_ibufds_I_O)     0.722     0.722 r  u_clk_wiz/inst/clkin1_ibufgds/O
                         net (fo=1, routed)           0.986     1.708    u_clk_wiz/inst/clk_in1_clk_wiz_0
    MMCME2_ADV_X1Y1      MMCME2_ADV (Prop_mmcme2_adv_CLKIN1_CLKOUT0)
                                                     -6.759    -5.051 r  u_clk_wiz/inst/mmcm_adv_inst/CLKOUT0
                         net (fo=1, routed)           2.005    -3.046    u_clk_wiz/inst/clk_out1_clk_wiz_0
    BUFGCTRL_X0Y2        BUFG (Prop_bufg_I_O)         0.083    -2.963 r  u_clk_wiz/inst/clkout1_buf/O
                         net (fo=21, routed)          1.254    -1.709    clk_out1
    SLICE_X74Y113                                                     r  phy_rst_n_reg/C
  -------------------------------------------------------------------    -------------------
    SLICE_X74Y113        FDCE (Prop_fdce_C_Q)         0.206    -1.503 r  phy_rst_n_reg/Q
                         net (fo=10, routed)          6.417     4.914    u_rx/Q
    SLICE_X5Y170         LUT5 (Prop_lut5_I1_O)        0.036     4.950 r  u_rx/ip_proto[7]_i_2/O
                         net (fo=2, routed)           0.482     5.431    u_rx/n_0_ip_proto[7]_i_2
    SLICE_X5Y170         LUT5 (Prop_lut5_I4_O)        0.036     5.467 r  u_rx/dest_ip[31]_i_1/O
                         net (fo=32, routed)          0.783     6.250    u_rx/n_0_dest_ip[31]_i_1
    SLICE_X2Y172         FDRE                                         r  u_rx/dest_ip_reg[18]/CE
  -------------------------------------------------------------------    -------------------

                         (clock E_RXC rise edge)      0.000     0.000 r  
    J26                                               0.000     0.000 r  E_RXC
                         net (fo=0)                   0.000     0.000    E_RXC
    J26                  IBUF (Prop_ibuf_I_O)         1.541     1.541 r  E_RXC_IBUF_inst/O
                         net (fo=1, routed)           2.538     4.078    E_RXC_IBUF
    BUFGCTRL_X0Y1        BUFG (Prop_bufg_I_O)         0.093     4.171 r  u_bufg_rxc/O
                         net (fo=129, routed)         1.340     5.511    u_rx/e_rxc_bufg
    SLICE_X2Y172                                                      r  u_rx/dest_ip_reg[18]/C
                         clock pessimism              0.000     5.511    
                         clock uncertainty            0.164     5.675    
    SLICE_X2Y172         FDRE (Hold_fdre_C_CE)        0.040     5.715    u_rx/dest_ip_reg[18]
  -------------------------------------------------------------------
                         required time                         -5.715    
                         arrival time                           6.250    
  -------------------------------------------------------------------
                         slack                                  0.535    

Slack (MET) :             0.535ns  (arrival time - required time)
  Source:                 phy_rst_n_reg/C
                            (rising edge-triggered cell FDCE clocked by clk_out1_clk_wiz_0  {rise@0.000ns fall@10.000ns period=20.000ns})
  Destination:            u_rx/dest_ip_reg[20]/CE
                            (rising edge-triggered cell FDRE clocked by E_RXC  {rise@0.000ns fall@4.000ns period=8.000ns})
  Path Group:             E_RXC
  Path Type:              Hold (Min at Slow Process Corner)
  Requirement:            0.000ns  (E_RXC rise@0.000ns - clk_out1_clk_wiz_0 rise@0.000ns)
  Data Path Delay:        7.959ns  (logic 0.278ns (3.493%)  route 7.681ns (96.507%))
  Logic Levels:           2  (LUT5=2)
  Clock Path Skew:        7.221ns (DCD - SCD - CPR)
    Destination Clock Delay (DCD):    5.511ns
    Source Clock Delay      (SCD):    -1.709ns
    Clock Pessimism Removal (CPR):    -0.000ns
  Clock Uncertainty:      0.164ns  ((TSJ^2 + DJ^2)^1/2) / 2 + PE
    Total System Jitter     (TSJ):    0.071ns
    Discrete Jitter          (DJ):    0.129ns
    Phase Error              (PE):    0.090ns
  Clock Domain Crossing:  Inter clock paths are considered valid unless explicitly excluded by timing constraints such as set_clock_groups or set_false_path.

    Location             Delay type                Incr(ns)  Path(ns)    Netlist Resource(s)
  -------------------------------------------------------------------    -------------------
                         (clock clk_out1_clk_wiz_0 rise edge)
                                                      0.000     0.000 r  
    AE10                                              0.000     0.000 r  sys_clk_p
                         net (fo=0)                   0.000     0.000    u_clk_wiz/inst/clk_in1_p
    AE10                 IBUFDS (Prop_ibufds_I_O)     0.722     0.722 r  u_clk_wiz/inst/clkin1_ibufgds/O
                         net (fo=1, routed)           0.986     1.708    u_clk_wiz/inst/clk_in1_clk_wiz_0
    MMCME2_ADV_X1Y1      MMCME2_ADV (Prop_mmcme2_adv_CLKIN1_CLKOUT0)
                                                     -6.759    -5.051 r  u_clk_wiz/inst/mmcm_adv_inst/CLKOUT0
                         net (fo=1, routed)           2.005    -3.046    u_clk_wiz/inst/clk_out1_clk_wiz_0
    BUFGCTRL_X0Y2        BUFG (Prop_bufg_I_O)         0.083    -2.963 r  u_clk_wiz/inst/clkout1_buf/O
                         net (fo=21, routed)          1.254    -1.709    clk_out1
    SLICE_X74Y113                                                     r  phy_rst_n_reg/C
  -------------------------------------------------------------------    -------------------
    SLICE_X74Y113        FDCE (Prop_fdce_C_Q)         0.206    -1.503 r  phy_rst_n_reg/Q
                         net (fo=10, routed)          6.417     4.914    u_rx/Q
    SLICE_X5Y170         LUT5 (Prop_lut5_I1_O)        0.036     4.950 r  u_rx/ip_proto[7]_i_2/O
                         net (fo=2, routed)           0.482     5.431    u_rx/n_0_ip_proto[7]_i_2
    SLICE_X5Y170         LUT5 (Prop_lut5_I4_O)        0.036     5.467 r  u_rx/dest_ip[31]_i_1/O
                         net (fo=32, routed)          0.783     6.250    u_rx/n_0_dest_ip[31]_i_1
    SLICE_X2Y172         FDRE                                         r  u_rx/dest_ip_reg[20]/CE
  -------------------------------------------------------------------    -------------------

                         (clock E_RXC rise edge)      0.000     0.000 r  
    J26                                               0.000     0.000 r  E_RXC
                         net (fo=0)                   0.000     0.000    E_RXC
    J26                  IBUF (Prop_ibuf_I_O)         1.541     1.541 r  E_RXC_IBUF_inst/O
                         net (fo=1, routed)           2.538     4.078    E_RXC_IBUF
    BUFGCTRL_X0Y1        BUFG (Prop_bufg_I_O)         0.093     4.171 r  u_bufg_rxc/O
                         net (fo=129, routed)         1.340     5.511    u_rx/e_rxc_bufg
    SLICE_X2Y172                                                      r  u_rx/dest_ip_reg[20]/C
                         clock pessimism              0.000     5.511    
                         clock uncertainty            0.164     5.675    
    SLICE_X2Y172         FDRE (Hold_fdre_C_CE)        0.040     5.715    u_rx/dest_ip_reg[20]
  -------------------------------------------------------------------
                         required time                         -5.715    
                         arrival time                           6.250    
  -------------------------------------------------------------------
                         slack                                  0.535    

Slack (MET) :             0.535ns  (arrival time - required time)
  Source:                 phy_rst_n_reg/C
                            (rising edge-triggered cell FDCE clocked by clk_out1_clk_wiz_0  {rise@0.000ns fall@10.000ns period=20.000ns})
  Destination:            u_rx/dest_ip_reg[21]/CE
                            (rising edge-triggered cell FDRE clocked by E_RXC  {rise@0.000ns fall@4.000ns period=8.000ns})
  Path Group:             E_RXC
  Path Type:              Hold (Min at Slow Process Corner)
  Requirement:            0.000ns  (E_RXC rise@0.000ns - clk_out1_clk_wiz_0 rise@0.000ns)
  Data Path Delay:        7.959ns  (logic 0.278ns (3.493%)  route 7.681ns (96.507%))
  Logic Levels:           2  (LUT5=2)
  Clock Path Skew:        7.221ns (DCD - SCD - CPR)
    Destination Clock Delay (DCD):    5.511ns
    Source Clock Delay      (SCD):    -1.709ns
    Clock Pessimism Removal (CPR):    -0.000ns
  Clock Uncertainty:      0.164ns  ((TSJ^2 + DJ^2)^1/2) / 2 + PE
    Total System Jitter     (TSJ):    0.071ns
    Discrete Jitter          (DJ):    0.129ns
    Phase Error              (PE):    0.090ns
  Clock Domain Crossing:  Inter clock paths are considered valid unless explicitly excluded by timing constraints such as set_clock_groups or set_false_path.

    Location             Delay type                Incr(ns)  Path(ns)    Netlist Resource(s)
  -------------------------------------------------------------------    -------------------
                         (clock clk_out1_clk_wiz_0 rise edge)
                                                      0.000     0.000 r  
    AE10                                              0.000     0.000 r  sys_clk_p
                         net (fo=0)                   0.000     0.000    u_clk_wiz/inst/clk_in1_p
    AE10                 IBUFDS (Prop_ibufds_I_O)     0.722     0.722 r  u_clk_wiz/inst/clkin1_ibufgds/O
                         net (fo=1, routed)           0.986     1.708    u_clk_wiz/inst/clk_in1_clk_wiz_0
    MMCME2_ADV_X1Y1      MMCME2_ADV (Prop_mmcme2_adv_CLKIN1_CLKOUT0)
                                                     -6.759    -5.051 r  u_clk_wiz/inst/mmcm_adv_inst/CLKOUT0
                         net (fo=1, routed)           2.005    -3.046    u_clk_wiz/inst/clk_out1_clk_wiz_0
    BUFGCTRL_X0Y2        BUFG (Prop_bufg_I_O)         0.083    -2.963 r  u_clk_wiz/inst/clkout1_buf/O
                         net (fo=21, routed)          1.254    -1.709    clk_out1
    SLICE_X74Y113                                                     r  phy_rst_n_reg/C
  -------------------------------------------------------------------    -------------------
    SLICE_X74Y113        FDCE (Prop_fdce_C_Q)         0.206    -1.503 r  phy_rst_n_reg/Q
                         net (fo=10, routed)          6.417     4.914    u_rx/Q
    SLICE_X5Y170         LUT5 (Prop_lut5_I1_O)        0.036     4.950 r  u_rx/ip_proto[7]_i_2/O
                         net (fo=2, routed)           0.482     5.431    u_rx/n_0_ip_proto[7]_i_2
    SLICE_X5Y170         LUT5 (Prop_lut5_I4_O)        0.036     5.467 r  u_rx/dest_ip[31]_i_1/O
                         net (fo=32, routed)          0.783     6.250    u_rx/n_0_dest_ip[31]_i_1
    SLICE_X2Y172         FDRE                                         r  u_rx/dest_ip_reg[21]/CE
  -------------------------------------------------------------------    -------------------

                         (clock E_RXC rise edge)      0.000     0.000 r  
    J26                                               0.000     0.000 r  E_RXC
                         net (fo=0)                   0.000     0.000    E_RXC
    J26                  IBUF (Prop_ibuf_I_O)         1.541     1.541 r  E_RXC_IBUF_inst/O
                         net (fo=1, routed)           2.538     4.078    E_RXC_IBUF
    BUFGCTRL_X0Y1        BUFG (Prop_bufg_I_O)         0.093     4.171 r  u_bufg_rxc/O
                         net (fo=129, routed)         1.340     5.511    u_rx/e_rxc_bufg
    SLICE_X2Y172                                                      r  u_rx/dest_ip_reg[21]/C
                         clock pessimism              0.000     5.511    
                         clock uncertainty            0.164     5.675    
    SLICE_X2Y172         FDRE (Hold_fdre_C_CE)        0.040     5.715    u_rx/dest_ip_reg[21]
  -------------------------------------------------------------------
                         required time                         -5.715    
                         arrival time                           6.250    
  -------------------------------------------------------------------
                         slack                                  0.535    

Slack (MET) :             0.535ns  (arrival time - required time)
  Source:                 phy_rst_n_reg/C
                            (rising edge-triggered cell FDCE clocked by clk_out1_clk_wiz_0  {rise@0.000ns fall@10.000ns period=20.000ns})
  Destination:            u_rx/dest_ip_reg[8]/CE
                            (rising edge-triggered cell FDRE clocked by E_RXC  {rise@0.000ns fall@4.000ns period=8.000ns})
  Path Group:             E_RXC
  Path Type:              Hold (Min at Slow Process Corner)
  Requirement:            0.000ns  (E_RXC rise@0.000ns - clk_out1_clk_wiz_0 rise@0.000ns)
  Data Path Delay:        7.959ns  (logic 0.278ns (3.493%)  route 7.681ns (96.507%))
  Logic Levels:           2  (LUT5=2)
  Clock Path Skew:        7.221ns (DCD - SCD - CPR)
    Destination Clock Delay (DCD):    5.511ns
    Source Clock Delay      (SCD):    -1.709ns
    Clock Pessimism Removal (CPR):    -0.000ns
  Clock Uncertainty:      0.164ns  ((TSJ^2 + DJ^2)^1/2) / 2 + PE
    Total System Jitter     (TSJ):    0.071ns
    Discrete Jitter          (DJ):    0.129ns
    Phase Error              (PE):    0.090ns
  Clock Domain Crossing:  Inter clock paths are considered valid unless explicitly excluded by timing constraints such as set_clock_groups or set_false_path.

    Location             Delay type                Incr(ns)  Path(ns)    Netlist Resource(s)
  -------------------------------------------------------------------    -------------------
                         (clock clk_out1_clk_wiz_0 rise edge)
                                                      0.000     0.000 r  
    AE10                                              0.000     0.000 r  sys_clk_p
                         net (fo=0)                   0.000     0.000    u_clk_wiz/inst/clk_in1_p
    AE10                 IBUFDS (Prop_ibufds_I_O)     0.722     0.722 r  u_clk_wiz/inst/clkin1_ibufgds/O
                         net (fo=1, routed)           0.986     1.708    u_clk_wiz/inst/clk_in1_clk_wiz_0
    MMCME2_ADV_X1Y1      MMCME2_ADV (Prop_mmcme2_adv_CLKIN1_CLKOUT0)
                                                     -6.759    -5.051 r  u_clk_wiz/inst/mmcm_adv_inst/CLKOUT0
                         net (fo=1, routed)           2.005    -3.046    u_clk_wiz/inst/clk_out1_clk_wiz_0
    BUFGCTRL_X0Y2        BUFG (Prop_bufg_I_O)         0.083    -2.963 r  u_clk_wiz/inst/clkout1_buf/O
                         net (fo=21, routed)          1.254    -1.709    clk_out1
    SLICE_X74Y113                                                     r  phy_rst_n_reg/C
  -------------------------------------------------------------------    -------------------
    SLICE_X74Y113        FDCE (Prop_fdce_C_Q)         0.206    -1.503 r  phy_rst_n_reg/Q
                         net (fo=10, routed)          6.417     4.914    u_rx/Q
    SLICE_X5Y170         LUT5 (Prop_lut5_I1_O)        0.036     4.950 r  u_rx/ip_proto[7]_i_2/O
                         net (fo=2, routed)           0.482     5.431    u_rx/n_0_ip_proto[7]_i_2
    SLICE_X5Y170         LUT5 (Prop_lut5_I4_O)        0.036     5.467 r  u_rx/dest_ip[31]_i_1/O
                         net (fo=32, routed)          0.783     6.250    u_rx/n_0_dest_ip[31]_i_1
    SLICE_X2Y172         FDRE                                         r  u_rx/dest_ip_reg[8]/CE
  -------------------------------------------------------------------    -------------------

                         (clock E_RXC rise edge)      0.000     0.000 r  
    J26                                               0.000     0.000 r  E_RXC
                         net (fo=0)                   0.000     0.000    E_RXC
    J26                  IBUF (Prop_ibuf_I_O)         1.541     1.541 r  E_RXC_IBUF_inst/O
                         net (fo=1, routed)           2.538     4.078    E_RXC_IBUF
    BUFGCTRL_X0Y1        BUFG (Prop_bufg_I_O)         0.093     4.171 r  u_bufg_rxc/O
                         net (fo=129, routed)         1.340     5.511    u_rx/e_rxc_bufg
    SLICE_X2Y172                                                      r  u_rx/dest_ip_reg[8]/C
                         clock pessimism              0.000     5.511    
                         clock uncertainty            0.164     5.675    
    SLICE_X2Y172         FDRE (Hold_fdre_C_CE)        0.040     5.715    u_rx/dest_ip_reg[8]
  -------------------------------------------------------------------
                         required time                         -5.715    
                         arrival time                           6.250    
  -------------------------------------------------------------------
                         slack                                  0.535    

Slack (MET) :             0.535ns  (arrival time - required time)
  Source:                 phy_rst_n_reg/C
                            (rising edge-triggered cell FDCE clocked by clk_out1_clk_wiz_0  {rise@0.000ns fall@10.000ns period=20.000ns})
  Destination:            u_rx/dest_ip_reg[9]/CE
                            (rising edge-triggered cell FDRE clocked by E_RXC  {rise@0.000ns fall@4.000ns period=8.000ns})
  Path Group:             E_RXC
  Path Type:              Hold (Min at Slow Process Corner)
  Requirement:            0.000ns  (E_RXC rise@0.000ns - clk_out1_clk_wiz_0 rise@0.000ns)
  Data Path Delay:        7.959ns  (logic 0.278ns (3.493%)  route 7.681ns (96.507%))
  Logic Levels:           2  (LUT5=2)
  Clock Path Skew:        7.221ns (DCD - SCD - CPR)
    Destination Clock Delay (DCD):    5.511ns
    Source Clock Delay      (SCD):    -1.709ns
    Clock Pessimism Removal (CPR):    -0.000ns
  Clock Uncertainty:      0.164ns  ((TSJ^2 + DJ^2)^1/2) / 2 + PE
    Total System Jitter     (TSJ):    0.071ns
    Discrete Jitter          (DJ):    0.129ns
    Phase Error              (PE):    0.090ns
  Clock Domain Crossing:  Inter clock paths are considered valid unless explicitly excluded by timing constraints such as set_clock_groups or set_false_path.

    Location             Delay type                Incr(ns)  Path(ns)    Netlist Resource(s)
  -------------------------------------------------------------------    -------------------
                         (clock clk_out1_clk_wiz_0 rise edge)
                                                      0.000     0.000 r  
    AE10                                              0.000     0.000 r  sys_clk_p
                         net (fo=0)                   0.000     0.000    u_clk_wiz/inst/clk_in1_p
    AE10                 IBUFDS (Prop_ibufds_I_O)     0.722     0.722 r  u_clk_wiz/inst/clkin1_ibufgds/O
                         net (fo=1, routed)           0.986     1.708    u_clk_wiz/inst/clk_in1_clk_wiz_0
    MMCME2_ADV_X1Y1      MMCME2_ADV (Prop_mmcme2_adv_CLKIN1_CLKOUT0)
                                                     -6.759    -5.051 r  u_clk_wiz/inst/mmcm_adv_inst/CLKOUT0
                         net (fo=1, routed)           2.005    -3.046    u_clk_wiz/inst/clk_out1_clk_wiz_0
    BUFGCTRL_X0Y2        BUFG (Prop_bufg_I_O)         0.083    -2.963 r  u_clk_wiz/inst/clkout1_buf/O
                         net (fo=21, routed)          1.254    -1.709    clk_out1
    SLICE_X74Y113                                                     r  phy_rst_n_reg/C
  -------------------------------------------------------------------    -------------------
    SLICE_X74Y113        FDCE (Prop_fdce_C_Q)         0.206    -1.503 r  phy_rst_n_reg/Q
                         net (fo=10, routed)          6.417     4.914    u_rx/Q
    SLICE_X5Y170         LUT5 (Prop_lut5_I1_O)        0.036     4.950 r  u_rx/ip_proto[7]_i_2/O
                         net (fo=2, routed)           0.482     5.431    u_rx/n_0_ip_proto[7]_i_2
    SLICE_X5Y170         LUT5 (Prop_lut5_I4_O)        0.036     5.467 r  u_rx/dest_ip[31]_i_1/O
                         net (fo=32, routed)          0.783     6.250    u_rx/n_0_dest_ip[31]_i_1
    SLICE_X2Y172         FDRE                                         r  u_rx/dest_ip_reg[9]/CE
  -------------------------------------------------------------------    -------------------

                         (clock E_RXC rise edge)      0.000     0.000 r  
    J26                                               0.000     0.000 r  E_RXC
                         net (fo=0)                   0.000     0.000    E_RXC
    J26                  IBUF (Prop_ibuf_I_O)         1.541     1.541 r  E_RXC_IBUF_inst/O
                         net (fo=1, routed)           2.538     4.078    E_RXC_IBUF
    BUFGCTRL_X0Y1        BUFG (Prop_bufg_I_O)         0.093     4.171 r  u_bufg_rxc/O
                         net (fo=129, routed)         1.340     5.511    u_rx/e_rxc_bufg
    SLICE_X2Y172                                                      r  u_rx/dest_ip_reg[9]/C
                         clock pessimism              0.000     5.511    
                         clock uncertainty            0.164     5.675    
    SLICE_X2Y172         FDRE (Hold_fdre_C_CE)        0.040     5.715    u_rx/dest_ip_reg[9]
  -------------------------------------------------------------------
                         required time                         -5.715    
                         arrival time                           6.250    
  -------------------------------------------------------------------
                         slack                                  0.535    

Slack (MET) :             0.550ns  (arrival time - required time)
  Source:                 phy_rst_n_reg/C
                            (rising edge-triggered cell FDCE clocked by clk_out1_clk_wiz_0  {rise@0.000ns fall@10.000ns period=20.000ns})
  Destination:            u_rx/dest_ip_reg[7]/CE
                            (rising edge-triggered cell FDRE clocked by E_RXC  {rise@0.000ns fall@4.000ns period=8.000ns})
  Path Group:             E_RXC
  Path Type:              Hold (Min at Slow Process Corner)
  Requirement:            0.000ns  (E_RXC rise@0.000ns - clk_out1_clk_wiz_0 rise@0.000ns)
  Data Path Delay:        7.975ns  (logic 0.278ns (3.486%)  route 7.697ns (96.514%))
  Logic Levels:           2  (LUT5=2)
  Clock Path Skew:        7.222ns (DCD - SCD - CPR)
    Destination Clock Delay (DCD):    5.512ns
    Source Clock Delay      (SCD):    -1.709ns
    Clock Pessimism Removal (CPR):    -0.000ns
  Clock Uncertainty:      0.164ns  ((TSJ^2 + DJ^2)^1/2) / 2 + PE
    Total System Jitter     (TSJ):    0.071ns
    Discrete Jitter          (DJ):    0.129ns
    Phase Error              (PE):    0.090ns
  Clock Domain Crossing:  Inter clock paths are considered valid unless explicitly excluded by timing constraints such as set_clock_groups or set_false_path.

    Location             Delay type                Incr(ns)  Path(ns)    Netlist Resource(s)
  -------------------------------------------------------------------    -------------------
                         (clock clk_out1_clk_wiz_0 rise edge)
                                                      0.000     0.000 r  
    AE10                                              0.000     0.000 r  sys_clk_p
                         net (fo=0)                   0.000     0.000    u_clk_wiz/inst/clk_in1_p
    AE10                 IBUFDS (Prop_ibufds_I_O)     0.722     0.722 r  u_clk_wiz/inst/clkin1_ibufgds/O
                         net (fo=1, routed)           0.986     1.708    u_clk_wiz/inst/clk_in1_clk_wiz_0
    MMCME2_ADV_X1Y1      MMCME2_ADV (Prop_mmcme2_adv_CLKIN1_CLKOUT0)
                                                     -6.759    -5.051 r  u_clk_wiz/inst/mmcm_adv_inst/CLKOUT0
                         net (fo=1, routed)           2.005    -3.046    u_clk_wiz/inst/clk_out1_clk_wiz_0
    BUFGCTRL_X0Y2        BUFG (Prop_bufg_I_O)         0.083    -2.963 r  u_clk_wiz/inst/clkout1_buf/O
                         net (fo=21, routed)          1.254    -1.709    clk_out1
    SLICE_X74Y113                                                     r  phy_rst_n_reg/C
  -------------------------------------------------------------------    -------------------
    SLICE_X74Y113        FDCE (Prop_fdce_C_Q)         0.206    -1.503 r  phy_rst_n_reg/Q
                         net (fo=10, routed)          6.417     4.914    u_rx/Q
    SLICE_X5Y170         LUT5 (Prop_lut5_I1_O)        0.036     4.950 r  u_rx/ip_proto[7]_i_2/O
                         net (fo=2, routed)           0.482     5.431    u_rx/n_0_ip_proto[7]_i_2
    SLICE_X5Y170         LUT5 (Prop_lut5_I4_O)        0.036     5.467 r  u_rx/dest_ip[31]_i_1/O
                         net (fo=32, routed)          0.799     6.266    u_rx/n_0_dest_ip[31]_i_1
    SLICE_X2Y171         FDRE                                         r  u_rx/dest_ip_reg[7]/CE
  -------------------------------------------------------------------    -------------------

                         (clock E_RXC rise edge)      0.000     0.000 r  
    J26                                               0.000     0.000 r  E_RXC
                         net (fo=0)                   0.000     0.000    E_RXC
    J26                  IBUF (Prop_ibuf_I_O)         1.541     1.541 r  E_RXC_IBUF_inst/O
                         net (fo=1, routed)           2.538     4.078    E_RXC_IBUF
    BUFGCTRL_X0Y1        BUFG (Prop_bufg_I_O)         0.093     4.171 r  u_bufg_rxc/O
                         net (fo=129, routed)         1.341     5.512    u_rx/e_rxc_bufg
    SLICE_X2Y171                                                      r  u_rx/dest_ip_reg[7]/C
                         clock pessimism              0.000     5.512    
                         clock uncertainty            0.164     5.676    
    SLICE_X2Y171         FDRE (Hold_fdre_C_CE)        0.040     5.716    u_rx/dest_ip_reg[7]
  -------------------------------------------------------------------
                         required time                         -5.716    
                         arrival time                           6.266    
  -------------------------------------------------------------------
                         slack                                  0.550    

Slack (MET) :             0.555ns  (arrival time - required time)
  Source:                 phy_rst_n_reg/C
                            (rising edge-triggered cell FDCE clocked by clk_out1_clk_wiz_0  {rise@0.000ns fall@10.000ns period=20.000ns})
  Destination:            u_rx/dest_ip_reg[22]/CE
                            (rising edge-triggered cell FDRE clocked by E_RXC  {rise@0.000ns fall@4.000ns period=8.000ns})
  Path Group:             E_RXC
  Path Type:              Hold (Min at Slow Process Corner)
  Requirement:            0.000ns  (E_RXC rise@0.000ns - clk_out1_clk_wiz_0 rise@0.000ns)
  Data Path Delay:        7.968ns  (logic 0.278ns (3.489%)  route 7.690ns (96.511%))
  Logic Levels:           2  (LUT5=2)
  Clock Path Skew:        7.221ns (DCD - SCD - CPR)
    Destination Clock Delay (DCD):    5.511ns
    Source Clock Delay      (SCD):    -1.709ns
    Clock Pessimism Removal (CPR):    -0.000ns
  Clock Uncertainty:      0.164ns  ((TSJ^2 + DJ^2)^1/2) / 2 + PE
    Total System Jitter     (TSJ):    0.071ns
    Discrete Jitter          (DJ):    0.129ns
    Phase Error              (PE):    0.090ns
  Clock Domain Crossing:  Inter clock paths are considered valid unless explicitly excluded by timing constraints such as set_clock_groups or set_false_path.

    Location             Delay type                Incr(ns)  Path(ns)    Netlist Resource(s)
  -------------------------------------------------------------------    -------------------
                         (clock clk_out1_clk_wiz_0 rise edge)
                                                      0.000     0.000 r  
    AE10                                              0.000     0.000 r  sys_clk_p
                         net (fo=0)                   0.000     0.000    u_clk_wiz/inst/clk_in1_p
    AE10                 IBUFDS (Prop_ibufds_I_O)     0.722     0.722 r  u_clk_wiz/inst/clkin1_ibufgds/O
                         net (fo=1, routed)           0.986     1.708    u_clk_wiz/inst/clk_in1_clk_wiz_0
    MMCME2_ADV_X1Y1      MMCME2_ADV (Prop_mmcme2_adv_CLKIN1_CLKOUT0)
                                                     -6.759    -5.051 r  u_clk_wiz/inst/mmcm_adv_inst/CLKOUT0
                         net (fo=1, routed)           2.005    -3.046    u_clk_wiz/inst/clk_out1_clk_wiz_0
    BUFGCTRL_X0Y2        BUFG (Prop_bufg_I_O)         0.083    -2.963 r  u_clk_wiz/inst/clkout1_buf/O
                         net (fo=21, routed)          1.254    -1.709    clk_out1
    SLICE_X74Y113                                                     r  phy_rst_n_reg/C
  -------------------------------------------------------------------    -------------------
    SLICE_X74Y113        FDCE (Prop_fdce_C_Q)         0.206    -1.503 r  phy_rst_n_reg/Q
                         net (fo=10, routed)          6.417     4.914    u_rx/Q
    SLICE_X5Y170         LUT5 (Prop_lut5_I1_O)        0.036     4.950 r  u_rx/ip_proto[7]_i_2/O
                         net (fo=2, routed)           0.482     5.431    u_rx/n_0_ip_proto[7]_i_2
    SLICE_X5Y170         LUT5 (Prop_lut5_I4_O)        0.036     5.467 r  u_rx/dest_ip[31]_i_1/O
                         net (fo=32, routed)          0.791     6.258    u_rx/n_0_dest_ip[31]_i_1
    SLICE_X0Y172         FDRE                                         r  u_rx/dest_ip_reg[22]/CE
  -------------------------------------------------------------------    -------------------

                         (clock E_RXC rise edge)      0.000     0.000 r  
    J26                                               0.000     0.000 r  E_RXC
                         net (fo=0)                   0.000     0.000    E_RXC
    J26                  IBUF (Prop_ibuf_I_O)         1.541     1.541 r  E_RXC_IBUF_inst/O
                         net (fo=1, routed)           2.538     4.078    E_RXC_IBUF
    BUFGCTRL_X0Y1        BUFG (Prop_bufg_I_O)         0.093     4.171 r  u_bufg_rxc/O
                         net (fo=129, routed)         1.340     5.511    u_rx/e_rxc_bufg
    SLICE_X0Y172                                                      r  u_rx/dest_ip_reg[22]/C
                         clock pessimism              0.000     5.511    
                         clock uncertainty            0.164     5.675    
    SLICE_X0Y172         FDRE (Hold_fdre_C_CE)        0.028     5.703    u_rx/dest_ip_reg[22]
  -------------------------------------------------------------------
                         required time                         -5.703    
                         arrival time                           6.258    
  -------------------------------------------------------------------
                         slack                                  0.555    

Slack (MET) :             0.555ns  (arrival time - required time)
  Source:                 phy_rst_n_reg/C
                            (rising edge-triggered cell FDCE clocked by clk_out1_clk_wiz_0  {rise@0.000ns fall@10.000ns period=20.000ns})
  Destination:            u_rx/dest_ip_reg[24]/CE
                            (rising edge-triggered cell FDRE clocked by E_RXC  {rise@0.000ns fall@4.000ns period=8.000ns})
  Path Group:             E_RXC
  Path Type:              Hold (Min at Slow Process Corner)
  Requirement:            0.000ns  (E_RXC rise@0.000ns - clk_out1_clk_wiz_0 rise@0.000ns)
  Data Path Delay:        7.968ns  (logic 0.278ns (3.489%)  route 7.690ns (96.511%))
  Logic Levels:           2  (LUT5=2)
  Clock Path Skew:        7.221ns (DCD - SCD - CPR)
    Destination Clock Delay (DCD):    5.511ns
    Source Clock Delay      (SCD):    -1.709ns
    Clock Pessimism Removal (CPR):    -0.000ns
  Clock Uncertainty:      0.164ns  ((TSJ^2 + DJ^2)^1/2) / 2 + PE
    Total System Jitter     (TSJ):    0.071ns
    Discrete Jitter          (DJ):    0.129ns
    Phase Error              (PE):    0.090ns
  Clock Domain Crossing:  Inter clock paths are considered valid unless explicitly excluded by timing constraints such as set_clock_groups or set_false_path.

    Location             Delay type                Incr(ns)  Path(ns)    Netlist Resource(s)
  -------------------------------------------------------------------    -------------------
                         (clock clk_out1_clk_wiz_0 rise edge)
                                                      0.000     0.000 r  
    AE10                                              0.000     0.000 r  sys_clk_p
                         net (fo=0)                   0.000     0.000    u_clk_wiz/inst/clk_in1_p
    AE10                 IBUFDS (Prop_ibufds_I_O)     0.722     0.722 r  u_clk_wiz/inst/clkin1_ibufgds/O
                         net (fo=1, routed)           0.986     1.708    u_clk_wiz/inst/clk_in1_clk_wiz_0
    MMCME2_ADV_X1Y1      MMCME2_ADV (Prop_mmcme2_adv_CLKIN1_CLKOUT0)
                                                     -6.759    -5.051 r  u_clk_wiz/inst/mmcm_adv_inst/CLKOUT0
                         net (fo=1, routed)           2.005    -3.046    u_clk_wiz/inst/clk_out1_clk_wiz_0
    BUFGCTRL_X0Y2        BUFG (Prop_bufg_I_O)         0.083    -2.963 r  u_clk_wiz/inst/clkout1_buf/O
                         net (fo=21, routed)          1.254    -1.709    clk_out1
    SLICE_X74Y113                                                     r  phy_rst_n_reg/C
  -------------------------------------------------------------------    -------------------
    SLICE_X74Y113        FDCE (Prop_fdce_C_Q)         0.206    -1.503 r  phy_rst_n_reg/Q
                         net (fo=10, routed)          6.417     4.914    u_rx/Q
    SLICE_X5Y170         LUT5 (Prop_lut5_I1_O)        0.036     4.950 r  u_rx/ip_proto[7]_i_2/O
                         net (fo=2, routed)           0.482     5.431    u_rx/n_0_ip_proto[7]_i_2
    SLICE_X5Y170         LUT5 (Prop_lut5_I4_O)        0.036     5.467 r  u_rx/dest_ip[31]_i_1/O
                         net (fo=32, routed)          0.791     6.258    u_rx/n_0_dest_ip[31]_i_1
    SLICE_X0Y172         FDRE                                         r  u_rx/dest_ip_reg[24]/CE
  -------------------------------------------------------------------    -------------------

                         (clock E_RXC rise edge)      0.000     0.000 r  
    J26                                               0.000     0.000 r  E_RXC
                         net (fo=0)                   0.000     0.000    E_RXC
    J26                  IBUF (Prop_ibuf_I_O)         1.541     1.541 r  E_RXC_IBUF_inst/O
                         net (fo=1, routed)           2.538     4.078    E_RXC_IBUF
    BUFGCTRL_X0Y1        BUFG (Prop_bufg_I_O)         0.093     4.171 r  u_bufg_rxc/O
                         net (fo=129, routed)         1.340     5.511    u_rx/e_rxc_bufg
    SLICE_X0Y172                                                      r  u_rx/dest_ip_reg[24]/C
                         clock pessimism              0.000     5.511    
                         clock uncertainty            0.164     5.675    
    SLICE_X0Y172         FDRE (Hold_fdre_C_CE)        0.028     5.703    u_rx/dest_ip_reg[24]
  -------------------------------------------------------------------
                         required time                         -5.703    
                         arrival time                           6.258    
  -------------------------------------------------------------------
                         slack                                  0.555    





---------------------------------------------------------------------------------------------------
From Clock:  E_RXC
  To Clock:  clk_out2_clk_wiz_0

Setup :          130  Failing Endpoints,  Worst Slack       -1.694ns,  Total Violation     -162.260ns
Hold  :            0  Failing Endpoints,  Worst Slack        3.400ns,  Total Violation        0.000ns
---------------------------------------------------------------------------------------------------


Max Delay Paths
--------------------------------------------------------------------------------------
Slack (VIOLATED) :        -1.694ns  (required time - arrival time)
  Source:                 u_rx/rx_len_reg[3]/C
                            (rising edge-triggered cell FDCE clocked by E_RXC  {rise@0.000ns fall@4.000ns period=8.000ns})
  Destination:            u_tx/crc_reg_reg[4]/D
                            (rising edge-triggered cell FDRE clocked by clk_out2_clk_wiz_0  {rise@0.000ns fall@4.000ns period=8.000ns})
  Path Group:             clk_out2_clk_wiz_0
  Path Type:              Setup (Max at Slow Process Corner)
  Requirement:            8.000ns  (clk_out2_clk_wiz_0 rise@8.000ns - E_RXC rise@0.000ns)
  Data Path Delay:        2.309ns  (logic 0.627ns (27.157%)  route 1.682ns (72.843%))
  Logic Levels:           6  (LUT4=1 LUT5=2 LUT6=2 MUXF7=1)
  Clock Path Skew:        -7.265ns (DCD - SCD + CPR)
    Destination Clock Delay (DCD):    -1.796ns = ( 6.204 - 8.000 ) 
    Source Clock Delay      (SCD):    5.468ns
    Clock Pessimism Removal (CPR):    0.000ns
  Clock Uncertainty:      0.154ns  ((TSJ^2 + DJ^2)^1/2) / 2 + PE
    Total System Jitter     (TSJ):    0.071ns
    Discrete Jitter          (DJ):    0.108ns
    Phase Error              (PE):    0.090ns
  Clock Domain Crossing:  Inter clock paths are considered valid unless explicitly excluded by timing constraints such as set_clock_groups or set_false_path.

    Location             Delay type                Incr(ns)  Path(ns)    Netlist Resource(s)
  -------------------------------------------------------------------    -------------------
                         (clock E_RXC rise edge)      0.000     0.000 r  
    J26                                               0.000     0.000 r  E_RXC
                         net (fo=0)                   0.000     0.000    E_RXC
    J26                  IBUF (Prop_ibuf_I_O)         1.541     1.541 r  E_RXC_IBUF_inst/O
                         net (fo=1, routed)           2.538     4.078    E_RXC_IBUF
    BUFGCTRL_X0Y1        BUFG (Prop_bufg_I_O)         0.093     4.171 r  u_bufg_rxc/O
                         net (fo=129, routed)         1.297     5.468    u_rx/e_rxc_bufg
    SLICE_X9Y160                                                      r  u_rx/rx_len_reg[3]/C
  -------------------------------------------------------------------    -------------------
    SLICE_X9Y160         FDCE (Prop_fdce_C_Q)         0.223     5.691 r  u_rx/rx_len_reg[3]/Q
                         net (fo=21, routed)          0.519     6.211    u_rx/O2[3]
    SLICE_X10Y158        LUT5 (Prop_lut5_I2_O)        0.043     6.254 f  u_rx/crc_reg[17]_i_9/O
                         net (fo=3, routed)           0.323     6.577    u_rx/n_0_crc_reg[17]_i_9
    SLICE_X9Y158         LUT4 (Prop_lut4_I1_O)        0.043     6.620 f  u_rx/crc_reg[30]_i_9/O
                         net (fo=1, routed)           0.233     6.853    u_tx/I15
    SLICE_X9Y157         LUT6 (Prop_lut6_I4_O)        0.043     6.896 r  u_tx/crc_reg[30]_i_6/O
                         net (fo=8, routed)           0.366     7.262    u_tx/n_0_crc_reg[30]_i_6
    SLICE_X9Y155         LUT5 (Prop_lut5_I1_O)        0.043     7.305 r  u_tx/crc_reg[4]_i_4/O
                         net (fo=1, routed)           0.000     7.305    u_tx/n_0_crc_reg[4]_i_4
    SLICE_X9Y155         MUXF7 (Prop_muxf7_I1_O)      0.108     7.413 r  u_tx/crc_reg_reg[4]_i_2/O
                         net (fo=1, routed)           0.241     7.653    u_tx/n_0_crc_reg_reg[4]_i_2
    SLICE_X11Y155        LUT6 (Prop_lut6_I0_O)        0.124     7.777 r  u_tx/crc_reg[4]_i_1/O
                         net (fo=1, routed)           0.000     7.777    u_tx/crc_reg[4]
    SLICE_X11Y155        FDRE                                         r  u_tx/crc_reg_reg[4]/D
  -------------------------------------------------------------------    -------------------

                         (clock clk_out2_clk_wiz_0 rise edge)
                                                      8.000     8.000 r  
    AE10                                              0.000     8.000 r  sys_clk_p
                         net (fo=0)                   0.000     8.000    u_clk_wiz/inst/clk_in1_p
    AE10                 IBUFDS (Prop_ibufds_I_O)     0.722     8.722 r  u_clk_wiz/inst/clkin1_ibufgds/O
                         net (fo=1, routed)           0.986     9.708    u_clk_wiz/inst/clk_in1_clk_wiz_0
    MMCME2_ADV_X1Y1      MMCME2_ADV (Prop_mmcme2_adv_CLKIN1_CLKOUT1)
                                                     -6.759     2.949 r  u_clk_wiz/inst/mmcm_adv_inst/CLKOUT1
                         net (fo=1, routed)           2.005     4.954    u_clk_wiz/inst/clk_out2_clk_wiz_0
    BUFGCTRL_X0Y0        BUFG (Prop_bufg_I_O)         0.083     5.037 r  u_clk_wiz/inst/clkout2_buf/O
                         net (fo=79, routed)          1.167     6.204    u_tx/C
    SLICE_X11Y155                                                     r  u_tx/crc_reg_reg[4]/C
                         clock pessimism              0.000     6.204    
                         clock uncertainty           -0.154     6.049    
    SLICE_X11Y155        FDRE (Setup_fdre_C_D)        0.034     6.083    u_tx/crc_reg_reg[4]
  -------------------------------------------------------------------
                         required time                          6.083    
                         arrival time                          -7.777    
  -------------------------------------------------------------------
                         slack                                 -1.694    

Slack (VIOLATED) :        -1.668ns  (required time - arrival time)
  Source:                 u_rx/rx_len_reg[3]/C
                            (rising edge-triggered cell FDCE clocked by E_RXC  {rise@0.000ns fall@4.000ns period=8.000ns})
  Destination:            u_tx/crc_reg_reg[1]/D
                            (rising edge-triggered cell FDRE clocked by clk_out2_clk_wiz_0  {rise@0.000ns fall@4.000ns period=8.000ns})
  Path Group:             clk_out2_clk_wiz_0
  Path Type:              Setup (Max at Slow Process Corner)
  Requirement:            8.000ns  (clk_out2_clk_wiz_0 rise@8.000ns - E_RXC rise@0.000ns)
  Data Path Delay:        2.332ns  (logic 0.438ns (18.785%)  route 1.894ns (81.215%))
  Logic Levels:           5  (LUT2=1 LUT5=2 LUT6=2)
  Clock Path Skew:        -7.215ns (DCD - SCD + CPR)
    Destination Clock Delay (DCD):    -1.746ns = ( 6.254 - 8.000 ) 
    Source Clock Delay      (SCD):    5.468ns
    Clock Pessimism Removal (CPR):    0.000ns
  Clock Uncertainty:      0.154ns  ((TSJ^2 + DJ^2)^1/2) / 2 + PE
    Total System Jitter     (TSJ):    0.071ns
    Discrete Jitter          (DJ):    0.108ns
    Phase Error              (PE):    0.090ns
  Clock Domain Crossing:  Inter clock paths are considered valid unless explicitly excluded by timing constraints such as set_clock_groups or set_false_path.

    Location             Delay type                Incr(ns)  Path(ns)    Netlist Resource(s)
  -------------------------------------------------------------------    -------------------
                         (clock E_RXC rise edge)      0.000     0.000 r  
    J26                                               0.000     0.000 r  E_RXC
                         net (fo=0)                   0.000     0.000    E_RXC
    J26                  IBUF (Prop_ibuf_I_O)         1.541     1.541 r  E_RXC_IBUF_inst/O
                         net (fo=1, routed)           2.538     4.078    E_RXC_IBUF
    BUFGCTRL_X0Y1        BUFG (Prop_bufg_I_O)         0.093     4.171 r  u_bufg_rxc/O
                         net (fo=129, routed)         1.297     5.468    u_rx/e_rxc_bufg
    SLICE_X9Y160                                                      r  u_rx/rx_len_reg[3]/C
  -------------------------------------------------------------------    -------------------
    SLICE_X9Y160         FDCE (Prop_fdce_C_Q)         0.223     5.691 f  u_rx/rx_len_reg[3]/Q
                         net (fo=21, routed)          0.519     6.211    u_rx/O2[3]
    SLICE_X10Y158        LUT5 (Prop_lut5_I2_O)        0.043     6.254 r  u_rx/crc_reg[17]_i_9/O
                         net (fo=3, routed)           0.276     6.530    u_rx/n_0_crc_reg[17]_i_9
    SLICE_X9Y159         LUT6 (Prop_lut6_I1_O)        0.043     6.573 r  u_rx/crc_reg[17]_i_6/O
                         net (fo=4, routed)           0.379     6.952    u_tx/I14
    SLICE_X7Y158         LUT2 (Prop_lut2_I1_O)        0.043     6.995 r  u_tx/crc_reg[30]_i_5/O
                         net (fo=8, routed)           0.364     7.359    u_tx/n_0_crc_reg[30]_i_5
    SLICE_X7Y161         LUT6 (Prop_lut6_I5_O)        0.043     7.402 f  u_tx/crc_reg[1]_i_3/O
                         net (fo=1, routed)           0.355     7.757    u_tx/n_0_crc_reg[1]_i_3
    SLICE_X7Y161         LUT5 (Prop_lut5_I4_O)        0.043     7.800 r  u_tx/crc_reg[1]_i_1/O
                         net (fo=1, routed)           0.000     7.800    u_tx/crc_reg[1]
    SLICE_X7Y161         FDRE                                         r  u_tx/crc_reg_reg[1]/D
  -------------------------------------------------------------------    -------------------

                         (clock clk_out2_clk_wiz_0 rise edge)
                                                      8.000     8.000 r  
    AE10                                              0.000     8.000 r  sys_clk_p
                         net (fo=0)                   0.000     8.000    u_clk_wiz/inst/clk_in1_p
    AE10                 IBUFDS (Prop_ibufds_I_O)     0.722     8.722 r  u_clk_wiz/inst/clkin1_ibufgds/O
                         net (fo=1, routed)           0.986     9.708    u_clk_wiz/inst/clk_in1_clk_wiz_0
    MMCME2_ADV_X1Y1      MMCME2_ADV (Prop_mmcme2_adv_CLKIN1_CLKOUT1)
                                                     -6.759     2.949 r  u_clk_wiz/inst/mmcm_adv_inst/CLKOUT1
                         net (fo=1, routed)           2.005     4.954    u_clk_wiz/inst/clk_out2_clk_wiz_0
    BUFGCTRL_X0Y0        BUFG (Prop_bufg_I_O)         0.083     5.037 r  u_clk_wiz/inst/clkout2_buf/O
                         net (fo=79, routed)          1.217     6.254    u_tx/C
    SLICE_X7Y161                                                      r  u_tx/crc_reg_reg[1]/C
                         clock pessimism              0.000     6.254    
                         clock uncertainty           -0.154     6.099    
    SLICE_X7Y161         FDRE (Setup_fdre_C_D)        0.033     6.132    u_tx/crc_reg_reg[1]
  -------------------------------------------------------------------
                         required time                          6.132    
                         arrival time                          -7.800    
  -------------------------------------------------------------------
                         slack                                 -1.668    

Slack (VIOLATED) :        -1.658ns  (required time - arrival time)
  Source:                 u_rx/rx_len_reg[6]/C
                            (rising edge-triggered cell FDCE clocked by E_RXC  {rise@0.000ns fall@4.000ns period=8.000ns})
  Destination:            u_tx/crc_reg_reg[30]/D
                            (rising edge-triggered cell FDRE clocked by clk_out2_clk_wiz_0  {rise@0.000ns fall@4.000ns period=8.000ns})
  Path Group:             clk_out2_clk_wiz_0
  Path Type:              Setup (Max at Slow Process Corner)
  Requirement:            8.000ns  (clk_out2_clk_wiz_0 rise@8.000ns - E_RXC rise@0.000ns)
  Data Path Delay:        2.269ns  (logic 0.639ns (28.167%)  route 1.630ns (71.834%))
  Logic Levels:           6  (LUT4=1 LUT5=1 LUT6=3 MUXF7=1)
  Clock Path Skew:        -7.268ns (DCD - SCD + CPR)
    Destination Clock Delay (DCD):    -1.798ns = ( 6.202 - 8.000 ) 
    Source Clock Delay      (SCD):    5.469ns
    Clock Pessimism Removal (CPR):    0.000ns
  Clock Uncertainty:      0.154ns  ((TSJ^2 + DJ^2)^1/2) / 2 + PE
    Total System Jitter     (TSJ):    0.071ns
    Discrete Jitter          (DJ):    0.108ns
    Phase Error              (PE):    0.090ns
  Clock Domain Crossing:  Inter clock paths are considered valid unless explicitly excluded by timing constraints such as set_clock_groups or set_false_path.

    Location             Delay type                Incr(ns)  Path(ns)    Netlist Resource(s)
  -------------------------------------------------------------------    -------------------
                         (clock E_RXC rise edge)      0.000     0.000 r  
    J26                                               0.000     0.000 r  E_RXC
                         net (fo=0)                   0.000     0.000    E_RXC
    J26                  IBUF (Prop_ibuf_I_O)         1.541     1.541 r  E_RXC_IBUF_inst/O
                         net (fo=1, routed)           2.538     4.078    E_RXC_IBUF
    BUFGCTRL_X0Y1        BUFG (Prop_bufg_I_O)         0.093     4.171 r  u_bufg_rxc/O
                         net (fo=129, routed)         1.298     5.469    u_rx/e_rxc_bufg
    SLICE_X11Y159                                                     r  u_rx/rx_len_reg[6]/C
  -------------------------------------------------------------------    -------------------
    SLICE_X11Y159        FDCE (Prop_fdce_C_Q)         0.223     5.692 f  u_rx/rx_len_reg[6]/Q
                         net (fo=12, routed)          0.492     6.185    u_rx/O2[6]
    SLICE_X8Y159         LUT6 (Prop_lut6_I1_O)        0.043     6.228 r  u_rx/gmii_txd[1]_i_8/O
                         net (fo=4, routed)           0.424     6.652    u_rx/O8
    SLICE_X8Y157         LUT4 (Prop_lut4_I0_O)        0.043     6.695 f  u_rx/crc_reg[26]_i_14/O
                         net (fo=2, routed)           0.289     6.984    u_tx/I3
    SLICE_X10Y157        LUT6 (Prop_lut6_I2_O)        0.043     7.027 r  u_tx/crc_reg[16]_i_6/O
                         net (fo=5, routed)           0.274     7.302    u_tx/n_0_crc_reg[16]_i_6
    SLICE_X13Y157        LUT5 (Prop_lut5_I3_O)        0.043     7.345 r  u_tx/crc_reg[30]_i_8/O
                         net (fo=1, routed)           0.000     7.345    u_tx/n_0_crc_reg[30]_i_8
    SLICE_X13Y157        MUXF7 (Prop_muxf7_I1_O)      0.122     7.467 r  u_tx/crc_reg_reg[30]_i_4/O
                         net (fo=1, routed)           0.149     7.616    u_tx/n_0_crc_reg_reg[30]_i_4
    SLICE_X13Y157        LUT6 (Prop_lut6_I5_O)        0.122     7.738 r  u_tx/crc_reg[30]_i_1/O
                         net (fo=1, routed)           0.000     7.738    u_tx/crc_reg[30]
    SLICE_X13Y157        FDRE                                         r  u_tx/crc_reg_reg[30]/D
  -------------------------------------------------------------------    -------------------

                         (clock clk_out2_clk_wiz_0 rise edge)
                                                      8.000     8.000 r  
    AE10                                              0.000     8.000 r  sys_clk_p
                         net (fo=0)                   0.000     8.000    u_clk_wiz/inst/clk_in1_p
    AE10                 IBUFDS (Prop_ibufds_I_O)     0.722     8.722 r  u_clk_wiz/inst/clkin1_ibufgds/O
                         net (fo=1, routed)           0.986     9.708    u_clk_wiz/inst/clk_in1_clk_wiz_0
    MMCME2_ADV_X1Y1      MMCME2_ADV (Prop_mmcme2_adv_CLKIN1_CLKOUT1)
                                                     -6.759     2.949 r  u_clk_wiz/inst/mmcm_adv_inst/CLKOUT1
                         net (fo=1, routed)           2.005     4.954    u_clk_wiz/inst/clk_out2_clk_wiz_0
    BUFGCTRL_X0Y0        BUFG (Prop_bufg_I_O)         0.083     5.037 r  u_clk_wiz/inst/clkout2_buf/O
                         net (fo=79, routed)          1.165     6.202    u_tx/C
    SLICE_X13Y157                                                     r  u_tx/crc_reg_reg[30]/C
                         clock pessimism              0.000     6.202    
                         clock uncertainty           -0.154     6.047    
    SLICE_X13Y157        FDRE (Setup_fdre_C_D)        0.033     6.080    u_tx/crc_reg_reg[30]
  -------------------------------------------------------------------
                         required time                          6.080    
                         arrival time                          -7.738    
  -------------------------------------------------------------------
                         slack                                 -1.658    

Slack (VIOLATED) :        -1.654ns  (required time - arrival time)
  Source:                 u_rx/rx_len_reg[3]/C
                            (rising edge-triggered cell FDCE clocked by E_RXC  {rise@0.000ns fall@4.000ns period=8.000ns})
  Destination:            u_tx/crc_reg_reg[29]/D
                            (rising edge-triggered cell FDRE clocked by clk_out2_clk_wiz_0  {rise@0.000ns fall@4.000ns period=8.000ns})
  Path Group:             clk_out2_clk_wiz_0
  Path Type:              Setup (Max at Slow Process Corner)
  Requirement:            8.000ns  (clk_out2_clk_wiz_0 rise@8.000ns - E_RXC rise@0.000ns)
  Data Path Delay:        2.269ns  (logic 0.438ns (19.300%)  route 1.831ns (80.700%))
  Logic Levels:           5  (LUT2=1 LUT5=2 LUT6=2)
  Clock Path Skew:        -7.265ns (DCD - SCD + CPR)
    Destination Clock Delay (DCD):    -1.796ns = ( 6.204 - 8.000 ) 
    Source Clock Delay      (SCD):    5.468ns
    Clock Pessimism Removal (CPR):    0.000ns
  Clock Uncertainty:      0.154ns  ((TSJ^2 + DJ^2)^1/2) / 2 + PE
    Total System Jitter     (TSJ):    0.071ns
    Discrete Jitter          (DJ):    0.108ns
    Phase Error              (PE):    0.090ns
  Clock Domain Crossing:  Inter clock paths are considered valid unless explicitly excluded by timing constraints such as set_clock_groups or set_false_path.

    Location             Delay type                Incr(ns)  Path(ns)    Netlist Resource(s)
  -------------------------------------------------------------------    -------------------
                         (clock E_RXC rise edge)      0.000     0.000 r  
    J26                                               0.000     0.000 r  E_RXC
                         net (fo=0)                   0.000     0.000    E_RXC
    J26                  IBUF (Prop_ibuf_I_O)         1.541     1.541 r  E_RXC_IBUF_inst/O
                         net (fo=1, routed)           2.538     4.078    E_RXC_IBUF
    BUFGCTRL_X0Y1        BUFG (Prop_bufg_I_O)         0.093     4.171 r  u_bufg_rxc/O
                         net (fo=129, routed)         1.297     5.468    u_rx/e_rxc_bufg
    SLICE_X9Y160                                                      r  u_rx/rx_len_reg[3]/C
  -------------------------------------------------------------------    -------------------
    SLICE_X9Y160         FDCE (Prop_fdce_C_Q)         0.223     5.691 f  u_rx/rx_len_reg[3]/Q
                         net (fo=21, routed)          0.519     6.211    u_rx/O2[3]
    SLICE_X10Y158        LUT5 (Prop_lut5_I2_O)        0.043     6.254 r  u_rx/crc_reg[17]_i_9/O
                         net (fo=3, routed)           0.276     6.530    u_rx/n_0_crc_reg[17]_i_9
    SLICE_X9Y159         LUT6 (Prop_lut6_I1_O)        0.043     6.573 r  u_rx/crc_reg[17]_i_6/O
                         net (fo=4, routed)           0.379     6.952    u_tx/I14
    SLICE_X7Y158         LUT2 (Prop_lut2_I1_O)        0.043     6.995 r  u_tx/crc_reg[30]_i_5/O
                         net (fo=8, routed)           0.415     7.410    u_tx/n_0_crc_reg[30]_i_5
    SLICE_X11Y157        LUT5 (Prop_lut5_I3_O)        0.043     7.453 f  u_tx/crc_reg[29]_i_3/O
                         net (fo=1, routed)           0.242     7.695    u_tx/n_0_crc_reg[29]_i_3
    SLICE_X11Y155        LUT6 (Prop_lut6_I3_O)        0.043     7.738 r  u_tx/crc_reg[29]_i_1/O
                         net (fo=1, routed)           0.000     7.738    u_tx/crc_reg[29]
    SLICE_X11Y155        FDRE                                         r  u_tx/crc_reg_reg[29]/D
  -------------------------------------------------------------------    -------------------

                         (clock clk_out2_clk_wiz_0 rise edge)
                                                      8.000     8.000 r  
    AE10                                              0.000     8.000 r  sys_clk_p
                         net (fo=0)                   0.000     8.000    u_clk_wiz/inst/clk_in1_p
    AE10                 IBUFDS (Prop_ibufds_I_O)     0.722     8.722 r  u_clk_wiz/inst/clkin1_ibufgds/O
                         net (fo=1, routed)           0.986     9.708    u_clk_wiz/inst/clk_in1_clk_wiz_0
    MMCME2_ADV_X1Y1      MMCME2_ADV (Prop_mmcme2_adv_CLKIN1_CLKOUT1)
                                                     -6.759     2.949 r  u_clk_wiz/inst/mmcm_adv_inst/CLKOUT1
                         net (fo=1, routed)           2.005     4.954    u_clk_wiz/inst/clk_out2_clk_wiz_0
    BUFGCTRL_X0Y0        BUFG (Prop_bufg_I_O)         0.083     5.037 r  u_clk_wiz/inst/clkout2_buf/O
                         net (fo=79, routed)          1.167     6.204    u_tx/C
    SLICE_X11Y155                                                     r  u_tx/crc_reg_reg[29]/C
                         clock pessimism              0.000     6.204    
                         clock uncertainty           -0.154     6.049    
    SLICE_X11Y155        FDRE (Setup_fdre_C_D)        0.034     6.083    u_tx/crc_reg_reg[29]
  -------------------------------------------------------------------
                         required time                          6.083    
                         arrival time                          -7.738    
  -------------------------------------------------------------------
                         slack                                 -1.654    

Slack (VIOLATED) :        -1.654ns  (required time - arrival time)
  Source:                 u_rx/rx_len_reg[6]/C
                            (rising edge-triggered cell FDCE clocked by E_RXC  {rise@0.000ns fall@4.000ns period=8.000ns})
  Destination:            u_tx/crc_reg_reg[12]/D
                            (rising edge-triggered cell FDRE clocked by clk_out2_clk_wiz_0  {rise@0.000ns fall@4.000ns period=8.000ns})
  Path Group:             clk_out2_clk_wiz_0
  Path Type:              Setup (Max at Slow Process Corner)
  Requirement:            8.000ns  (clk_out2_clk_wiz_0 rise@8.000ns - E_RXC rise@0.000ns)
  Data Path Delay:        2.267ns  (logic 0.438ns (19.321%)  route 1.829ns (80.679%))
  Logic Levels:           5  (LUT5=3 LUT6=2)
  Clock Path Skew:        -7.266ns (DCD - SCD + CPR)
    Destination Clock Delay (DCD):    -1.796ns = ( 6.204 - 8.000 ) 
    Source Clock Delay      (SCD):    5.469ns
    Clock Pessimism Removal (CPR):    0.000ns
  Clock Uncertainty:      0.154ns  ((TSJ^2 + DJ^2)^1/2) / 2 + PE
    Total System Jitter     (TSJ):    0.071ns
    Discrete Jitter          (DJ):    0.108ns
    Phase Error              (PE):    0.090ns
  Clock Domain Crossing:  Inter clock paths are considered valid unless explicitly excluded by timing constraints such as set_clock_groups or set_false_path.

    Location             Delay type                Incr(ns)  Path(ns)    Netlist Resource(s)
  -------------------------------------------------------------------    -------------------
                         (clock E_RXC rise edge)      0.000     0.000 r  
    J26                                               0.000     0.000 r  E_RXC
                         net (fo=0)                   0.000     0.000    E_RXC
    J26                  IBUF (Prop_ibuf_I_O)         1.541     1.541 r  E_RXC_IBUF_inst/O
                         net (fo=1, routed)           2.538     4.078    E_RXC_IBUF
    BUFGCTRL_X0Y1        BUFG (Prop_bufg_I_O)         0.093     4.171 r  u_bufg_rxc/O
                         net (fo=129, routed)         1.298     5.469    u_rx/e_rxc_bufg
    SLICE_X11Y159                                                     r  u_rx/rx_len_reg[6]/C
  -------------------------------------------------------------------    -------------------
    SLICE_X11Y159        FDCE (Prop_fdce_C_Q)         0.223     5.692 f  u_rx/rx_len_reg[6]/Q
                         net (fo=12, routed)          0.624     6.317    u_rx/O2[6]
    SLICE_X7Y158         LUT5 (Prop_lut5_I3_O)        0.043     6.360 r  u_rx/crc_reg[22]_i_6/O
                         net (fo=1, routed)           0.229     6.588    u_tx/I22
    SLICE_X7Y157         LUT6 (Prop_lut6_I3_O)        0.043     6.631 r  u_tx/crc_reg[22]_i_5/O
                         net (fo=4, routed)           0.383     7.014    u_tx/n_0_crc_reg[22]_i_5
    SLICE_X9Y155         LUT5 (Prop_lut5_I4_O)        0.043     7.057 r  u_tx/crc_reg[12]_i_6/O
                         net (fo=3, routed)           0.242     7.299    u_tx/n_0_crc_reg[12]_i_6
    SLICE_X9Y155         LUT5 (Prop_lut5_I1_O)        0.043     7.342 r  u_tx/crc_reg[12]_i_2/O
                         net (fo=2, routed)           0.351     7.693    u_tx/n_0_crc_reg[12]_i_2
    SLICE_X11Y155        LUT6 (Prop_lut6_I1_O)        0.043     7.736 r  u_tx/crc_reg[12]_i_1/O
                         net (fo=1, routed)           0.000     7.736    u_tx/crc_reg[12]
    SLICE_X11Y155        FDRE                                         r  u_tx/crc_reg_reg[12]/D
  -------------------------------------------------------------------    -------------------

                         (clock clk_out2_clk_wiz_0 rise edge)
                                                      8.000     8.000 r  
    AE10                                              0.000     8.000 r  sys_clk_p
                         net (fo=0)                   0.000     8.000    u_clk_wiz/inst/clk_in1_p
    AE10                 IBUFDS (Prop_ibufds_I_O)     0.722     8.722 r  u_clk_wiz/inst/clkin1_ibufgds/O
                         net (fo=1, routed)           0.986     9.708    u_clk_wiz/inst/clk_in1_clk_wiz_0
    MMCME2_ADV_X1Y1      MMCME2_ADV (Prop_mmcme2_adv_CLKIN1_CLKOUT1)
                                                     -6.759     2.949 r  u_clk_wiz/inst/mmcm_adv_inst/CLKOUT1
                         net (fo=1, routed)           2.005     4.954    u_clk_wiz/inst/clk_out2_clk_wiz_0
    BUFGCTRL_X0Y0        BUFG (Prop_bufg_I_O)         0.083     5.037 r  u_clk_wiz/inst/clkout2_buf/O
                         net (fo=79, routed)          1.167     6.204    u_tx/C
    SLICE_X11Y155                                                     r  u_tx/crc_reg_reg[12]/C
                         clock pessimism              0.000     6.204    
                         clock uncertainty           -0.154     6.049    
    SLICE_X11Y155        FDRE (Setup_fdre_C_D)        0.033     6.082    u_tx/crc_reg_reg[12]
  -------------------------------------------------------------------
                         required time                          6.082    
                         arrival time                          -7.736    
  -------------------------------------------------------------------
                         slack                                 -1.654    

Slack (VIOLATED) :        -1.646ns  (required time - arrival time)
  Source:                 u_rx/rx_len_reg[5]/C
                            (rising edge-triggered cell FDCE clocked by E_RXC  {rise@0.000ns fall@4.000ns period=8.000ns})
  Destination:            u_tx/byte_cnt_reg[1]/R
                            (rising edge-triggered cell FDRE clocked by clk_out2_clk_wiz_0  {rise@0.000ns fall@4.000ns period=8.000ns})
  Path Group:             clk_out2_clk_wiz_0
  Path Type:              Setup (Max at Slow Process Corner)
  Requirement:            8.000ns  (clk_out2_clk_wiz_0 rise@8.000ns - E_RXC rise@0.000ns)
  Data Path Delay:        1.916ns  (logic 0.703ns (36.684%)  route 1.213ns (63.316%))
  Logic Levels:           5  (CARRY4=2 LUT4=1 LUT6=2)
  Clock Path Skew:        -7.272ns (DCD - SCD + CPR)
    Destination Clock Delay (DCD):    -1.802ns = ( 6.198 - 8.000 ) 
    Source Clock Delay      (SCD):    5.469ns
    Clock Pessimism Removal (CPR):    0.000ns
  Clock Uncertainty:      0.154ns  ((TSJ^2 + DJ^2)^1/2) / 2 + PE
    Total System Jitter     (TSJ):    0.071ns
    Discrete Jitter          (DJ):    0.108ns
    Phase Error              (PE):    0.090ns
  Clock Domain Crossing:  Inter clock paths are considered valid unless explicitly excluded by timing constraints such as set_clock_groups or set_false_path.

    Location             Delay type                Incr(ns)  Path(ns)    Netlist Resource(s)
  -------------------------------------------------------------------    -------------------
                         (clock E_RXC rise edge)      0.000     0.000 r  
    J26                                               0.000     0.000 r  E_RXC
                         net (fo=0)                   0.000     0.000    E_RXC
    J26                  IBUF (Prop_ibuf_I_O)         1.541     1.541 r  E_RXC_IBUF_inst/O
                         net (fo=1, routed)           2.538     4.078    E_RXC_IBUF
    BUFGCTRL_X0Y1        BUFG (Prop_bufg_I_O)         0.093     4.171 r  u_bufg_rxc/O
                         net (fo=129, routed)         1.298     5.469    u_rx/e_rxc_bufg
    SLICE_X9Y159                                                      r  u_rx/rx_len_reg[5]/C
  -------------------------------------------------------------------    -------------------
    SLICE_X9Y159         FDCE (Prop_fdce_C_Q)         0.223     5.692 r  u_rx/rx_len_reg[5]/Q
                         net (fo=19, routed)          0.451     6.144    u_tx/O2[5]
    SLICE_X9Y161         LUT4 (Prop_lut4_I1_O)        0.043     6.187 r  u_tx/byte_cnt[10]_i_18/O
                         net (fo=1, routed)           0.000     6.187    u_rx/S[2]
    SLICE_X9Y161         CARRY4 (Prop_carry4_S[2]_CO[3])
                                                      0.195     6.382 r  u_rx/byte_cnt_reg[10]_i_8/CO[3]
                         net (fo=1, routed)           0.000     6.382    u_rx/n_0_byte_cnt_reg[10]_i_8
    SLICE_X9Y162         CARRY4 (Prop_carry4_CI_CO[1])
                                                      0.077     6.459 f  u_rx/byte_cnt_reg[10]_i_5/CO[1]
                         net (fo=3, routed)           0.257     6.716    u_tx/CO[0]
    SLICE_X9Y164         LUT6 (Prop_lut6_I4_O)        0.122     6.838 r  u_tx/byte_cnt[10]_i_2__0/O
                         net (fo=13, routed)          0.124     6.961    u_tx/byte_cnt0
    SLICE_X9Y164         LUT6 (Prop_lut6_I0_O)        0.043     7.004 r  u_tx/byte_cnt[4]_i_1__0/O
                         net (fo=4, routed)           0.381     7.386    u_tx/n_0_byte_cnt[4]_i_1__0
    SLICE_X9Y164         FDRE                                         r  u_tx/byte_cnt_reg[1]/R
  -------------------------------------------------------------------    -------------------

                         (clock clk_out2_clk_wiz_0 rise edge)
                                                      8.000     8.000 r  
    AE10                                              0.000     8.000 r  sys_clk_p
                         net (fo=0)                   0.000     8.000    u_clk_wiz/inst/clk_in1_p
    AE10                 IBUFDS (Prop_ibufds_I_O)     0.722     8.722 r  u_clk_wiz/inst/clkin1_ibufgds/O
                         net (fo=1, routed)           0.986     9.708    u_clk_wiz/inst/clk_in1_clk_wiz_0
    MMCME2_ADV_X1Y1      MMCME2_ADV (Prop_mmcme2_adv_CLKIN1_CLKOUT1)
                                                     -6.759     2.949 r  u_clk_wiz/inst/mmcm_adv_inst/CLKOUT1
                         net (fo=1, routed)           2.005     4.954    u_clk_wiz/inst/clk_out2_clk_wiz_0
    BUFGCTRL_X0Y0        BUFG (Prop_bufg_I_O)         0.083     5.037 r  u_clk_wiz/inst/clkout2_buf/O
                         net (fo=79, routed)          1.161     6.198    u_tx/C
    SLICE_X9Y164                                                      r  u_tx/byte_cnt_reg[1]/C
                         clock pessimism              0.000     6.198    
                         clock uncertainty           -0.154     6.043    
    SLICE_X9Y164         FDRE (Setup_fdre_C_R)       -0.304     5.739    u_tx/byte_cnt_reg[1]
  -------------------------------------------------------------------
                         required time                          5.739    
                         arrival time                          -7.386    
  -------------------------------------------------------------------
                         slack                                 -1.646    

Slack (VIOLATED) :        -1.646ns  (required time - arrival time)
  Source:                 u_rx/rx_len_reg[5]/C
                            (rising edge-triggered cell FDCE clocked by E_RXC  {rise@0.000ns fall@4.000ns period=8.000ns})
  Destination:            u_tx/byte_cnt_reg[2]/R
                            (rising edge-triggered cell FDRE clocked by clk_out2_clk_wiz_0  {rise@0.000ns fall@4.000ns period=8.000ns})
  Path Group:             clk_out2_clk_wiz_0
  Path Type:              Setup (Max at Slow Process Corner)
  Requirement:            8.000ns  (clk_out2_clk_wiz_0 rise@8.000ns - E_RXC rise@0.000ns)
  Data Path Delay:        1.916ns  (logic 0.703ns (36.684%)  route 1.213ns (63.316%))
  Logic Levels:           5  (CARRY4=2 LUT4=1 LUT6=2)
  Clock Path Skew:        -7.272ns (DCD - SCD + CPR)
    Destination Clock Delay (DCD):    -1.802ns = ( 6.198 - 8.000 ) 
    Source Clock Delay      (SCD):    5.469ns
    Clock Pessimism Removal (CPR):    0.000ns
  Clock Uncertainty:      0.154ns  ((TSJ^2 + DJ^2)^1/2) / 2 + PE
    Total System Jitter     (TSJ):    0.071ns
    Discrete Jitter          (DJ):    0.108ns
    Phase Error              (PE):    0.090ns
  Clock Domain Crossing:  Inter clock paths are considered valid unless explicitly excluded by timing constraints such as set_clock_groups or set_false_path.

    Location             Delay type                Incr(ns)  Path(ns)    Netlist Resource(s)
  -------------------------------------------------------------------    -------------------
                         (clock E_RXC rise edge)      0.000     0.000 r  
    J26                                               0.000     0.000 r  E_RXC
                         net (fo=0)                   0.000     0.000    E_RXC
    J26                  IBUF (Prop_ibuf_I_O)         1.541     1.541 r  E_RXC_IBUF_inst/O
                         net (fo=1, routed)           2.538     4.078    E_RXC_IBUF
    BUFGCTRL_X0Y1        BUFG (Prop_bufg_I_O)         0.093     4.171 r  u_bufg_rxc/O
                         net (fo=129, routed)         1.298     5.469    u_rx/e_rxc_bufg
    SLICE_X9Y159                                                      r  u_rx/rx_len_reg[5]/C
  -------------------------------------------------------------------    -------------------
    SLICE_X9Y159         FDCE (Prop_fdce_C_Q)         0.223     5.692 r  u_rx/rx_len_reg[5]/Q
                         net (fo=19, routed)          0.451     6.144    u_tx/O2[5]
    SLICE_X9Y161         LUT4 (Prop_lut4_I1_O)        0.043     6.187 r  u_tx/byte_cnt[10]_i_18/O
                         net (fo=1, routed)           0.000     6.187    u_rx/S[2]
    SLICE_X9Y161         CARRY4 (Prop_carry4_S[2]_CO[3])
                                                      0.195     6.382 r  u_rx/byte_cnt_reg[10]_i_8/CO[3]
                         net (fo=1, routed)           0.000     6.382    u_rx/n_0_byte_cnt_reg[10]_i_8
    SLICE_X9Y162         CARRY4 (Prop_carry4_CI_CO[1])
                                                      0.077     6.459 f  u_rx/byte_cnt_reg[10]_i_5/CO[1]
                         net (fo=3, routed)           0.257     6.716    u_tx/CO[0]
    SLICE_X9Y164         LUT6 (Prop_lut6_I4_O)        0.122     6.838 r  u_tx/byte_cnt[10]_i_2__0/O
                         net (fo=13, routed)          0.124     6.961    u_tx/byte_cnt0
    SLICE_X9Y164         LUT6 (Prop_lut6_I0_O)        0.043     7.004 r  u_tx/byte_cnt[4]_i_1__0/O
                         net (fo=4, routed)           0.381     7.386    u_tx/n_0_byte_cnt[4]_i_1__0
    SLICE_X9Y164         FDRE                                         r  u_tx/byte_cnt_reg[2]/R
  -------------------------------------------------------------------    -------------------

                         (clock clk_out2_clk_wiz_0 rise edge)
                                                      8.000     8.000 r  
    AE10                                              0.000     8.000 r  sys_clk_p
                         net (fo=0)                   0.000     8.000    u_clk_wiz/inst/clk_in1_p
    AE10                 IBUFDS (Prop_ibufds_I_O)     0.722     8.722 r  u_clk_wiz/inst/clkin1_ibufgds/O
                         net (fo=1, routed)           0.986     9.708    u_clk_wiz/inst/clk_in1_clk_wiz_0
    MMCME2_ADV_X1Y1      MMCME2_ADV (Prop_mmcme2_adv_CLKIN1_CLKOUT1)
                                                     -6.759     2.949 r  u_clk_wiz/inst/mmcm_adv_inst/CLKOUT1
                         net (fo=1, routed)           2.005     4.954    u_clk_wiz/inst/clk_out2_clk_wiz_0
    BUFGCTRL_X0Y0        BUFG (Prop_bufg_I_O)         0.083     5.037 r  u_clk_wiz/inst/clkout2_buf/O
                         net (fo=79, routed)          1.161     6.198    u_tx/C
    SLICE_X9Y164                                                      r  u_tx/byte_cnt_reg[2]/C
                         clock pessimism              0.000     6.198    
                         clock uncertainty           -0.154     6.043    
    SLICE_X9Y164         FDRE (Setup_fdre_C_R)       -0.304     5.739    u_tx/byte_cnt_reg[2]
  -------------------------------------------------------------------
                         required time                          5.739    
                         arrival time                          -7.386    
  -------------------------------------------------------------------
                         slack                                 -1.646    

Slack (VIOLATED) :        -1.646ns  (required time - arrival time)
  Source:                 u_rx/rx_len_reg[5]/C
                            (rising edge-triggered cell FDCE clocked by E_RXC  {rise@0.000ns fall@4.000ns period=8.000ns})
  Destination:            u_tx/byte_cnt_reg[3]/R
                            (rising edge-triggered cell FDRE clocked by clk_out2_clk_wiz_0  {rise@0.000ns fall@4.000ns period=8.000ns})
  Path Group:             clk_out2_clk_wiz_0
  Path Type:              Setup (Max at Slow Process Corner)
  Requirement:            8.000ns  (clk_out2_clk_wiz_0 rise@8.000ns - E_RXC rise@0.000ns)
  Data Path Delay:        1.916ns  (logic 0.703ns (36.684%)  route 1.213ns (63.316%))
  Logic Levels:           5  (CARRY4=2 LUT4=1 LUT6=2)
  Clock Path Skew:        -7.272ns (DCD - SCD + CPR)
    Destination Clock Delay (DCD):    -1.802ns = ( 6.198 - 8.000 ) 
    Source Clock Delay      (SCD):    5.469ns
    Clock Pessimism Removal (CPR):    0.000ns
  Clock Uncertainty:      0.154ns  ((TSJ^2 + DJ^2)^1/2) / 2 + PE
    Total System Jitter     (TSJ):    0.071ns
    Discrete Jitter          (DJ):    0.108ns
    Phase Error              (PE):    0.090ns
  Clock Domain Crossing:  Inter clock paths are considered valid unless explicitly excluded by timing constraints such as set_clock_groups or set_false_path.

    Location             Delay type                Incr(ns)  Path(ns)    Netlist Resource(s)
  -------------------------------------------------------------------    -------------------
                         (clock E_RXC rise edge)      0.000     0.000 r  
    J26                                               0.000     0.000 r  E_RXC
                         net (fo=0)                   0.000     0.000    E_RXC
    J26                  IBUF (Prop_ibuf_I_O)         1.541     1.541 r  E_RXC_IBUF_inst/O
                         net (fo=1, routed)           2.538     4.078    E_RXC_IBUF
    BUFGCTRL_X0Y1        BUFG (Prop_bufg_I_O)         0.093     4.171 r  u_bufg_rxc/O
                         net (fo=129, routed)         1.298     5.469    u_rx/e_rxc_bufg
    SLICE_X9Y159                                                      r  u_rx/rx_len_reg[5]/C
  -------------------------------------------------------------------    -------------------
    SLICE_X9Y159         FDCE (Prop_fdce_C_Q)         0.223     5.692 r  u_rx/rx_len_reg[5]/Q
                         net (fo=19, routed)          0.451     6.144    u_tx/O2[5]
    SLICE_X9Y161         LUT4 (Prop_lut4_I1_O)        0.043     6.187 r  u_tx/byte_cnt[10]_i_18/O
                         net (fo=1, routed)           0.000     6.187    u_rx/S[2]
    SLICE_X9Y161         CARRY4 (Prop_carry4_S[2]_CO[3])
                                                      0.195     6.382 r  u_rx/byte_cnt_reg[10]_i_8/CO[3]
                         net (fo=1, routed)           0.000     6.382    u_rx/n_0_byte_cnt_reg[10]_i_8
    SLICE_X9Y162         CARRY4 (Prop_carry4_CI_CO[1])
                                                      0.077     6.459 f  u_rx/byte_cnt_reg[10]_i_5/CO[1]
                         net (fo=3, routed)           0.257     6.716    u_tx/CO[0]
    SLICE_X9Y164         LUT6 (Prop_lut6_I4_O)        0.122     6.838 r  u_tx/byte_cnt[10]_i_2__0/O
                         net (fo=13, routed)          0.124     6.961    u_tx/byte_cnt0
    SLICE_X9Y164         LUT6 (Prop_lut6_I0_O)        0.043     7.004 r  u_tx/byte_cnt[4]_i_1__0/O
                         net (fo=4, routed)           0.381     7.386    u_tx/n_0_byte_cnt[4]_i_1__0
    SLICE_X9Y164         FDRE                                         r  u_tx/byte_cnt_reg[3]/R
  -------------------------------------------------------------------    -------------------

                         (clock clk_out2_clk_wiz_0 rise edge)
                                                      8.000     8.000 r  
    AE10                                              0.000     8.000 r  sys_clk_p
                         net (fo=0)                   0.000     8.000    u_clk_wiz/inst/clk_in1_p
    AE10                 IBUFDS (Prop_ibufds_I_O)     0.722     8.722 r  u_clk_wiz/inst/clkin1_ibufgds/O
                         net (fo=1, routed)           0.986     9.708    u_clk_wiz/inst/clk_in1_clk_wiz_0
    MMCME2_ADV_X1Y1      MMCME2_ADV (Prop_mmcme2_adv_CLKIN1_CLKOUT1)
                                                     -6.759     2.949 r  u_clk_wiz/inst/mmcm_adv_inst/CLKOUT1
                         net (fo=1, routed)           2.005     4.954    u_clk_wiz/inst/clk_out2_clk_wiz_0
    BUFGCTRL_X0Y0        BUFG (Prop_bufg_I_O)         0.083     5.037 r  u_clk_wiz/inst/clkout2_buf/O
                         net (fo=79, routed)          1.161     6.198    u_tx/C
    SLICE_X9Y164                                                      r  u_tx/byte_cnt_reg[3]/C
                         clock pessimism              0.000     6.198    
                         clock uncertainty           -0.154     6.043    
    SLICE_X9Y164         FDRE (Setup_fdre_C_R)       -0.304     5.739    u_tx/byte_cnt_reg[3]
  -------------------------------------------------------------------
                         required time                          5.739    
                         arrival time                          -7.386    
  -------------------------------------------------------------------
                         slack                                 -1.646    

Slack (VIOLATED) :        -1.646ns  (required time - arrival time)
  Source:                 u_rx/rx_len_reg[5]/C
                            (rising edge-triggered cell FDCE clocked by E_RXC  {rise@0.000ns fall@4.000ns period=8.000ns})
  Destination:            u_tx/byte_cnt_reg[4]/R
                            (rising edge-triggered cell FDRE clocked by clk_out2_clk_wiz_0  {rise@0.000ns fall@4.000ns period=8.000ns})
  Path Group:             clk_out2_clk_wiz_0
  Path Type:              Setup (Max at Slow Process Corner)
  Requirement:            8.000ns  (clk_out2_clk_wiz_0 rise@8.000ns - E_RXC rise@0.000ns)
  Data Path Delay:        1.916ns  (logic 0.703ns (36.684%)  route 1.213ns (63.316%))
  Logic Levels:           5  (CARRY4=2 LUT4=1 LUT6=2)
  Clock Path Skew:        -7.272ns (DCD - SCD + CPR)
    Destination Clock Delay (DCD):    -1.802ns = ( 6.198 - 8.000 ) 
    Source Clock Delay      (SCD):    5.469ns
    Clock Pessimism Removal (CPR):    0.000ns
  Clock Uncertainty:      0.154ns  ((TSJ^2 + DJ^2)^1/2) / 2 + PE
    Total System Jitter     (TSJ):    0.071ns
    Discrete Jitter          (DJ):    0.108ns
    Phase Error              (PE):    0.090ns
  Clock Domain Crossing:  Inter clock paths are considered valid unless explicitly excluded by timing constraints such as set_clock_groups or set_false_path.

    Location             Delay type                Incr(ns)  Path(ns)    Netlist Resource(s)
  -------------------------------------------------------------------    -------------------
                         (clock E_RXC rise edge)      0.000     0.000 r  
    J26                                               0.000     0.000 r  E_RXC
                         net (fo=0)                   0.000     0.000    E_RXC
    J26                  IBUF (Prop_ibuf_I_O)         1.541     1.541 r  E_RXC_IBUF_inst/O
                         net (fo=1, routed)           2.538     4.078    E_RXC_IBUF
    BUFGCTRL_X0Y1        BUFG (Prop_bufg_I_O)         0.093     4.171 r  u_bufg_rxc/O
                         net (fo=129, routed)         1.298     5.469    u_rx/e_rxc_bufg
    SLICE_X9Y159                                                      r  u_rx/rx_len_reg[5]/C
  -------------------------------------------------------------------    -------------------
    SLICE_X9Y159         FDCE (Prop_fdce_C_Q)         0.223     5.692 r  u_rx/rx_len_reg[5]/Q
                         net (fo=19, routed)          0.451     6.144    u_tx/O2[5]
    SLICE_X9Y161         LUT4 (Prop_lut4_I1_O)        0.043     6.187 r  u_tx/byte_cnt[10]_i_18/O
                         net (fo=1, routed)           0.000     6.187    u_rx/S[2]
    SLICE_X9Y161         CARRY4 (Prop_carry4_S[2]_CO[3])
                                                      0.195     6.382 r  u_rx/byte_cnt_reg[10]_i_8/CO[3]
                         net (fo=1, routed)           0.000     6.382    u_rx/n_0_byte_cnt_reg[10]_i_8
    SLICE_X9Y162         CARRY4 (Prop_carry4_CI_CO[1])
                                                      0.077     6.459 f  u_rx/byte_cnt_reg[10]_i_5/CO[1]
                         net (fo=3, routed)           0.257     6.716    u_tx/CO[0]
    SLICE_X9Y164         LUT6 (Prop_lut6_I4_O)        0.122     6.838 r  u_tx/byte_cnt[10]_i_2__0/O
                         net (fo=13, routed)          0.124     6.961    u_tx/byte_cnt0
    SLICE_X9Y164         LUT6 (Prop_lut6_I0_O)        0.043     7.004 r  u_tx/byte_cnt[4]_i_1__0/O
                         net (fo=4, routed)           0.381     7.386    u_tx/n_0_byte_cnt[4]_i_1__0
    SLICE_X9Y164         FDRE                                         r  u_tx/byte_cnt_reg[4]/R
  -------------------------------------------------------------------    -------------------

                         (clock clk_out2_clk_wiz_0 rise edge)
                                                      8.000     8.000 r  
    AE10                                              0.000     8.000 r  sys_clk_p
                         net (fo=0)                   0.000     8.000    u_clk_wiz/inst/clk_in1_p
    AE10                 IBUFDS (Prop_ibufds_I_O)     0.722     8.722 r  u_clk_wiz/inst/clkin1_ibufgds/O
                         net (fo=1, routed)           0.986     9.708    u_clk_wiz/inst/clk_in1_clk_wiz_0
    MMCME2_ADV_X1Y1      MMCME2_ADV (Prop_mmcme2_adv_CLKIN1_CLKOUT1)
                                                     -6.759     2.949 r  u_clk_wiz/inst/mmcm_adv_inst/CLKOUT1
                         net (fo=1, routed)           2.005     4.954    u_clk_wiz/inst/clk_out2_clk_wiz_0
    BUFGCTRL_X0Y0        BUFG (Prop_bufg_I_O)         0.083     5.037 r  u_clk_wiz/inst/clkout2_buf/O
                         net (fo=79, routed)          1.161     6.198    u_tx/C
    SLICE_X9Y164                                                      r  u_tx/byte_cnt_reg[4]/C
                         clock pessimism              0.000     6.198    
                         clock uncertainty           -0.154     6.043    
    SLICE_X9Y164         FDRE (Setup_fdre_C_R)       -0.304     5.739    u_tx/byte_cnt_reg[4]
  -------------------------------------------------------------------
                         required time                          5.739    
                         arrival time                          -7.386    
  -------------------------------------------------------------------
                         slack                                 -1.646    

Slack (VIOLATED) :        -1.636ns  (required time - arrival time)
  Source:                 u_rx/rx_len_reg[3]/C
                            (rising edge-triggered cell FDCE clocked by E_RXC  {rise@0.000ns fall@4.000ns period=8.000ns})
  Destination:            u_tx/crc_reg_reg[28]/D
                            (rising edge-triggered cell FDRE clocked by clk_out2_clk_wiz_0  {rise@0.000ns fall@4.000ns period=8.000ns})
  Path Group:             clk_out2_clk_wiz_0
  Path Type:              Setup (Max at Slow Process Corner)
  Requirement:            8.000ns  (clk_out2_clk_wiz_0 rise@8.000ns - E_RXC rise@0.000ns)
  Data Path Delay:        2.304ns  (logic 0.438ns (19.010%)  route 1.866ns (80.990%))
  Logic Levels:           5  (LUT5=2 LUT6=3)
  Clock Path Skew:        -7.212ns (DCD - SCD + CPR)
    Destination Clock Delay (DCD):    -1.743ns = ( 6.257 - 8.000 ) 
    Source Clock Delay      (SCD):    5.468ns
    Clock Pessimism Removal (CPR):    0.000ns
  Clock Uncertainty:      0.154ns  ((TSJ^2 + DJ^2)^1/2) / 2 + PE
    Total System Jitter     (TSJ):    0.071ns
    Discrete Jitter          (DJ):    0.108ns
    Phase Error              (PE):    0.090ns
  Clock Domain Crossing:  Inter clock paths are considered valid unless explicitly excluded by timing constraints such as set_clock_groups or set_false_path.

    Location             Delay type                Incr(ns)  Path(ns)    Netlist Resource(s)
  -------------------------------------------------------------------    -------------------
                         (clock E_RXC rise edge)      0.000     0.000 r  
    J26                                               0.000     0.000 r  E_RXC
                         net (fo=0)                   0.000     0.000    E_RXC
    J26                  IBUF (Prop_ibuf_I_O)         1.541     1.541 r  E_RXC_IBUF_inst/O
                         net (fo=1, routed)           2.538     4.078    E_RXC_IBUF
    BUFGCTRL_X0Y1        BUFG (Prop_bufg_I_O)         0.093     4.171 r  u_bufg_rxc/O
                         net (fo=129, routed)         1.297     5.468    u_rx/e_rxc_bufg
    SLICE_X9Y160                                                      r  u_rx/rx_len_reg[3]/C
  -------------------------------------------------------------------    -------------------
    SLICE_X9Y160         FDCE (Prop_fdce_C_Q)         0.223     5.691 f  u_rx/rx_len_reg[3]/Q
                         net (fo=21, routed)          0.519     6.211    u_rx/O2[3]
    SLICE_X10Y158        LUT5 (Prop_lut5_I2_O)        0.043     6.254 r  u_rx/crc_reg[17]_i_9/O
                         net (fo=3, routed)           0.279     6.533    u_rx/n_0_crc_reg[17]_i_9
    SLICE_X9Y159         LUT6 (Prop_lut6_I3_O)        0.043     6.576 f  u_rx/crc_reg[31]_i_9/O
                         net (fo=2, routed)           0.387     6.963    u_tx/I17
    SLICE_X4Y159         LUT5 (Prop_lut5_I3_O)        0.043     7.006 r  u_tx/crc_reg[31]_i_7/O
                         net (fo=5, routed)           0.359     7.365    u_tx/n_0_crc_reg[31]_i_7
    SLICE_X6Y157         LUT6 (Prop_lut6_I5_O)        0.043     7.408 r  u_tx/crc_reg[28]_i_3/O
                         net (fo=1, routed)           0.322     7.730    u_tx/n_0_crc_reg[28]_i_3
    SLICE_X5Y156         LUT6 (Prop_lut6_I2_O)        0.043     7.773 r  u_tx/crc_reg[28]_i_1/O
                         net (fo=1, routed)           0.000     7.773    u_tx/crc_reg[28]
    SLICE_X5Y156         FDRE                                         r  u_tx/crc_reg_reg[28]/D
  -------------------------------------------------------------------    -------------------

                         (clock clk_out2_clk_wiz_0 rise edge)
                                                      8.000     8.000 r  
    AE10                                              0.000     8.000 r  sys_clk_p
                         net (fo=0)                   0.000     8.000    u_clk_wiz/inst/clk_in1_p
    AE10                 IBUFDS (Prop_ibufds_I_O)     0.722     8.722 r  u_clk_wiz/inst/clkin1_ibufgds/O
                         net (fo=1, routed)           0.986     9.708    u_clk_wiz/inst/clk_in1_clk_wiz_0
    MMCME2_ADV_X1Y1      MMCME2_ADV (Prop_mmcme2_adv_CLKIN1_CLKOUT1)
                                                     -6.759     2.949 r  u_clk_wiz/inst/mmcm_adv_inst/CLKOUT1
                         net (fo=1, routed)           2.005     4.954    u_clk_wiz/inst/clk_out2_clk_wiz_0
    BUFGCTRL_X0Y0        BUFG (Prop_bufg_I_O)         0.083     5.037 r  u_clk_wiz/inst/clkout2_buf/O
                         net (fo=79, routed)          1.220     6.257    u_tx/C
    SLICE_X5Y156                                                      r  u_tx/crc_reg_reg[28]/C
                         clock pessimism              0.000     6.257    
                         clock uncertainty           -0.154     6.102    
    SLICE_X5Y156         FDRE (Setup_fdre_C_D)        0.034     6.136    u_tx/crc_reg_reg[28]
  -------------------------------------------------------------------
                         required time                          6.136    
                         arrival time                          -7.773    
  -------------------------------------------------------------------
                         slack                                 -1.636    





Min Delay Paths
--------------------------------------------------------------------------------------
Slack (MET) :             3.400ns  (arrival time - required time)
  Source:                 u_rx/rx_valid_reg/C
                            (rising edge-triggered cell FDCE clocked by E_RXC  {rise@0.000ns fall@4.000ns period=8.000ns})
  Destination:            u_tx/crc_reg_reg[30]/D
                            (rising edge-triggered cell FDRE clocked by clk_out2_clk_wiz_0  {rise@0.000ns fall@4.000ns period=8.000ns})
  Path Group:             clk_out2_clk_wiz_0
  Path Type:              Hold (Min at Fast Process Corner)
  Requirement:            0.000ns  (clk_out2_clk_wiz_0 rise@0.000ns - E_RXC rise@0.000ns)
  Data Path Delay:        0.450ns  (logic 0.128ns (28.462%)  route 0.322ns (71.538%))
  Logic Levels:           1  (LUT6=1)
  Clock Path Skew:        -3.164ns (DCD - SCD - CPR)
    Destination Clock Delay (DCD):    -0.681ns
    Source Clock Delay      (SCD):    2.483ns
    Clock Pessimism Removal (CPR):    -0.000ns
  Clock Uncertainty:      0.154ns  ((TSJ^2 + DJ^2)^1/2) / 2 + PE
    Total System Jitter     (TSJ):    0.071ns
    Discrete Jitter          (DJ):    0.108ns
    Phase Error              (PE):    0.090ns
  Clock Domain Crossing:  Inter clock paths are considered valid unless explicitly excluded by timing constraints such as set_clock_groups or set_false_path.

    Location             Delay type                Incr(ns)  Path(ns)    Netlist Resource(s)
  -------------------------------------------------------------------    -------------------
                         (clock E_RXC rise edge)      0.000     0.000 r  
    J26                                               0.000     0.000 r  E_RXC
                         net (fo=0)                   0.000     0.000    E_RXC
    J26                  IBUF (Prop_ibuf_I_O)         0.465     0.465 r  E_RXC_IBUF_inst/O
                         net (fo=1, routed)           1.405     1.870    E_RXC_IBUF
    BUFGCTRL_X0Y1        BUFG (Prop_bufg_I_O)         0.026     1.896 r  u_bufg_rxc/O
                         net (fo=129, routed)         0.587     2.483    u_rx/e_rxc_bufg
    SLICE_X11Y164                                                     r  u_rx/rx_valid_reg/C
  -------------------------------------------------------------------    -------------------
    SLICE_X11Y164        FDCE (Prop_fdce_C_Q)         0.100     2.583 r  u_rx/rx_valid_reg/Q
                         net (fo=33, routed)          0.322     2.905    u_tx/rx_valid
    SLICE_X13Y157        LUT6 (Prop_lut6_I3_O)        0.028     2.933 r  u_tx/crc_reg[30]_i_1/O
                         net (fo=1, routed)           0.000     2.933    u_tx/crc_reg[30]
    SLICE_X13Y157        FDRE                                         r  u_tx/crc_reg_reg[30]/D
  -------------------------------------------------------------------    -------------------

                         (clock clk_out2_clk_wiz_0 rise edge)
                                                      0.000     0.000 r  
    AE10                                              0.000     0.000 r  sys_clk_p
                         net (fo=0)                   0.000     0.000    u_clk_wiz/inst/clk_in1_p
    AE10                 IBUFDS (Prop_ibufds_I_O)     0.432     0.432 r  u_clk_wiz/inst/clkin1_ibufgds/O
                         net (fo=1, routed)           0.553     0.985    u_clk_wiz/inst/clk_in1_clk_wiz_0
    MMCME2_ADV_X1Y1      MMCME2_ADV (Prop_mmcme2_adv_CLKIN1_CLKOUT1)
                                                     -3.493    -2.508 r  u_clk_wiz/inst/mmcm_adv_inst/CLKOUT1
                         net (fo=1, routed)           1.007    -1.501    u_clk_wiz/inst/clk_out2_clk_wiz_0
    BUFGCTRL_X0Y0        BUFG (Prop_bufg_I_O)         0.030    -1.471 r  u_clk_wiz/inst/clkout2_buf/O
                         net (fo=79, routed)          0.790    -0.681    u_tx/C
    SLICE_X13Y157                                                     r  u_tx/crc_reg_reg[30]/C
                         clock pessimism              0.000    -0.681    
                         clock uncertainty            0.154    -0.527    
    SLICE_X13Y157        FDRE (Hold_fdre_C_D)         0.060    -0.467    u_tx/crc_reg_reg[30]
  -------------------------------------------------------------------
                         required time                          0.467    
                         arrival time                           2.933    
  -------------------------------------------------------------------
                         slack                                  3.400    

Slack (MET) :             3.421ns  (arrival time - required time)
  Source:                 u_rx/rx_valid_reg/C
                            (rising edge-triggered cell FDCE clocked by E_RXC  {rise@0.000ns fall@4.000ns period=8.000ns})
  Destination:            u_tx/crc_reg_reg[31]/D
                            (rising edge-triggered cell FDRE clocked by clk_out2_clk_wiz_0  {rise@0.000ns fall@4.000ns period=8.000ns})
  Path Group:             clk_out2_clk_wiz_0
  Path Type:              Hold (Min at Fast Process Corner)
  Requirement:            0.000ns  (clk_out2_clk_wiz_0 rise@0.000ns - E_RXC rise@0.000ns)
  Data Path Delay:        0.503ns  (logic 0.128ns (25.452%)  route 0.375ns (74.548%))
  Logic Levels:           1  (LUT6=1)
  Clock Path Skew:        -3.133ns (DCD - SCD - CPR)
    Destination Clock Delay (DCD):    -0.650ns
    Source Clock Delay      (SCD):    2.483ns
    Clock Pessimism Removal (CPR):    -0.000ns
  Clock Uncertainty:      0.154ns  ((TSJ^2 + DJ^2)^1/2) / 2 + PE
    Total System Jitter     (TSJ):    0.071ns
    Discrete Jitter          (DJ):    0.108ns
    Phase Error              (PE):    0.090ns
  Clock Domain Crossing:  Inter clock paths are considered valid unless explicitly excluded by timing constraints such as set_clock_groups or set_false_path.

    Location             Delay type                Incr(ns)  Path(ns)    Netlist Resource(s)
  -------------------------------------------------------------------    -------------------
                         (clock E_RXC rise edge)      0.000     0.000 r  
    J26                                               0.000     0.000 r  E_RXC
                         net (fo=0)                   0.000     0.000    E_RXC
    J26                  IBUF (Prop_ibuf_I_O)         0.465     0.465 r  E_RXC_IBUF_inst/O
                         net (fo=1, routed)           1.405     1.870    E_RXC_IBUF
    BUFGCTRL_X0Y1        BUFG (Prop_bufg_I_O)         0.026     1.896 r  u_bufg_rxc/O
                         net (fo=129, routed)         0.587     2.483    u_rx/e_rxc_bufg
    SLICE_X11Y164                                                     r  u_rx/rx_valid_reg/C
  -------------------------------------------------------------------    -------------------
    SLICE_X11Y164        FDCE (Prop_fdce_C_Q)         0.100     2.583 r  u_rx/rx_valid_reg/Q
                         net (fo=33, routed)          0.375     2.958    u_tx/rx_valid
    SLICE_X4Y161         LUT6 (Prop_lut6_I1_O)        0.028     2.986 r  u_tx/crc_reg[31]_i_2/O
                         net (fo=1, routed)           0.000     2.986    u_tx/crc_reg[31]
    SLICE_X4Y161         FDRE                                         r  u_tx/crc_reg_reg[31]/D
  -------------------------------------------------------------------    -------------------

                         (clock clk_out2_clk_wiz_0 rise edge)
                                                      0.000     0.000 r  
    AE10                                              0.000     0.000 r  sys_clk_p
                         net (fo=0)                   0.000     0.000    u_clk_wiz/inst/clk_in1_p
    AE10                 IBUFDS (Prop_ibufds_I_O)     0.432     0.432 r  u_clk_wiz/inst/clkin1_ibufgds/O
                         net (fo=1, routed)           0.553     0.985    u_clk_wiz/inst/clk_in1_clk_wiz_0
    MMCME2_ADV_X1Y1      MMCME2_ADV (Prop_mmcme2_adv_CLKIN1_CLKOUT1)
                                                     -3.493    -2.508 r  u_clk_wiz/inst/mmcm_adv_inst/CLKOUT1
                         net (fo=1, routed)           1.007    -1.501    u_clk_wiz/inst/clk_out2_clk_wiz_0
    BUFGCTRL_X0Y0        BUFG (Prop_bufg_I_O)         0.030    -1.471 r  u_clk_wiz/inst/clkout2_buf/O
                         net (fo=79, routed)          0.821    -0.650    u_tx/C
    SLICE_X4Y161                                                      r  u_tx/crc_reg_reg[31]/C
                         clock pessimism              0.000    -0.650    
                         clock uncertainty            0.154    -0.496    
    SLICE_X4Y161         FDRE (Hold_fdre_C_D)         0.061    -0.435    u_tx/crc_reg_reg[31]
  -------------------------------------------------------------------
                         required time                          0.435    
                         arrival time                           2.986    
  -------------------------------------------------------------------
                         slack                                  3.421    

Slack (MET) :             3.423ns  (arrival time - required time)
  Source:                 u_rx/rx_valid_reg/C
                            (rising edge-triggered cell FDCE clocked by E_RXC  {rise@0.000ns fall@4.000ns period=8.000ns})
  Destination:            u_tx/crc_reg_reg[3]/D
                            (rising edge-triggered cell FDRE clocked by clk_out2_clk_wiz_0  {rise@0.000ns fall@4.000ns period=8.000ns})
  Path Group:             clk_out2_clk_wiz_0
  Path Type:              Hold (Min at Fast Process Corner)
  Requirement:            0.000ns  (clk_out2_clk_wiz_0 rise@0.000ns - E_RXC rise@0.000ns)
  Data Path Delay:        0.505ns  (logic 0.128ns (25.365%)  route 0.377ns (74.635%))
  Logic Levels:           1  (LUT6=1)
  Clock Path Skew:        -3.133ns (DCD - SCD - CPR)
    Destination Clock Delay (DCD):    -0.650ns
    Source Clock Delay      (SCD):    2.483ns
    Clock Pessimism Removal (CPR):    -0.000ns
  Clock Uncertainty:      0.154ns  ((TSJ^2 + DJ^2)^1/2) / 2 + PE
    Total System Jitter     (TSJ):    0.071ns
    Discrete Jitter          (DJ):    0.108ns
    Phase Error              (PE):    0.090ns
  Clock Domain Crossing:  Inter clock paths are considered valid unless explicitly excluded by timing constraints such as set_clock_groups or set_false_path.

    Location             Delay type                Incr(ns)  Path(ns)    Netlist Resource(s)
  -------------------------------------------------------------------    -------------------
                         (clock E_RXC rise edge)      0.000     0.000 r  
    J26                                               0.000     0.000 r  E_RXC
                         net (fo=0)                   0.000     0.000    E_RXC
    J26                  IBUF (Prop_ibuf_I_O)         0.465     0.465 r  E_RXC_IBUF_inst/O
                         net (fo=1, routed)           1.405     1.870    E_RXC_IBUF
    BUFGCTRL_X0Y1        BUFG (Prop_bufg_I_O)         0.026     1.896 r  u_bufg_rxc/O
                         net (fo=129, routed)         0.587     2.483    u_rx/e_rxc_bufg
    SLICE_X11Y164                                                     r  u_rx/rx_valid_reg/C
  -------------------------------------------------------------------    -------------------
    SLICE_X11Y164        FDCE (Prop_fdce_C_Q)         0.100     2.583 r  u_rx/rx_valid_reg/Q
                         net (fo=33, routed)          0.377     2.960    u_tx/rx_valid
    SLICE_X4Y160         LUT6 (Prop_lut6_I1_O)        0.028     2.988 r  u_tx/crc_reg[3]_i_1/O
                         net (fo=1, routed)           0.000     2.988    u_tx/crc_reg[3]
    SLICE_X4Y160         FDRE                                         r  u_tx/crc_reg_reg[3]/D
  -------------------------------------------------------------------    -------------------

                         (clock clk_out2_clk_wiz_0 rise edge)
                                                      0.000     0.000 r  
    AE10                                              0.000     0.000 r  sys_clk_p
                         net (fo=0)                   0.000     0.000    u_clk_wiz/inst/clk_in1_p
    AE10                 IBUFDS (Prop_ibufds_I_O)     0.432     0.432 r  u_clk_wiz/inst/clkin1_ibufgds/O
                         net (fo=1, routed)           0.553     0.985    u_clk_wiz/inst/clk_in1_clk_wiz_0
    MMCME2_ADV_X1Y1      MMCME2_ADV (Prop_mmcme2_adv_CLKIN1_CLKOUT1)
                                                     -3.493    -2.508 r  u_clk_wiz/inst/mmcm_adv_inst/CLKOUT1
                         net (fo=1, routed)           1.007    -1.501    u_clk_wiz/inst/clk_out2_clk_wiz_0
    BUFGCTRL_X0Y0        BUFG (Prop_bufg_I_O)         0.030    -1.471 r  u_clk_wiz/inst/clkout2_buf/O
                         net (fo=79, routed)          0.821    -0.650    u_tx/C
    SLICE_X4Y160                                                      r  u_tx/crc_reg_reg[3]/C
                         clock pessimism              0.000    -0.650    
                         clock uncertainty            0.154    -0.496    
    SLICE_X4Y160         FDRE (Hold_fdre_C_D)         0.061    -0.435    u_tx/crc_reg_reg[3]
  -------------------------------------------------------------------
                         required time                          0.435    
                         arrival time                           2.988    
  -------------------------------------------------------------------
                         slack                                  3.423    

Slack (MET) :             3.433ns  (arrival time - required time)
  Source:                 u_rx/rx_valid_reg/C
                            (rising edge-triggered cell FDCE clocked by E_RXC  {rise@0.000ns fall@4.000ns period=8.000ns})
  Destination:            u_tx/crc_reg_reg[1]/D
                            (rising edge-triggered cell FDRE clocked by clk_out2_clk_wiz_0  {rise@0.000ns fall@4.000ns period=8.000ns})
  Path Group:             clk_out2_clk_wiz_0
  Path Type:              Hold (Min at Fast Process Corner)
  Requirement:            0.000ns  (clk_out2_clk_wiz_0 rise@0.000ns - E_RXC rise@0.000ns)
  Data Path Delay:        0.514ns  (logic 0.128ns (24.917%)  route 0.386ns (75.083%))
  Logic Levels:           1  (LUT5=1)
  Clock Path Skew:        -3.133ns (DCD - SCD - CPR)
    Destination Clock Delay (DCD):    -0.650ns
    Source Clock Delay      (SCD):    2.483ns
    Clock Pessimism Removal (CPR):    -0.000ns
  Clock Uncertainty:      0.154ns  ((TSJ^2 + DJ^2)^1/2) / 2 + PE
    Total System Jitter     (TSJ):    0.071ns
    Discrete Jitter          (DJ):    0.108ns
    Phase Error              (PE):    0.090ns
  Clock Domain Crossing:  Inter clock paths are considered valid unless explicitly excluded by timing constraints such as set_clock_groups or set_false_path.

    Location             Delay type                Incr(ns)  Path(ns)    Netlist Resource(s)
  -------------------------------------------------------------------    -------------------
                         (clock E_RXC rise edge)      0.000     0.000 r  
    J26                                               0.000     0.000 r  E_RXC
                         net (fo=0)                   0.000     0.000    E_RXC
    J26                  IBUF (Prop_ibuf_I_O)         0.465     0.465 r  E_RXC_IBUF_inst/O
                         net (fo=1, routed)           1.405     1.870    E_RXC_IBUF
    BUFGCTRL_X0Y1        BUFG (Prop_bufg_I_O)         0.026     1.896 r  u_bufg_rxc/O
                         net (fo=129, routed)         0.587     2.483    u_rx/e_rxc_bufg
    SLICE_X11Y164                                                     r  u_rx/rx_valid_reg/C
  -------------------------------------------------------------------    -------------------
    SLICE_X11Y164        FDCE (Prop_fdce_C_Q)         0.100     2.583 r  u_rx/rx_valid_reg/Q
                         net (fo=33, routed)          0.386     2.969    u_tx/rx_valid
    SLICE_X7Y161         LUT5 (Prop_lut5_I1_O)        0.028     2.997 r  u_tx/crc_reg[1]_i_1/O
                         net (fo=1, routed)           0.000     2.997    u_tx/crc_reg[1]
    SLICE_X7Y161         FDRE                                         r  u_tx/crc_reg_reg[1]/D
  -------------------------------------------------------------------    -------------------

                         (clock clk_out2_clk_wiz_0 rise edge)
                                                      0.000     0.000 r  
    AE10                                              0.000     0.000 r  sys_clk_p
                         net (fo=0)                   0.000     0.000    u_clk_wiz/inst/clk_in1_p
    AE10                 IBUFDS (Prop_ibufds_I_O)     0.432     0.432 r  u_clk_wiz/inst/clkin1_ibufgds/O
                         net (fo=1, routed)           0.553     0.985    u_clk_wiz/inst/clk_in1_clk_wiz_0
    MMCME2_ADV_X1Y1      MMCME2_ADV (Prop_mmcme2_adv_CLKIN1_CLKOUT1)
                                                     -3.493    -2.508 r  u_clk_wiz/inst/mmcm_adv_inst/CLKOUT1
                         net (fo=1, routed)           1.007    -1.501    u_clk_wiz/inst/clk_out2_clk_wiz_0
    BUFGCTRL_X0Y0        BUFG (Prop_bufg_I_O)         0.030    -1.471 r  u_clk_wiz/inst/clkout2_buf/O
                         net (fo=79, routed)          0.821    -0.650    u_tx/C
    SLICE_X7Y161                                                      r  u_tx/crc_reg_reg[1]/C
                         clock pessimism              0.000    -0.650    
                         clock uncertainty            0.154    -0.496    
    SLICE_X7Y161         FDRE (Hold_fdre_C_D)         0.060    -0.436    u_tx/crc_reg_reg[1]
  -------------------------------------------------------------------
                         required time                          0.436    
                         arrival time                           2.997    
  -------------------------------------------------------------------
                         slack                                  3.433    

Slack (MET) :             3.462ns  (arrival time - required time)
  Source:                 u_rx/rx_valid_reg/C
                            (rising edge-triggered cell FDCE clocked by E_RXC  {rise@0.000ns fall@4.000ns period=8.000ns})
  Destination:            u_tx/crc_reg_reg[19]/D
                            (rising edge-triggered cell FDRE clocked by clk_out2_clk_wiz_0  {rise@0.000ns fall@4.000ns period=8.000ns})
  Path Group:             clk_out2_clk_wiz_0
  Path Type:              Hold (Min at Fast Process Corner)
  Requirement:            0.000ns  (clk_out2_clk_wiz_0 rise@0.000ns - E_RXC rise@0.000ns)
  Data Path Delay:        0.570ns  (logic 0.128ns (22.460%)  route 0.442ns (77.540%))
  Logic Levels:           1  (LUT5=1)
  Clock Path Skew:        -3.133ns (DCD - SCD - CPR)
    Destination Clock Delay (DCD):    -0.650ns
    Source Clock Delay      (SCD):    2.483ns
    Clock Pessimism Removal (CPR):    -0.000ns
  Clock Uncertainty:      0.154ns  ((TSJ^2 + DJ^2)^1/2) / 2 + PE
    Total System Jitter     (TSJ):    0.071ns
    Discrete Jitter          (DJ):    0.108ns
    Phase Error              (PE):    0.090ns
  Clock Domain Crossing:  Inter clock paths are considered valid unless explicitly excluded by timing constraints such as set_clock_groups or set_false_path.

    Location             Delay type                Incr(ns)  Path(ns)    Netlist Resource(s)
  -------------------------------------------------------------------    -------------------
                         (clock E_RXC rise edge)      0.000     0.000 r  
    J26                                               0.000     0.000 r  E_RXC
                         net (fo=0)                   0.000     0.000    E_RXC
    J26                  IBUF (Prop_ibuf_I_O)         0.465     0.465 r  E_RXC_IBUF_inst/O
                         net (fo=1, routed)           1.405     1.870    E_RXC_IBUF
    BUFGCTRL_X0Y1        BUFG (Prop_bufg_I_O)         0.026     1.896 r  u_bufg_rxc/O
                         net (fo=129, routed)         0.587     2.483    u_rx/e_rxc_bufg
    SLICE_X11Y164                                                     r  u_rx/rx_valid_reg/C
  -------------------------------------------------------------------    -------------------
    SLICE_X11Y164        FDCE (Prop_fdce_C_Q)         0.100     2.583 r  u_rx/rx_valid_reg/Q
                         net (fo=33, routed)          0.442     3.025    u_tx/rx_valid
    SLICE_X6Y160         LUT5 (Prop_lut5_I4_O)        0.028     3.053 r  u_tx/crc_reg[19]_i_1/O
                         net (fo=1, routed)           0.000     3.053    u_tx/crc_reg[19]
    SLICE_X6Y160         FDRE                                         r  u_tx/crc_reg_reg[19]/D
  -------------------------------------------------------------------    -------------------

                         (clock clk_out2_clk_wiz_0 rise edge)
                                                      0.000     0.000 r  
    AE10                                              0.000     0.000 r  sys_clk_p
                         net (fo=0)                   0.000     0.000    u_clk_wiz/inst/clk_in1_p
    AE10                 IBUFDS (Prop_ibufds_I_O)     0.432     0.432 r  u_clk_wiz/inst/clkin1_ibufgds/O
                         net (fo=1, routed)           0.553     0.985    u_clk_wiz/inst/clk_in1_clk_wiz_0
    MMCME2_ADV_X1Y1      MMCME2_ADV (Prop_mmcme2_adv_CLKIN1_CLKOUT1)
                                                     -3.493    -2.508 r  u_clk_wiz/inst/mmcm_adv_inst/CLKOUT1
                         net (fo=1, routed)           1.007    -1.501    u_clk_wiz/inst/clk_out2_clk_wiz_0
    BUFGCTRL_X0Y0        BUFG (Prop_bufg_I_O)         0.030    -1.471 r  u_clk_wiz/inst/clkout2_buf/O
                         net (fo=79, routed)          0.821    -0.650    u_tx/C
    SLICE_X6Y160                                                      r  u_tx/crc_reg_reg[19]/C
                         clock pessimism              0.000    -0.650    
                         clock uncertainty            0.154    -0.496    
    SLICE_X6Y160         FDRE (Hold_fdre_C_D)         0.087    -0.409    u_tx/crc_reg_reg[19]
  -------------------------------------------------------------------
                         required time                          0.409    
                         arrival time                           3.053    
  -------------------------------------------------------------------
                         slack                                  3.462    

Slack (MET) :             3.476ns  (arrival time - required time)
  Source:                 u_rx/rx_valid_reg/C
                            (rising edge-triggered cell FDCE clocked by E_RXC  {rise@0.000ns fall@4.000ns period=8.000ns})
  Destination:            u_tx/crc_reg_reg[5]/D
                            (rising edge-triggered cell FDRE clocked by clk_out2_clk_wiz_0  {rise@0.000ns fall@4.000ns period=8.000ns})
  Path Group:             clk_out2_clk_wiz_0
  Path Type:              Hold (Min at Fast Process Corner)
  Requirement:            0.000ns  (clk_out2_clk_wiz_0 rise@0.000ns - E_RXC rise@0.000ns)
  Data Path Delay:        0.558ns  (logic 0.128ns (22.948%)  route 0.430ns (77.052%))
  Logic Levels:           1  (LUT6=1)
  Clock Path Skew:        -3.133ns (DCD - SCD - CPR)
    Destination Clock Delay (DCD):    -0.650ns
    Source Clock Delay      (SCD):    2.483ns
    Clock Pessimism Removal (CPR):    -0.000ns
  Clock Uncertainty:      0.154ns  ((TSJ^2 + DJ^2)^1/2) / 2 + PE
    Total System Jitter     (TSJ):    0.071ns
    Discrete Jitter          (DJ):    0.108ns
    Phase Error              (PE):    0.090ns
  Clock Domain Crossing:  Inter clock paths are considered valid unless explicitly excluded by timing constraints such as set_clock_groups or set_false_path.

    Location             Delay type                Incr(ns)  Path(ns)    Netlist Resource(s)
  -------------------------------------------------------------------    -------------------
                         (clock E_RXC rise edge)      0.000     0.000 r  
    J26                                               0.000     0.000 r  E_RXC
                         net (fo=0)                   0.000     0.000    E_RXC
    J26                  IBUF (Prop_ibuf_I_O)         0.465     0.465 r  E_RXC_IBUF_inst/O
                         net (fo=1, routed)           1.405     1.870    E_RXC_IBUF
    BUFGCTRL_X0Y1        BUFG (Prop_bufg_I_O)         0.026     1.896 r  u_bufg_rxc/O
                         net (fo=129, routed)         0.587     2.483    u_rx/e_rxc_bufg
    SLICE_X11Y164                                                     r  u_rx/rx_valid_reg/C
  -------------------------------------------------------------------    -------------------
    SLICE_X11Y164        FDCE (Prop_fdce_C_Q)         0.100     2.583 r  u_rx/rx_valid_reg/Q
                         net (fo=33, routed)          0.430     3.013    u_tx/rx_valid
    SLICE_X7Y160         LUT6 (Prop_lut6_I1_O)        0.028     3.041 r  u_tx/crc_reg[5]_i_1/O
                         net (fo=1, routed)           0.000     3.041    u_tx/crc_reg[5]
    SLICE_X7Y160         FDRE                                         r  u_tx/crc_reg_reg[5]/D
  -------------------------------------------------------------------    -------------------

                         (clock clk_out2_clk_wiz_0 rise edge)
                                                      0.000     0.000 r  
    AE10                                              0.000     0.000 r  sys_clk_p
                         net (fo=0)                   0.000     0.000    u_clk_wiz/inst/clk_in1_p
    AE10                 IBUFDS (Prop_ibufds_I_O)     0.432     0.432 r  u_clk_wiz/inst/clkin1_ibufgds/O
                         net (fo=1, routed)           0.553     0.985    u_clk_wiz/inst/clk_in1_clk_wiz_0
    MMCME2_ADV_X1Y1      MMCME2_ADV (Prop_mmcme2_adv_CLKIN1_CLKOUT1)
                                                     -3.493    -2.508 r  u_clk_wiz/inst/mmcm_adv_inst/CLKOUT1
                         net (fo=1, routed)           1.007    -1.501    u_clk_wiz/inst/clk_out2_clk_wiz_0
    BUFGCTRL_X0Y0        BUFG (Prop_bufg_I_O)         0.030    -1.471 r  u_clk_wiz/inst/clkout2_buf/O
                         net (fo=79, routed)          0.821    -0.650    u_tx/C
    SLICE_X7Y160                                                      r  u_tx/crc_reg_reg[5]/C
                         clock pessimism              0.000    -0.650    
                         clock uncertainty            0.154    -0.496    
    SLICE_X7Y160         FDRE (Hold_fdre_C_D)         0.061    -0.435    u_tx/crc_reg_reg[5]
  -------------------------------------------------------------------
                         required time                          0.435    
                         arrival time                           3.041    
  -------------------------------------------------------------------
                         slack                                  3.476    

Slack (MET) :             3.485ns  (arrival time - required time)
  Source:                 u_rx/rx_valid_reg/C
                            (rising edge-triggered cell FDCE clocked by E_RXC  {rise@0.000ns fall@4.000ns period=8.000ns})
  Destination:            u_tx/byte_cnt_reg[0]/CE
                            (rising edge-triggered cell FDRE clocked by clk_out2_clk_wiz_0  {rise@0.000ns fall@4.000ns period=8.000ns})
  Path Group:             clk_out2_clk_wiz_0
  Path Type:              Hold (Min at Fast Process Corner)
  Requirement:            0.000ns  (clk_out2_clk_wiz_0 rise@0.000ns - E_RXC rise@0.000ns)
  Data Path Delay:        0.502ns  (logic 0.128ns (25.496%)  route 0.374ns (74.504%))
  Logic Levels:           1  (LUT6=1)
  Clock Path Skew:        -3.167ns (DCD - SCD - CPR)
    Destination Clock Delay (DCD):    -0.684ns
    Source Clock Delay      (SCD):    2.483ns
    Clock Pessimism Removal (CPR):    -0.000ns
  Clock Uncertainty:      0.154ns  ((TSJ^2 + DJ^2)^1/2) / 2 + PE
    Total System Jitter     (TSJ):    0.071ns
    Discrete Jitter          (DJ):    0.108ns
    Phase Error              (PE):    0.090ns
  Clock Domain Crossing:  Inter clock paths are considered valid unless explicitly excluded by timing constraints such as set_clock_groups or set_false_path.

    Location             Delay type                Incr(ns)  Path(ns)    Netlist Resource(s)
  -------------------------------------------------------------------    -------------------
                         (clock E_RXC rise edge)      0.000     0.000 r  
    J26                                               0.000     0.000 r  E_RXC
                         net (fo=0)                   0.000     0.000    E_RXC
    J26                  IBUF (Prop_ibuf_I_O)         0.465     0.465 r  E_RXC_IBUF_inst/O
                         net (fo=1, routed)           1.405     1.870    E_RXC_IBUF
    BUFGCTRL_X0Y1        BUFG (Prop_bufg_I_O)         0.026     1.896 r  u_bufg_rxc/O
                         net (fo=129, routed)         0.587     2.483    u_rx/e_rxc_bufg
    SLICE_X11Y164                                                     r  u_rx/rx_valid_reg/C
  -------------------------------------------------------------------    -------------------
    SLICE_X11Y164        FDCE (Prop_fdce_C_Q)         0.100     2.583 r  u_rx/rx_valid_reg/Q
                         net (fo=33, routed)          0.245     2.828    u_tx/rx_valid
    SLICE_X9Y164         LUT6 (Prop_lut6_I2_O)        0.028     2.856 r  u_tx/byte_cnt[10]_i_2__0/O
                         net (fo=13, routed)          0.129     2.985    u_tx/byte_cnt0
    SLICE_X10Y163        FDRE                                         r  u_tx/byte_cnt_reg[0]/CE
  -------------------------------------------------------------------    -------------------

                         (clock clk_out2_clk_wiz_0 rise edge)
                                                      0.000     0.000 r  
    AE10                                              0.000     0.000 r  sys_clk_p
                         net (fo=0)                   0.000     0.000    u_clk_wiz/inst/clk_in1_p
    AE10                 IBUFDS (Prop_ibufds_I_O)     0.432     0.432 r  u_clk_wiz/inst/clkin1_ibufgds/O
                         net (fo=1, routed)           0.553     0.985    u_clk_wiz/inst/clk_in1_clk_wiz_0
    MMCME2_ADV_X1Y1      MMCME2_ADV (Prop_mmcme2_adv_CLKIN1_CLKOUT1)
                                                     -3.493    -2.508 r  u_clk_wiz/inst/mmcm_adv_inst/CLKOUT1
                         net (fo=1, routed)           1.007    -1.501    u_clk_wiz/inst/clk_out2_clk_wiz_0
    BUFGCTRL_X0Y0        BUFG (Prop_bufg_I_O)         0.030    -1.471 r  u_clk_wiz/inst/clkout2_buf/O
                         net (fo=79, routed)          0.787    -0.684    u_tx/C
    SLICE_X10Y163                                                     r  u_tx/byte_cnt_reg[0]/C
                         clock pessimism              0.000    -0.684    
                         clock uncertainty            0.154    -0.530    
    SLICE_X10Y163        FDRE (Hold_fdre_C_CE)        0.030    -0.500    u_tx/byte_cnt_reg[0]
  -------------------------------------------------------------------
                         required time                          0.500    
                         arrival time                           2.985    
  -------------------------------------------------------------------
                         slack                                  3.485    

Slack (MET) :             3.485ns  (arrival time - required time)
  Source:                 u_rx/rx_valid_reg/C
                            (rising edge-triggered cell FDCE clocked by E_RXC  {rise@0.000ns fall@4.000ns period=8.000ns})
  Destination:            u_tx/byte_cnt_reg[10]/CE
                            (rising edge-triggered cell FDRE clocked by clk_out2_clk_wiz_0  {rise@0.000ns fall@4.000ns period=8.000ns})
  Path Group:             clk_out2_clk_wiz_0
  Path Type:              Hold (Min at Fast Process Corner)
  Requirement:            0.000ns  (clk_out2_clk_wiz_0 rise@0.000ns - E_RXC rise@0.000ns)
  Data Path Delay:        0.502ns  (logic 0.128ns (25.496%)  route 0.374ns (74.504%))
  Logic Levels:           1  (LUT6=1)
  Clock Path Skew:        -3.167ns (DCD - SCD - CPR)
    Destination Clock Delay (DCD):    -0.684ns
    Source Clock Delay      (SCD):    2.483ns
    Clock Pessimism Removal (CPR):    -0.000ns
  Clock Uncertainty:      0.154ns  ((TSJ^2 + DJ^2)^1/2) / 2 + PE
    Total System Jitter     (TSJ):    0.071ns
    Discrete Jitter          (DJ):    0.108ns
    Phase Error              (PE):    0.090ns
  Clock Domain Crossing:  Inter clock paths are considered valid unless explicitly excluded by timing constraints such as set_clock_groups or set_false_path.

    Location             Delay type                Incr(ns)  Path(ns)    Netlist Resource(s)
  -------------------------------------------------------------------    -------------------
                         (clock E_RXC rise edge)      0.000     0.000 r  
    J26                                               0.000     0.000 r  E_RXC
                         net (fo=0)                   0.000     0.000    E_RXC
    J26                  IBUF (Prop_ibuf_I_O)         0.465     0.465 r  E_RXC_IBUF_inst/O
                         net (fo=1, routed)           1.405     1.870    E_RXC_IBUF
    BUFGCTRL_X0Y1        BUFG (Prop_bufg_I_O)         0.026     1.896 r  u_bufg_rxc/O
                         net (fo=129, routed)         0.587     2.483    u_rx/e_rxc_bufg
    SLICE_X11Y164                                                     r  u_rx/rx_valid_reg/C
  -------------------------------------------------------------------    -------------------
    SLICE_X11Y164        FDCE (Prop_fdce_C_Q)         0.100     2.583 r  u_rx/rx_valid_reg/Q
                         net (fo=33, routed)          0.245     2.828    u_tx/rx_valid
    SLICE_X9Y164         LUT6 (Prop_lut6_I2_O)        0.028     2.856 r  u_tx/byte_cnt[10]_i_2__0/O
                         net (fo=13, routed)          0.129     2.985    u_tx/byte_cnt0
    SLICE_X10Y163        FDRE                                         r  u_tx/byte_cnt_reg[10]/CE
  -------------------------------------------------------------------    -------------------

                         (clock clk_out2_clk_wiz_0 rise edge)
                                                      0.000     0.000 r  
    AE10                                              0.000     0.000 r  sys_clk_p
                         net (fo=0)                   0.000     0.000    u_clk_wiz/inst/clk_in1_p
    AE10                 IBUFDS (Prop_ibufds_I_O)     0.432     0.432 r  u_clk_wiz/inst/clkin1_ibufgds/O
                         net (fo=1, routed)           0.553     0.985    u_clk_wiz/inst/clk_in1_clk_wiz_0
    MMCME2_ADV_X1Y1      MMCME2_ADV (Prop_mmcme2_adv_CLKIN1_CLKOUT1)
                                                     -3.493    -2.508 r  u_clk_wiz/inst/mmcm_adv_inst/CLKOUT1
                         net (fo=1, routed)           1.007    -1.501    u_clk_wiz/inst/clk_out2_clk_wiz_0
    BUFGCTRL_X0Y0        BUFG (Prop_bufg_I_O)         0.030    -1.471 r  u_clk_wiz/inst/clkout2_buf/O
                         net (fo=79, routed)          0.787    -0.684    u_tx/C
    SLICE_X10Y163                                                     r  u_tx/byte_cnt_reg[10]/C
                         clock pessimism              0.000    -0.684    
                         clock uncertainty            0.154    -0.530    
    SLICE_X10Y163        FDRE (Hold_fdre_C_CE)        0.030    -0.500    u_tx/byte_cnt_reg[10]
  -------------------------------------------------------------------
                         required time                          0.500    
                         arrival time                           2.985    
  -------------------------------------------------------------------
                         slack                                  3.485    

Slack (MET) :             3.493ns  (arrival time - required time)
  Source:                 u_rx/rx_len_reg[5]/C
                            (rising edge-triggered cell FDCE clocked by E_RXC  {rise@0.000ns fall@4.000ns period=8.000ns})
  Destination:            u_tx/gmii_txd_reg[5]/D
                            (rising edge-triggered cell FDCE clocked by clk_out2_clk_wiz_0  {rise@0.000ns fall@4.000ns period=8.000ns})
  Path Group:             clk_out2_clk_wiz_0
  Path Type:              Hold (Min at Fast Process Corner)
  Requirement:            0.000ns  (clk_out2_clk_wiz_0 rise@0.000ns - E_RXC rise@0.000ns)
  Data Path Delay:        0.572ns  (logic 0.156ns (27.279%)  route 0.416ns (72.721%))
  Logic Levels:           2  (LUT6=2)
  Clock Path Skew:        -3.135ns (DCD - SCD - CPR)
    Destination Clock Delay (DCD):    -0.649ns
    Source Clock Delay      (SCD):    2.486ns
    Clock Pessimism Removal (CPR):    -0.000ns
  Clock Uncertainty:      0.154ns  ((TSJ^2 + DJ^2)^1/2) / 2 + PE
    Total System Jitter     (TSJ):    0.071ns
    Discrete Jitter          (DJ):    0.108ns
    Phase Error              (PE):    0.090ns
  Clock Domain Crossing:  Inter clock paths are considered valid unless explicitly excluded by timing constraints such as set_clock_groups or set_false_path.

    Location             Delay type                Incr(ns)  Path(ns)    Netlist Resource(s)
  -------------------------------------------------------------------    -------------------
                         (clock E_RXC rise edge)      0.000     0.000 r  
    J26                                               0.000     0.000 r  E_RXC
                         net (fo=0)                   0.000     0.000    E_RXC
    J26                  IBUF (Prop_ibuf_I_O)         0.465     0.465 r  E_RXC_IBUF_inst/O
                         net (fo=1, routed)           1.405     1.870    E_RXC_IBUF
    BUFGCTRL_X0Y1        BUFG (Prop_bufg_I_O)         0.026     1.896 r  u_bufg_rxc/O
                         net (fo=129, routed)         0.590     2.486    u_rx/e_rxc_bufg
    SLICE_X9Y159                                                      r  u_rx/rx_len_reg[5]/C
  -------------------------------------------------------------------    -------------------
    SLICE_X9Y159         FDCE (Prop_fdce_C_Q)         0.100     2.586 r  u_rx/rx_len_reg[5]/Q
                         net (fo=19, routed)          0.282     2.868    u_tx/O2[5]
    SLICE_X7Y160         LUT6 (Prop_lut6_I3_O)        0.028     2.896 f  u_tx/gmii_txd[5]_i_3/O
                         net (fo=1, routed)           0.134     3.030    u_tx/n_0_gmii_txd[5]_i_3
    SLICE_X4Y159         LUT6 (Prop_lut6_I1_O)        0.028     3.058 r  u_tx/gmii_txd[5]_i_1/O
                         net (fo=1, routed)           0.000     3.058    u_tx/n_0_gmii_txd[5]_i_1
    SLICE_X4Y159         FDCE                                         r  u_tx/gmii_txd_reg[5]/D
  -------------------------------------------------------------------    -------------------

                         (clock clk_out2_clk_wiz_0 rise edge)
                                                      0.000     0.000 r  
    AE10                                              0.000     0.000 r  sys_clk_p
                         net (fo=0)                   0.000     0.000    u_clk_wiz/inst/clk_in1_p
    AE10                 IBUFDS (Prop_ibufds_I_O)     0.432     0.432 r  u_clk_wiz/inst/clkin1_ibufgds/O
                         net (fo=1, routed)           0.553     0.985    u_clk_wiz/inst/clk_in1_clk_wiz_0
    MMCME2_ADV_X1Y1      MMCME2_ADV (Prop_mmcme2_adv_CLKIN1_CLKOUT1)
                                                     -3.493    -2.508 r  u_clk_wiz/inst/mmcm_adv_inst/CLKOUT1
                         net (fo=1, routed)           1.007    -1.501    u_clk_wiz/inst/clk_out2_clk_wiz_0
    BUFGCTRL_X0Y0        BUFG (Prop_bufg_I_O)         0.030    -1.471 r  u_clk_wiz/inst/clkout2_buf/O
                         net (fo=79, routed)          0.822    -0.649    u_tx/C
    SLICE_X4Y159                                                      r  u_tx/gmii_txd_reg[5]/C
                         clock pessimism              0.000    -0.649    
                         clock uncertainty            0.154    -0.495    
    SLICE_X4Y159         FDCE (Hold_fdce_C_D)         0.060    -0.435    u_tx/gmii_txd_reg[5]
  -------------------------------------------------------------------
                         required time                          0.435    
                         arrival time                           3.058    
  -------------------------------------------------------------------
                         slack                                  3.493    

Slack (MET) :             3.508ns  (arrival time - required time)
  Source:                 u_rx/rx_valid_reg/C
                            (rising edge-triggered cell FDCE clocked by E_RXC  {rise@0.000ns fall@4.000ns period=8.000ns})
  Destination:            u_tx/crc_reg_reg[27]/CE
                            (rising edge-triggered cell FDRE clocked by clk_out2_clk_wiz_0  {rise@0.000ns fall@4.000ns period=8.000ns})
  Path Group:             clk_out2_clk_wiz_0
  Path Type:              Hold (Min at Fast Process Corner)
  Requirement:            0.000ns  (clk_out2_clk_wiz_0 rise@0.000ns - E_RXC rise@0.000ns)
  Data Path Delay:        0.529ns  (logic 0.128ns (24.193%)  route 0.401ns (75.807%))
  Logic Levels:           1  (LUT5=1)
  Clock Path Skew:        -3.163ns (DCD - SCD - CPR)
    Destination Clock Delay (DCD):    -0.680ns
    Source Clock Delay      (SCD):    2.483ns
    Clock Pessimism Removal (CPR):    -0.000ns
  Clock Uncertainty:      0.154ns  ((TSJ^2 + DJ^2)^1/2) / 2 + PE
    Total System Jitter     (TSJ):    0.071ns
    Discrete Jitter          (DJ):    0.108ns
    Phase Error              (PE):    0.090ns
  Clock Domain Crossing:  Inter clock paths are considered valid unless explicitly excluded by timing constraints such as set_clock_groups or set_false_path.

    Location             Delay type                Incr(ns)  Path(ns)    Netlist Resource(s)
  -------------------------------------------------------------------    -------------------
                         (clock E_RXC rise edge)      0.000     0.000 r  
    J26                                               0.000     0.000 r  E_RXC
                         net (fo=0)                   0.000     0.000    E_RXC
    J26                  IBUF (Prop_ibuf_I_O)         0.465     0.465 r  E_RXC_IBUF_inst/O
                         net (fo=1, routed)           1.405     1.870    E_RXC_IBUF
    BUFGCTRL_X0Y1        BUFG (Prop_bufg_I_O)         0.026     1.896 r  u_bufg_rxc/O
                         net (fo=129, routed)         0.587     2.483    u_rx/e_rxc_bufg
    SLICE_X11Y164                                                     r  u_rx/rx_valid_reg/C
  -------------------------------------------------------------------    -------------------
    SLICE_X11Y164        FDCE (Prop_fdce_C_Q)         0.100     2.583 r  u_rx/rx_valid_reg/Q
                         net (fo=33, routed)          0.133     2.716    u_tx/rx_valid
    SLICE_X11Y164        LUT5 (Prop_lut5_I1_O)        0.028     2.744 r  u_tx/crc_reg[31]_i_1/O
                         net (fo=32, routed)          0.268     3.012    u_tx/crc0
    SLICE_X10Y159        FDRE                                         r  u_tx/crc_reg_reg[27]/CE
  -------------------------------------------------------------------    -------------------

                         (clock clk_out2_clk_wiz_0 rise edge)
                                                      0.000     0.000 r  
    AE10                                              0.000     0.000 r  sys_clk_p
                         net (fo=0)                   0.000     0.000    u_clk_wiz/inst/clk_in1_p
    AE10                 IBUFDS (Prop_ibufds_I_O)     0.432     0.432 r  u_clk_wiz/inst/clkin1_ibufgds/O
                         net (fo=1, routed)           0.553     0.985    u_clk_wiz/inst/clk_in1_clk_wiz_0
    MMCME2_ADV_X1Y1      MMCME2_ADV (Prop_mmcme2_adv_CLKIN1_CLKOUT1)
                                                     -3.493    -2.508 r  u_clk_wiz/inst/mmcm_adv_inst/CLKOUT1
                         net (fo=1, routed)           1.007    -1.501    u_clk_wiz/inst/clk_out2_clk_wiz_0
    BUFGCTRL_X0Y0        BUFG (Prop_bufg_I_O)         0.030    -1.471 r  u_clk_wiz/inst/clkout2_buf/O
                         net (fo=79, routed)          0.791    -0.680    u_tx/C
    SLICE_X10Y159                                                     r  u_tx/crc_reg_reg[27]/C
                         clock pessimism              0.000    -0.680    
                         clock uncertainty            0.154    -0.526    
    SLICE_X10Y159        FDRE (Hold_fdre_C_CE)        0.030    -0.496    u_tx/crc_reg_reg[27]
  -------------------------------------------------------------------
                         required time                          0.496    
                         arrival time                           3.012    
  -------------------------------------------------------------------
                         slack                                  3.508    





---------------------------------------------------------------------------------------------------
From Clock:  clk_out1_clk_wiz_0
  To Clock:  clk_out2_clk_wiz_0

Setup :           52  Failing Endpoints,  Worst Slack       -0.376ns,  Total Violation       -9.508ns
Hold  :            0  Failing Endpoints,  Worst Slack        1.143ns,  Total Violation        0.000ns
---------------------------------------------------------------------------------------------------


Max Delay Paths
--------------------------------------------------------------------------------------
Slack (VIOLATED) :        -0.376ns  (required time - arrival time)
  Source:                 phy_rst_n_reg/C
                            (rising edge-triggered cell FDCE clocked by clk_out1_clk_wiz_0  {rise@0.000ns fall@10.000ns period=20.000ns})
  Destination:            u_tx/byte_cnt_reg[1]/R
                            (rising edge-triggered cell FDRE clocked by clk_out2_clk_wiz_0  {rise@0.000ns fall@4.000ns period=8.000ns})
  Path Group:             clk_out2_clk_wiz_0
  Path Type:              Setup (Max at Slow Process Corner)
  Requirement:            4.000ns  (clk_out2_clk_wiz_0 rise@24.000ns - clk_out1_clk_wiz_0 rise@20.000ns)
  Data Path Delay:        3.519ns  (logic 0.345ns (9.805%)  route 3.174ns (90.195%))
  Logic Levels:           2  (LUT6=2)
  Clock Path Skew:        -0.360ns (DCD - SCD + CPR)
    Destination Clock Delay (DCD):    -1.802ns = ( 22.198 - 24.000 ) 
    Source Clock Delay      (SCD):    -2.278ns = ( 17.722 - 20.000 ) 
    Clock Pessimism Removal (CPR):    -0.836ns
  Clock Uncertainty:      0.194ns  ((TSJ^2 + DJ^2)^1/2) / 2 + PE
    Total System Jitter     (TSJ):    0.071ns
    Discrete Jitter          (DJ):    0.129ns
    Phase Error              (PE):    0.120ns

    Location             Delay type                Incr(ns)  Path(ns)    Netlist Resource(s)
  -------------------------------------------------------------------    -------------------
                         (clock clk_out1_clk_wiz_0 rise edge)
                                                     20.000    20.000 r  
    AE10                                              0.000    20.000 r  sys_clk_p
                         net (fo=0)                   0.000    20.000    u_clk_wiz/inst/clk_in1_p
    AE10                 IBUFDS (Prop_ibufds_I_O)     0.818    20.818 r  u_clk_wiz/inst/clkin1_ibufgds/O
                         net (fo=1, routed)           1.081    21.899    u_clk_wiz/inst/clk_in1_clk_wiz_0
    MMCME2_ADV_X1Y1      MMCME2_ADV (Prop_mmcme2_adv_CLKIN1_CLKOUT0)
                                                     -7.786    14.113 r  u_clk_wiz/inst/mmcm_adv_inst/CLKOUT0
                         net (fo=1, routed)           2.130    16.243    u_clk_wiz/inst/clk_out1_clk_wiz_0
    BUFGCTRL_X0Y2        BUFG (Prop_bufg_I_O)         0.093    16.336 r  u_clk_wiz/inst/clkout1_buf/O
                         net (fo=21, routed)          1.386    17.722    clk_out1
    SLICE_X74Y113                                                     r  phy_rst_n_reg/C
  -------------------------------------------------------------------    -------------------
    SLICE_X74Y113        FDCE (Prop_fdce_C_Q)         0.259    17.981 r  phy_rst_n_reg/Q
                         net (fo=10, routed)          2.668    20.649    u_tx/Q
    SLICE_X9Y164         LUT6 (Prop_lut6_I0_O)        0.043    20.692 r  u_tx/byte_cnt[10]_i_2__0/O
                         net (fo=13, routed)          0.124    20.816    u_tx/byte_cnt0
    SLICE_X9Y164         LUT6 (Prop_lut6_I0_O)        0.043    20.859 r  u_tx/byte_cnt[4]_i_1__0/O
                         net (fo=4, routed)           0.381    21.240    u_tx/n_0_byte_cnt[4]_i_1__0
    SLICE_X9Y164         FDRE                                         r  u_tx/byte_cnt_reg[1]/R
  -------------------------------------------------------------------    -------------------

                         (clock clk_out2_clk_wiz_0 rise edge)
                                                     24.000    24.000 r  
    AE10                                              0.000    24.000 r  sys_clk_p
                         net (fo=0)                   0.000    24.000    u_clk_wiz/inst/clk_in1_p
    AE10                 IBUFDS (Prop_ibufds_I_O)     0.722    24.722 r  u_clk_wiz/inst/clkin1_ibufgds/O
                         net (fo=1, routed)           0.986    25.708    u_clk_wiz/inst/clk_in1_clk_wiz_0
    MMCME2_ADV_X1Y1      MMCME2_ADV (Prop_mmcme2_adv_CLKIN1_CLKOUT1)
                                                     -6.759    18.949 r  u_clk_wiz/inst/mmcm_adv_inst/CLKOUT1
                         net (fo=1, routed)           2.005    20.954    u_clk_wiz/inst/clk_out2_clk_wiz_0
    BUFGCTRL_X0Y0        BUFG (Prop_bufg_I_O)         0.083    21.037 r  u_clk_wiz/inst/clkout2_buf/O
                         net (fo=79, routed)          1.161    22.198    u_tx/C
    SLICE_X9Y164                                                      r  u_tx/byte_cnt_reg[1]/C
                         clock pessimism             -0.836    21.362    
                         clock uncertainty           -0.194    21.168    
    SLICE_X9Y164         FDRE (Setup_fdre_C_R)       -0.304    20.864    u_tx/byte_cnt_reg[1]
  -------------------------------------------------------------------
                         required time                         20.864    
                         arrival time                         -21.240    
  -------------------------------------------------------------------
                         slack                                 -0.376    

Slack (VIOLATED) :        -0.376ns  (required time - arrival time)
  Source:                 phy_rst_n_reg/C
                            (rising edge-triggered cell FDCE clocked by clk_out1_clk_wiz_0  {rise@0.000ns fall@10.000ns period=20.000ns})
  Destination:            u_tx/byte_cnt_reg[2]/R
                            (rising edge-triggered cell FDRE clocked by clk_out2_clk_wiz_0  {rise@0.000ns fall@4.000ns period=8.000ns})
  Path Group:             clk_out2_clk_wiz_0
  Path Type:              Setup (Max at Slow Process Corner)
  Requirement:            4.000ns  (clk_out2_clk_wiz_0 rise@24.000ns - clk_out1_clk_wiz_0 rise@20.000ns)
  Data Path Delay:        3.519ns  (logic 0.345ns (9.805%)  route 3.174ns (90.195%))
  Logic Levels:           2  (LUT6=2)
  Clock Path Skew:        -0.360ns (DCD - SCD + CPR)
    Destination Clock Delay (DCD):    -1.802ns = ( 22.198 - 24.000 ) 
    Source Clock Delay      (SCD):    -2.278ns = ( 17.722 - 20.000 ) 
    Clock Pessimism Removal (CPR):    -0.836ns
  Clock Uncertainty:      0.194ns  ((TSJ^2 + DJ^2)^1/2) / 2 + PE
    Total System Jitter     (TSJ):    0.071ns
    Discrete Jitter          (DJ):    0.129ns
    Phase Error              (PE):    0.120ns

    Location             Delay type                Incr(ns)  Path(ns)    Netlist Resource(s)
  -------------------------------------------------------------------    -------------------
                         (clock clk_out1_clk_wiz_0 rise edge)
                                                     20.000    20.000 r  
    AE10                                              0.000    20.000 r  sys_clk_p
                         net (fo=0)                   0.000    20.000    u_clk_wiz/inst/clk_in1_p
    AE10                 IBUFDS (Prop_ibufds_I_O)     0.818    20.818 r  u_clk_wiz/inst/clkin1_ibufgds/O
                         net (fo=1, routed)           1.081    21.899    u_clk_wiz/inst/clk_in1_clk_wiz_0
    MMCME2_ADV_X1Y1      MMCME2_ADV (Prop_mmcme2_adv_CLKIN1_CLKOUT0)
                                                     -7.786    14.113 r  u_clk_wiz/inst/mmcm_adv_inst/CLKOUT0
                         net (fo=1, routed)           2.130    16.243    u_clk_wiz/inst/clk_out1_clk_wiz_0
    BUFGCTRL_X0Y2        BUFG (Prop_bufg_I_O)         0.093    16.336 r  u_clk_wiz/inst/clkout1_buf/O
                         net (fo=21, routed)          1.386    17.722    clk_out1
    SLICE_X74Y113                                                     r  phy_rst_n_reg/C
  -------------------------------------------------------------------    -------------------
    SLICE_X74Y113        FDCE (Prop_fdce_C_Q)         0.259    17.981 r  phy_rst_n_reg/Q
                         net (fo=10, routed)          2.668    20.649    u_tx/Q
    SLICE_X9Y164         LUT6 (Prop_lut6_I0_O)        0.043    20.692 r  u_tx/byte_cnt[10]_i_2__0/O
                         net (fo=13, routed)          0.124    20.816    u_tx/byte_cnt0
    SLICE_X9Y164         LUT6 (Prop_lut6_I0_O)        0.043    20.859 r  u_tx/byte_cnt[4]_i_1__0/O
                         net (fo=4, routed)           0.381    21.240    u_tx/n_0_byte_cnt[4]_i_1__0
    SLICE_X9Y164         FDRE                                         r  u_tx/byte_cnt_reg[2]/R
  -------------------------------------------------------------------    -------------------

                         (clock clk_out2_clk_wiz_0 rise edge)
                                                     24.000    24.000 r  
    AE10                                              0.000    24.000 r  sys_clk_p
                         net (fo=0)                   0.000    24.000    u_clk_wiz/inst/clk_in1_p
    AE10                 IBUFDS (Prop_ibufds_I_O)     0.722    24.722 r  u_clk_wiz/inst/clkin1_ibufgds/O
                         net (fo=1, routed)           0.986    25.708    u_clk_wiz/inst/clk_in1_clk_wiz_0
    MMCME2_ADV_X1Y1      MMCME2_ADV (Prop_mmcme2_adv_CLKIN1_CLKOUT1)
                                                     -6.759    18.949 r  u_clk_wiz/inst/mmcm_adv_inst/CLKOUT1
                         net (fo=1, routed)           2.005    20.954    u_clk_wiz/inst/clk_out2_clk_wiz_0
    BUFGCTRL_X0Y0        BUFG (Prop_bufg_I_O)         0.083    21.037 r  u_clk_wiz/inst/clkout2_buf/O
                         net (fo=79, routed)          1.161    22.198    u_tx/C
    SLICE_X9Y164                                                      r  u_tx/byte_cnt_reg[2]/C
                         clock pessimism             -0.836    21.362    
                         clock uncertainty           -0.194    21.168    
    SLICE_X9Y164         FDRE (Setup_fdre_C_R)       -0.304    20.864    u_tx/byte_cnt_reg[2]
  -------------------------------------------------------------------
                         required time                         20.864    
                         arrival time                         -21.240    
  -------------------------------------------------------------------
                         slack                                 -0.376    

Slack (VIOLATED) :        -0.376ns  (required time - arrival time)
  Source:                 phy_rst_n_reg/C
                            (rising edge-triggered cell FDCE clocked by clk_out1_clk_wiz_0  {rise@0.000ns fall@10.000ns period=20.000ns})
  Destination:            u_tx/byte_cnt_reg[3]/R
                            (rising edge-triggered cell FDRE clocked by clk_out2_clk_wiz_0  {rise@0.000ns fall@4.000ns period=8.000ns})
  Path Group:             clk_out2_clk_wiz_0
  Path Type:              Setup (Max at Slow Process Corner)
  Requirement:            4.000ns  (clk_out2_clk_wiz_0 rise@24.000ns - clk_out1_clk_wiz_0 rise@20.000ns)
  Data Path Delay:        3.519ns  (logic 0.345ns (9.805%)  route 3.174ns (90.195%))
  Logic Levels:           2  (LUT6=2)
  Clock Path Skew:        -0.360ns (DCD - SCD + CPR)
    Destination Clock Delay (DCD):    -1.802ns = ( 22.198 - 24.000 ) 
    Source Clock Delay      (SCD):    -2.278ns = ( 17.722 - 20.000 ) 
    Clock Pessimism Removal (CPR):    -0.836ns
  Clock Uncertainty:      0.194ns  ((TSJ^2 + DJ^2)^1/2) / 2 + PE
    Total System Jitter     (TSJ):    0.071ns
    Discrete Jitter          (DJ):    0.129ns
    Phase Error              (PE):    0.120ns

    Location             Delay type                Incr(ns)  Path(ns)    Netlist Resource(s)
  -------------------------------------------------------------------    -------------------
                         (clock clk_out1_clk_wiz_0 rise edge)
                                                     20.000    20.000 r  
    AE10                                              0.000    20.000 r  sys_clk_p
                         net (fo=0)                   0.000    20.000    u_clk_wiz/inst/clk_in1_p
    AE10                 IBUFDS (Prop_ibufds_I_O)     0.818    20.818 r  u_clk_wiz/inst/clkin1_ibufgds/O
                         net (fo=1, routed)           1.081    21.899    u_clk_wiz/inst/clk_in1_clk_wiz_0
    MMCME2_ADV_X1Y1      MMCME2_ADV (Prop_mmcme2_adv_CLKIN1_CLKOUT0)
                                                     -7.786    14.113 r  u_clk_wiz/inst/mmcm_adv_inst/CLKOUT0
                         net (fo=1, routed)           2.130    16.243    u_clk_wiz/inst/clk_out1_clk_wiz_0
    BUFGCTRL_X0Y2        BUFG (Prop_bufg_I_O)         0.093    16.336 r  u_clk_wiz/inst/clkout1_buf/O
                         net (fo=21, routed)          1.386    17.722    clk_out1
    SLICE_X74Y113                                                     r  phy_rst_n_reg/C
  -------------------------------------------------------------------    -------------------
    SLICE_X74Y113        FDCE (Prop_fdce_C_Q)         0.259    17.981 r  phy_rst_n_reg/Q
                         net (fo=10, routed)          2.668    20.649    u_tx/Q
    SLICE_X9Y164         LUT6 (Prop_lut6_I0_O)        0.043    20.692 r  u_tx/byte_cnt[10]_i_2__0/O
                         net (fo=13, routed)          0.124    20.816    u_tx/byte_cnt0
    SLICE_X9Y164         LUT6 (Prop_lut6_I0_O)        0.043    20.859 r  u_tx/byte_cnt[4]_i_1__0/O
                         net (fo=4, routed)           0.381    21.240    u_tx/n_0_byte_cnt[4]_i_1__0
    SLICE_X9Y164         FDRE                                         r  u_tx/byte_cnt_reg[3]/R
  -------------------------------------------------------------------    -------------------

                         (clock clk_out2_clk_wiz_0 rise edge)
                                                     24.000    24.000 r  
    AE10                                              0.000    24.000 r  sys_clk_p
                         net (fo=0)                   0.000    24.000    u_clk_wiz/inst/clk_in1_p
    AE10                 IBUFDS (Prop_ibufds_I_O)     0.722    24.722 r  u_clk_wiz/inst/clkin1_ibufgds/O
                         net (fo=1, routed)           0.986    25.708    u_clk_wiz/inst/clk_in1_clk_wiz_0
    MMCME2_ADV_X1Y1      MMCME2_ADV (Prop_mmcme2_adv_CLKIN1_CLKOUT1)
                                                     -6.759    18.949 r  u_clk_wiz/inst/mmcm_adv_inst/CLKOUT1
                         net (fo=1, routed)           2.005    20.954    u_clk_wiz/inst/clk_out2_clk_wiz_0
    BUFGCTRL_X0Y0        BUFG (Prop_bufg_I_O)         0.083    21.037 r  u_clk_wiz/inst/clkout2_buf/O
                         net (fo=79, routed)          1.161    22.198    u_tx/C
    SLICE_X9Y164                                                      r  u_tx/byte_cnt_reg[3]/C
                         clock pessimism             -0.836    21.362    
                         clock uncertainty           -0.194    21.168    
    SLICE_X9Y164         FDRE (Setup_fdre_C_R)       -0.304    20.864    u_tx/byte_cnt_reg[3]
  -------------------------------------------------------------------
                         required time                         20.864    
                         arrival time                         -21.240    
  -------------------------------------------------------------------
                         slack                                 -0.376    

Slack (VIOLATED) :        -0.376ns  (required time - arrival time)
  Source:                 phy_rst_n_reg/C
                            (rising edge-triggered cell FDCE clocked by clk_out1_clk_wiz_0  {rise@0.000ns fall@10.000ns period=20.000ns})
  Destination:            u_tx/byte_cnt_reg[4]/R
                            (rising edge-triggered cell FDRE clocked by clk_out2_clk_wiz_0  {rise@0.000ns fall@4.000ns period=8.000ns})
  Path Group:             clk_out2_clk_wiz_0
  Path Type:              Setup (Max at Slow Process Corner)
  Requirement:            4.000ns  (clk_out2_clk_wiz_0 rise@24.000ns - clk_out1_clk_wiz_0 rise@20.000ns)
  Data Path Delay:        3.519ns  (logic 0.345ns (9.805%)  route 3.174ns (90.195%))
  Logic Levels:           2  (LUT6=2)
  Clock Path Skew:        -0.360ns (DCD - SCD + CPR)
    Destination Clock Delay (DCD):    -1.802ns = ( 22.198 - 24.000 ) 
    Source Clock Delay      (SCD):    -2.278ns = ( 17.722 - 20.000 ) 
    Clock Pessimism Removal (CPR):    -0.836ns
  Clock Uncertainty:      0.194ns  ((TSJ^2 + DJ^2)^1/2) / 2 + PE
    Total System Jitter     (TSJ):    0.071ns
    Discrete Jitter          (DJ):    0.129ns
    Phase Error              (PE):    0.120ns

    Location             Delay type                Incr(ns)  Path(ns)    Netlist Resource(s)
  -------------------------------------------------------------------    -------------------
                         (clock clk_out1_clk_wiz_0 rise edge)
                                                     20.000    20.000 r  
    AE10                                              0.000    20.000 r  sys_clk_p
                         net (fo=0)                   0.000    20.000    u_clk_wiz/inst/clk_in1_p
    AE10                 IBUFDS (Prop_ibufds_I_O)     0.818    20.818 r  u_clk_wiz/inst/clkin1_ibufgds/O
                         net (fo=1, routed)           1.081    21.899    u_clk_wiz/inst/clk_in1_clk_wiz_0
    MMCME2_ADV_X1Y1      MMCME2_ADV (Prop_mmcme2_adv_CLKIN1_CLKOUT0)
                                                     -7.786    14.113 r  u_clk_wiz/inst/mmcm_adv_inst/CLKOUT0
                         net (fo=1, routed)           2.130    16.243    u_clk_wiz/inst/clk_out1_clk_wiz_0
    BUFGCTRL_X0Y2        BUFG (Prop_bufg_I_O)         0.093    16.336 r  u_clk_wiz/inst/clkout1_buf/O
                         net (fo=21, routed)          1.386    17.722    clk_out1
    SLICE_X74Y113                                                     r  phy_rst_n_reg/C
  -------------------------------------------------------------------    -------------------
    SLICE_X74Y113        FDCE (Prop_fdce_C_Q)         0.259    17.981 r  phy_rst_n_reg/Q
                         net (fo=10, routed)          2.668    20.649    u_tx/Q
    SLICE_X9Y164         LUT6 (Prop_lut6_I0_O)        0.043    20.692 r  u_tx/byte_cnt[10]_i_2__0/O
                         net (fo=13, routed)          0.124    20.816    u_tx/byte_cnt0
    SLICE_X9Y164         LUT6 (Prop_lut6_I0_O)        0.043    20.859 r  u_tx/byte_cnt[4]_i_1__0/O
                         net (fo=4, routed)           0.381    21.240    u_tx/n_0_byte_cnt[4]_i_1__0
    SLICE_X9Y164         FDRE                                         r  u_tx/byte_cnt_reg[4]/R
  -------------------------------------------------------------------    -------------------

                         (clock clk_out2_clk_wiz_0 rise edge)
                                                     24.000    24.000 r  
    AE10                                              0.000    24.000 r  sys_clk_p
                         net (fo=0)                   0.000    24.000    u_clk_wiz/inst/clk_in1_p
    AE10                 IBUFDS (Prop_ibufds_I_O)     0.722    24.722 r  u_clk_wiz/inst/clkin1_ibufgds/O
                         net (fo=1, routed)           0.986    25.708    u_clk_wiz/inst/clk_in1_clk_wiz_0
    MMCME2_ADV_X1Y1      MMCME2_ADV (Prop_mmcme2_adv_CLKIN1_CLKOUT1)
                                                     -6.759    18.949 r  u_clk_wiz/inst/mmcm_adv_inst/CLKOUT1
                         net (fo=1, routed)           2.005    20.954    u_clk_wiz/inst/clk_out2_clk_wiz_0
    BUFGCTRL_X0Y0        BUFG (Prop_bufg_I_O)         0.083    21.037 r  u_clk_wiz/inst/clkout2_buf/O
                         net (fo=79, routed)          1.161    22.198    u_tx/C
    SLICE_X9Y164                                                      r  u_tx/byte_cnt_reg[4]/C
                         clock pessimism             -0.836    21.362    
                         clock uncertainty           -0.194    21.168    
    SLICE_X9Y164         FDRE (Setup_fdre_C_R)       -0.304    20.864    u_tx/byte_cnt_reg[4]
  -------------------------------------------------------------------
                         required time                         20.864    
                         arrival time                         -21.240    
  -------------------------------------------------------------------
                         slack                                 -0.376    

Slack (VIOLATED) :        -0.297ns  (required time - arrival time)
  Source:                 phy_rst_n_reg/C
                            (rising edge-triggered cell FDCE clocked by clk_out1_clk_wiz_0  {rise@0.000ns fall@10.000ns period=20.000ns})
  Destination:            u_tx/byte_cnt_reg[5]/R
                            (rising edge-triggered cell FDRE clocked by clk_out2_clk_wiz_0  {rise@0.000ns fall@4.000ns period=8.000ns})
  Path Group:             clk_out2_clk_wiz_0
  Path Type:              Setup (Max at Slow Process Corner)
  Requirement:            4.000ns  (clk_out2_clk_wiz_0 rise@24.000ns - clk_out1_clk_wiz_0 rise@20.000ns)
  Data Path Delay:        3.442ns  (logic 0.345ns (10.024%)  route 3.097ns (89.976%))
  Logic Levels:           2  (LUT5=1 LUT6=1)
  Clock Path Skew:        -0.358ns (DCD - SCD + CPR)
    Destination Clock Delay (DCD):    -1.800ns = ( 22.200 - 24.000 ) 
    Source Clock Delay      (SCD):    -2.278ns = ( 17.722 - 20.000 ) 
    Clock Pessimism Removal (CPR):    -0.836ns
  Clock Uncertainty:      0.194ns  ((TSJ^2 + DJ^2)^1/2) / 2 + PE
    Total System Jitter     (TSJ):    0.071ns
    Discrete Jitter          (DJ):    0.129ns
    Phase Error              (PE):    0.120ns

    Location             Delay type                Incr(ns)  Path(ns)    Netlist Resource(s)
  -------------------------------------------------------------------    -------------------
                         (clock clk_out1_clk_wiz_0 rise edge)
                                                     20.000    20.000 r  
    AE10                                              0.000    20.000 r  sys_clk_p
                         net (fo=0)                   0.000    20.000    u_clk_wiz/inst/clk_in1_p
    AE10                 IBUFDS (Prop_ibufds_I_O)     0.818    20.818 r  u_clk_wiz/inst/clkin1_ibufgds/O
                         net (fo=1, routed)           1.081    21.899    u_clk_wiz/inst/clk_in1_clk_wiz_0
    MMCME2_ADV_X1Y1      MMCME2_ADV (Prop_mmcme2_adv_CLKIN1_CLKOUT0)
                                                     -7.786    14.113 r  u_clk_wiz/inst/mmcm_adv_inst/CLKOUT0
                         net (fo=1, routed)           2.130    16.243    u_clk_wiz/inst/clk_out1_clk_wiz_0
    BUFGCTRL_X0Y2        BUFG (Prop_bufg_I_O)         0.093    16.336 r  u_clk_wiz/inst/clkout1_buf/O
                         net (fo=21, routed)          1.386    17.722    clk_out1
    SLICE_X74Y113                                                     r  phy_rst_n_reg/C
  -------------------------------------------------------------------    -------------------
    SLICE_X74Y113        FDCE (Prop_fdce_C_Q)         0.259    17.981 r  phy_rst_n_reg/Q
                         net (fo=10, routed)          2.668    20.649    u_tx/Q
    SLICE_X9Y164         LUT6 (Prop_lut6_I0_O)        0.043    20.692 r  u_tx/byte_cnt[10]_i_2__0/O
                         net (fo=13, routed)          0.206    20.898    u_tx/byte_cnt0
    SLICE_X9Y163         LUT5 (Prop_lut5_I4_O)        0.043    20.941 r  u_tx/byte_cnt[10]_i_1__0/O
                         net (fo=7, routed)           0.223    21.163    u_tx/n_0_byte_cnt[10]_i_1__0
    SLICE_X11Y163        FDRE                                         r  u_tx/byte_cnt_reg[5]/R
  -------------------------------------------------------------------    -------------------

                         (clock clk_out2_clk_wiz_0 rise edge)
                                                     24.000    24.000 r  
    AE10                                              0.000    24.000 r  sys_clk_p
                         net (fo=0)                   0.000    24.000    u_clk_wiz/inst/clk_in1_p
    AE10                 IBUFDS (Prop_ibufds_I_O)     0.722    24.722 r  u_clk_wiz/inst/clkin1_ibufgds/O
                         net (fo=1, routed)           0.986    25.708    u_clk_wiz/inst/clk_in1_clk_wiz_0
    MMCME2_ADV_X1Y1      MMCME2_ADV (Prop_mmcme2_adv_CLKIN1_CLKOUT1)
                                                     -6.759    18.949 r  u_clk_wiz/inst/mmcm_adv_inst/CLKOUT1
                         net (fo=1, routed)           2.005    20.954    u_clk_wiz/inst/clk_out2_clk_wiz_0
    BUFGCTRL_X0Y0        BUFG (Prop_bufg_I_O)         0.083    21.037 r  u_clk_wiz/inst/clkout2_buf/O
                         net (fo=79, routed)          1.163    22.200    u_tx/C
    SLICE_X11Y163                                                     r  u_tx/byte_cnt_reg[5]/C
                         clock pessimism             -0.836    21.364    
                         clock uncertainty           -0.194    21.170    
    SLICE_X11Y163        FDRE (Setup_fdre_C_R)       -0.304    20.866    u_tx/byte_cnt_reg[5]
  -------------------------------------------------------------------
                         required time                         20.866    
                         arrival time                         -21.163    
  -------------------------------------------------------------------
                         slack                                 -0.297    

Slack (VIOLATED) :        -0.297ns  (required time - arrival time)
  Source:                 phy_rst_n_reg/C
                            (rising edge-triggered cell FDCE clocked by clk_out1_clk_wiz_0  {rise@0.000ns fall@10.000ns period=20.000ns})
  Destination:            u_tx/byte_cnt_reg[6]/R
                            (rising edge-triggered cell FDRE clocked by clk_out2_clk_wiz_0  {rise@0.000ns fall@4.000ns period=8.000ns})
  Path Group:             clk_out2_clk_wiz_0
  Path Type:              Setup (Max at Slow Process Corner)
  Requirement:            4.000ns  (clk_out2_clk_wiz_0 rise@24.000ns - clk_out1_clk_wiz_0 rise@20.000ns)
  Data Path Delay:        3.442ns  (logic 0.345ns (10.024%)  route 3.097ns (89.976%))
  Logic Levels:           2  (LUT5=1 LUT6=1)
  Clock Path Skew:        -0.358ns (DCD - SCD + CPR)
    Destination Clock Delay (DCD):    -1.800ns = ( 22.200 - 24.000 ) 
    Source Clock Delay      (SCD):    -2.278ns = ( 17.722 - 20.000 ) 
    Clock Pessimism Removal (CPR):    -0.836ns
  Clock Uncertainty:      0.194ns  ((TSJ^2 + DJ^2)^1/2) / 2 + PE
    Total System Jitter     (TSJ):    0.071ns
    Discrete Jitter          (DJ):    0.129ns
    Phase Error              (PE):    0.120ns

    Location             Delay type                Incr(ns)  Path(ns)    Netlist Resource(s)
  -------------------------------------------------------------------    -------------------
                         (clock clk_out1_clk_wiz_0 rise edge)
                                                     20.000    20.000 r  
    AE10                                              0.000    20.000 r  sys_clk_p
                         net (fo=0)                   0.000    20.000    u_clk_wiz/inst/clk_in1_p
    AE10                 IBUFDS (Prop_ibufds_I_O)     0.818    20.818 r  u_clk_wiz/inst/clkin1_ibufgds/O
                         net (fo=1, routed)           1.081    21.899    u_clk_wiz/inst/clk_in1_clk_wiz_0
    MMCME2_ADV_X1Y1      MMCME2_ADV (Prop_mmcme2_adv_CLKIN1_CLKOUT0)
                                                     -7.786    14.113 r  u_clk_wiz/inst/mmcm_adv_inst/CLKOUT0
                         net (fo=1, routed)           2.130    16.243    u_clk_wiz/inst/clk_out1_clk_wiz_0
    BUFGCTRL_X0Y2        BUFG (Prop_bufg_I_O)         0.093    16.336 r  u_clk_wiz/inst/clkout1_buf/O
                         net (fo=21, routed)          1.386    17.722    clk_out1
    SLICE_X74Y113                                                     r  phy_rst_n_reg/C
  -------------------------------------------------------------------    -------------------
    SLICE_X74Y113        FDCE (Prop_fdce_C_Q)         0.259    17.981 r  phy_rst_n_reg/Q
                         net (fo=10, routed)          2.668    20.649    u_tx/Q
    SLICE_X9Y164         LUT6 (Prop_lut6_I0_O)        0.043    20.692 r  u_tx/byte_cnt[10]_i_2__0/O
                         net (fo=13, routed)          0.206    20.898    u_tx/byte_cnt0
    SLICE_X9Y163         LUT5 (Prop_lut5_I4_O)        0.043    20.941 r  u_tx/byte_cnt[10]_i_1__0/O
                         net (fo=7, routed)           0.223    21.163    u_tx/n_0_byte_cnt[10]_i_1__0
    SLICE_X11Y163        FDRE                                         r  u_tx/byte_cnt_reg[6]/R
  -------------------------------------------------------------------    -------------------

                         (clock clk_out2_clk_wiz_0 rise edge)
                                                     24.000    24.000 r  
    AE10                                              0.000    24.000 r  sys_clk_p
                         net (fo=0)                   0.000    24.000    u_clk_wiz/inst/clk_in1_p
    AE10                 IBUFDS (Prop_ibufds_I_O)     0.722    24.722 r  u_clk_wiz/inst/clkin1_ibufgds/O
                         net (fo=1, routed)           0.986    25.708    u_clk_wiz/inst/clk_in1_clk_wiz_0
    MMCME2_ADV_X1Y1      MMCME2_ADV (Prop_mmcme2_adv_CLKIN1_CLKOUT1)
                                                     -6.759    18.949 r  u_clk_wiz/inst/mmcm_adv_inst/CLKOUT1
                         net (fo=1, routed)           2.005    20.954    u_clk_wiz/inst/clk_out2_clk_wiz_0
    BUFGCTRL_X0Y0        BUFG (Prop_bufg_I_O)         0.083    21.037 r  u_clk_wiz/inst/clkout2_buf/O
                         net (fo=79, routed)          1.163    22.200    u_tx/C
    SLICE_X11Y163                                                     r  u_tx/byte_cnt_reg[6]/C
                         clock pessimism             -0.836    21.364    
                         clock uncertainty           -0.194    21.170    
    SLICE_X11Y163        FDRE (Setup_fdre_C_R)       -0.304    20.866    u_tx/byte_cnt_reg[6]
  -------------------------------------------------------------------
                         required time                         20.866    
                         arrival time                         -21.163    
  -------------------------------------------------------------------
                         slack                                 -0.297    

Slack (VIOLATED) :        -0.297ns  (required time - arrival time)
  Source:                 phy_rst_n_reg/C
                            (rising edge-triggered cell FDCE clocked by clk_out1_clk_wiz_0  {rise@0.000ns fall@10.000ns period=20.000ns})
  Destination:            u_tx/byte_cnt_reg[7]/R
                            (rising edge-triggered cell FDRE clocked by clk_out2_clk_wiz_0  {rise@0.000ns fall@4.000ns period=8.000ns})
  Path Group:             clk_out2_clk_wiz_0
  Path Type:              Setup (Max at Slow Process Corner)
  Requirement:            4.000ns  (clk_out2_clk_wiz_0 rise@24.000ns - clk_out1_clk_wiz_0 rise@20.000ns)
  Data Path Delay:        3.442ns  (logic 0.345ns (10.024%)  route 3.097ns (89.976%))
  Logic Levels:           2  (LUT5=1 LUT6=1)
  Clock Path Skew:        -0.358ns (DCD - SCD + CPR)
    Destination Clock Delay (DCD):    -1.800ns = ( 22.200 - 24.000 ) 
    Source Clock Delay      (SCD):    -2.278ns = ( 17.722 - 20.000 ) 
    Clock Pessimism Removal (CPR):    -0.836ns
  Clock Uncertainty:      0.194ns  ((TSJ^2 + DJ^2)^1/2) / 2 + PE
    Total System Jitter     (TSJ):    0.071ns
    Discrete Jitter          (DJ):    0.129ns
    Phase Error              (PE):    0.120ns

    Location             Delay type                Incr(ns)  Path(ns)    Netlist Resource(s)
  -------------------------------------------------------------------    -------------------
                         (clock clk_out1_clk_wiz_0 rise edge)
                                                     20.000    20.000 r  
    AE10                                              0.000    20.000 r  sys_clk_p
                         net (fo=0)                   0.000    20.000    u_clk_wiz/inst/clk_in1_p
    AE10                 IBUFDS (Prop_ibufds_I_O)     0.818    20.818 r  u_clk_wiz/inst/clkin1_ibufgds/O
                         net (fo=1, routed)           1.081    21.899    u_clk_wiz/inst/clk_in1_clk_wiz_0
    MMCME2_ADV_X1Y1      MMCME2_ADV (Prop_mmcme2_adv_CLKIN1_CLKOUT0)
                                                     -7.786    14.113 r  u_clk_wiz/inst/mmcm_adv_inst/CLKOUT0
                         net (fo=1, routed)           2.130    16.243    u_clk_wiz/inst/clk_out1_clk_wiz_0
    BUFGCTRL_X0Y2        BUFG (Prop_bufg_I_O)         0.093    16.336 r  u_clk_wiz/inst/clkout1_buf/O
                         net (fo=21, routed)          1.386    17.722    clk_out1
    SLICE_X74Y113                                                     r  phy_rst_n_reg/C
  -------------------------------------------------------------------    -------------------
    SLICE_X74Y113        FDCE (Prop_fdce_C_Q)         0.259    17.981 r  phy_rst_n_reg/Q
                         net (fo=10, routed)          2.668    20.649    u_tx/Q
    SLICE_X9Y164         LUT6 (Prop_lut6_I0_O)        0.043    20.692 r  u_tx/byte_cnt[10]_i_2__0/O
                         net (fo=13, routed)          0.206    20.898    u_tx/byte_cnt0
    SLICE_X9Y163         LUT5 (Prop_lut5_I4_O)        0.043    20.941 r  u_tx/byte_cnt[10]_i_1__0/O
                         net (fo=7, routed)           0.223    21.163    u_tx/n_0_byte_cnt[10]_i_1__0
    SLICE_X11Y163        FDRE                                         r  u_tx/byte_cnt_reg[7]/R
  -------------------------------------------------------------------    -------------------

                         (clock clk_out2_clk_wiz_0 rise edge)
                                                     24.000    24.000 r  
    AE10                                              0.000    24.000 r  sys_clk_p
                         net (fo=0)                   0.000    24.000    u_clk_wiz/inst/clk_in1_p
    AE10                 IBUFDS (Prop_ibufds_I_O)     0.722    24.722 r  u_clk_wiz/inst/clkin1_ibufgds/O
                         net (fo=1, routed)           0.986    25.708    u_clk_wiz/inst/clk_in1_clk_wiz_0
    MMCME2_ADV_X1Y1      MMCME2_ADV (Prop_mmcme2_adv_CLKIN1_CLKOUT1)
                                                     -6.759    18.949 r  u_clk_wiz/inst/mmcm_adv_inst/CLKOUT1
                         net (fo=1, routed)           2.005    20.954    u_clk_wiz/inst/clk_out2_clk_wiz_0
    BUFGCTRL_X0Y0        BUFG (Prop_bufg_I_O)         0.083    21.037 r  u_clk_wiz/inst/clkout2_buf/O
                         net (fo=79, routed)          1.163    22.200    u_tx/C
    SLICE_X11Y163                                                     r  u_tx/byte_cnt_reg[7]/C
                         clock pessimism             -0.836    21.364    
                         clock uncertainty           -0.194    21.170    
    SLICE_X11Y163        FDRE (Setup_fdre_C_R)       -0.304    20.866    u_tx/byte_cnt_reg[7]
  -------------------------------------------------------------------
                         required time                         20.866    
                         arrival time                         -21.163    
  -------------------------------------------------------------------
                         slack                                 -0.297    

Slack (VIOLATED) :        -0.297ns  (required time - arrival time)
  Source:                 phy_rst_n_reg/C
                            (rising edge-triggered cell FDCE clocked by clk_out1_clk_wiz_0  {rise@0.000ns fall@10.000ns period=20.000ns})
  Destination:            u_tx/byte_cnt_reg[8]/R
                            (rising edge-triggered cell FDRE clocked by clk_out2_clk_wiz_0  {rise@0.000ns fall@4.000ns period=8.000ns})
  Path Group:             clk_out2_clk_wiz_0
  Path Type:              Setup (Max at Slow Process Corner)
  Requirement:            4.000ns  (clk_out2_clk_wiz_0 rise@24.000ns - clk_out1_clk_wiz_0 rise@20.000ns)
  Data Path Delay:        3.442ns  (logic 0.345ns (10.024%)  route 3.097ns (89.976%))
  Logic Levels:           2  (LUT5=1 LUT6=1)
  Clock Path Skew:        -0.358ns (DCD - SCD + CPR)
    Destination Clock Delay (DCD):    -1.800ns = ( 22.200 - 24.000 ) 
    Source Clock Delay      (SCD):    -2.278ns = ( 17.722 - 20.000 ) 
    Clock Pessimism Removal (CPR):    -0.836ns
  Clock Uncertainty:      0.194ns  ((TSJ^2 + DJ^2)^1/2) / 2 + PE
    Total System Jitter     (TSJ):    0.071ns
    Discrete Jitter          (DJ):    0.129ns
    Phase Error              (PE):    0.120ns

    Location             Delay type                Incr(ns)  Path(ns)    Netlist Resource(s)
  -------------------------------------------------------------------    -------------------
                         (clock clk_out1_clk_wiz_0 rise edge)
                                                     20.000    20.000 r  
    AE10                                              0.000    20.000 r  sys_clk_p
                         net (fo=0)                   0.000    20.000    u_clk_wiz/inst/clk_in1_p
    AE10                 IBUFDS (Prop_ibufds_I_O)     0.818    20.818 r  u_clk_wiz/inst/clkin1_ibufgds/O
                         net (fo=1, routed)           1.081    21.899    u_clk_wiz/inst/clk_in1_clk_wiz_0
    MMCME2_ADV_X1Y1      MMCME2_ADV (Prop_mmcme2_adv_CLKIN1_CLKOUT0)
                                                     -7.786    14.113 r  u_clk_wiz/inst/mmcm_adv_inst/CLKOUT0
                         net (fo=1, routed)           2.130    16.243    u_clk_wiz/inst/clk_out1_clk_wiz_0
    BUFGCTRL_X0Y2        BUFG (Prop_bufg_I_O)         0.093    16.336 r  u_clk_wiz/inst/clkout1_buf/O
                         net (fo=21, routed)          1.386    17.722    clk_out1
    SLICE_X74Y113                                                     r  phy_rst_n_reg/C
  -------------------------------------------------------------------    -------------------
    SLICE_X74Y113        FDCE (Prop_fdce_C_Q)         0.259    17.981 r  phy_rst_n_reg/Q
                         net (fo=10, routed)          2.668    20.649    u_tx/Q
    SLICE_X9Y164         LUT6 (Prop_lut6_I0_O)        0.043    20.692 r  u_tx/byte_cnt[10]_i_2__0/O
                         net (fo=13, routed)          0.206    20.898    u_tx/byte_cnt0
    SLICE_X9Y163         LUT5 (Prop_lut5_I4_O)        0.043    20.941 r  u_tx/byte_cnt[10]_i_1__0/O
                         net (fo=7, routed)           0.223    21.163    u_tx/n_0_byte_cnt[10]_i_1__0
    SLICE_X11Y163        FDRE                                         r  u_tx/byte_cnt_reg[8]/R
  -------------------------------------------------------------------    -------------------

                         (clock clk_out2_clk_wiz_0 rise edge)
                                                     24.000    24.000 r  
    AE10                                              0.000    24.000 r  sys_clk_p
                         net (fo=0)                   0.000    24.000    u_clk_wiz/inst/clk_in1_p
    AE10                 IBUFDS (Prop_ibufds_I_O)     0.722    24.722 r  u_clk_wiz/inst/clkin1_ibufgds/O
                         net (fo=1, routed)           0.986    25.708    u_clk_wiz/inst/clk_in1_clk_wiz_0
    MMCME2_ADV_X1Y1      MMCME2_ADV (Prop_mmcme2_adv_CLKIN1_CLKOUT1)
                                                     -6.759    18.949 r  u_clk_wiz/inst/mmcm_adv_inst/CLKOUT1
                         net (fo=1, routed)           2.005    20.954    u_clk_wiz/inst/clk_out2_clk_wiz_0
    BUFGCTRL_X0Y0        BUFG (Prop_bufg_I_O)         0.083    21.037 r  u_clk_wiz/inst/clkout2_buf/O
                         net (fo=79, routed)          1.163    22.200    u_tx/C
    SLICE_X11Y163                                                     r  u_tx/byte_cnt_reg[8]/C
                         clock pessimism             -0.836    21.364    
                         clock uncertainty           -0.194    21.170    
    SLICE_X11Y163        FDRE (Setup_fdre_C_R)       -0.304    20.866    u_tx/byte_cnt_reg[8]
  -------------------------------------------------------------------
                         required time                         20.866    
                         arrival time                         -21.163    
  -------------------------------------------------------------------
                         slack                                 -0.297    

Slack (VIOLATED) :        -0.297ns  (required time - arrival time)
  Source:                 phy_rst_n_reg/C
                            (rising edge-triggered cell FDCE clocked by clk_out1_clk_wiz_0  {rise@0.000ns fall@10.000ns period=20.000ns})
  Destination:            u_tx/byte_cnt_reg[9]/R
                            (rising edge-triggered cell FDRE clocked by clk_out2_clk_wiz_0  {rise@0.000ns fall@4.000ns period=8.000ns})
  Path Group:             clk_out2_clk_wiz_0
  Path Type:              Setup (Max at Slow Process Corner)
  Requirement:            4.000ns  (clk_out2_clk_wiz_0 rise@24.000ns - clk_out1_clk_wiz_0 rise@20.000ns)
  Data Path Delay:        3.442ns  (logic 0.345ns (10.024%)  route 3.097ns (89.976%))
  Logic Levels:           2  (LUT5=1 LUT6=1)
  Clock Path Skew:        -0.358ns (DCD - SCD + CPR)
    Destination Clock Delay (DCD):    -1.800ns = ( 22.200 - 24.000 ) 
    Source Clock Delay      (SCD):    -2.278ns = ( 17.722 - 20.000 ) 
    Clock Pessimism Removal (CPR):    -0.836ns
  Clock Uncertainty:      0.194ns  ((TSJ^2 + DJ^2)^1/2) / 2 + PE
    Total System Jitter     (TSJ):    0.071ns
    Discrete Jitter          (DJ):    0.129ns
    Phase Error              (PE):    0.120ns

    Location             Delay type                Incr(ns)  Path(ns)    Netlist Resource(s)
  -------------------------------------------------------------------    -------------------
                         (clock clk_out1_clk_wiz_0 rise edge)
                                                     20.000    20.000 r  
    AE10                                              0.000    20.000 r  sys_clk_p
                         net (fo=0)                   0.000    20.000    u_clk_wiz/inst/clk_in1_p
    AE10                 IBUFDS (Prop_ibufds_I_O)     0.818    20.818 r  u_clk_wiz/inst/clkin1_ibufgds/O
                         net (fo=1, routed)           1.081    21.899    u_clk_wiz/inst/clk_in1_clk_wiz_0
    MMCME2_ADV_X1Y1      MMCME2_ADV (Prop_mmcme2_adv_CLKIN1_CLKOUT0)
                                                     -7.786    14.113 r  u_clk_wiz/inst/mmcm_adv_inst/CLKOUT0
                         net (fo=1, routed)           2.130    16.243    u_clk_wiz/inst/clk_out1_clk_wiz_0
    BUFGCTRL_X0Y2        BUFG (Prop_bufg_I_O)         0.093    16.336 r  u_clk_wiz/inst/clkout1_buf/O
                         net (fo=21, routed)          1.386    17.722    clk_out1
    SLICE_X74Y113                                                     r  phy_rst_n_reg/C
  -------------------------------------------------------------------    -------------------
    SLICE_X74Y113        FDCE (Prop_fdce_C_Q)         0.259    17.981 r  phy_rst_n_reg/Q
                         net (fo=10, routed)          2.668    20.649    u_tx/Q
    SLICE_X9Y164         LUT6 (Prop_lut6_I0_O)        0.043    20.692 r  u_tx/byte_cnt[10]_i_2__0/O
                         net (fo=13, routed)          0.206    20.898    u_tx/byte_cnt0
    SLICE_X9Y163         LUT5 (Prop_lut5_I4_O)        0.043    20.941 r  u_tx/byte_cnt[10]_i_1__0/O
                         net (fo=7, routed)           0.223    21.163    u_tx/n_0_byte_cnt[10]_i_1__0
    SLICE_X11Y163        FDRE                                         r  u_tx/byte_cnt_reg[9]/R
  -------------------------------------------------------------------    -------------------

                         (clock clk_out2_clk_wiz_0 rise edge)
                                                     24.000    24.000 r  
    AE10                                              0.000    24.000 r  sys_clk_p
                         net (fo=0)                   0.000    24.000    u_clk_wiz/inst/clk_in1_p
    AE10                 IBUFDS (Prop_ibufds_I_O)     0.722    24.722 r  u_clk_wiz/inst/clkin1_ibufgds/O
                         net (fo=1, routed)           0.986    25.708    u_clk_wiz/inst/clk_in1_clk_wiz_0
    MMCME2_ADV_X1Y1      MMCME2_ADV (Prop_mmcme2_adv_CLKIN1_CLKOUT1)
                                                     -6.759    18.949 r  u_clk_wiz/inst/mmcm_adv_inst/CLKOUT1
                         net (fo=1, routed)           2.005    20.954    u_clk_wiz/inst/clk_out2_clk_wiz_0
    BUFGCTRL_X0Y0        BUFG (Prop_bufg_I_O)         0.083    21.037 r  u_clk_wiz/inst/clkout2_buf/O
                         net (fo=79, routed)          1.163    22.200    u_tx/C
    SLICE_X11Y163                                                     r  u_tx/byte_cnt_reg[9]/C
                         clock pessimism             -0.836    21.364    
                         clock uncertainty           -0.194    21.170    
    SLICE_X11Y163        FDRE (Setup_fdre_C_R)       -0.304    20.866    u_tx/byte_cnt_reg[9]
  -------------------------------------------------------------------
                         required time                         20.866    
                         arrival time                         -21.163    
  -------------------------------------------------------------------
                         slack                                 -0.297    

Slack (VIOLATED) :        -0.274ns  (required time - arrival time)
  Source:                 phy_rst_n_reg/C
                            (rising edge-triggered cell FDCE clocked by clk_out1_clk_wiz_0  {rise@0.000ns fall@10.000ns period=20.000ns})
  Destination:            u_tx/byte_cnt_reg[0]/R
                            (rising edge-triggered cell FDRE clocked by clk_out2_clk_wiz_0  {rise@0.000ns fall@4.000ns period=8.000ns})
  Path Group:             clk_out2_clk_wiz_0
  Path Type:              Setup (Max at Slow Process Corner)
  Requirement:            4.000ns  (clk_out2_clk_wiz_0 rise@24.000ns - clk_out1_clk_wiz_0 rise@20.000ns)
  Data Path Delay:        3.442ns  (logic 0.345ns (10.024%)  route 3.097ns (89.976%))
  Logic Levels:           2  (LUT5=1 LUT6=1)
  Clock Path Skew:        -0.358ns (DCD - SCD + CPR)
    Destination Clock Delay (DCD):    -1.800ns = ( 22.200 - 24.000 ) 
    Source Clock Delay      (SCD):    -2.278ns = ( 17.722 - 20.000 ) 
    Clock Pessimism Removal (CPR):    -0.836ns
  Clock Uncertainty:      0.194ns  ((TSJ^2 + DJ^2)^1/2) / 2 + PE
    Total System Jitter     (TSJ):    0.071ns
    Discrete Jitter          (DJ):    0.129ns
    Phase Error              (PE):    0.120ns

    Location             Delay type                Incr(ns)  Path(ns)    Netlist Resource(s)
  -------------------------------------------------------------------    -------------------
                         (clock clk_out1_clk_wiz_0 rise edge)
                                                     20.000    20.000 r  
    AE10                                              0.000    20.000 r  sys_clk_p
                         net (fo=0)                   0.000    20.000    u_clk_wiz/inst/clk_in1_p
    AE10                 IBUFDS (Prop_ibufds_I_O)     0.818    20.818 r  u_clk_wiz/inst/clkin1_ibufgds/O
                         net (fo=1, routed)           1.081    21.899    u_clk_wiz/inst/clk_in1_clk_wiz_0
    MMCME2_ADV_X1Y1      MMCME2_ADV (Prop_mmcme2_adv_CLKIN1_CLKOUT0)
                                                     -7.786    14.113 r  u_clk_wiz/inst/mmcm_adv_inst/CLKOUT0
                         net (fo=1, routed)           2.130    16.243    u_clk_wiz/inst/clk_out1_clk_wiz_0
    BUFGCTRL_X0Y2        BUFG (Prop_bufg_I_O)         0.093    16.336 r  u_clk_wiz/inst/clkout1_buf/O
                         net (fo=21, routed)          1.386    17.722    clk_out1
    SLICE_X74Y113                                                     r  phy_rst_n_reg/C
  -------------------------------------------------------------------    -------------------
    SLICE_X74Y113        FDCE (Prop_fdce_C_Q)         0.259    17.981 r  phy_rst_n_reg/Q
                         net (fo=10, routed)          2.668    20.649    u_tx/Q
    SLICE_X9Y164         LUT6 (Prop_lut6_I0_O)        0.043    20.692 r  u_tx/byte_cnt[10]_i_2__0/O
                         net (fo=13, routed)          0.206    20.898    u_tx/byte_cnt0
    SLICE_X9Y163         LUT5 (Prop_lut5_I4_O)        0.043    20.941 r  u_tx/byte_cnt[10]_i_1__0/O
                         net (fo=7, routed)           0.223    21.163    u_tx/n_0_byte_cnt[10]_i_1__0
    SLICE_X10Y163        FDRE                                         r  u_tx/byte_cnt_reg[0]/R
  -------------------------------------------------------------------    -------------------

                         (clock clk_out2_clk_wiz_0 rise edge)
                                                     24.000    24.000 r  
    AE10                                              0.000    24.000 r  sys_clk_p
                         net (fo=0)                   0.000    24.000    u_clk_wiz/inst/clk_in1_p
    AE10                 IBUFDS (Prop_ibufds_I_O)     0.722    24.722 r  u_clk_wiz/inst/clkin1_ibufgds/O
                         net (fo=1, routed)           0.986    25.708    u_clk_wiz/inst/clk_in1_clk_wiz_0
    MMCME2_ADV_X1Y1      MMCME2_ADV (Prop_mmcme2_adv_CLKIN1_CLKOUT1)
                                                     -6.759    18.949 r  u_clk_wiz/inst/mmcm_adv_inst/CLKOUT1
                         net (fo=1, routed)           2.005    20.954    u_clk_wiz/inst/clk_out2_clk_wiz_0
    BUFGCTRL_X0Y0        BUFG (Prop_bufg_I_O)         0.083    21.037 r  u_clk_wiz/inst/clkout2_buf/O
                         net (fo=79, routed)          1.163    22.200    u_tx/C
    SLICE_X10Y163                                                     r  u_tx/byte_cnt_reg[0]/C
                         clock pessimism             -0.836    21.364    
                         clock uncertainty           -0.194    21.170    
    SLICE_X10Y163        FDRE (Setup_fdre_C_R)       -0.281    20.889    u_tx/byte_cnt_reg[0]
  -------------------------------------------------------------------
                         required time                         20.889    
                         arrival time                         -21.163    
  -------------------------------------------------------------------
                         slack                                 -0.274    





Min Delay Paths
--------------------------------------------------------------------------------------
Slack (MET) :             1.143ns  (arrival time - required time)
  Source:                 phy_rst_n_reg/C
                            (rising edge-triggered cell FDCE clocked by clk_out1_clk_wiz_0  {rise@0.000ns fall@10.000ns period=20.000ns})
  Destination:            u_tx/payload_cnt_reg[0]/R
                            (rising edge-triggered cell FDRE clocked by clk_out2_clk_wiz_0  {rise@0.000ns fall@4.000ns period=8.000ns})
  Path Group:             clk_out2_clk_wiz_0
  Path Type:              Hold (Min at Fast Process Corner)
  Requirement:            0.000ns  (clk_out2_clk_wiz_0 rise@0.000ns - clk_out1_clk_wiz_0 rise@0.000ns)
  Data Path Delay:        1.617ns  (logic 0.146ns (9.031%)  route 1.471ns (90.969%))
  Logic Levels:           1  (LUT3=1)
  Clock Path Skew:        0.274ns (DCD - SCD - CPR)
    Destination Clock Delay (DCD):    -0.681ns
    Source Clock Delay      (SCD):    -0.630ns
    Clock Pessimism Removal (CPR):    -0.325ns
  Clock Uncertainty:      0.194ns  ((TSJ^2 + DJ^2)^1/2) / 2 + PE
    Total System Jitter     (TSJ):    0.071ns
    Discrete Jitter          (DJ):    0.129ns
    Phase Error              (PE):    0.120ns

    Location             Delay type                Incr(ns)  Path(ns)    Netlist Resource(s)
  -------------------------------------------------------------------    -------------------
                         (clock clk_out1_clk_wiz_0 rise edge)
                                                      0.000     0.000 r  
    AE10                                              0.000     0.000 r  sys_clk_p
                         net (fo=0)                   0.000     0.000    u_clk_wiz/inst/clk_in1_p
    AE10                 IBUFDS (Prop_ibufds_I_O)     0.354     0.354 r  u_clk_wiz/inst/clkin1_ibufgds/O
                         net (fo=1, routed)           0.503     0.857    u_clk_wiz/inst/clk_in1_clk_wiz_0
    MMCME2_ADV_X1Y1      MMCME2_ADV (Prop_mmcme2_adv_CLKIN1_CLKOUT0)
                                                     -3.040    -2.183 r  u_clk_wiz/inst/mmcm_adv_inst/CLKOUT0
                         net (fo=1, routed)           0.940    -1.243    u_clk_wiz/inst/clk_out1_clk_wiz_0
    BUFGCTRL_X0Y2        BUFG (Prop_bufg_I_O)         0.026    -1.217 r  u_clk_wiz/inst/clkout1_buf/O
                         net (fo=21, routed)          0.587    -0.630    clk_out1
    SLICE_X74Y113                                                     r  phy_rst_n_reg/C
  -------------------------------------------------------------------    -------------------
    SLICE_X74Y113        FDCE (Prop_fdce_C_Q)         0.118    -0.512 r  phy_rst_n_reg/Q
                         net (fo=10, routed)          1.375     0.863    u_tx/Q
    SLICE_X10Y162        LUT3 (Prop_lut3_I0_O)        0.028     0.891 r  u_tx/payload_cnt[10]_i_1__0/O
                         net (fo=11, routed)          0.096     0.986    u_tx/n_0_payload_cnt[10]_i_1__0
    SLICE_X10Y161        FDRE                                         r  u_tx/payload_cnt_reg[0]/R
  -------------------------------------------------------------------    -------------------

                         (clock clk_out2_clk_wiz_0 rise edge)
                                                      0.000     0.000 r  
    AE10                                              0.000     0.000 r  sys_clk_p
                         net (fo=0)                   0.000     0.000    u_clk_wiz/inst/clk_in1_p
    AE10                 IBUFDS (Prop_ibufds_I_O)     0.432     0.432 r  u_clk_wiz/inst/clkin1_ibufgds/O
                         net (fo=1, routed)           0.553     0.985    u_clk_wiz/inst/clk_in1_clk_wiz_0
    MMCME2_ADV_X1Y1      MMCME2_ADV (Prop_mmcme2_adv_CLKIN1_CLKOUT1)
                                                     -3.493    -2.508 r  u_clk_wiz/inst/mmcm_adv_inst/CLKOUT1
                         net (fo=1, routed)           1.007    -1.501    u_clk_wiz/inst/clk_out2_clk_wiz_0
    BUFGCTRL_X0Y0        BUFG (Prop_bufg_I_O)         0.030    -1.471 r  u_clk_wiz/inst/clkout2_buf/O
                         net (fo=79, routed)          0.790    -0.681    u_tx/C
    SLICE_X10Y161                                                     r  u_tx/payload_cnt_reg[0]/C
                         clock pessimism              0.325    -0.356    
                         clock uncertainty            0.194    -0.163    
    SLICE_X10Y161        FDRE (Hold_fdre_C_R)         0.006    -0.157    u_tx/payload_cnt_reg[0]
  -------------------------------------------------------------------
                         required time                          0.157    
                         arrival time                           0.986    
  -------------------------------------------------------------------
                         slack                                  1.143    

Slack (MET) :             1.143ns  (arrival time - required time)
  Source:                 phy_rst_n_reg/C
                            (rising edge-triggered cell FDCE clocked by clk_out1_clk_wiz_0  {rise@0.000ns fall@10.000ns period=20.000ns})
  Destination:            u_tx/payload_cnt_reg[10]/R
                            (rising edge-triggered cell FDRE clocked by clk_out2_clk_wiz_0  {rise@0.000ns fall@4.000ns period=8.000ns})
  Path Group:             clk_out2_clk_wiz_0
  Path Type:              Hold (Min at Fast Process Corner)
  Requirement:            0.000ns  (clk_out2_clk_wiz_0 rise@0.000ns - clk_out1_clk_wiz_0 rise@0.000ns)
  Data Path Delay:        1.617ns  (logic 0.146ns (9.031%)  route 1.471ns (90.969%))
  Logic Levels:           1  (LUT3=1)
  Clock Path Skew:        0.274ns (DCD - SCD - CPR)
    Destination Clock Delay (DCD):    -0.681ns
    Source Clock Delay      (SCD):    -0.630ns
    Clock Pessimism Removal (CPR):    -0.325ns
  Clock Uncertainty:      0.194ns  ((TSJ^2 + DJ^2)^1/2) / 2 + PE
    Total System Jitter     (TSJ):    0.071ns
    Discrete Jitter          (DJ):    0.129ns
    Phase Error              (PE):    0.120ns

    Location             Delay type                Incr(ns)  Path(ns)    Netlist Resource(s)
  -------------------------------------------------------------------    -------------------
                         (clock clk_out1_clk_wiz_0 rise edge)
                                                      0.000     0.000 r  
    AE10                                              0.000     0.000 r  sys_clk_p
                         net (fo=0)                   0.000     0.000    u_clk_wiz/inst/clk_in1_p
    AE10                 IBUFDS (Prop_ibufds_I_O)     0.354     0.354 r  u_clk_wiz/inst/clkin1_ibufgds/O
                         net (fo=1, routed)           0.503     0.857    u_clk_wiz/inst/clk_in1_clk_wiz_0
    MMCME2_ADV_X1Y1      MMCME2_ADV (Prop_mmcme2_adv_CLKIN1_CLKOUT0)
                                                     -3.040    -2.183 r  u_clk_wiz/inst/mmcm_adv_inst/CLKOUT0
                         net (fo=1, routed)           0.940    -1.243    u_clk_wiz/inst/clk_out1_clk_wiz_0
    BUFGCTRL_X0Y2        BUFG (Prop_bufg_I_O)         0.026    -1.217 r  u_clk_wiz/inst/clkout1_buf/O
                         net (fo=21, routed)          0.587    -0.630    clk_out1
    SLICE_X74Y113                                                     r  phy_rst_n_reg/C
  -------------------------------------------------------------------    -------------------
    SLICE_X74Y113        FDCE (Prop_fdce_C_Q)         0.118    -0.512 r  phy_rst_n_reg/Q
                         net (fo=10, routed)          1.375     0.863    u_tx/Q
    SLICE_X10Y162        LUT3 (Prop_lut3_I0_O)        0.028     0.891 r  u_tx/payload_cnt[10]_i_1__0/O
                         net (fo=11, routed)          0.096     0.986    u_tx/n_0_payload_cnt[10]_i_1__0
    SLICE_X10Y161        FDRE                                         r  u_tx/payload_cnt_reg[10]/R
  -------------------------------------------------------------------    -------------------

                         (clock clk_out2_clk_wiz_0 rise edge)
                                                      0.000     0.000 r  
    AE10                                              0.000     0.000 r  sys_clk_p
                         net (fo=0)                   0.000     0.000    u_clk_wiz/inst/clk_in1_p
    AE10                 IBUFDS (Prop_ibufds_I_O)     0.432     0.432 r  u_clk_wiz/inst/clkin1_ibufgds/O
                         net (fo=1, routed)           0.553     0.985    u_clk_wiz/inst/clk_in1_clk_wiz_0
    MMCME2_ADV_X1Y1      MMCME2_ADV (Prop_mmcme2_adv_CLKIN1_CLKOUT1)
                                                     -3.493    -2.508 r  u_clk_wiz/inst/mmcm_adv_inst/CLKOUT1
                         net (fo=1, routed)           1.007    -1.501    u_clk_wiz/inst/clk_out2_clk_wiz_0
    BUFGCTRL_X0Y0        BUFG (Prop_bufg_I_O)         0.030    -1.471 r  u_clk_wiz/inst/clkout2_buf/O
                         net (fo=79, routed)          0.790    -0.681    u_tx/C
    SLICE_X10Y161                                                     r  u_tx/payload_cnt_reg[10]/C
                         clock pessimism              0.325    -0.356    
                         clock uncertainty            0.194    -0.163    
    SLICE_X10Y161        FDRE (Hold_fdre_C_R)         0.006    -0.157    u_tx/payload_cnt_reg[10]
  -------------------------------------------------------------------
                         required time                          0.157    
                         arrival time                           0.986    
  -------------------------------------------------------------------
                         slack                                  1.143    

Slack (MET) :             1.143ns  (arrival time - required time)
  Source:                 phy_rst_n_reg/C
                            (rising edge-triggered cell FDCE clocked by clk_out1_clk_wiz_0  {rise@0.000ns fall@10.000ns period=20.000ns})
  Destination:            u_tx/payload_cnt_reg[1]/R
                            (rising edge-triggered cell FDRE clocked by clk_out2_clk_wiz_0  {rise@0.000ns fall@4.000ns period=8.000ns})
  Path Group:             clk_out2_clk_wiz_0
  Path Type:              Hold (Min at Fast Process Corner)
  Requirement:            0.000ns  (clk_out2_clk_wiz_0 rise@0.000ns - clk_out1_clk_wiz_0 rise@0.000ns)
  Data Path Delay:        1.617ns  (logic 0.146ns (9.031%)  route 1.471ns (90.969%))
  Logic Levels:           1  (LUT3=1)
  Clock Path Skew:        0.274ns (DCD - SCD - CPR)
    Destination Clock Delay (DCD):    -0.681ns
    Source Clock Delay      (SCD):    -0.630ns
    Clock Pessimism Removal (CPR):    -0.325ns
  Clock Uncertainty:      0.194ns  ((TSJ^2 + DJ^2)^1/2) / 2 + PE
    Total System Jitter     (TSJ):    0.071ns
    Discrete Jitter          (DJ):    0.129ns
    Phase Error              (PE):    0.120ns

    Location             Delay type                Incr(ns)  Path(ns)    Netlist Resource(s)
  -------------------------------------------------------------------    -------------------
                         (clock clk_out1_clk_wiz_0 rise edge)
                                                      0.000     0.000 r  
    AE10                                              0.000     0.000 r  sys_clk_p
                         net (fo=0)                   0.000     0.000    u_clk_wiz/inst/clk_in1_p
    AE10                 IBUFDS (Prop_ibufds_I_O)     0.354     0.354 r  u_clk_wiz/inst/clkin1_ibufgds/O
                         net (fo=1, routed)           0.503     0.857    u_clk_wiz/inst/clk_in1_clk_wiz_0
    MMCME2_ADV_X1Y1      MMCME2_ADV (Prop_mmcme2_adv_CLKIN1_CLKOUT0)
                                                     -3.040    -2.183 r  u_clk_wiz/inst/mmcm_adv_inst/CLKOUT0
                         net (fo=1, routed)           0.940    -1.243    u_clk_wiz/inst/clk_out1_clk_wiz_0
    BUFGCTRL_X0Y2        BUFG (Prop_bufg_I_O)         0.026    -1.217 r  u_clk_wiz/inst/clkout1_buf/O
                         net (fo=21, routed)          0.587    -0.630    clk_out1
    SLICE_X74Y113                                                     r  phy_rst_n_reg/C
  -------------------------------------------------------------------    -------------------
    SLICE_X74Y113        FDCE (Prop_fdce_C_Q)         0.118    -0.512 r  phy_rst_n_reg/Q
                         net (fo=10, routed)          1.375     0.863    u_tx/Q
    SLICE_X10Y162        LUT3 (Prop_lut3_I0_O)        0.028     0.891 r  u_tx/payload_cnt[10]_i_1__0/O
                         net (fo=11, routed)          0.096     0.986    u_tx/n_0_payload_cnt[10]_i_1__0
    SLICE_X10Y161        FDRE                                         r  u_tx/payload_cnt_reg[1]/R
  -------------------------------------------------------------------    -------------------

                         (clock clk_out2_clk_wiz_0 rise edge)
                                                      0.000     0.000 r  
    AE10                                              0.000     0.000 r  sys_clk_p
                         net (fo=0)                   0.000     0.000    u_clk_wiz/inst/clk_in1_p
    AE10                 IBUFDS (Prop_ibufds_I_O)     0.432     0.432 r  u_clk_wiz/inst/clkin1_ibufgds/O
                         net (fo=1, routed)           0.553     0.985    u_clk_wiz/inst/clk_in1_clk_wiz_0
    MMCME2_ADV_X1Y1      MMCME2_ADV (Prop_mmcme2_adv_CLKIN1_CLKOUT1)
                                                     -3.493    -2.508 r  u_clk_wiz/inst/mmcm_adv_inst/CLKOUT1
                         net (fo=1, routed)           1.007    -1.501    u_clk_wiz/inst/clk_out2_clk_wiz_0
    BUFGCTRL_X0Y0        BUFG (Prop_bufg_I_O)         0.030    -1.471 r  u_clk_wiz/inst/clkout2_buf/O
                         net (fo=79, routed)          0.790    -0.681    u_tx/C
    SLICE_X10Y161                                                     r  u_tx/payload_cnt_reg[1]/C
                         clock pessimism              0.325    -0.356    
                         clock uncertainty            0.194    -0.163    
    SLICE_X10Y161        FDRE (Hold_fdre_C_R)         0.006    -0.157    u_tx/payload_cnt_reg[1]
  -------------------------------------------------------------------
                         required time                          0.157    
                         arrival time                           0.986    
  -------------------------------------------------------------------
                         slack                                  1.143    

Slack (MET) :             1.143ns  (arrival time - required time)
  Source:                 phy_rst_n_reg/C
                            (rising edge-triggered cell FDCE clocked by clk_out1_clk_wiz_0  {rise@0.000ns fall@10.000ns period=20.000ns})
  Destination:            u_tx/payload_cnt_reg[2]/R
                            (rising edge-triggered cell FDRE clocked by clk_out2_clk_wiz_0  {rise@0.000ns fall@4.000ns period=8.000ns})
  Path Group:             clk_out2_clk_wiz_0
  Path Type:              Hold (Min at Fast Process Corner)
  Requirement:            0.000ns  (clk_out2_clk_wiz_0 rise@0.000ns - clk_out1_clk_wiz_0 rise@0.000ns)
  Data Path Delay:        1.617ns  (logic 0.146ns (9.031%)  route 1.471ns (90.969%))
  Logic Levels:           1  (LUT3=1)
  Clock Path Skew:        0.274ns (DCD - SCD - CPR)
    Destination Clock Delay (DCD):    -0.681ns
    Source Clock Delay      (SCD):    -0.630ns
    Clock Pessimism Removal (CPR):    -0.325ns
  Clock Uncertainty:      0.194ns  ((TSJ^2 + DJ^2)^1/2) / 2 + PE
    Total System Jitter     (TSJ):    0.071ns
    Discrete Jitter          (DJ):    0.129ns
    Phase Error              (PE):    0.120ns

    Location             Delay type                Incr(ns)  Path(ns)    Netlist Resource(s)
  -------------------------------------------------------------------    -------------------
                         (clock clk_out1_clk_wiz_0 rise edge)
                                                      0.000     0.000 r  
    AE10                                              0.000     0.000 r  sys_clk_p
                         net (fo=0)                   0.000     0.000    u_clk_wiz/inst/clk_in1_p
    AE10                 IBUFDS (Prop_ibufds_I_O)     0.354     0.354 r  u_clk_wiz/inst/clkin1_ibufgds/O
                         net (fo=1, routed)           0.503     0.857    u_clk_wiz/inst/clk_in1_clk_wiz_0
    MMCME2_ADV_X1Y1      MMCME2_ADV (Prop_mmcme2_adv_CLKIN1_CLKOUT0)
                                                     -3.040    -2.183 r  u_clk_wiz/inst/mmcm_adv_inst/CLKOUT0
                         net (fo=1, routed)           0.940    -1.243    u_clk_wiz/inst/clk_out1_clk_wiz_0
    BUFGCTRL_X0Y2        BUFG (Prop_bufg_I_O)         0.026    -1.217 r  u_clk_wiz/inst/clkout1_buf/O
                         net (fo=21, routed)          0.587    -0.630    clk_out1
    SLICE_X74Y113                                                     r  phy_rst_n_reg/C
  -------------------------------------------------------------------    -------------------
    SLICE_X74Y113        FDCE (Prop_fdce_C_Q)         0.118    -0.512 r  phy_rst_n_reg/Q
                         net (fo=10, routed)          1.375     0.863    u_tx/Q
    SLICE_X10Y162        LUT3 (Prop_lut3_I0_O)        0.028     0.891 r  u_tx/payload_cnt[10]_i_1__0/O
                         net (fo=11, routed)          0.096     0.986    u_tx/n_0_payload_cnt[10]_i_1__0
    SLICE_X10Y161        FDRE                                         r  u_tx/payload_cnt_reg[2]/R
  -------------------------------------------------------------------    -------------------

                         (clock clk_out2_clk_wiz_0 rise edge)
                                                      0.000     0.000 r  
    AE10                                              0.000     0.000 r  sys_clk_p
                         net (fo=0)                   0.000     0.000    u_clk_wiz/inst/clk_in1_p
    AE10                 IBUFDS (Prop_ibufds_I_O)     0.432     0.432 r  u_clk_wiz/inst/clkin1_ibufgds/O
                         net (fo=1, routed)           0.553     0.985    u_clk_wiz/inst/clk_in1_clk_wiz_0
    MMCME2_ADV_X1Y1      MMCME2_ADV (Prop_mmcme2_adv_CLKIN1_CLKOUT1)
                                                     -3.493    -2.508 r  u_clk_wiz/inst/mmcm_adv_inst/CLKOUT1
                         net (fo=1, routed)           1.007    -1.501    u_clk_wiz/inst/clk_out2_clk_wiz_0
    BUFGCTRL_X0Y0        BUFG (Prop_bufg_I_O)         0.030    -1.471 r  u_clk_wiz/inst/clkout2_buf/O
                         net (fo=79, routed)          0.790    -0.681    u_tx/C
    SLICE_X10Y161                                                     r  u_tx/payload_cnt_reg[2]/C
                         clock pessimism              0.325    -0.356    
                         clock uncertainty            0.194    -0.163    
    SLICE_X10Y161        FDRE (Hold_fdre_C_R)         0.006    -0.157    u_tx/payload_cnt_reg[2]
  -------------------------------------------------------------------
                         required time                          0.157    
                         arrival time                           0.986    
  -------------------------------------------------------------------
                         slack                                  1.143    

Slack (MET) :             1.143ns  (arrival time - required time)
  Source:                 phy_rst_n_reg/C
                            (rising edge-triggered cell FDCE clocked by clk_out1_clk_wiz_0  {rise@0.000ns fall@10.000ns period=20.000ns})
  Destination:            u_tx/payload_cnt_reg[3]/R
                            (rising edge-triggered cell FDRE clocked by clk_out2_clk_wiz_0  {rise@0.000ns fall@4.000ns period=8.000ns})
  Path Group:             clk_out2_clk_wiz_0
  Path Type:              Hold (Min at Fast Process Corner)
  Requirement:            0.000ns  (clk_out2_clk_wiz_0 rise@0.000ns - clk_out1_clk_wiz_0 rise@0.000ns)
  Data Path Delay:        1.617ns  (logic 0.146ns (9.031%)  route 1.471ns (90.969%))
  Logic Levels:           1  (LUT3=1)
  Clock Path Skew:        0.274ns (DCD - SCD - CPR)
    Destination Clock Delay (DCD):    -0.681ns
    Source Clock Delay      (SCD):    -0.630ns
    Clock Pessimism Removal (CPR):    -0.325ns
  Clock Uncertainty:      0.194ns  ((TSJ^2 + DJ^2)^1/2) / 2 + PE
    Total System Jitter     (TSJ):    0.071ns
    Discrete Jitter          (DJ):    0.129ns
    Phase Error              (PE):    0.120ns

    Location             Delay type                Incr(ns)  Path(ns)    Netlist Resource(s)
  -------------------------------------------------------------------    -------------------
                         (clock clk_out1_clk_wiz_0 rise edge)
                                                      0.000     0.000 r  
    AE10                                              0.000     0.000 r  sys_clk_p
                         net (fo=0)                   0.000     0.000    u_clk_wiz/inst/clk_in1_p
    AE10                 IBUFDS (Prop_ibufds_I_O)     0.354     0.354 r  u_clk_wiz/inst/clkin1_ibufgds/O
                         net (fo=1, routed)           0.503     0.857    u_clk_wiz/inst/clk_in1_clk_wiz_0
    MMCME2_ADV_X1Y1      MMCME2_ADV (Prop_mmcme2_adv_CLKIN1_CLKOUT0)
                                                     -3.040    -2.183 r  u_clk_wiz/inst/mmcm_adv_inst/CLKOUT0
                         net (fo=1, routed)           0.940    -1.243    u_clk_wiz/inst/clk_out1_clk_wiz_0
    BUFGCTRL_X0Y2        BUFG (Prop_bufg_I_O)         0.026    -1.217 r  u_clk_wiz/inst/clkout1_buf/O
                         net (fo=21, routed)          0.587    -0.630    clk_out1
    SLICE_X74Y113                                                     r  phy_rst_n_reg/C
  -------------------------------------------------------------------    -------------------
    SLICE_X74Y113        FDCE (Prop_fdce_C_Q)         0.118    -0.512 r  phy_rst_n_reg/Q
                         net (fo=10, routed)          1.375     0.863    u_tx/Q
    SLICE_X10Y162        LUT3 (Prop_lut3_I0_O)        0.028     0.891 r  u_tx/payload_cnt[10]_i_1__0/O
                         net (fo=11, routed)          0.096     0.986    u_tx/n_0_payload_cnt[10]_i_1__0
    SLICE_X10Y161        FDRE                                         r  u_tx/payload_cnt_reg[3]/R
  -------------------------------------------------------------------    -------------------

                         (clock clk_out2_clk_wiz_0 rise edge)
                                                      0.000     0.000 r  
    AE10                                              0.000     0.000 r  sys_clk_p
                         net (fo=0)                   0.000     0.000    u_clk_wiz/inst/clk_in1_p
    AE10                 IBUFDS (Prop_ibufds_I_O)     0.432     0.432 r  u_clk_wiz/inst/clkin1_ibufgds/O
                         net (fo=1, routed)           0.553     0.985    u_clk_wiz/inst/clk_in1_clk_wiz_0
    MMCME2_ADV_X1Y1      MMCME2_ADV (Prop_mmcme2_adv_CLKIN1_CLKOUT1)
                                                     -3.493    -2.508 r  u_clk_wiz/inst/mmcm_adv_inst/CLKOUT1
                         net (fo=1, routed)           1.007    -1.501    u_clk_wiz/inst/clk_out2_clk_wiz_0
    BUFGCTRL_X0Y0        BUFG (Prop_bufg_I_O)         0.030    -1.471 r  u_clk_wiz/inst/clkout2_buf/O
                         net (fo=79, routed)          0.790    -0.681    u_tx/C
    SLICE_X10Y161                                                     r  u_tx/payload_cnt_reg[3]/C
                         clock pessimism              0.325    -0.356    
                         clock uncertainty            0.194    -0.163    
    SLICE_X10Y161        FDRE (Hold_fdre_C_R)         0.006    -0.157    u_tx/payload_cnt_reg[3]
  -------------------------------------------------------------------
                         required time                          0.157    
                         arrival time                           0.986    
  -------------------------------------------------------------------
                         slack                                  1.143    

Slack (MET) :             1.143ns  (arrival time - required time)
  Source:                 phy_rst_n_reg/C
                            (rising edge-triggered cell FDCE clocked by clk_out1_clk_wiz_0  {rise@0.000ns fall@10.000ns period=20.000ns})
  Destination:            u_tx/payload_cnt_reg[4]/R
                            (rising edge-triggered cell FDRE clocked by clk_out2_clk_wiz_0  {rise@0.000ns fall@4.000ns period=8.000ns})
  Path Group:             clk_out2_clk_wiz_0
  Path Type:              Hold (Min at Fast Process Corner)
  Requirement:            0.000ns  (clk_out2_clk_wiz_0 rise@0.000ns - clk_out1_clk_wiz_0 rise@0.000ns)
  Data Path Delay:        1.617ns  (logic 0.146ns (9.031%)  route 1.471ns (90.969%))
  Logic Levels:           1  (LUT3=1)
  Clock Path Skew:        0.274ns (DCD - SCD - CPR)
    Destination Clock Delay (DCD):    -0.681ns
    Source Clock Delay      (SCD):    -0.630ns
    Clock Pessimism Removal (CPR):    -0.325ns
  Clock Uncertainty:      0.194ns  ((TSJ^2 + DJ^2)^1/2) / 2 + PE
    Total System Jitter     (TSJ):    0.071ns
    Discrete Jitter          (DJ):    0.129ns
    Phase Error              (PE):    0.120ns

    Location             Delay type                Incr(ns)  Path(ns)    Netlist Resource(s)
  -------------------------------------------------------------------    -------------------
                         (clock clk_out1_clk_wiz_0 rise edge)
                                                      0.000     0.000 r  
    AE10                                              0.000     0.000 r  sys_clk_p
                         net (fo=0)                   0.000     0.000    u_clk_wiz/inst/clk_in1_p
    AE10                 IBUFDS (Prop_ibufds_I_O)     0.354     0.354 r  u_clk_wiz/inst/clkin1_ibufgds/O
                         net (fo=1, routed)           0.503     0.857    u_clk_wiz/inst/clk_in1_clk_wiz_0
    MMCME2_ADV_X1Y1      MMCME2_ADV (Prop_mmcme2_adv_CLKIN1_CLKOUT0)
                                                     -3.040    -2.183 r  u_clk_wiz/inst/mmcm_adv_inst/CLKOUT0
                         net (fo=1, routed)           0.940    -1.243    u_clk_wiz/inst/clk_out1_clk_wiz_0
    BUFGCTRL_X0Y2        BUFG (Prop_bufg_I_O)         0.026    -1.217 r  u_clk_wiz/inst/clkout1_buf/O
                         net (fo=21, routed)          0.587    -0.630    clk_out1
    SLICE_X74Y113                                                     r  phy_rst_n_reg/C
  -------------------------------------------------------------------    -------------------
    SLICE_X74Y113        FDCE (Prop_fdce_C_Q)         0.118    -0.512 r  phy_rst_n_reg/Q
                         net (fo=10, routed)          1.375     0.863    u_tx/Q
    SLICE_X10Y162        LUT3 (Prop_lut3_I0_O)        0.028     0.891 r  u_tx/payload_cnt[10]_i_1__0/O
                         net (fo=11, routed)          0.096     0.986    u_tx/n_0_payload_cnt[10]_i_1__0
    SLICE_X10Y161        FDRE                                         r  u_tx/payload_cnt_reg[4]/R
  -------------------------------------------------------------------    -------------------

                         (clock clk_out2_clk_wiz_0 rise edge)
                                                      0.000     0.000 r  
    AE10                                              0.000     0.000 r  sys_clk_p
                         net (fo=0)                   0.000     0.000    u_clk_wiz/inst/clk_in1_p
    AE10                 IBUFDS (Prop_ibufds_I_O)     0.432     0.432 r  u_clk_wiz/inst/clkin1_ibufgds/O
                         net (fo=1, routed)           0.553     0.985    u_clk_wiz/inst/clk_in1_clk_wiz_0
    MMCME2_ADV_X1Y1      MMCME2_ADV (Prop_mmcme2_adv_CLKIN1_CLKOUT1)
                                                     -3.493    -2.508 r  u_clk_wiz/inst/mmcm_adv_inst/CLKOUT1
                         net (fo=1, routed)           1.007    -1.501    u_clk_wiz/inst/clk_out2_clk_wiz_0
    BUFGCTRL_X0Y0        BUFG (Prop_bufg_I_O)         0.030    -1.471 r  u_clk_wiz/inst/clkout2_buf/O
                         net (fo=79, routed)          0.790    -0.681    u_tx/C
    SLICE_X10Y161                                                     r  u_tx/payload_cnt_reg[4]/C
                         clock pessimism              0.325    -0.356    
                         clock uncertainty            0.194    -0.163    
    SLICE_X10Y161        FDRE (Hold_fdre_C_R)         0.006    -0.157    u_tx/payload_cnt_reg[4]
  -------------------------------------------------------------------
                         required time                          0.157    
                         arrival time                           0.986    
  -------------------------------------------------------------------
                         slack                                  1.143    

Slack (MET) :             1.143ns  (arrival time - required time)
  Source:                 phy_rst_n_reg/C
                            (rising edge-triggered cell FDCE clocked by clk_out1_clk_wiz_0  {rise@0.000ns fall@10.000ns period=20.000ns})
  Destination:            u_tx/payload_cnt_reg[5]/R
                            (rising edge-triggered cell FDRE clocked by clk_out2_clk_wiz_0  {rise@0.000ns fall@4.000ns period=8.000ns})
  Path Group:             clk_out2_clk_wiz_0
  Path Type:              Hold (Min at Fast Process Corner)
  Requirement:            0.000ns  (clk_out2_clk_wiz_0 rise@0.000ns - clk_out1_clk_wiz_0 rise@0.000ns)
  Data Path Delay:        1.617ns  (logic 0.146ns (9.031%)  route 1.471ns (90.969%))
  Logic Levels:           1  (LUT3=1)
  Clock Path Skew:        0.274ns (DCD - SCD - CPR)
    Destination Clock Delay (DCD):    -0.681ns
    Source Clock Delay      (SCD):    -0.630ns
    Clock Pessimism Removal (CPR):    -0.325ns
  Clock Uncertainty:      0.194ns  ((TSJ^2 + DJ^2)^1/2) / 2 + PE
    Total System Jitter     (TSJ):    0.071ns
    Discrete Jitter          (DJ):    0.129ns
    Phase Error              (PE):    0.120ns

    Location             Delay type                Incr(ns)  Path(ns)    Netlist Resource(s)
  -------------------------------------------------------------------    -------------------
                         (clock clk_out1_clk_wiz_0 rise edge)
                                                      0.000     0.000 r  
    AE10                                              0.000     0.000 r  sys_clk_p
                         net (fo=0)                   0.000     0.000    u_clk_wiz/inst/clk_in1_p
    AE10                 IBUFDS (Prop_ibufds_I_O)     0.354     0.354 r  u_clk_wiz/inst/clkin1_ibufgds/O
                         net (fo=1, routed)           0.503     0.857    u_clk_wiz/inst/clk_in1_clk_wiz_0
    MMCME2_ADV_X1Y1      MMCME2_ADV (Prop_mmcme2_adv_CLKIN1_CLKOUT0)
                                                     -3.040    -2.183 r  u_clk_wiz/inst/mmcm_adv_inst/CLKOUT0
                         net (fo=1, routed)           0.940    -1.243    u_clk_wiz/inst/clk_out1_clk_wiz_0
    BUFGCTRL_X0Y2        BUFG (Prop_bufg_I_O)         0.026    -1.217 r  u_clk_wiz/inst/clkout1_buf/O
                         net (fo=21, routed)          0.587    -0.630    clk_out1
    SLICE_X74Y113                                                     r  phy_rst_n_reg/C
  -------------------------------------------------------------------    -------------------
    SLICE_X74Y113        FDCE (Prop_fdce_C_Q)         0.118    -0.512 r  phy_rst_n_reg/Q
                         net (fo=10, routed)          1.375     0.863    u_tx/Q
    SLICE_X10Y162        LUT3 (Prop_lut3_I0_O)        0.028     0.891 r  u_tx/payload_cnt[10]_i_1__0/O
                         net (fo=11, routed)          0.096     0.986    u_tx/n_0_payload_cnt[10]_i_1__0
    SLICE_X10Y161        FDRE                                         r  u_tx/payload_cnt_reg[5]/R
  -------------------------------------------------------------------    -------------------

                         (clock clk_out2_clk_wiz_0 rise edge)
                                                      0.000     0.000 r  
    AE10                                              0.000     0.000 r  sys_clk_p
                         net (fo=0)                   0.000     0.000    u_clk_wiz/inst/clk_in1_p
    AE10                 IBUFDS (Prop_ibufds_I_O)     0.432     0.432 r  u_clk_wiz/inst/clkin1_ibufgds/O
                         net (fo=1, routed)           0.553     0.985    u_clk_wiz/inst/clk_in1_clk_wiz_0
    MMCME2_ADV_X1Y1      MMCME2_ADV (Prop_mmcme2_adv_CLKIN1_CLKOUT1)
                                                     -3.493    -2.508 r  u_clk_wiz/inst/mmcm_adv_inst/CLKOUT1
                         net (fo=1, routed)           1.007    -1.501    u_clk_wiz/inst/clk_out2_clk_wiz_0
    BUFGCTRL_X0Y0        BUFG (Prop_bufg_I_O)         0.030    -1.471 r  u_clk_wiz/inst/clkout2_buf/O
                         net (fo=79, routed)          0.790    -0.681    u_tx/C
    SLICE_X10Y161                                                     r  u_tx/payload_cnt_reg[5]/C
                         clock pessimism              0.325    -0.356    
                         clock uncertainty            0.194    -0.163    
    SLICE_X10Y161        FDRE (Hold_fdre_C_R)         0.006    -0.157    u_tx/payload_cnt_reg[5]
  -------------------------------------------------------------------
                         required time                          0.157    
                         arrival time                           0.986    
  -------------------------------------------------------------------
                         slack                                  1.143    

Slack (MET) :             1.158ns  (arrival time - required time)
  Source:                 phy_rst_n_reg/C
                            (rising edge-triggered cell FDCE clocked by clk_out1_clk_wiz_0  {rise@0.000ns fall@10.000ns period=20.000ns})
  Destination:            u_tx/payload_cnt_reg[0]/CE
                            (rising edge-triggered cell FDRE clocked by clk_out2_clk_wiz_0  {rise@0.000ns fall@4.000ns period=8.000ns})
  Path Group:             clk_out2_clk_wiz_0
  Path Type:              Hold (Min at Fast Process Corner)
  Requirement:            0.000ns  (clk_out2_clk_wiz_0 rise@0.000ns - clk_out1_clk_wiz_0 rise@0.000ns)
  Data Path Delay:        1.655ns  (logic 0.146ns (8.820%)  route 1.509ns (91.180%))
  Logic Levels:           1  (LUT2=1)
  Clock Path Skew:        0.274ns (DCD - SCD - CPR)
    Destination Clock Delay (DCD):    -0.681ns
    Source Clock Delay      (SCD):    -0.630ns
    Clock Pessimism Removal (CPR):    -0.325ns
  Clock Uncertainty:      0.194ns  ((TSJ^2 + DJ^2)^1/2) / 2 + PE
    Total System Jitter     (TSJ):    0.071ns
    Discrete Jitter          (DJ):    0.129ns
    Phase Error              (PE):    0.120ns

    Location             Delay type                Incr(ns)  Path(ns)    Netlist Resource(s)
  -------------------------------------------------------------------    -------------------
                         (clock clk_out1_clk_wiz_0 rise edge)
                                                      0.000     0.000 r  
    AE10                                              0.000     0.000 r  sys_clk_p
                         net (fo=0)                   0.000     0.000    u_clk_wiz/inst/clk_in1_p
    AE10                 IBUFDS (Prop_ibufds_I_O)     0.354     0.354 r  u_clk_wiz/inst/clkin1_ibufgds/O
                         net (fo=1, routed)           0.503     0.857    u_clk_wiz/inst/clk_in1_clk_wiz_0
    MMCME2_ADV_X1Y1      MMCME2_ADV (Prop_mmcme2_adv_CLKIN1_CLKOUT0)
                                                     -3.040    -2.183 r  u_clk_wiz/inst/mmcm_adv_inst/CLKOUT0
                         net (fo=1, routed)           0.940    -1.243    u_clk_wiz/inst/clk_out1_clk_wiz_0
    BUFGCTRL_X0Y2        BUFG (Prop_bufg_I_O)         0.026    -1.217 r  u_clk_wiz/inst/clkout1_buf/O
                         net (fo=21, routed)          0.587    -0.630    clk_out1
    SLICE_X74Y113                                                     r  phy_rst_n_reg/C
  -------------------------------------------------------------------    -------------------
    SLICE_X74Y113        FDCE (Prop_fdce_C_Q)         0.118    -0.512 r  phy_rst_n_reg/Q
                         net (fo=10, routed)          1.355     0.843    u_tx/Q
    SLICE_X9Y163         LUT2 (Prop_lut2_I0_O)        0.028     0.871 r  u_tx/payload_cnt[10]_i_2/O
                         net (fo=11, routed)          0.154     1.025    u_tx/payload_cnt0
    SLICE_X10Y161        FDRE                                         r  u_tx/payload_cnt_reg[0]/CE
  -------------------------------------------------------------------    -------------------

                         (clock clk_out2_clk_wiz_0 rise edge)
                                                      0.000     0.000 r  
    AE10                                              0.000     0.000 r  sys_clk_p
                         net (fo=0)                   0.000     0.000    u_clk_wiz/inst/clk_in1_p
    AE10                 IBUFDS (Prop_ibufds_I_O)     0.432     0.432 r  u_clk_wiz/inst/clkin1_ibufgds/O
                         net (fo=1, routed)           0.553     0.985    u_clk_wiz/inst/clk_in1_clk_wiz_0
    MMCME2_ADV_X1Y1      MMCME2_ADV (Prop_mmcme2_adv_CLKIN1_CLKOUT1)
                                                     -3.493    -2.508 r  u_clk_wiz/inst/mmcm_adv_inst/CLKOUT1
                         net (fo=1, routed)           1.007    -1.501    u_clk_wiz/inst/clk_out2_clk_wiz_0
    BUFGCTRL_X0Y0        BUFG (Prop_bufg_I_O)         0.030    -1.471 r  u_clk_wiz/inst/clkout2_buf/O
                         net (fo=79, routed)          0.790    -0.681    u_tx/C
    SLICE_X10Y161                                                     r  u_tx/payload_cnt_reg[0]/C
                         clock pessimism              0.325    -0.356    
                         clock uncertainty            0.194    -0.163    
    SLICE_X10Y161        FDRE (Hold_fdre_C_CE)        0.030    -0.133    u_tx/payload_cnt_reg[0]
  -------------------------------------------------------------------
                         required time                          0.133    
                         arrival time                           1.025    
  -------------------------------------------------------------------
                         slack                                  1.158    

Slack (MET) :             1.158ns  (arrival time - required time)
  Source:                 phy_rst_n_reg/C
                            (rising edge-triggered cell FDCE clocked by clk_out1_clk_wiz_0  {rise@0.000ns fall@10.000ns period=20.000ns})
  Destination:            u_tx/payload_cnt_reg[10]/CE
                            (rising edge-triggered cell FDRE clocked by clk_out2_clk_wiz_0  {rise@0.000ns fall@4.000ns period=8.000ns})
  Path Group:             clk_out2_clk_wiz_0
  Path Type:              Hold (Min at Fast Process Corner)
  Requirement:            0.000ns  (clk_out2_clk_wiz_0 rise@0.000ns - clk_out1_clk_wiz_0 rise@0.000ns)
  Data Path Delay:        1.655ns  (logic 0.146ns (8.820%)  route 1.509ns (91.180%))
  Logic Levels:           1  (LUT2=1)
  Clock Path Skew:        0.274ns (DCD - SCD - CPR)
    Destination Clock Delay (DCD):    -0.681ns
    Source Clock Delay      (SCD):    -0.630ns
    Clock Pessimism Removal (CPR):    -0.325ns
  Clock Uncertainty:      0.194ns  ((TSJ^2 + DJ^2)^1/2) / 2 + PE
    Total System Jitter     (TSJ):    0.071ns
    Discrete Jitter          (DJ):    0.129ns
    Phase Error              (PE):    0.120ns

    Location             Delay type                Incr(ns)  Path(ns)    Netlist Resource(s)
  -------------------------------------------------------------------    -------------------
                         (clock clk_out1_clk_wiz_0 rise edge)
                                                      0.000     0.000 r  
    AE10                                              0.000     0.000 r  sys_clk_p
                         net (fo=0)                   0.000     0.000    u_clk_wiz/inst/clk_in1_p
    AE10                 IBUFDS (Prop_ibufds_I_O)     0.354     0.354 r  u_clk_wiz/inst/clkin1_ibufgds/O
                         net (fo=1, routed)           0.503     0.857    u_clk_wiz/inst/clk_in1_clk_wiz_0
    MMCME2_ADV_X1Y1      MMCME2_ADV (Prop_mmcme2_adv_CLKIN1_CLKOUT0)
                                                     -3.040    -2.183 r  u_clk_wiz/inst/mmcm_adv_inst/CLKOUT0
                         net (fo=1, routed)           0.940    -1.243    u_clk_wiz/inst/clk_out1_clk_wiz_0
    BUFGCTRL_X0Y2        BUFG (Prop_bufg_I_O)         0.026    -1.217 r  u_clk_wiz/inst/clkout1_buf/O
                         net (fo=21, routed)          0.587    -0.630    clk_out1
    SLICE_X74Y113                                                     r  phy_rst_n_reg/C
  -------------------------------------------------------------------    -------------------
    SLICE_X74Y113        FDCE (Prop_fdce_C_Q)         0.118    -0.512 r  phy_rst_n_reg/Q
                         net (fo=10, routed)          1.355     0.843    u_tx/Q
    SLICE_X9Y163         LUT2 (Prop_lut2_I0_O)        0.028     0.871 r  u_tx/payload_cnt[10]_i_2/O
                         net (fo=11, routed)          0.154     1.025    u_tx/payload_cnt0
    SLICE_X10Y161        FDRE                                         r  u_tx/payload_cnt_reg[10]/CE
  -------------------------------------------------------------------    -------------------

                         (clock clk_out2_clk_wiz_0 rise edge)
                                                      0.000     0.000 r  
    AE10                                              0.000     0.000 r  sys_clk_p
                         net (fo=0)                   0.000     0.000    u_clk_wiz/inst/clk_in1_p
    AE10                 IBUFDS (Prop_ibufds_I_O)     0.432     0.432 r  u_clk_wiz/inst/clkin1_ibufgds/O
                         net (fo=1, routed)           0.553     0.985    u_clk_wiz/inst/clk_in1_clk_wiz_0
    MMCME2_ADV_X1Y1      MMCME2_ADV (Prop_mmcme2_adv_CLKIN1_CLKOUT1)
                                                     -3.493    -2.508 r  u_clk_wiz/inst/mmcm_adv_inst/CLKOUT1
                         net (fo=1, routed)           1.007    -1.501    u_clk_wiz/inst/clk_out2_clk_wiz_0
    BUFGCTRL_X0Y0        BUFG (Prop_bufg_I_O)         0.030    -1.471 r  u_clk_wiz/inst/clkout2_buf/O
                         net (fo=79, routed)          0.790    -0.681    u_tx/C
    SLICE_X10Y161                                                     r  u_tx/payload_cnt_reg[10]/C
                         clock pessimism              0.325    -0.356    
                         clock uncertainty            0.194    -0.163    
    SLICE_X10Y161        FDRE (Hold_fdre_C_CE)        0.030    -0.133    u_tx/payload_cnt_reg[10]
  -------------------------------------------------------------------
                         required time                          0.133    
                         arrival time                           1.025    
  -------------------------------------------------------------------
                         slack                                  1.158    

Slack (MET) :             1.158ns  (arrival time - required time)
  Source:                 phy_rst_n_reg/C
                            (rising edge-triggered cell FDCE clocked by clk_out1_clk_wiz_0  {rise@0.000ns fall@10.000ns period=20.000ns})
  Destination:            u_tx/payload_cnt_reg[1]/CE
                            (rising edge-triggered cell FDRE clocked by clk_out2_clk_wiz_0  {rise@0.000ns fall@4.000ns period=8.000ns})
  Path Group:             clk_out2_clk_wiz_0
  Path Type:              Hold (Min at Fast Process Corner)
  Requirement:            0.000ns  (clk_out2_clk_wiz_0 rise@0.000ns - clk_out1_clk_wiz_0 rise@0.000ns)
  Data Path Delay:        1.655ns  (logic 0.146ns (8.820%)  route 1.509ns (91.180%))
  Logic Levels:           1  (LUT2=1)
  Clock Path Skew:        0.274ns (DCD - SCD - CPR)
    Destination Clock Delay (DCD):    -0.681ns
    Source Clock Delay      (SCD):    -0.630ns
    Clock Pessimism Removal (CPR):    -0.325ns
  Clock Uncertainty:      0.194ns  ((TSJ^2 + DJ^2)^1/2) / 2 + PE
    Total System Jitter     (TSJ):    0.071ns
    Discrete Jitter          (DJ):    0.129ns
    Phase Error              (PE):    0.120ns

    Location             Delay type                Incr(ns)  Path(ns)    Netlist Resource(s)
  -------------------------------------------------------------------    -------------------
                         (clock clk_out1_clk_wiz_0 rise edge)
                                                      0.000     0.000 r  
    AE10                                              0.000     0.000 r  sys_clk_p
                         net (fo=0)                   0.000     0.000    u_clk_wiz/inst/clk_in1_p
    AE10                 IBUFDS (Prop_ibufds_I_O)     0.354     0.354 r  u_clk_wiz/inst/clkin1_ibufgds/O
                         net (fo=1, routed)           0.503     0.857    u_clk_wiz/inst/clk_in1_clk_wiz_0
    MMCME2_ADV_X1Y1      MMCME2_ADV (Prop_mmcme2_adv_CLKIN1_CLKOUT0)
                                                     -3.040    -2.183 r  u_clk_wiz/inst/mmcm_adv_inst/CLKOUT0
                         net (fo=1, routed)           0.940    -1.243    u_clk_wiz/inst/clk_out1_clk_wiz_0
    BUFGCTRL_X0Y2        BUFG (Prop_bufg_I_O)         0.026    -1.217 r  u_clk_wiz/inst/clkout1_buf/O
                         net (fo=21, routed)          0.587    -0.630    clk_out1
    SLICE_X74Y113                                                     r  phy_rst_n_reg/C
  -------------------------------------------------------------------    -------------------
    SLICE_X74Y113        FDCE (Prop_fdce_C_Q)         0.118    -0.512 r  phy_rst_n_reg/Q
                         net (fo=10, routed)          1.355     0.843    u_tx/Q
    SLICE_X9Y163         LUT2 (Prop_lut2_I0_O)        0.028     0.871 r  u_tx/payload_cnt[10]_i_2/O
                         net (fo=11, routed)          0.154     1.025    u_tx/payload_cnt0
    SLICE_X10Y161        FDRE                                         r  u_tx/payload_cnt_reg[1]/CE
  -------------------------------------------------------------------    -------------------

                         (clock clk_out2_clk_wiz_0 rise edge)
                                                      0.000     0.000 r  
    AE10                                              0.000     0.000 r  sys_clk_p
                         net (fo=0)                   0.000     0.000    u_clk_wiz/inst/clk_in1_p
    AE10                 IBUFDS (Prop_ibufds_I_O)     0.432     0.432 r  u_clk_wiz/inst/clkin1_ibufgds/O
                         net (fo=1, routed)           0.553     0.985    u_clk_wiz/inst/clk_in1_clk_wiz_0
    MMCME2_ADV_X1Y1      MMCME2_ADV (Prop_mmcme2_adv_CLKIN1_CLKOUT1)
                                                     -3.493    -2.508 r  u_clk_wiz/inst/mmcm_adv_inst/CLKOUT1
                         net (fo=1, routed)           1.007    -1.501    u_clk_wiz/inst/clk_out2_clk_wiz_0
    BUFGCTRL_X0Y0        BUFG (Prop_bufg_I_O)         0.030    -1.471 r  u_clk_wiz/inst/clkout2_buf/O
                         net (fo=79, routed)          0.790    -0.681    u_tx/C
    SLICE_X10Y161                                                     r  u_tx/payload_cnt_reg[1]/C
                         clock pessimism              0.325    -0.356    
                         clock uncertainty            0.194    -0.163    
    SLICE_X10Y161        FDRE (Hold_fdre_C_CE)        0.030    -0.133    u_tx/payload_cnt_reg[1]
  -------------------------------------------------------------------
                         required time                          0.133    
                         arrival time                           1.025    
  -------------------------------------------------------------------
                         slack                                  1.158    





---------------------------------------------------------------------------------------------------
Path Group:  **async_default**
From Clock:  clk_out1_clk_wiz_0
  To Clock:  E_RXC

Setup :            0  Failing Endpoints,  Worst Slack        0.756ns,  Total Violation        0.000ns
Hold  :            0  Failing Endpoints,  Worst Slack        0.257ns,  Total Violation        0.000ns
---------------------------------------------------------------------------------------------------


Max Delay Paths
--------------------------------------------------------------------------------------
Slack (MET) :             0.756ns  (required time - arrival time)
  Source:                 phy_rst_n_reg/C
                            (rising edge-triggered cell FDCE clocked by clk_out1_clk_wiz_0  {rise@0.000ns fall@10.000ns period=20.000ns})
  Destination:            u_rx/rx_len_reg[10]/CLR
                            (recovery check against rising-edge clock E_RXC  {rise@0.000ns fall@4.000ns period=8.000ns})
  Path Group:             **async_default**
  Path Type:              Recovery (Max at Fast Process Corner)
  Requirement:            4.000ns  (E_RXC rise@24.000ns - clk_out1_clk_wiz_0 rise@20.000ns)
  Data Path Delay:        6.113ns  (logic 0.182ns (2.977%)  route 5.931ns (97.023%))
  Logic Levels:           1  (LUT1=1)
  Clock Path Skew:        3.149ns (DCD - SCD + CPR)
    Destination Clock Delay (DCD):    2.484ns = ( 26.484 - 24.000 ) 
    Source Clock Delay      (SCD):    -0.665ns = ( 19.335 - 20.000 ) 
    Clock Pessimism Removal (CPR):    0.000ns
  Clock Uncertainty:      0.164ns  ((TSJ^2 + DJ^2)^1/2) / 2 + PE
    Total System Jitter     (TSJ):    0.071ns
    Discrete Jitter          (DJ):    0.129ns
    Phase Error              (PE):    0.090ns
  Clock Domain Crossing:  Inter clock paths are considered valid unless explicitly excluded by timing constraints such as set_clock_groups or set_false_path.

    Location             Delay type                Incr(ns)  Path(ns)    Netlist Resource(s)
  -------------------------------------------------------------------    -------------------
                         (clock clk_out1_clk_wiz_0 rise edge)
                                                     20.000    20.000 r  
    AE10                                              0.000    20.000 r  sys_clk_p
                         net (fo=0)                   0.000    20.000    u_clk_wiz/inst/clk_in1_p
    AE10                 IBUFDS (Prop_ibufds_I_O)     0.432    20.432 r  u_clk_wiz/inst/clkin1_ibufgds/O
                         net (fo=1, routed)           0.553    20.985    u_clk_wiz/inst/clk_in1_clk_wiz_0
    MMCME2_ADV_X1Y1      MMCME2_ADV (Prop_mmcme2_adv_CLKIN1_CLKOUT0)
                                                     -3.493    17.492 r  u_clk_wiz/inst/mmcm_adv_inst/CLKOUT0
                         net (fo=1, routed)           1.007    18.499    u_clk_wiz/inst/clk_out1_clk_wiz_0
    BUFGCTRL_X0Y2        BUFG (Prop_bufg_I_O)         0.030    18.529 r  u_clk_wiz/inst/clkout1_buf/O
                         net (fo=21, routed)          0.806    19.335    clk_out1
    SLICE_X74Y113                                                     r  phy_rst_n_reg/C
  -------------------------------------------------------------------    -------------------
    SLICE_X74Y113        FDCE (Prop_fdce_C_Q)         0.147    19.482 r  phy_rst_n_reg/Q
                         net (fo=10, routed)          2.442    21.924    u_rx/Q
    SLICE_X12Y157        LUT1 (Prop_lut1_I0_O)        0.035    21.959 f  u_rx/FSM_sequential_state[3]_i_2/O
                         net (fo=68, routed)          3.489    25.447    u_rx/O1
    SLICE_X9Y162         FDCE                                         f  u_rx/rx_len_reg[10]/CLR
  -------------------------------------------------------------------    -------------------

                         (clock E_RXC rise edge)     24.000    24.000 r  
    J26                                               0.000    24.000 r  E_RXC
                         net (fo=0)                   0.000    24.000    E_RXC
    J26                  IBUF (Prop_ibuf_I_O)         0.465    24.465 r  E_RXC_IBUF_inst/O
                         net (fo=1, routed)           1.405    25.870    E_RXC_IBUF
    BUFGCTRL_X0Y1        BUFG (Prop_bufg_I_O)         0.026    25.896 r  u_bufg_rxc/O
                         net (fo=129, routed)         0.588    26.484    u_rx/e_rxc_bufg
    SLICE_X9Y162                                                      r  u_rx/rx_len_reg[10]/C
                         clock pessimism              0.000    26.484    
                         clock uncertainty           -0.164    26.320    
    SLICE_X9Y162         FDCE (Recov_fdce_C_CLR)     -0.117    26.203    u_rx/rx_len_reg[10]
  -------------------------------------------------------------------
                         required time                         26.203    
                         arrival time                         -25.447    
  -------------------------------------------------------------------
                         slack                                  0.756    

Slack (MET) :             0.756ns  (required time - arrival time)
  Source:                 phy_rst_n_reg/C
                            (rising edge-triggered cell FDCE clocked by clk_out1_clk_wiz_0  {rise@0.000ns fall@10.000ns period=20.000ns})
  Destination:            u_rx/rx_len_reg[8]/CLR
                            (recovery check against rising-edge clock E_RXC  {rise@0.000ns fall@4.000ns period=8.000ns})
  Path Group:             **async_default**
  Path Type:              Recovery (Max at Fast Process Corner)
  Requirement:            4.000ns  (E_RXC rise@24.000ns - clk_out1_clk_wiz_0 rise@20.000ns)
  Data Path Delay:        6.113ns  (logic 0.182ns (2.977%)  route 5.931ns (97.023%))
  Logic Levels:           1  (LUT1=1)
  Clock Path Skew:        3.149ns (DCD - SCD + CPR)
    Destination Clock Delay (DCD):    2.484ns = ( 26.484 - 24.000 ) 
    Source Clock Delay      (SCD):    -0.665ns = ( 19.335 - 20.000 ) 
    Clock Pessimism Removal (CPR):    0.000ns
  Clock Uncertainty:      0.164ns  ((TSJ^2 + DJ^2)^1/2) / 2 + PE
    Total System Jitter     (TSJ):    0.071ns
    Discrete Jitter          (DJ):    0.129ns
    Phase Error              (PE):    0.090ns
  Clock Domain Crossing:  Inter clock paths are considered valid unless explicitly excluded by timing constraints such as set_clock_groups or set_false_path.

    Location             Delay type                Incr(ns)  Path(ns)    Netlist Resource(s)
  -------------------------------------------------------------------    -------------------
                         (clock clk_out1_clk_wiz_0 rise edge)
                                                     20.000    20.000 r  
    AE10                                              0.000    20.000 r  sys_clk_p
                         net (fo=0)                   0.000    20.000    u_clk_wiz/inst/clk_in1_p
    AE10                 IBUFDS (Prop_ibufds_I_O)     0.432    20.432 r  u_clk_wiz/inst/clkin1_ibufgds/O
                         net (fo=1, routed)           0.553    20.985    u_clk_wiz/inst/clk_in1_clk_wiz_0
    MMCME2_ADV_X1Y1      MMCME2_ADV (Prop_mmcme2_adv_CLKIN1_CLKOUT0)
                                                     -3.493    17.492 r  u_clk_wiz/inst/mmcm_adv_inst/CLKOUT0
                         net (fo=1, routed)           1.007    18.499    u_clk_wiz/inst/clk_out1_clk_wiz_0
    BUFGCTRL_X0Y2        BUFG (Prop_bufg_I_O)         0.030    18.529 r  u_clk_wiz/inst/clkout1_buf/O
                         net (fo=21, routed)          0.806    19.335    clk_out1
    SLICE_X74Y113                                                     r  phy_rst_n_reg/C
  -------------------------------------------------------------------    -------------------
    SLICE_X74Y113        FDCE (Prop_fdce_C_Q)         0.147    19.482 r  phy_rst_n_reg/Q
                         net (fo=10, routed)          2.442    21.924    u_rx/Q
    SLICE_X12Y157        LUT1 (Prop_lut1_I0_O)        0.035    21.959 f  u_rx/FSM_sequential_state[3]_i_2/O
                         net (fo=68, routed)          3.489    25.447    u_rx/O1
    SLICE_X9Y162         FDCE                                         f  u_rx/rx_len_reg[8]/CLR
  -------------------------------------------------------------------    -------------------

                         (clock E_RXC rise edge)     24.000    24.000 r  
    J26                                               0.000    24.000 r  E_RXC
                         net (fo=0)                   0.000    24.000    E_RXC
    J26                  IBUF (Prop_ibuf_I_O)         0.465    24.465 r  E_RXC_IBUF_inst/O
                         net (fo=1, routed)           1.405    25.870    E_RXC_IBUF
    BUFGCTRL_X0Y1        BUFG (Prop_bufg_I_O)         0.026    25.896 r  u_bufg_rxc/O
                         net (fo=129, routed)         0.588    26.484    u_rx/e_rxc_bufg
    SLICE_X9Y162                                                      r  u_rx/rx_len_reg[8]/C
                         clock pessimism              0.000    26.484    
                         clock uncertainty           -0.164    26.320    
    SLICE_X9Y162         FDCE (Recov_fdce_C_CLR)     -0.117    26.203    u_rx/rx_len_reg[8]
  -------------------------------------------------------------------
                         required time                         26.203    
                         arrival time                         -25.447    
  -------------------------------------------------------------------
                         slack                                  0.756    

Slack (MET) :             0.759ns  (required time - arrival time)
  Source:                 phy_rst_n_reg/C
                            (rising edge-triggered cell FDCE clocked by clk_out1_clk_wiz_0  {rise@0.000ns fall@10.000ns period=20.000ns})
  Destination:            u_rx/byte_cnt_reg[3]/CLR
                            (recovery check against rising-edge clock E_RXC  {rise@0.000ns fall@4.000ns period=8.000ns})
  Path Group:             **async_default**
  Path Type:              Recovery (Max at Fast Process Corner)
  Requirement:            4.000ns  (E_RXC rise@24.000ns - clk_out1_clk_wiz_0 rise@20.000ns)
  Data Path Delay:        6.172ns  (logic 0.182ns (2.949%)  route 5.990ns (97.051%))
  Logic Levels:           1  (LUT1=1)
  Clock Path Skew:        3.174ns (DCD - SCD + CPR)
    Destination Clock Delay (DCD):    2.509ns = ( 26.509 - 24.000 ) 
    Source Clock Delay      (SCD):    -0.665ns = ( 19.335 - 20.000 ) 
    Clock Pessimism Removal (CPR):    0.000ns
  Clock Uncertainty:      0.164ns  ((TSJ^2 + DJ^2)^1/2) / 2 + PE
    Total System Jitter     (TSJ):    0.071ns
    Discrete Jitter          (DJ):    0.129ns
    Phase Error              (PE):    0.090ns
  Clock Domain Crossing:  Inter clock paths are considered valid unless explicitly excluded by timing constraints such as set_clock_groups or set_false_path.

    Location             Delay type                Incr(ns)  Path(ns)    Netlist Resource(s)
  -------------------------------------------------------------------    -------------------
                         (clock clk_out1_clk_wiz_0 rise edge)
                                                     20.000    20.000 r  
    AE10                                              0.000    20.000 r  sys_clk_p
                         net (fo=0)                   0.000    20.000    u_clk_wiz/inst/clk_in1_p
    AE10                 IBUFDS (Prop_ibufds_I_O)     0.432    20.432 r  u_clk_wiz/inst/clkin1_ibufgds/O
                         net (fo=1, routed)           0.553    20.985    u_clk_wiz/inst/clk_in1_clk_wiz_0
    MMCME2_ADV_X1Y1      MMCME2_ADV (Prop_mmcme2_adv_CLKIN1_CLKOUT0)
                                                     -3.493    17.492 r  u_clk_wiz/inst/mmcm_adv_inst/CLKOUT0
                         net (fo=1, routed)           1.007    18.499    u_clk_wiz/inst/clk_out1_clk_wiz_0
    BUFGCTRL_X0Y2        BUFG (Prop_bufg_I_O)         0.030    18.529 r  u_clk_wiz/inst/clkout1_buf/O
                         net (fo=21, routed)          0.806    19.335    clk_out1
    SLICE_X74Y113                                                     r  phy_rst_n_reg/C
  -------------------------------------------------------------------    -------------------
    SLICE_X74Y113        FDCE (Prop_fdce_C_Q)         0.147    19.482 r  phy_rst_n_reg/Q
                         net (fo=10, routed)          2.442    21.924    u_rx/Q
    SLICE_X12Y157        LUT1 (Prop_lut1_I0_O)        0.035    21.959 f  u_rx/FSM_sequential_state[3]_i_2/O
                         net (fo=68, routed)          3.549    25.507    u_rx/O1
    SLICE_X6Y170         FDCE                                         f  u_rx/byte_cnt_reg[3]/CLR
  -------------------------------------------------------------------    -------------------

                         (clock E_RXC rise edge)     24.000    24.000 r  
    J26                                               0.000    24.000 r  E_RXC
                         net (fo=0)                   0.000    24.000    E_RXC
    J26                  IBUF (Prop_ibuf_I_O)         0.465    24.465 r  E_RXC_IBUF_inst/O
                         net (fo=1, routed)           1.405    25.870    E_RXC_IBUF
    BUFGCTRL_X0Y1        BUFG (Prop_bufg_I_O)         0.026    25.896 r  u_bufg_rxc/O
                         net (fo=129, routed)         0.613    26.509    u_rx/e_rxc_bufg
    SLICE_X6Y170                                                      r  u_rx/byte_cnt_reg[3]/C
                         clock pessimism              0.000    26.509    
                         clock uncertainty           -0.164    26.345    
    SLICE_X6Y170         FDCE (Recov_fdce_C_CLR)     -0.079    26.266    u_rx/byte_cnt_reg[3]
  -------------------------------------------------------------------
                         required time                         26.266    
                         arrival time                         -25.507    
  -------------------------------------------------------------------
                         slack                                  0.759    

Slack (MET) :             0.767ns  (required time - arrival time)
  Source:                 phy_rst_n_reg/C
                            (rising edge-triggered cell FDCE clocked by clk_out1_clk_wiz_0  {rise@0.000ns fall@10.000ns period=20.000ns})
  Destination:            u_rx/byte_cnt_reg[7]/CLR
                            (recovery check against rising-edge clock E_RXC  {rise@0.000ns fall@4.000ns period=8.000ns})
  Path Group:             **async_default**
  Path Type:              Recovery (Max at Fast Process Corner)
  Requirement:            4.000ns  (E_RXC rise@24.000ns - clk_out1_clk_wiz_0 rise@20.000ns)
  Data Path Delay:        6.124ns  (logic 0.182ns (2.972%)  route 5.942ns (97.028%))
  Logic Levels:           1  (LUT1=1)
  Clock Path Skew:        3.172ns (DCD - SCD + CPR)
    Destination Clock Delay (DCD):    2.507ns = ( 26.507 - 24.000 ) 
    Source Clock Delay      (SCD):    -0.665ns = ( 19.335 - 20.000 ) 
    Clock Pessimism Removal (CPR):    0.000ns
  Clock Uncertainty:      0.164ns  ((TSJ^2 + DJ^2)^1/2) / 2 + PE
    Total System Jitter     (TSJ):    0.071ns
    Discrete Jitter          (DJ):    0.129ns
    Phase Error              (PE):    0.090ns
  Clock Domain Crossing:  Inter clock paths are considered valid unless explicitly excluded by timing constraints such as set_clock_groups or set_false_path.

    Location             Delay type                Incr(ns)  Path(ns)    Netlist Resource(s)
  -------------------------------------------------------------------    -------------------
                         (clock clk_out1_clk_wiz_0 rise edge)
                                                     20.000    20.000 r  
    AE10                                              0.000    20.000 r  sys_clk_p
                         net (fo=0)                   0.000    20.000    u_clk_wiz/inst/clk_in1_p
    AE10                 IBUFDS (Prop_ibufds_I_O)     0.432    20.432 r  u_clk_wiz/inst/clkin1_ibufgds/O
                         net (fo=1, routed)           0.553    20.985    u_clk_wiz/inst/clk_in1_clk_wiz_0
    MMCME2_ADV_X1Y1      MMCME2_ADV (Prop_mmcme2_adv_CLKIN1_CLKOUT0)
                                                     -3.493    17.492 r  u_clk_wiz/inst/mmcm_adv_inst/CLKOUT0
                         net (fo=1, routed)           1.007    18.499    u_clk_wiz/inst/clk_out1_clk_wiz_0
    BUFGCTRL_X0Y2        BUFG (Prop_bufg_I_O)         0.030    18.529 r  u_clk_wiz/inst/clkout1_buf/O
                         net (fo=21, routed)          0.806    19.335    clk_out1
    SLICE_X74Y113                                                     r  phy_rst_n_reg/C
  -------------------------------------------------------------------    -------------------
    SLICE_X74Y113        FDCE (Prop_fdce_C_Q)         0.147    19.482 r  phy_rst_n_reg/Q
                         net (fo=10, routed)          2.442    21.924    u_rx/Q
    SLICE_X12Y157        LUT1 (Prop_lut1_I0_O)        0.035    21.959 f  u_rx/FSM_sequential_state[3]_i_2/O
                         net (fo=68, routed)          3.501    25.459    u_rx/O1
    SLICE_X5Y172         FDCE                                         f  u_rx/byte_cnt_reg[7]/CLR
  -------------------------------------------------------------------    -------------------

                         (clock E_RXC rise edge)     24.000    24.000 r  
    J26                                               0.000    24.000 r  E_RXC
                         net (fo=0)                   0.000    24.000    E_RXC
    J26                  IBUF (Prop_ibuf_I_O)         0.465    24.465 r  E_RXC_IBUF_inst/O
                         net (fo=1, routed)           1.405    25.870    E_RXC_IBUF
    BUFGCTRL_X0Y1        BUFG (Prop_bufg_I_O)         0.026    25.896 r  u_bufg_rxc/O
                         net (fo=129, routed)         0.611    26.507    u_rx/e_rxc_bufg
    SLICE_X5Y172                                                      r  u_rx/byte_cnt_reg[7]/C
                         clock pessimism              0.000    26.507    
                         clock uncertainty           -0.164    26.343    
    SLICE_X5Y172         FDCE (Recov_fdce_C_CLR)     -0.117    26.226    u_rx/byte_cnt_reg[7]
  -------------------------------------------------------------------
                         required time                         26.226    
                         arrival time                         -25.459    
  -------------------------------------------------------------------
                         slack                                  0.767    

Slack (MET) :             0.767ns  (required time - arrival time)
  Source:                 phy_rst_n_reg/C
                            (rising edge-triggered cell FDCE clocked by clk_out1_clk_wiz_0  {rise@0.000ns fall@10.000ns period=20.000ns})
  Destination:            u_rx/byte_cnt_reg[8]/CLR
                            (recovery check against rising-edge clock E_RXC  {rise@0.000ns fall@4.000ns period=8.000ns})
  Path Group:             **async_default**
  Path Type:              Recovery (Max at Fast Process Corner)
  Requirement:            4.000ns  (E_RXC rise@24.000ns - clk_out1_clk_wiz_0 rise@20.000ns)
  Data Path Delay:        6.124ns  (logic 0.182ns (2.972%)  route 5.942ns (97.028%))
  Logic Levels:           1  (LUT1=1)
  Clock Path Skew:        3.172ns (DCD - SCD + CPR)
    Destination Clock Delay (DCD):    2.507ns = ( 26.507 - 24.000 ) 
    Source Clock Delay      (SCD):    -0.665ns = ( 19.335 - 20.000 ) 
    Clock Pessimism Removal (CPR):    0.000ns
  Clock Uncertainty:      0.164ns  ((TSJ^2 + DJ^2)^1/2) / 2 + PE
    Total System Jitter     (TSJ):    0.071ns
    Discrete Jitter          (DJ):    0.129ns
    Phase Error              (PE):    0.090ns
  Clock Domain Crossing:  Inter clock paths are considered valid unless explicitly excluded by timing constraints such as set_clock_groups or set_false_path.

    Location             Delay type                Incr(ns)  Path(ns)    Netlist Resource(s)
  -------------------------------------------------------------------    -------------------
                         (clock clk_out1_clk_wiz_0 rise edge)
                                                     20.000    20.000 r  
    AE10                                              0.000    20.000 r  sys_clk_p
                         net (fo=0)                   0.000    20.000    u_clk_wiz/inst/clk_in1_p
    AE10                 IBUFDS (Prop_ibufds_I_O)     0.432    20.432 r  u_clk_wiz/inst/clkin1_ibufgds/O
                         net (fo=1, routed)           0.553    20.985    u_clk_wiz/inst/clk_in1_clk_wiz_0
    MMCME2_ADV_X1Y1      MMCME2_ADV (Prop_mmcme2_adv_CLKIN1_CLKOUT0)
                                                     -3.493    17.492 r  u_clk_wiz/inst/mmcm_adv_inst/CLKOUT0
                         net (fo=1, routed)           1.007    18.499    u_clk_wiz/inst/clk_out1_clk_wiz_0
    BUFGCTRL_X0Y2        BUFG (Prop_bufg_I_O)         0.030    18.529 r  u_clk_wiz/inst/clkout1_buf/O
                         net (fo=21, routed)          0.806    19.335    clk_out1
    SLICE_X74Y113                                                     r  phy_rst_n_reg/C
  -------------------------------------------------------------------    -------------------
    SLICE_X74Y113        FDCE (Prop_fdce_C_Q)         0.147    19.482 r  phy_rst_n_reg/Q
                         net (fo=10, routed)          2.442    21.924    u_rx/Q
    SLICE_X12Y157        LUT1 (Prop_lut1_I0_O)        0.035    21.959 f  u_rx/FSM_sequential_state[3]_i_2/O
                         net (fo=68, routed)          3.501    25.459    u_rx/O1
    SLICE_X5Y172         FDCE                                         f  u_rx/byte_cnt_reg[8]/CLR
  -------------------------------------------------------------------    -------------------

                         (clock E_RXC rise edge)     24.000    24.000 r  
    J26                                               0.000    24.000 r  E_RXC
                         net (fo=0)                   0.000    24.000    E_RXC
    J26                  IBUF (Prop_ibuf_I_O)         0.465    24.465 r  E_RXC_IBUF_inst/O
                         net (fo=1, routed)           1.405    25.870    E_RXC_IBUF
    BUFGCTRL_X0Y1        BUFG (Prop_bufg_I_O)         0.026    25.896 r  u_bufg_rxc/O
                         net (fo=129, routed)         0.611    26.507    u_rx/e_rxc_bufg
    SLICE_X5Y172                                                      r  u_rx/byte_cnt_reg[8]/C
                         clock pessimism              0.000    26.507    
                         clock uncertainty           -0.164    26.343    
    SLICE_X5Y172         FDCE (Recov_fdce_C_CLR)     -0.117    26.226    u_rx/byte_cnt_reg[8]
  -------------------------------------------------------------------
                         required time                         26.226    
                         arrival time                         -25.459    
  -------------------------------------------------------------------
                         slack                                  0.767    

Slack (MET) :             0.849ns  (required time - arrival time)
  Source:                 phy_rst_n_reg/C
                            (rising edge-triggered cell FDCE clocked by clk_out1_clk_wiz_0  {rise@0.000ns fall@10.000ns period=20.000ns})
  Destination:            u_rx/rx_len_reg[4]/CLR
                            (recovery check against rising-edge clock E_RXC  {rise@0.000ns fall@4.000ns period=8.000ns})
  Path Group:             **async_default**
  Path Type:              Recovery (Max at Fast Process Corner)
  Requirement:            4.000ns  (E_RXC rise@24.000ns - clk_out1_clk_wiz_0 rise@20.000ns)
  Data Path Delay:        6.022ns  (logic 0.182ns (3.022%)  route 5.840ns (96.978%))
  Logic Levels:           1  (LUT1=1)
  Clock Path Skew:        3.151ns (DCD - SCD + CPR)
    Destination Clock Delay (DCD):    2.486ns = ( 26.486 - 24.000 ) 
    Source Clock Delay      (SCD):    -0.665ns = ( 19.335 - 20.000 ) 
    Clock Pessimism Removal (CPR):    0.000ns
  Clock Uncertainty:      0.164ns  ((TSJ^2 + DJ^2)^1/2) / 2 + PE
    Total System Jitter     (TSJ):    0.071ns
    Discrete Jitter          (DJ):    0.129ns
    Phase Error              (PE):    0.090ns
  Clock Domain Crossing:  Inter clock paths are considered valid unless explicitly excluded by timing constraints such as set_clock_groups or set_false_path.

    Location             Delay type                Incr(ns)  Path(ns)    Netlist Resource(s)
  -------------------------------------------------------------------    -------------------
                         (clock clk_out1_clk_wiz_0 rise edge)
                                                     20.000    20.000 r  
    AE10                                              0.000    20.000 r  sys_clk_p
                         net (fo=0)                   0.000    20.000    u_clk_wiz/inst/clk_in1_p
    AE10                 IBUFDS (Prop_ibufds_I_O)     0.432    20.432 r  u_clk_wiz/inst/clkin1_ibufgds/O
                         net (fo=1, routed)           0.553    20.985    u_clk_wiz/inst/clk_in1_clk_wiz_0
    MMCME2_ADV_X1Y1      MMCME2_ADV (Prop_mmcme2_adv_CLKIN1_CLKOUT0)
                                                     -3.493    17.492 r  u_clk_wiz/inst/mmcm_adv_inst/CLKOUT0
                         net (fo=1, routed)           1.007    18.499    u_clk_wiz/inst/clk_out1_clk_wiz_0
    BUFGCTRL_X0Y2        BUFG (Prop_bufg_I_O)         0.030    18.529 r  u_clk_wiz/inst/clkout1_buf/O
                         net (fo=21, routed)          0.806    19.335    clk_out1
    SLICE_X74Y113                                                     r  phy_rst_n_reg/C
  -------------------------------------------------------------------    -------------------
    SLICE_X74Y113        FDCE (Prop_fdce_C_Q)         0.147    19.482 r  phy_rst_n_reg/Q
                         net (fo=10, routed)          2.442    21.924    u_rx/Q
    SLICE_X12Y157        LUT1 (Prop_lut1_I0_O)        0.035    21.959 f  u_rx/FSM_sequential_state[3]_i_2/O
                         net (fo=68, routed)          3.398    25.357    u_rx/O1
    SLICE_X9Y159         FDCE                                         f  u_rx/rx_len_reg[4]/CLR
  -------------------------------------------------------------------    -------------------

                         (clock E_RXC rise edge)     24.000    24.000 r  
    J26                                               0.000    24.000 r  E_RXC
                         net (fo=0)                   0.000    24.000    E_RXC
    J26                  IBUF (Prop_ibuf_I_O)         0.465    24.465 r  E_RXC_IBUF_inst/O
                         net (fo=1, routed)           1.405    25.870    E_RXC_IBUF
    BUFGCTRL_X0Y1        BUFG (Prop_bufg_I_O)         0.026    25.896 r  u_bufg_rxc/O
                         net (fo=129, routed)         0.590    26.486    u_rx/e_rxc_bufg
    SLICE_X9Y159                                                      r  u_rx/rx_len_reg[4]/C
                         clock pessimism              0.000    26.486    
                         clock uncertainty           -0.164    26.322    
    SLICE_X9Y159         FDCE (Recov_fdce_C_CLR)     -0.117    26.205    u_rx/rx_len_reg[4]
  -------------------------------------------------------------------
                         required time                         26.205    
                         arrival time                         -25.357    
  -------------------------------------------------------------------
                         slack                                  0.849    

Slack (MET) :             0.849ns  (required time - arrival time)
  Source:                 phy_rst_n_reg/C
                            (rising edge-triggered cell FDCE clocked by clk_out1_clk_wiz_0  {rise@0.000ns fall@10.000ns period=20.000ns})
  Destination:            u_rx/rx_len_reg[5]/CLR
                            (recovery check against rising-edge clock E_RXC  {rise@0.000ns fall@4.000ns period=8.000ns})
  Path Group:             **async_default**
  Path Type:              Recovery (Max at Fast Process Corner)
  Requirement:            4.000ns  (E_RXC rise@24.000ns - clk_out1_clk_wiz_0 rise@20.000ns)
  Data Path Delay:        6.022ns  (logic 0.182ns (3.022%)  route 5.840ns (96.978%))
  Logic Levels:           1  (LUT1=1)
  Clock Path Skew:        3.151ns (DCD - SCD + CPR)
    Destination Clock Delay (DCD):    2.486ns = ( 26.486 - 24.000 ) 
    Source Clock Delay      (SCD):    -0.665ns = ( 19.335 - 20.000 ) 
    Clock Pessimism Removal (CPR):    0.000ns
  Clock Uncertainty:      0.164ns  ((TSJ^2 + DJ^2)^1/2) / 2 + PE
    Total System Jitter     (TSJ):    0.071ns
    Discrete Jitter          (DJ):    0.129ns
    Phase Error              (PE):    0.090ns
  Clock Domain Crossing:  Inter clock paths are considered valid unless explicitly excluded by timing constraints such as set_clock_groups or set_false_path.

    Location             Delay type                Incr(ns)  Path(ns)    Netlist Resource(s)
  -------------------------------------------------------------------    -------------------
                         (clock clk_out1_clk_wiz_0 rise edge)
                                                     20.000    20.000 r  
    AE10                                              0.000    20.000 r  sys_clk_p
                         net (fo=0)                   0.000    20.000    u_clk_wiz/inst/clk_in1_p
    AE10                 IBUFDS (Prop_ibufds_I_O)     0.432    20.432 r  u_clk_wiz/inst/clkin1_ibufgds/O
                         net (fo=1, routed)           0.553    20.985    u_clk_wiz/inst/clk_in1_clk_wiz_0
    MMCME2_ADV_X1Y1      MMCME2_ADV (Prop_mmcme2_adv_CLKIN1_CLKOUT0)
                                                     -3.493    17.492 r  u_clk_wiz/inst/mmcm_adv_inst/CLKOUT0
                         net (fo=1, routed)           1.007    18.499    u_clk_wiz/inst/clk_out1_clk_wiz_0
    BUFGCTRL_X0Y2        BUFG (Prop_bufg_I_O)         0.030    18.529 r  u_clk_wiz/inst/clkout1_buf/O
                         net (fo=21, routed)          0.806    19.335    clk_out1
    SLICE_X74Y113                                                     r  phy_rst_n_reg/C
  -------------------------------------------------------------------    -------------------
    SLICE_X74Y113        FDCE (Prop_fdce_C_Q)         0.147    19.482 r  phy_rst_n_reg/Q
                         net (fo=10, routed)          2.442    21.924    u_rx/Q
    SLICE_X12Y157        LUT1 (Prop_lut1_I0_O)        0.035    21.959 f  u_rx/FSM_sequential_state[3]_i_2/O
                         net (fo=68, routed)          3.398    25.357    u_rx/O1
    SLICE_X9Y159         FDCE                                         f  u_rx/rx_len_reg[5]/CLR
  -------------------------------------------------------------------    -------------------

                         (clock E_RXC rise edge)     24.000    24.000 r  
    J26                                               0.000    24.000 r  E_RXC
                         net (fo=0)                   0.000    24.000    E_RXC
    J26                  IBUF (Prop_ibuf_I_O)         0.465    24.465 r  E_RXC_IBUF_inst/O
                         net (fo=1, routed)           1.405    25.870    E_RXC_IBUF
    BUFGCTRL_X0Y1        BUFG (Prop_bufg_I_O)         0.026    25.896 r  u_bufg_rxc/O
                         net (fo=129, routed)         0.590    26.486    u_rx/e_rxc_bufg
    SLICE_X9Y159                                                      r  u_rx/rx_len_reg[5]/C
                         clock pessimism              0.000    26.486    
                         clock uncertainty           -0.164    26.322    
    SLICE_X9Y159         FDCE (Recov_fdce_C_CLR)     -0.117    26.205    u_rx/rx_len_reg[5]
  -------------------------------------------------------------------
                         required time                         26.205    
                         arrival time                         -25.357    
  -------------------------------------------------------------------
                         slack                                  0.849    

Slack (MET) :             0.852ns  (required time - arrival time)
  Source:                 phy_rst_n_reg/C
                            (rising edge-triggered cell FDCE clocked by clk_out1_clk_wiz_0  {rise@0.000ns fall@10.000ns period=20.000ns})
  Destination:            u_rx/byte_cnt_reg[10]/CLR
                            (recovery check against rising-edge clock E_RXC  {rise@0.000ns fall@4.000ns period=8.000ns})
  Path Group:             **async_default**
  Path Type:              Recovery (Max at Fast Process Corner)
  Requirement:            4.000ns  (E_RXC rise@24.000ns - clk_out1_clk_wiz_0 rise@20.000ns)
  Data Path Delay:        6.078ns  (logic 0.182ns (2.995%)  route 5.896ns (97.005%))
  Logic Levels:           1  (LUT1=1)
  Clock Path Skew:        3.172ns (DCD - SCD + CPR)
    Destination Clock Delay (DCD):    2.507ns = ( 26.507 - 24.000 ) 
    Source Clock Delay      (SCD):    -0.665ns = ( 19.335 - 20.000 ) 
    Clock Pessimism Removal (CPR):    0.000ns
  Clock Uncertainty:      0.164ns  ((TSJ^2 + DJ^2)^1/2) / 2 + PE
    Total System Jitter     (TSJ):    0.071ns
    Discrete Jitter          (DJ):    0.129ns
    Phase Error              (PE):    0.090ns
  Clock Domain Crossing:  Inter clock paths are considered valid unless explicitly excluded by timing constraints such as set_clock_groups or set_false_path.

    Location             Delay type                Incr(ns)  Path(ns)    Netlist Resource(s)
  -------------------------------------------------------------------    -------------------
                         (clock clk_out1_clk_wiz_0 rise edge)
                                                     20.000    20.000 r  
    AE10                                              0.000    20.000 r  sys_clk_p
                         net (fo=0)                   0.000    20.000    u_clk_wiz/inst/clk_in1_p
    AE10                 IBUFDS (Prop_ibufds_I_O)     0.432    20.432 r  u_clk_wiz/inst/clkin1_ibufgds/O
                         net (fo=1, routed)           0.553    20.985    u_clk_wiz/inst/clk_in1_clk_wiz_0
    MMCME2_ADV_X1Y1      MMCME2_ADV (Prop_mmcme2_adv_CLKIN1_CLKOUT0)
                                                     -3.493    17.492 r  u_clk_wiz/inst/mmcm_adv_inst/CLKOUT0
                         net (fo=1, routed)           1.007    18.499    u_clk_wiz/inst/clk_out1_clk_wiz_0
    BUFGCTRL_X0Y2        BUFG (Prop_bufg_I_O)         0.030    18.529 r  u_clk_wiz/inst/clkout1_buf/O
                         net (fo=21, routed)          0.806    19.335    clk_out1
    SLICE_X74Y113                                                     r  phy_rst_n_reg/C
  -------------------------------------------------------------------    -------------------
    SLICE_X74Y113        FDCE (Prop_fdce_C_Q)         0.147    19.482 r  phy_rst_n_reg/Q
                         net (fo=10, routed)          2.442    21.924    u_rx/Q
    SLICE_X12Y157        LUT1 (Prop_lut1_I0_O)        0.035    21.959 f  u_rx/FSM_sequential_state[3]_i_2/O
                         net (fo=68, routed)          3.454    25.412    u_rx/O1
    SLICE_X6Y172         FDCE                                         f  u_rx/byte_cnt_reg[10]/CLR
  -------------------------------------------------------------------    -------------------

                         (clock E_RXC rise edge)     24.000    24.000 r  
    J26                                               0.000    24.000 r  E_RXC
                         net (fo=0)                   0.000    24.000    E_RXC
    J26                  IBUF (Prop_ibuf_I_O)         0.465    24.465 r  E_RXC_IBUF_inst/O
                         net (fo=1, routed)           1.405    25.870    E_RXC_IBUF
    BUFGCTRL_X0Y1        BUFG (Prop_bufg_I_O)         0.026    25.896 r  u_bufg_rxc/O
                         net (fo=129, routed)         0.611    26.507    u_rx/e_rxc_bufg
    SLICE_X6Y172                                                      r  u_rx/byte_cnt_reg[10]/C
                         clock pessimism              0.000    26.507    
                         clock uncertainty           -0.164    26.343    
    SLICE_X6Y172         FDCE (Recov_fdce_C_CLR)     -0.079    26.264    u_rx/byte_cnt_reg[10]
  -------------------------------------------------------------------
                         required time                         26.264    
                         arrival time                         -25.412    
  -------------------------------------------------------------------
                         slack                                  0.852    

Slack (MET) :             0.852ns  (required time - arrival time)
  Source:                 phy_rst_n_reg/C
                            (rising edge-triggered cell FDCE clocked by clk_out1_clk_wiz_0  {rise@0.000ns fall@10.000ns period=20.000ns})
  Destination:            u_rx/byte_cnt_reg[9]/CLR
                            (recovery check against rising-edge clock E_RXC  {rise@0.000ns fall@4.000ns period=8.000ns})
  Path Group:             **async_default**
  Path Type:              Recovery (Max at Fast Process Corner)
  Requirement:            4.000ns  (E_RXC rise@24.000ns - clk_out1_clk_wiz_0 rise@20.000ns)
  Data Path Delay:        6.078ns  (logic 0.182ns (2.995%)  route 5.896ns (97.005%))
  Logic Levels:           1  (LUT1=1)
  Clock Path Skew:        3.172ns (DCD - SCD + CPR)
    Destination Clock Delay (DCD):    2.507ns = ( 26.507 - 24.000 ) 
    Source Clock Delay      (SCD):    -0.665ns = ( 19.335 - 20.000 ) 
    Clock Pessimism Removal (CPR):    0.000ns
  Clock Uncertainty:      0.164ns  ((TSJ^2 + DJ^2)^1/2) / 2 + PE
    Total System Jitter     (TSJ):    0.071ns
    Discrete Jitter          (DJ):    0.129ns
    Phase Error              (PE):    0.090ns
  Clock Domain Crossing:  Inter clock paths are considered valid unless explicitly excluded by timing constraints such as set_clock_groups or set_false_path.

    Location             Delay type                Incr(ns)  Path(ns)    Netlist Resource(s)
  -------------------------------------------------------------------    -------------------
                         (clock clk_out1_clk_wiz_0 rise edge)
                                                     20.000    20.000 r  
    AE10                                              0.000    20.000 r  sys_clk_p
                         net (fo=0)                   0.000    20.000    u_clk_wiz/inst/clk_in1_p
    AE10                 IBUFDS (Prop_ibufds_I_O)     0.432    20.432 r  u_clk_wiz/inst/clkin1_ibufgds/O
                         net (fo=1, routed)           0.553    20.985    u_clk_wiz/inst/clk_in1_clk_wiz_0
    MMCME2_ADV_X1Y1      MMCME2_ADV (Prop_mmcme2_adv_CLKIN1_CLKOUT0)
                                                     -3.493    17.492 r  u_clk_wiz/inst/mmcm_adv_inst/CLKOUT0
                         net (fo=1, routed)           1.007    18.499    u_clk_wiz/inst/clk_out1_clk_wiz_0
    BUFGCTRL_X0Y2        BUFG (Prop_bufg_I_O)         0.030    18.529 r  u_clk_wiz/inst/clkout1_buf/O
                         net (fo=21, routed)          0.806    19.335    clk_out1
    SLICE_X74Y113                                                     r  phy_rst_n_reg/C
  -------------------------------------------------------------------    -------------------
    SLICE_X74Y113        FDCE (Prop_fdce_C_Q)         0.147    19.482 r  phy_rst_n_reg/Q
                         net (fo=10, routed)          2.442    21.924    u_rx/Q
    SLICE_X12Y157        LUT1 (Prop_lut1_I0_O)        0.035    21.959 f  u_rx/FSM_sequential_state[3]_i_2/O
                         net (fo=68, routed)          3.454    25.412    u_rx/O1
    SLICE_X6Y172         FDCE                                         f  u_rx/byte_cnt_reg[9]/CLR
  -------------------------------------------------------------------    -------------------

                         (clock E_RXC rise edge)     24.000    24.000 r  
    J26                                               0.000    24.000 r  E_RXC
                         net (fo=0)                   0.000    24.000    E_RXC
    J26                  IBUF (Prop_ibuf_I_O)         0.465    24.465 r  E_RXC_IBUF_inst/O
                         net (fo=1, routed)           1.405    25.870    E_RXC_IBUF
    BUFGCTRL_X0Y1        BUFG (Prop_bufg_I_O)         0.026    25.896 r  u_bufg_rxc/O
                         net (fo=129, routed)         0.611    26.507    u_rx/e_rxc_bufg
    SLICE_X6Y172                                                      r  u_rx/byte_cnt_reg[9]/C
                         clock pessimism              0.000    26.507    
                         clock uncertainty           -0.164    26.343    
    SLICE_X6Y172         FDCE (Recov_fdce_C_CLR)     -0.079    26.264    u_rx/byte_cnt_reg[9]
  -------------------------------------------------------------------
                         required time                         26.264    
                         arrival time                         -25.412    
  -------------------------------------------------------------------
                         slack                                  0.852    

Slack (MET) :             0.862ns  (required time - arrival time)
  Source:                 phy_rst_n_reg/C
                            (rising edge-triggered cell FDCE clocked by clk_out1_clk_wiz_0  {rise@0.000ns fall@10.000ns period=20.000ns})
  Destination:            u_rx/byte_cnt_reg[1]/CLR
                            (recovery check against rising-edge clock E_RXC  {rise@0.000ns fall@4.000ns period=8.000ns})
  Path Group:             **async_default**
  Path Type:              Recovery (Max at Fast Process Corner)
  Requirement:            4.000ns  (E_RXC rise@24.000ns - clk_out1_clk_wiz_0 rise@20.000ns)
  Data Path Delay:        6.030ns  (logic 0.182ns (3.018%)  route 5.848ns (96.982%))
  Logic Levels:           1  (LUT1=1)
  Clock Path Skew:        3.173ns (DCD - SCD + CPR)
    Destination Clock Delay (DCD):    2.508ns = ( 26.508 - 24.000 ) 
    Source Clock Delay      (SCD):    -0.665ns = ( 19.335 - 20.000 ) 
    Clock Pessimism Removal (CPR):    0.000ns
  Clock Uncertainty:      0.164ns  ((TSJ^2 + DJ^2)^1/2) / 2 + PE
    Total System Jitter     (TSJ):    0.071ns
    Discrete Jitter          (DJ):    0.129ns
    Phase Error              (PE):    0.090ns
  Clock Domain Crossing:  Inter clock paths are considered valid unless explicitly excluded by timing constraints such as set_clock_groups or set_false_path.

    Location             Delay type                Incr(ns)  Path(ns)    Netlist Resource(s)
  -------------------------------------------------------------------    -------------------
                         (clock clk_out1_clk_wiz_0 rise edge)
                                                     20.000    20.000 r  
    AE10                                              0.000    20.000 r  sys_clk_p
                         net (fo=0)                   0.000    20.000    u_clk_wiz/inst/clk_in1_p
    AE10                 IBUFDS (Prop_ibufds_I_O)     0.432    20.432 r  u_clk_wiz/inst/clkin1_ibufgds/O
                         net (fo=1, routed)           0.553    20.985    u_clk_wiz/inst/clk_in1_clk_wiz_0
    MMCME2_ADV_X1Y1      MMCME2_ADV (Prop_mmcme2_adv_CLKIN1_CLKOUT0)
                                                     -3.493    17.492 r  u_clk_wiz/inst/mmcm_adv_inst/CLKOUT0
                         net (fo=1, routed)           1.007    18.499    u_clk_wiz/inst/clk_out1_clk_wiz_0
    BUFGCTRL_X0Y2        BUFG (Prop_bufg_I_O)         0.030    18.529 r  u_clk_wiz/inst/clkout1_buf/O
                         net (fo=21, routed)          0.806    19.335    clk_out1
    SLICE_X74Y113                                                     r  phy_rst_n_reg/C
  -------------------------------------------------------------------    -------------------
    SLICE_X74Y113        FDCE (Prop_fdce_C_Q)         0.147    19.482 r  phy_rst_n_reg/Q
                         net (fo=10, routed)          2.442    21.924    u_rx/Q
    SLICE_X12Y157        LUT1 (Prop_lut1_I0_O)        0.035    21.959 f  u_rx/FSM_sequential_state[3]_i_2/O
                         net (fo=68, routed)          3.407    25.365    u_rx/O1
    SLICE_X5Y171         FDCE                                         f  u_rx/byte_cnt_reg[1]/CLR
  -------------------------------------------------------------------    -------------------

                         (clock E_RXC rise edge)     24.000    24.000 r  
    J26                                               0.000    24.000 r  E_RXC
                         net (fo=0)                   0.000    24.000    E_RXC
    J26                  IBUF (Prop_ibuf_I_O)         0.465    24.465 r  E_RXC_IBUF_inst/O
                         net (fo=1, routed)           1.405    25.870    E_RXC_IBUF
    BUFGCTRL_X0Y1        BUFG (Prop_bufg_I_O)         0.026    25.896 r  u_bufg_rxc/O
                         net (fo=129, routed)         0.612    26.508    u_rx/e_rxc_bufg
    SLICE_X5Y171                                                      r  u_rx/byte_cnt_reg[1]/C
                         clock pessimism              0.000    26.508    
                         clock uncertainty           -0.164    26.344    
    SLICE_X5Y171         FDCE (Recov_fdce_C_CLR)     -0.117    26.227    u_rx/byte_cnt_reg[1]
  -------------------------------------------------------------------
                         required time                         26.227    
                         arrival time                         -25.365    
  -------------------------------------------------------------------
                         slack                                  0.862    





Min Delay Paths
--------------------------------------------------------------------------------------
Slack (MET) :             0.257ns  (arrival time - required time)
  Source:                 phy_rst_n_reg/C
                            (rising edge-triggered cell FDCE clocked by clk_out1_clk_wiz_0  {rise@0.000ns fall@10.000ns period=20.000ns})
  Destination:            u_rx/rx_addr_reg[2]/CLR
                            (removal check against rising-edge clock E_RXC  {rise@0.000ns fall@4.000ns period=8.000ns})
  Path Group:             **async_default**
  Path Type:              Removal (Min at Slow Process Corner)
  Requirement:            0.000ns  (E_RXC rise@0.000ns - clk_out1_clk_wiz_0 rise@0.000ns)
  Data Path Delay:        7.457ns  (logic 0.242ns (3.245%)  route 7.215ns (96.755%))
  Logic Levels:           1  (LUT1=1)
  Clock Path Skew:        7.177ns (DCD - SCD - CPR)
    Destination Clock Delay (DCD):    5.467ns
    Source Clock Delay      (SCD):    -1.709ns
    Clock Pessimism Removal (CPR):    -0.000ns
  Clock Uncertainty:      0.164ns  ((TSJ^2 + DJ^2)^1/2) / 2 + PE
    Total System Jitter     (TSJ):    0.071ns
    Discrete Jitter          (DJ):    0.129ns
    Phase Error              (PE):    0.090ns
  Clock Domain Crossing:  Inter clock paths are considered valid unless explicitly excluded by timing constraints such as set_clock_groups or set_false_path.

    Location             Delay type                Incr(ns)  Path(ns)    Netlist Resource(s)
  -------------------------------------------------------------------    -------------------
                         (clock clk_out1_clk_wiz_0 rise edge)
                                                      0.000     0.000 r  
    AE10                                              0.000     0.000 r  sys_clk_p
                         net (fo=0)                   0.000     0.000    u_clk_wiz/inst/clk_in1_p
    AE10                 IBUFDS (Prop_ibufds_I_O)     0.722     0.722 r  u_clk_wiz/inst/clkin1_ibufgds/O
                         net (fo=1, routed)           0.986     1.708    u_clk_wiz/inst/clk_in1_clk_wiz_0
    MMCME2_ADV_X1Y1      MMCME2_ADV (Prop_mmcme2_adv_CLKIN1_CLKOUT0)
                                                     -6.759    -5.051 r  u_clk_wiz/inst/mmcm_adv_inst/CLKOUT0
                         net (fo=1, routed)           2.005    -3.046    u_clk_wiz/inst/clk_out1_clk_wiz_0
    BUFGCTRL_X0Y2        BUFG (Prop_bufg_I_O)         0.083    -2.963 r  u_clk_wiz/inst/clkout1_buf/O
                         net (fo=21, routed)          1.254    -1.709    clk_out1
    SLICE_X74Y113                                                     r  phy_rst_n_reg/C
  -------------------------------------------------------------------    -------------------
    SLICE_X74Y113        FDCE (Prop_fdce_C_Q)         0.206    -1.503 r  phy_rst_n_reg/Q
                         net (fo=10, routed)          3.167     1.664    u_rx/Q
    SLICE_X12Y157        LUT1 (Prop_lut1_I0_O)        0.036     1.700 f  u_rx/FSM_sequential_state[3]_i_2/O
                         net (fo=68, routed)          4.048     5.748    u_rx/O1
    SLICE_X9Y161         FDCE                                         f  u_rx/rx_addr_reg[2]/CLR
  -------------------------------------------------------------------    -------------------

                         (clock E_RXC rise edge)      0.000     0.000 r  
    J26                                               0.000     0.000 r  E_RXC
                         net (fo=0)                   0.000     0.000    E_RXC
    J26                  IBUF (Prop_ibuf_I_O)         1.541     1.541 r  E_RXC_IBUF_inst/O
                         net (fo=1, routed)           2.538     4.078    E_RXC_IBUF
    BUFGCTRL_X0Y1        BUFG (Prop_bufg_I_O)         0.093     4.171 r  u_bufg_rxc/O
                         net (fo=129, routed)         1.296     5.467    u_rx/e_rxc_bufg
    SLICE_X9Y161                                                      r  u_rx/rx_addr_reg[2]/C
                         clock pessimism              0.000     5.467    
                         clock uncertainty            0.164     5.631    
    SLICE_X9Y161         FDCE (Remov_fdce_C_CLR)     -0.140     5.491    u_rx/rx_addr_reg[2]
  -------------------------------------------------------------------
                         required time                         -5.491    
                         arrival time                           5.748    
  -------------------------------------------------------------------
                         slack                                  0.257    

Slack (MET) :             0.257ns  (arrival time - required time)
  Source:                 phy_rst_n_reg/C
                            (rising edge-triggered cell FDCE clocked by clk_out1_clk_wiz_0  {rise@0.000ns fall@10.000ns period=20.000ns})
  Destination:            u_rx/rx_addr_reg[4]/CLR
                            (removal check against rising-edge clock E_RXC  {rise@0.000ns fall@4.000ns period=8.000ns})
  Path Group:             **async_default**
  Path Type:              Removal (Min at Slow Process Corner)
  Requirement:            0.000ns  (E_RXC rise@0.000ns - clk_out1_clk_wiz_0 rise@0.000ns)
  Data Path Delay:        7.457ns  (logic 0.242ns (3.245%)  route 7.215ns (96.755%))
  Logic Levels:           1  (LUT1=1)
  Clock Path Skew:        7.177ns (DCD - SCD - CPR)
    Destination Clock Delay (DCD):    5.467ns
    Source Clock Delay      (SCD):    -1.709ns
    Clock Pessimism Removal (CPR):    -0.000ns
  Clock Uncertainty:      0.164ns  ((TSJ^2 + DJ^2)^1/2) / 2 + PE
    Total System Jitter     (TSJ):    0.071ns
    Discrete Jitter          (DJ):    0.129ns
    Phase Error              (PE):    0.090ns
  Clock Domain Crossing:  Inter clock paths are considered valid unless explicitly excluded by timing constraints such as set_clock_groups or set_false_path.

    Location             Delay type                Incr(ns)  Path(ns)    Netlist Resource(s)
  -------------------------------------------------------------------    -------------------
                         (clock clk_out1_clk_wiz_0 rise edge)
                                                      0.000     0.000 r  
    AE10                                              0.000     0.000 r  sys_clk_p
                         net (fo=0)                   0.000     0.000    u_clk_wiz/inst/clk_in1_p
    AE10                 IBUFDS (Prop_ibufds_I_O)     0.722     0.722 r  u_clk_wiz/inst/clkin1_ibufgds/O
                         net (fo=1, routed)           0.986     1.708    u_clk_wiz/inst/clk_in1_clk_wiz_0
    MMCME2_ADV_X1Y1      MMCME2_ADV (Prop_mmcme2_adv_CLKIN1_CLKOUT0)
                                                     -6.759    -5.051 r  u_clk_wiz/inst/mmcm_adv_inst/CLKOUT0
                         net (fo=1, routed)           2.005    -3.046    u_clk_wiz/inst/clk_out1_clk_wiz_0
    BUFGCTRL_X0Y2        BUFG (Prop_bufg_I_O)         0.083    -2.963 r  u_clk_wiz/inst/clkout1_buf/O
                         net (fo=21, routed)          1.254    -1.709    clk_out1
    SLICE_X74Y113                                                     r  phy_rst_n_reg/C
  -------------------------------------------------------------------    -------------------
    SLICE_X74Y113        FDCE (Prop_fdce_C_Q)         0.206    -1.503 r  phy_rst_n_reg/Q
                         net (fo=10, routed)          3.167     1.664    u_rx/Q
    SLICE_X12Y157        LUT1 (Prop_lut1_I0_O)        0.036     1.700 f  u_rx/FSM_sequential_state[3]_i_2/O
                         net (fo=68, routed)          4.048     5.748    u_rx/O1
    SLICE_X9Y161         FDCE                                         f  u_rx/rx_addr_reg[4]/CLR
  -------------------------------------------------------------------    -------------------

                         (clock E_RXC rise edge)      0.000     0.000 r  
    J26                                               0.000     0.000 r  E_RXC
                         net (fo=0)                   0.000     0.000    E_RXC
    J26                  IBUF (Prop_ibuf_I_O)         1.541     1.541 r  E_RXC_IBUF_inst/O
                         net (fo=1, routed)           2.538     4.078    E_RXC_IBUF
    BUFGCTRL_X0Y1        BUFG (Prop_bufg_I_O)         0.093     4.171 r  u_bufg_rxc/O
                         net (fo=129, routed)         1.296     5.467    u_rx/e_rxc_bufg
    SLICE_X9Y161                                                      r  u_rx/rx_addr_reg[4]/C
                         clock pessimism              0.000     5.467    
                         clock uncertainty            0.164     5.631    
    SLICE_X9Y161         FDCE (Remov_fdce_C_CLR)     -0.140     5.491    u_rx/rx_addr_reg[4]
  -------------------------------------------------------------------
                         required time                         -5.491    
                         arrival time                           5.748    
  -------------------------------------------------------------------
                         slack                                  0.257    

Slack (MET) :             0.257ns  (arrival time - required time)
  Source:                 phy_rst_n_reg/C
                            (rising edge-triggered cell FDCE clocked by clk_out1_clk_wiz_0  {rise@0.000ns fall@10.000ns period=20.000ns})
  Destination:            u_rx/rx_addr_reg[7]/CLR
                            (removal check against rising-edge clock E_RXC  {rise@0.000ns fall@4.000ns period=8.000ns})
  Path Group:             **async_default**
  Path Type:              Removal (Min at Slow Process Corner)
  Requirement:            0.000ns  (E_RXC rise@0.000ns - clk_out1_clk_wiz_0 rise@0.000ns)
  Data Path Delay:        7.457ns  (logic 0.242ns (3.245%)  route 7.215ns (96.755%))
  Logic Levels:           1  (LUT1=1)
  Clock Path Skew:        7.177ns (DCD - SCD - CPR)
    Destination Clock Delay (DCD):    5.467ns
    Source Clock Delay      (SCD):    -1.709ns
    Clock Pessimism Removal (CPR):    -0.000ns
  Clock Uncertainty:      0.164ns  ((TSJ^2 + DJ^2)^1/2) / 2 + PE
    Total System Jitter     (TSJ):    0.071ns
    Discrete Jitter          (DJ):    0.129ns
    Phase Error              (PE):    0.090ns
  Clock Domain Crossing:  Inter clock paths are considered valid unless explicitly excluded by timing constraints such as set_clock_groups or set_false_path.

    Location             Delay type                Incr(ns)  Path(ns)    Netlist Resource(s)
  -------------------------------------------------------------------    -------------------
                         (clock clk_out1_clk_wiz_0 rise edge)
                                                      0.000     0.000 r  
    AE10                                              0.000     0.000 r  sys_clk_p
                         net (fo=0)                   0.000     0.000    u_clk_wiz/inst/clk_in1_p
    AE10                 IBUFDS (Prop_ibufds_I_O)     0.722     0.722 r  u_clk_wiz/inst/clkin1_ibufgds/O
                         net (fo=1, routed)           0.986     1.708    u_clk_wiz/inst/clk_in1_clk_wiz_0
    MMCME2_ADV_X1Y1      MMCME2_ADV (Prop_mmcme2_adv_CLKIN1_CLKOUT0)
                                                     -6.759    -5.051 r  u_clk_wiz/inst/mmcm_adv_inst/CLKOUT0
                         net (fo=1, routed)           2.005    -3.046    u_clk_wiz/inst/clk_out1_clk_wiz_0
    BUFGCTRL_X0Y2        BUFG (Prop_bufg_I_O)         0.083    -2.963 r  u_clk_wiz/inst/clkout1_buf/O
                         net (fo=21, routed)          1.254    -1.709    clk_out1
    SLICE_X74Y113                                                     r  phy_rst_n_reg/C
  -------------------------------------------------------------------    -------------------
    SLICE_X74Y113        FDCE (Prop_fdce_C_Q)         0.206    -1.503 r  phy_rst_n_reg/Q
                         net (fo=10, routed)          3.167     1.664    u_rx/Q
    SLICE_X12Y157        LUT1 (Prop_lut1_I0_O)        0.036     1.700 f  u_rx/FSM_sequential_state[3]_i_2/O
                         net (fo=68, routed)          4.048     5.748    u_rx/O1
    SLICE_X9Y161         FDCE                                         f  u_rx/rx_addr_reg[7]/CLR
  -------------------------------------------------------------------    -------------------

                         (clock E_RXC rise edge)      0.000     0.000 r  
    J26                                               0.000     0.000 r  E_RXC
                         net (fo=0)                   0.000     0.000    E_RXC
    J26                  IBUF (Prop_ibuf_I_O)         1.541     1.541 r  E_RXC_IBUF_inst/O
                         net (fo=1, routed)           2.538     4.078    E_RXC_IBUF
    BUFGCTRL_X0Y1        BUFG (Prop_bufg_I_O)         0.093     4.171 r  u_bufg_rxc/O
                         net (fo=129, routed)         1.296     5.467    u_rx/e_rxc_bufg
    SLICE_X9Y161                                                      r  u_rx/rx_addr_reg[7]/C
                         clock pessimism              0.000     5.467    
                         clock uncertainty            0.164     5.631    
    SLICE_X9Y161         FDCE (Remov_fdce_C_CLR)     -0.140     5.491    u_rx/rx_addr_reg[7]
  -------------------------------------------------------------------
                         required time                         -5.491    
                         arrival time                           5.748    
  -------------------------------------------------------------------
                         slack                                  0.257    

Slack (MET) :             0.257ns  (arrival time - required time)
  Source:                 phy_rst_n_reg/C
                            (rising edge-triggered cell FDCE clocked by clk_out1_clk_wiz_0  {rise@0.000ns fall@10.000ns period=20.000ns})
  Destination:            u_rx/rx_addr_reg[8]/CLR
                            (removal check against rising-edge clock E_RXC  {rise@0.000ns fall@4.000ns period=8.000ns})
  Path Group:             **async_default**
  Path Type:              Removal (Min at Slow Process Corner)
  Requirement:            0.000ns  (E_RXC rise@0.000ns - clk_out1_clk_wiz_0 rise@0.000ns)
  Data Path Delay:        7.457ns  (logic 0.242ns (3.245%)  route 7.215ns (96.755%))
  Logic Levels:           1  (LUT1=1)
  Clock Path Skew:        7.177ns (DCD - SCD - CPR)
    Destination Clock Delay (DCD):    5.467ns
    Source Clock Delay      (SCD):    -1.709ns
    Clock Pessimism Removal (CPR):    -0.000ns
  Clock Uncertainty:      0.164ns  ((TSJ^2 + DJ^2)^1/2) / 2 + PE
    Total System Jitter     (TSJ):    0.071ns
    Discrete Jitter          (DJ):    0.129ns
    Phase Error              (PE):    0.090ns
  Clock Domain Crossing:  Inter clock paths are considered valid unless explicitly excluded by timing constraints such as set_clock_groups or set_false_path.

    Location             Delay type                Incr(ns)  Path(ns)    Netlist Resource(s)
  -------------------------------------------------------------------    -------------------
                         (clock clk_out1_clk_wiz_0 rise edge)
                                                      0.000     0.000 r  
    AE10                                              0.000     0.000 r  sys_clk_p
                         net (fo=0)                   0.000     0.000    u_clk_wiz/inst/clk_in1_p
    AE10                 IBUFDS (Prop_ibufds_I_O)     0.722     0.722 r  u_clk_wiz/inst/clkin1_ibufgds/O
                         net (fo=1, routed)           0.986     1.708    u_clk_wiz/inst/clk_in1_clk_wiz_0
    MMCME2_ADV_X1Y1      MMCME2_ADV (Prop_mmcme2_adv_CLKIN1_CLKOUT0)
                                                     -6.759    -5.051 r  u_clk_wiz/inst/mmcm_adv_inst/CLKOUT0
                         net (fo=1, routed)           2.005    -3.046    u_clk_wiz/inst/clk_out1_clk_wiz_0
    BUFGCTRL_X0Y2        BUFG (Prop_bufg_I_O)         0.083    -2.963 r  u_clk_wiz/inst/clkout1_buf/O
                         net (fo=21, routed)          1.254    -1.709    clk_out1
    SLICE_X74Y113                                                     r  phy_rst_n_reg/C
  -------------------------------------------------------------------    -------------------
    SLICE_X74Y113        FDCE (Prop_fdce_C_Q)         0.206    -1.503 r  phy_rst_n_reg/Q
                         net (fo=10, routed)          3.167     1.664    u_rx/Q
    SLICE_X12Y157        LUT1 (Prop_lut1_I0_O)        0.036     1.700 f  u_rx/FSM_sequential_state[3]_i_2/O
                         net (fo=68, routed)          4.048     5.748    u_rx/O1
    SLICE_X9Y161         FDCE                                         f  u_rx/rx_addr_reg[8]/CLR
  -------------------------------------------------------------------    -------------------

                         (clock E_RXC rise edge)      0.000     0.000 r  
    J26                                               0.000     0.000 r  E_RXC
                         net (fo=0)                   0.000     0.000    E_RXC
    J26                  IBUF (Prop_ibuf_I_O)         1.541     1.541 r  E_RXC_IBUF_inst/O
                         net (fo=1, routed)           2.538     4.078    E_RXC_IBUF
    BUFGCTRL_X0Y1        BUFG (Prop_bufg_I_O)         0.093     4.171 r  u_bufg_rxc/O
                         net (fo=129, routed)         1.296     5.467    u_rx/e_rxc_bufg
    SLICE_X9Y161                                                      r  u_rx/rx_addr_reg[8]/C
                         clock pessimism              0.000     5.467    
                         clock uncertainty            0.164     5.631    
    SLICE_X9Y161         FDCE (Remov_fdce_C_CLR)     -0.140     5.491    u_rx/rx_addr_reg[8]
  -------------------------------------------------------------------
                         required time                         -5.491    
                         arrival time                           5.748    
  -------------------------------------------------------------------
                         slack                                  0.257    

Slack (MET) :             0.471ns  (arrival time - required time)
  Source:                 phy_rst_n_reg/C
                            (rising edge-triggered cell FDCE clocked by clk_out1_clk_wiz_0  {rise@0.000ns fall@10.000ns period=20.000ns})
  Destination:            u_rx/rx_addr_reg[10]/CLR
                            (removal check against rising-edge clock E_RXC  {rise@0.000ns fall@4.000ns period=8.000ns})
  Path Group:             **async_default**
  Path Type:              Removal (Min at Slow Process Corner)
  Requirement:            0.000ns  (E_RXC rise@0.000ns - clk_out1_clk_wiz_0 rise@0.000ns)
  Data Path Delay:        7.701ns  (logic 0.242ns (3.142%)  route 7.459ns (96.858%))
  Logic Levels:           1  (LUT1=1)
  Clock Path Skew:        7.173ns (DCD - SCD - CPR)
    Destination Clock Delay (DCD):    5.463ns
    Source Clock Delay      (SCD):    -1.709ns
    Clock Pessimism Removal (CPR):    -0.000ns
  Clock Uncertainty:      0.164ns  ((TSJ^2 + DJ^2)^1/2) / 2 + PE
    Total System Jitter     (TSJ):    0.071ns
    Discrete Jitter          (DJ):    0.129ns
    Phase Error              (PE):    0.090ns
  Clock Domain Crossing:  Inter clock paths are considered valid unless explicitly excluded by timing constraints such as set_clock_groups or set_false_path.

    Location             Delay type                Incr(ns)  Path(ns)    Netlist Resource(s)
  -------------------------------------------------------------------    -------------------
                         (clock clk_out1_clk_wiz_0 rise edge)
                                                      0.000     0.000 r  
    AE10                                              0.000     0.000 r  sys_clk_p
                         net (fo=0)                   0.000     0.000    u_clk_wiz/inst/clk_in1_p
    AE10                 IBUFDS (Prop_ibufds_I_O)     0.722     0.722 r  u_clk_wiz/inst/clkin1_ibufgds/O
                         net (fo=1, routed)           0.986     1.708    u_clk_wiz/inst/clk_in1_clk_wiz_0
    MMCME2_ADV_X1Y1      MMCME2_ADV (Prop_mmcme2_adv_CLKIN1_CLKOUT0)
                                                     -6.759    -5.051 r  u_clk_wiz/inst/mmcm_adv_inst/CLKOUT0
                         net (fo=1, routed)           2.005    -3.046    u_clk_wiz/inst/clk_out1_clk_wiz_0
    BUFGCTRL_X0Y2        BUFG (Prop_bufg_I_O)         0.083    -2.963 r  u_clk_wiz/inst/clkout1_buf/O
                         net (fo=21, routed)          1.254    -1.709    clk_out1
    SLICE_X74Y113                                                     r  phy_rst_n_reg/C
  -------------------------------------------------------------------    -------------------
    SLICE_X74Y113        FDCE (Prop_fdce_C_Q)         0.206    -1.503 r  phy_rst_n_reg/Q
                         net (fo=10, routed)          3.167     1.664    u_rx/Q
    SLICE_X12Y157        LUT1 (Prop_lut1_I0_O)        0.036     1.700 f  u_rx/FSM_sequential_state[3]_i_2/O
                         net (fo=68, routed)          4.293     5.992    u_rx/O1
    SLICE_X8Y165         FDCE                                         f  u_rx/rx_addr_reg[10]/CLR
  -------------------------------------------------------------------    -------------------

                         (clock E_RXC rise edge)      0.000     0.000 r  
    J26                                               0.000     0.000 r  E_RXC
                         net (fo=0)                   0.000     0.000    E_RXC
    J26                  IBUF (Prop_ibuf_I_O)         1.541     1.541 r  E_RXC_IBUF_inst/O
                         net (fo=1, routed)           2.538     4.078    E_RXC_IBUF
    BUFGCTRL_X0Y1        BUFG (Prop_bufg_I_O)         0.093     4.171 r  u_bufg_rxc/O
                         net (fo=129, routed)         1.292     5.463    u_rx/e_rxc_bufg
    SLICE_X8Y165                                                      r  u_rx/rx_addr_reg[10]/C
                         clock pessimism              0.000     5.463    
                         clock uncertainty            0.164     5.627    
    SLICE_X8Y165         FDCE (Remov_fdce_C_CLR)     -0.106     5.521    u_rx/rx_addr_reg[10]
  -------------------------------------------------------------------
                         required time                         -5.521    
                         arrival time                           5.992    
  -------------------------------------------------------------------
                         slack                                  0.471    

Slack (MET) :             0.471ns  (arrival time - required time)
  Source:                 phy_rst_n_reg/C
                            (rising edge-triggered cell FDCE clocked by clk_out1_clk_wiz_0  {rise@0.000ns fall@10.000ns period=20.000ns})
  Destination:            u_rx/rx_data_reg[0]/CLR
                            (removal check against rising-edge clock E_RXC  {rise@0.000ns fall@4.000ns period=8.000ns})
  Path Group:             **async_default**
  Path Type:              Removal (Min at Slow Process Corner)
  Requirement:            0.000ns  (E_RXC rise@0.000ns - clk_out1_clk_wiz_0 rise@0.000ns)
  Data Path Delay:        7.701ns  (logic 0.242ns (3.142%)  route 7.459ns (96.858%))
  Logic Levels:           1  (LUT1=1)
  Clock Path Skew:        7.173ns (DCD - SCD - CPR)
    Destination Clock Delay (DCD):    5.463ns
    Source Clock Delay      (SCD):    -1.709ns
    Clock Pessimism Removal (CPR):    -0.000ns
  Clock Uncertainty:      0.164ns  ((TSJ^2 + DJ^2)^1/2) / 2 + PE
    Total System Jitter     (TSJ):    0.071ns
    Discrete Jitter          (DJ):    0.129ns
    Phase Error              (PE):    0.090ns
  Clock Domain Crossing:  Inter clock paths are considered valid unless explicitly excluded by timing constraints such as set_clock_groups or set_false_path.

    Location             Delay type                Incr(ns)  Path(ns)    Netlist Resource(s)
  -------------------------------------------------------------------    -------------------
                         (clock clk_out1_clk_wiz_0 rise edge)
                                                      0.000     0.000 r  
    AE10                                              0.000     0.000 r  sys_clk_p
                         net (fo=0)                   0.000     0.000    u_clk_wiz/inst/clk_in1_p
    AE10                 IBUFDS (Prop_ibufds_I_O)     0.722     0.722 r  u_clk_wiz/inst/clkin1_ibufgds/O
                         net (fo=1, routed)           0.986     1.708    u_clk_wiz/inst/clk_in1_clk_wiz_0
    MMCME2_ADV_X1Y1      MMCME2_ADV (Prop_mmcme2_adv_CLKIN1_CLKOUT0)
                                                     -6.759    -5.051 r  u_clk_wiz/inst/mmcm_adv_inst/CLKOUT0
                         net (fo=1, routed)           2.005    -3.046    u_clk_wiz/inst/clk_out1_clk_wiz_0
    BUFGCTRL_X0Y2        BUFG (Prop_bufg_I_O)         0.083    -2.963 r  u_clk_wiz/inst/clkout1_buf/O
                         net (fo=21, routed)          1.254    -1.709    clk_out1
    SLICE_X74Y113                                                     r  phy_rst_n_reg/C
  -------------------------------------------------------------------    -------------------
    SLICE_X74Y113        FDCE (Prop_fdce_C_Q)         0.206    -1.503 r  phy_rst_n_reg/Q
                         net (fo=10, routed)          3.167     1.664    u_rx/Q
    SLICE_X12Y157        LUT1 (Prop_lut1_I0_O)        0.036     1.700 f  u_rx/FSM_sequential_state[3]_i_2/O
                         net (fo=68, routed)          4.293     5.992    u_rx/O1
    SLICE_X8Y165         FDCE                                         f  u_rx/rx_data_reg[0]/CLR
  -------------------------------------------------------------------    -------------------

                         (clock E_RXC rise edge)      0.000     0.000 r  
    J26                                               0.000     0.000 r  E_RXC
                         net (fo=0)                   0.000     0.000    E_RXC
    J26                  IBUF (Prop_ibuf_I_O)         1.541     1.541 r  E_RXC_IBUF_inst/O
                         net (fo=1, routed)           2.538     4.078    E_RXC_IBUF
    BUFGCTRL_X0Y1        BUFG (Prop_bufg_I_O)         0.093     4.171 r  u_bufg_rxc/O
                         net (fo=129, routed)         1.292     5.463    u_rx/e_rxc_bufg
    SLICE_X8Y165                                                      r  u_rx/rx_data_reg[0]/C
                         clock pessimism              0.000     5.463    
                         clock uncertainty            0.164     5.627    
    SLICE_X8Y165         FDCE (Remov_fdce_C_CLR)     -0.106     5.521    u_rx/rx_data_reg[0]
  -------------------------------------------------------------------
                         required time                         -5.521    
                         arrival time                           5.992    
  -------------------------------------------------------------------
                         slack                                  0.471    

Slack (MET) :             0.491ns  (arrival time - required time)
  Source:                 phy_rst_n_reg/C
                            (rising edge-triggered cell FDCE clocked by clk_out1_clk_wiz_0  {rise@0.000ns fall@10.000ns period=20.000ns})
  Destination:            u_rx/rx_addr_reg[0]/CLR
                            (removal check against rising-edge clock E_RXC  {rise@0.000ns fall@4.000ns period=8.000ns})
  Path Group:             **async_default**
  Path Type:              Removal (Min at Slow Process Corner)
  Requirement:            0.000ns  (E_RXC rise@0.000ns - clk_out1_clk_wiz_0 rise@0.000ns)
  Data Path Delay:        7.728ns  (logic 0.242ns (3.132%)  route 7.486ns (96.868%))
  Logic Levels:           1  (LUT1=1)
  Clock Path Skew:        7.179ns (DCD - SCD - CPR)
    Destination Clock Delay (DCD):    5.469ns
    Source Clock Delay      (SCD):    -1.709ns
    Clock Pessimism Removal (CPR):    -0.000ns
  Clock Uncertainty:      0.164ns  ((TSJ^2 + DJ^2)^1/2) / 2 + PE
    Total System Jitter     (TSJ):    0.071ns
    Discrete Jitter          (DJ):    0.129ns
    Phase Error              (PE):    0.090ns
  Clock Domain Crossing:  Inter clock paths are considered valid unless explicitly excluded by timing constraints such as set_clock_groups or set_false_path.

    Location             Delay type                Incr(ns)  Path(ns)    Netlist Resource(s)
  -------------------------------------------------------------------    -------------------
                         (clock clk_out1_clk_wiz_0 rise edge)
                                                      0.000     0.000 r  
    AE10                                              0.000     0.000 r  sys_clk_p
                         net (fo=0)                   0.000     0.000    u_clk_wiz/inst/clk_in1_p
    AE10                 IBUFDS (Prop_ibufds_I_O)     0.722     0.722 r  u_clk_wiz/inst/clkin1_ibufgds/O
                         net (fo=1, routed)           0.986     1.708    u_clk_wiz/inst/clk_in1_clk_wiz_0
    MMCME2_ADV_X1Y1      MMCME2_ADV (Prop_mmcme2_adv_CLKIN1_CLKOUT0)
                                                     -6.759    -5.051 r  u_clk_wiz/inst/mmcm_adv_inst/CLKOUT0
                         net (fo=1, routed)           2.005    -3.046    u_clk_wiz/inst/clk_out1_clk_wiz_0
    BUFGCTRL_X0Y2        BUFG (Prop_bufg_I_O)         0.083    -2.963 r  u_clk_wiz/inst/clkout1_buf/O
                         net (fo=21, routed)          1.254    -1.709    clk_out1
    SLICE_X74Y113                                                     r  phy_rst_n_reg/C
  -------------------------------------------------------------------    -------------------
    SLICE_X74Y113        FDCE (Prop_fdce_C_Q)         0.206    -1.503 r  phy_rst_n_reg/Q
                         net (fo=10, routed)          3.167     1.664    u_rx/Q
    SLICE_X12Y157        LUT1 (Prop_lut1_I0_O)        0.036     1.700 f  u_rx/FSM_sequential_state[3]_i_2/O
                         net (fo=68, routed)          4.319     6.019    u_rx/O1
    SLICE_X12Y159        FDCE                                         f  u_rx/rx_addr_reg[0]/CLR
  -------------------------------------------------------------------    -------------------

                         (clock E_RXC rise edge)      0.000     0.000 r  
    J26                                               0.000     0.000 r  E_RXC
                         net (fo=0)                   0.000     0.000    E_RXC
    J26                  IBUF (Prop_ibuf_I_O)         1.541     1.541 r  E_RXC_IBUF_inst/O
                         net (fo=1, routed)           2.538     4.078    E_RXC_IBUF
    BUFGCTRL_X0Y1        BUFG (Prop_bufg_I_O)         0.093     4.171 r  u_bufg_rxc/O
                         net (fo=129, routed)         1.298     5.469    u_rx/e_rxc_bufg
    SLICE_X12Y159                                                     r  u_rx/rx_addr_reg[0]/C
                         clock pessimism              0.000     5.469    
                         clock uncertainty            0.164     5.633    
    SLICE_X12Y159        FDCE (Remov_fdce_C_CLR)     -0.106     5.527    u_rx/rx_addr_reg[0]
  -------------------------------------------------------------------
                         required time                         -5.527    
                         arrival time                           6.019    
  -------------------------------------------------------------------
                         slack                                  0.491    

Slack (MET) :             0.500ns  (arrival time - required time)
  Source:                 phy_rst_n_reg/C
                            (rising edge-triggered cell FDCE clocked by clk_out1_clk_wiz_0  {rise@0.000ns fall@10.000ns period=20.000ns})
  Destination:            u_rx/rx_addr_reg[1]/CLR
                            (removal check against rising-edge clock E_RXC  {rise@0.000ns fall@4.000ns period=8.000ns})
  Path Group:             **async_default**
  Path Type:              Removal (Min at Slow Process Corner)
  Requirement:            0.000ns  (E_RXC rise@0.000ns - clk_out1_clk_wiz_0 rise@0.000ns)
  Data Path Delay:        7.731ns  (logic 0.242ns (3.130%)  route 7.489ns (96.870%))
  Logic Levels:           1  (LUT1=1)
  Clock Path Skew:        7.174ns (DCD - SCD - CPR)
    Destination Clock Delay (DCD):    5.464ns
    Source Clock Delay      (SCD):    -1.709ns
    Clock Pessimism Removal (CPR):    -0.000ns
  Clock Uncertainty:      0.164ns  ((TSJ^2 + DJ^2)^1/2) / 2 + PE
    Total System Jitter     (TSJ):    0.071ns
    Discrete Jitter          (DJ):    0.129ns
    Phase Error              (PE):    0.090ns
  Clock Domain Crossing:  Inter clock paths are considered valid unless explicitly excluded by timing constraints such as set_clock_groups or set_false_path.

    Location             Delay type                Incr(ns)  Path(ns)    Netlist Resource(s)
  -------------------------------------------------------------------    -------------------
                         (clock clk_out1_clk_wiz_0 rise edge)
                                                      0.000     0.000 r  
    AE10                                              0.000     0.000 r  sys_clk_p
                         net (fo=0)                   0.000     0.000    u_clk_wiz/inst/clk_in1_p
    AE10                 IBUFDS (Prop_ibufds_I_O)     0.722     0.722 r  u_clk_wiz/inst/clkin1_ibufgds/O
                         net (fo=1, routed)           0.986     1.708    u_clk_wiz/inst/clk_in1_clk_wiz_0
    MMCME2_ADV_X1Y1      MMCME2_ADV (Prop_mmcme2_adv_CLKIN1_CLKOUT0)
                                                     -6.759    -5.051 r  u_clk_wiz/inst/mmcm_adv_inst/CLKOUT0
                         net (fo=1, routed)           2.005    -3.046    u_clk_wiz/inst/clk_out1_clk_wiz_0
    BUFGCTRL_X0Y2        BUFG (Prop_bufg_I_O)         0.083    -2.963 r  u_clk_wiz/inst/clkout1_buf/O
                         net (fo=21, routed)          1.254    -1.709    clk_out1
    SLICE_X74Y113                                                     r  phy_rst_n_reg/C
  -------------------------------------------------------------------    -------------------
    SLICE_X74Y113        FDCE (Prop_fdce_C_Q)         0.206    -1.503 r  phy_rst_n_reg/Q
                         net (fo=10, routed)          3.167     1.664    u_rx/Q
    SLICE_X12Y157        LUT1 (Prop_lut1_I0_O)        0.036     1.700 f  u_rx/FSM_sequential_state[3]_i_2/O
                         net (fo=68, routed)          4.322     6.022    u_rx/O1
    SLICE_X8Y164         FDCE                                         f  u_rx/rx_addr_reg[1]/CLR
  -------------------------------------------------------------------    -------------------

                         (clock E_RXC rise edge)      0.000     0.000 r  
    J26                                               0.000     0.000 r  E_RXC
                         net (fo=0)                   0.000     0.000    E_RXC
    J26                  IBUF (Prop_ibuf_I_O)         1.541     1.541 r  E_RXC_IBUF_inst/O
                         net (fo=1, routed)           2.538     4.078    E_RXC_IBUF
    BUFGCTRL_X0Y1        BUFG (Prop_bufg_I_O)         0.093     4.171 r  u_bufg_rxc/O
                         net (fo=129, routed)         1.293     5.464    u_rx/e_rxc_bufg
    SLICE_X8Y164                                                      r  u_rx/rx_addr_reg[1]/C
                         clock pessimism              0.000     5.464    
                         clock uncertainty            0.164     5.628    
    SLICE_X8Y164         FDCE (Remov_fdce_C_CLR)     -0.106     5.522    u_rx/rx_addr_reg[1]
  -------------------------------------------------------------------
                         required time                         -5.522    
                         arrival time                           6.022    
  -------------------------------------------------------------------
                         slack                                  0.500    

Slack (MET) :             0.500ns  (arrival time - required time)
  Source:                 phy_rst_n_reg/C
                            (rising edge-triggered cell FDCE clocked by clk_out1_clk_wiz_0  {rise@0.000ns fall@10.000ns period=20.000ns})
  Destination:            u_rx/rx_addr_reg[3]/CLR
                            (removal check against rising-edge clock E_RXC  {rise@0.000ns fall@4.000ns period=8.000ns})
  Path Group:             **async_default**
  Path Type:              Removal (Min at Slow Process Corner)
  Requirement:            0.000ns  (E_RXC rise@0.000ns - clk_out1_clk_wiz_0 rise@0.000ns)
  Data Path Delay:        7.731ns  (logic 0.242ns (3.130%)  route 7.489ns (96.870%))
  Logic Levels:           1  (LUT1=1)
  Clock Path Skew:        7.174ns (DCD - SCD - CPR)
    Destination Clock Delay (DCD):    5.464ns
    Source Clock Delay      (SCD):    -1.709ns
    Clock Pessimism Removal (CPR):    -0.000ns
  Clock Uncertainty:      0.164ns  ((TSJ^2 + DJ^2)^1/2) / 2 + PE
    Total System Jitter     (TSJ):    0.071ns
    Discrete Jitter          (DJ):    0.129ns
    Phase Error              (PE):    0.090ns
  Clock Domain Crossing:  Inter clock paths are considered valid unless explicitly excluded by timing constraints such as set_clock_groups or set_false_path.

    Location             Delay type                Incr(ns)  Path(ns)    Netlist Resource(s)
  -------------------------------------------------------------------    -------------------
                         (clock clk_out1_clk_wiz_0 rise edge)
                                                      0.000     0.000 r  
    AE10                                              0.000     0.000 r  sys_clk_p
                         net (fo=0)                   0.000     0.000    u_clk_wiz/inst/clk_in1_p
    AE10                 IBUFDS (Prop_ibufds_I_O)     0.722     0.722 r  u_clk_wiz/inst/clkin1_ibufgds/O
                         net (fo=1, routed)           0.986     1.708    u_clk_wiz/inst/clk_in1_clk_wiz_0
    MMCME2_ADV_X1Y1      MMCME2_ADV (Prop_mmcme2_adv_CLKIN1_CLKOUT0)
                                                     -6.759    -5.051 r  u_clk_wiz/inst/mmcm_adv_inst/CLKOUT0
                         net (fo=1, routed)           2.005    -3.046    u_clk_wiz/inst/clk_out1_clk_wiz_0
    BUFGCTRL_X0Y2        BUFG (Prop_bufg_I_O)         0.083    -2.963 r  u_clk_wiz/inst/clkout1_buf/O
                         net (fo=21, routed)          1.254    -1.709    clk_out1
    SLICE_X74Y113                                                     r  phy_rst_n_reg/C
  -------------------------------------------------------------------    -------------------
    SLICE_X74Y113        FDCE (Prop_fdce_C_Q)         0.206    -1.503 r  phy_rst_n_reg/Q
                         net (fo=10, routed)          3.167     1.664    u_rx/Q
    SLICE_X12Y157        LUT1 (Prop_lut1_I0_O)        0.036     1.700 f  u_rx/FSM_sequential_state[3]_i_2/O
                         net (fo=68, routed)          4.322     6.022    u_rx/O1
    SLICE_X8Y164         FDCE                                         f  u_rx/rx_addr_reg[3]/CLR
  -------------------------------------------------------------------    -------------------

                         (clock E_RXC rise edge)      0.000     0.000 r  
    J26                                               0.000     0.000 r  E_RXC
                         net (fo=0)                   0.000     0.000    E_RXC
    J26                  IBUF (Prop_ibuf_I_O)         1.541     1.541 r  E_RXC_IBUF_inst/O
                         net (fo=1, routed)           2.538     4.078    E_RXC_IBUF
    BUFGCTRL_X0Y1        BUFG (Prop_bufg_I_O)         0.093     4.171 r  u_bufg_rxc/O
                         net (fo=129, routed)         1.293     5.464    u_rx/e_rxc_bufg
    SLICE_X8Y164                                                      r  u_rx/rx_addr_reg[3]/C
                         clock pessimism              0.000     5.464    
                         clock uncertainty            0.164     5.628    
    SLICE_X8Y164         FDCE (Remov_fdce_C_CLR)     -0.106     5.522    u_rx/rx_addr_reg[3]
  -------------------------------------------------------------------
                         required time                         -5.522    
                         arrival time                           6.022    
  -------------------------------------------------------------------
                         slack                                  0.500    

Slack (MET) :             0.500ns  (arrival time - required time)
  Source:                 phy_rst_n_reg/C
                            (rising edge-triggered cell FDCE clocked by clk_out1_clk_wiz_0  {rise@0.000ns fall@10.000ns period=20.000ns})
  Destination:            u_rx/rx_addr_reg[5]/CLR
                            (removal check against rising-edge clock E_RXC  {rise@0.000ns fall@4.000ns period=8.000ns})
  Path Group:             **async_default**
  Path Type:              Removal (Min at Slow Process Corner)
  Requirement:            0.000ns  (E_RXC rise@0.000ns - clk_out1_clk_wiz_0 rise@0.000ns)
  Data Path Delay:        7.731ns  (logic 0.242ns (3.130%)  route 7.489ns (96.870%))
  Logic Levels:           1  (LUT1=1)
  Clock Path Skew:        7.174ns (DCD - SCD - CPR)
    Destination Clock Delay (DCD):    5.464ns
    Source Clock Delay      (SCD):    -1.709ns
    Clock Pessimism Removal (CPR):    -0.000ns
  Clock Uncertainty:      0.164ns  ((TSJ^2 + DJ^2)^1/2) / 2 + PE
    Total System Jitter     (TSJ):    0.071ns
    Discrete Jitter          (DJ):    0.129ns
    Phase Error              (PE):    0.090ns
  Clock Domain Crossing:  Inter clock paths are considered valid unless explicitly excluded by timing constraints such as set_clock_groups or set_false_path.

    Location             Delay type                Incr(ns)  Path(ns)    Netlist Resource(s)
  -------------------------------------------------------------------    -------------------
                         (clock clk_out1_clk_wiz_0 rise edge)
                                                      0.000     0.000 r  
    AE10                                              0.000     0.000 r  sys_clk_p
                         net (fo=0)                   0.000     0.000    u_clk_wiz/inst/clk_in1_p
    AE10                 IBUFDS (Prop_ibufds_I_O)     0.722     0.722 r  u_clk_wiz/inst/clkin1_ibufgds/O
                         net (fo=1, routed)           0.986     1.708    u_clk_wiz/inst/clk_in1_clk_wiz_0
    MMCME2_ADV_X1Y1      MMCME2_ADV (Prop_mmcme2_adv_CLKIN1_CLKOUT0)
                                                     -6.759    -5.051 r  u_clk_wiz/inst/mmcm_adv_inst/CLKOUT0
                         net (fo=1, routed)           2.005    -3.046    u_clk_wiz/inst/clk_out1_clk_wiz_0
    BUFGCTRL_X0Y2        BUFG (Prop_bufg_I_O)         0.083    -2.963 r  u_clk_wiz/inst/clkout1_buf/O
                         net (fo=21, routed)          1.254    -1.709    clk_out1
    SLICE_X74Y113                                                     r  phy_rst_n_reg/C
  -------------------------------------------------------------------    -------------------
    SLICE_X74Y113        FDCE (Prop_fdce_C_Q)         0.206    -1.503 r  phy_rst_n_reg/Q
                         net (fo=10, routed)          3.167     1.664    u_rx/Q
    SLICE_X12Y157        LUT1 (Prop_lut1_I0_O)        0.036     1.700 f  u_rx/FSM_sequential_state[3]_i_2/O
                         net (fo=68, routed)          4.322     6.022    u_rx/O1
    SLICE_X8Y164         FDCE                                         f  u_rx/rx_addr_reg[5]/CLR
  -------------------------------------------------------------------    -------------------

                         (clock E_RXC rise edge)      0.000     0.000 r  
    J26                                               0.000     0.000 r  E_RXC
                         net (fo=0)                   0.000     0.000    E_RXC
    J26                  IBUF (Prop_ibuf_I_O)         1.541     1.541 r  E_RXC_IBUF_inst/O
                         net (fo=1, routed)           2.538     4.078    E_RXC_IBUF
    BUFGCTRL_X0Y1        BUFG (Prop_bufg_I_O)         0.093     4.171 r  u_bufg_rxc/O
                         net (fo=129, routed)         1.293     5.464    u_rx/e_rxc_bufg
    SLICE_X8Y164                                                      r  u_rx/rx_addr_reg[5]/C
                         clock pessimism              0.000     5.464    
                         clock uncertainty            0.164     5.628    
    SLICE_X8Y164         FDCE (Remov_fdce_C_CLR)     -0.106     5.522    u_rx/rx_addr_reg[5]
  -------------------------------------------------------------------
                         required time                         -5.522    
                         arrival time                           6.022    
  -------------------------------------------------------------------
                         slack                                  0.500    





---------------------------------------------------------------------------------------------------
Path Group:  **async_default**
From Clock:  clk_out1_clk_wiz_0
  To Clock:  clk_out2_clk_wiz_0

Setup :           23  Failing Endpoints,  Worst Slack       -1.577ns,  Total Violation      -31.114ns
Hold  :            0  Failing Endpoints,  Worst Slack        2.039ns,  Total Violation        0.000ns
---------------------------------------------------------------------------------------------------


Max Delay Paths
--------------------------------------------------------------------------------------
Slack (VIOLATED) :        -1.577ns  (required time - arrival time)
  Source:                 phy_rst_n_reg/C
                            (rising edge-triggered cell FDCE clocked by clk_out1_clk_wiz_0  {rise@0.000ns fall@10.000ns period=20.000ns})
  Destination:            u_tx/gmii_txen_reg/CLR
                            (recovery check against rising-edge clock clk_out2_clk_wiz_0  {rise@0.000ns fall@4.000ns period=8.000ns})
  Path Group:             **async_default**
  Path Type:              Recovery (Max at Slow Process Corner)
  Requirement:            4.000ns  (clk_out2_clk_wiz_0 rise@24.000ns - clk_out1_clk_wiz_0 rise@20.000ns)
  Data Path Delay:        4.921ns  (logic 0.302ns (6.137%)  route 4.619ns (93.863%))
  Logic Levels:           1  (LUT1=1)
  Clock Path Skew:        -0.308ns (DCD - SCD + CPR)
    Destination Clock Delay (DCD):    -1.750ns = ( 22.250 - 24.000 ) 
    Source Clock Delay      (SCD):    -2.278ns = ( 17.722 - 20.000 ) 
    Clock Pessimism Removal (CPR):    -0.836ns
  Clock Uncertainty:      0.194ns  ((TSJ^2 + DJ^2)^1/2) / 2 + PE
    Total System Jitter     (TSJ):    0.071ns
    Discrete Jitter          (DJ):    0.129ns
    Phase Error              (PE):    0.120ns

    Location             Delay type                Incr(ns)  Path(ns)    Netlist Resource(s)
  -------------------------------------------------------------------    -------------------
                         (clock clk_out1_clk_wiz_0 rise edge)
                                                     20.000    20.000 r  
    AE10                                              0.000    20.000 r  sys_clk_p
                         net (fo=0)                   0.000    20.000    u_clk_wiz/inst/clk_in1_p
    AE10                 IBUFDS (Prop_ibufds_I_O)     0.818    20.818 r  u_clk_wiz/inst/clkin1_ibufgds/O
                         net (fo=1, routed)           1.081    21.899    u_clk_wiz/inst/clk_in1_clk_wiz_0
    MMCME2_ADV_X1Y1      MMCME2_ADV (Prop_mmcme2_adv_CLKIN1_CLKOUT0)
                                                     -7.786    14.113 r  u_clk_wiz/inst/mmcm_adv_inst/CLKOUT0
                         net (fo=1, routed)           2.130    16.243    u_clk_wiz/inst/clk_out1_clk_wiz_0
    BUFGCTRL_X0Y2        BUFG (Prop_bufg_I_O)         0.093    16.336 r  u_clk_wiz/inst/clkout1_buf/O
                         net (fo=21, routed)          1.386    17.722    clk_out1
    SLICE_X74Y113                                                     r  phy_rst_n_reg/C
  -------------------------------------------------------------------    -------------------
    SLICE_X74Y113        FDCE (Prop_fdce_C_Q)         0.259    17.981 r  phy_rst_n_reg/Q
                         net (fo=10, routed)          3.763    21.744    u_rx/Q
    SLICE_X12Y157        LUT1 (Prop_lut1_I0_O)        0.043    21.787 f  u_rx/FSM_sequential_state[3]_i_2/O
                         net (fo=68, routed)          0.856    22.643    u_tx/I1
    SLICE_X2Y168         FDCE                                         f  u_tx/gmii_txen_reg/CLR
  -------------------------------------------------------------------    -------------------

                         (clock clk_out2_clk_wiz_0 rise edge)
                                                     24.000    24.000 r  
    AE10                                              0.000    24.000 r  sys_clk_p
                         net (fo=0)                   0.000    24.000    u_clk_wiz/inst/clk_in1_p
    AE10                 IBUFDS (Prop_ibufds_I_O)     0.722    24.722 r  u_clk_wiz/inst/clkin1_ibufgds/O
                         net (fo=1, routed)           0.986    25.708    u_clk_wiz/inst/clk_in1_clk_wiz_0
    MMCME2_ADV_X1Y1      MMCME2_ADV (Prop_mmcme2_adv_CLKIN1_CLKOUT1)
                                                     -6.759    18.949 r  u_clk_wiz/inst/mmcm_adv_inst/CLKOUT1
                         net (fo=1, routed)           2.005    20.954    u_clk_wiz/inst/clk_out2_clk_wiz_0
    BUFGCTRL_X0Y0        BUFG (Prop_bufg_I_O)         0.083    21.037 r  u_clk_wiz/inst/clkout2_buf/O
                         net (fo=79, routed)          1.213    22.250    u_tx/C
    SLICE_X2Y168                                                      r  u_tx/gmii_txen_reg/C
                         clock pessimism             -0.836    21.414    
                         clock uncertainty           -0.194    21.220    
    SLICE_X2Y168         FDCE (Recov_fdce_C_CLR)     -0.154    21.066    u_tx/gmii_txen_reg
  -------------------------------------------------------------------
                         required time                         21.066    
                         arrival time                         -22.643    
  -------------------------------------------------------------------
                         slack                                 -1.577    

Slack (VIOLATED) :        -1.445ns  (required time - arrival time)
  Source:                 phy_rst_n_reg/C
                            (rising edge-triggered cell FDCE clocked by clk_out1_clk_wiz_0  {rise@0.000ns fall@10.000ns period=20.000ns})
  Destination:            u_tx/rd_addr_reg[0]/CLR
                            (recovery check against rising-edge clock clk_out2_clk_wiz_0  {rise@0.000ns fall@4.000ns period=8.000ns})
  Path Group:             **async_default**
  Path Type:              Recovery (Max at Slow Process Corner)
  Requirement:            4.000ns  (clk_out2_clk_wiz_0 rise@24.000ns - clk_out1_clk_wiz_0 rise@20.000ns)
  Data Path Delay:        4.679ns  (logic 0.302ns (6.455%)  route 4.377ns (93.545%))
  Logic Levels:           1  (LUT1=1)
  Clock Path Skew:        -0.361ns (DCD - SCD + CPR)
    Destination Clock Delay (DCD):    -1.803ns = ( 22.197 - 24.000 ) 
    Source Clock Delay      (SCD):    -2.278ns = ( 17.722 - 20.000 ) 
    Clock Pessimism Removal (CPR):    -0.836ns
  Clock Uncertainty:      0.194ns  ((TSJ^2 + DJ^2)^1/2) / 2 + PE
    Total System Jitter     (TSJ):    0.071ns
    Discrete Jitter          (DJ):    0.129ns
    Phase Error              (PE):    0.120ns

    Location             Delay type                Incr(ns)  Path(ns)    Netlist Resource(s)
  -------------------------------------------------------------------    -------------------
                         (clock clk_out1_clk_wiz_0 rise edge)
                                                     20.000    20.000 r  
    AE10                                              0.000    20.000 r  sys_clk_p
                         net (fo=0)                   0.000    20.000    u_clk_wiz/inst/clk_in1_p
    AE10                 IBUFDS (Prop_ibufds_I_O)     0.818    20.818 r  u_clk_wiz/inst/clkin1_ibufgds/O
                         net (fo=1, routed)           1.081    21.899    u_clk_wiz/inst/clk_in1_clk_wiz_0
    MMCME2_ADV_X1Y1      MMCME2_ADV (Prop_mmcme2_adv_CLKIN1_CLKOUT0)
                                                     -7.786    14.113 r  u_clk_wiz/inst/mmcm_adv_inst/CLKOUT0
                         net (fo=1, routed)           2.130    16.243    u_clk_wiz/inst/clk_out1_clk_wiz_0
    BUFGCTRL_X0Y2        BUFG (Prop_bufg_I_O)         0.093    16.336 r  u_clk_wiz/inst/clkout1_buf/O
                         net (fo=21, routed)          1.386    17.722    clk_out1
    SLICE_X74Y113                                                     r  phy_rst_n_reg/C
  -------------------------------------------------------------------    -------------------
    SLICE_X74Y113        FDCE (Prop_fdce_C_Q)         0.259    17.981 r  phy_rst_n_reg/Q
                         net (fo=10, routed)          3.763    21.744    u_rx/Q
    SLICE_X12Y157        LUT1 (Prop_lut1_I0_O)        0.043    21.787 f  u_rx/FSM_sequential_state[3]_i_2/O
                         net (fo=68, routed)          0.614    22.400    u_tx/I1
    SLICE_X9Y165         FDCE                                         f  u_tx/rd_addr_reg[0]/CLR
  -------------------------------------------------------------------    -------------------

                         (clock clk_out2_clk_wiz_0 rise edge)
                                                     24.000    24.000 r  
    AE10                                              0.000    24.000 r  sys_clk_p
                         net (fo=0)                   0.000    24.000    u_clk_wiz/inst/clk_in1_p
    AE10                 IBUFDS (Prop_ibufds_I_O)     0.722    24.722 r  u_clk_wiz/inst/clkin1_ibufgds/O
                         net (fo=1, routed)           0.986    25.708    u_clk_wiz/inst/clk_in1_clk_wiz_0
    MMCME2_ADV_X1Y1      MMCME2_ADV (Prop_mmcme2_adv_CLKIN1_CLKOUT1)
                                                     -6.759    18.949 r  u_clk_wiz/inst/mmcm_adv_inst/CLKOUT1
                         net (fo=1, routed)           2.005    20.954    u_clk_wiz/inst/clk_out2_clk_wiz_0
    BUFGCTRL_X0Y0        BUFG (Prop_bufg_I_O)         0.083    21.037 r  u_clk_wiz/inst/clkout2_buf/O
                         net (fo=79, routed)          1.160    22.197    u_tx/C
    SLICE_X9Y165                                                      r  u_tx/rd_addr_reg[0]/C
                         clock pessimism             -0.836    21.361    
                         clock uncertainty           -0.194    21.167    
    SLICE_X9Y165         FDCE (Recov_fdce_C_CLR)     -0.212    20.955    u_tx/rd_addr_reg[0]
  -------------------------------------------------------------------
                         required time                         20.955    
                         arrival time                         -22.400    
  -------------------------------------------------------------------
                         slack                                 -1.445    

Slack (VIOLATED) :        -1.445ns  (required time - arrival time)
  Source:                 phy_rst_n_reg/C
                            (rising edge-triggered cell FDCE clocked by clk_out1_clk_wiz_0  {rise@0.000ns fall@10.000ns period=20.000ns})
  Destination:            u_tx/rd_addr_reg[1]/CLR
                            (recovery check against rising-edge clock clk_out2_clk_wiz_0  {rise@0.000ns fall@4.000ns period=8.000ns})
  Path Group:             **async_default**
  Path Type:              Recovery (Max at Slow Process Corner)
  Requirement:            4.000ns  (clk_out2_clk_wiz_0 rise@24.000ns - clk_out1_clk_wiz_0 rise@20.000ns)
  Data Path Delay:        4.679ns  (logic 0.302ns (6.455%)  route 4.377ns (93.545%))
  Logic Levels:           1  (LUT1=1)
  Clock Path Skew:        -0.361ns (DCD - SCD + CPR)
    Destination Clock Delay (DCD):    -1.803ns = ( 22.197 - 24.000 ) 
    Source Clock Delay      (SCD):    -2.278ns = ( 17.722 - 20.000 ) 
    Clock Pessimism Removal (CPR):    -0.836ns
  Clock Uncertainty:      0.194ns  ((TSJ^2 + DJ^2)^1/2) / 2 + PE
    Total System Jitter     (TSJ):    0.071ns
    Discrete Jitter          (DJ):    0.129ns
    Phase Error              (PE):    0.120ns

    Location             Delay type                Incr(ns)  Path(ns)    Netlist Resource(s)
  -------------------------------------------------------------------    -------------------
                         (clock clk_out1_clk_wiz_0 rise edge)
                                                     20.000    20.000 r  
    AE10                                              0.000    20.000 r  sys_clk_p
                         net (fo=0)                   0.000    20.000    u_clk_wiz/inst/clk_in1_p
    AE10                 IBUFDS (Prop_ibufds_I_O)     0.818    20.818 r  u_clk_wiz/inst/clkin1_ibufgds/O
                         net (fo=1, routed)           1.081    21.899    u_clk_wiz/inst/clk_in1_clk_wiz_0
    MMCME2_ADV_X1Y1      MMCME2_ADV (Prop_mmcme2_adv_CLKIN1_CLKOUT0)
                                                     -7.786    14.113 r  u_clk_wiz/inst/mmcm_adv_inst/CLKOUT0
                         net (fo=1, routed)           2.130    16.243    u_clk_wiz/inst/clk_out1_clk_wiz_0
    BUFGCTRL_X0Y2        BUFG (Prop_bufg_I_O)         0.093    16.336 r  u_clk_wiz/inst/clkout1_buf/O
                         net (fo=21, routed)          1.386    17.722    clk_out1
    SLICE_X74Y113                                                     r  phy_rst_n_reg/C
  -------------------------------------------------------------------    -------------------
    SLICE_X74Y113        FDCE (Prop_fdce_C_Q)         0.259    17.981 r  phy_rst_n_reg/Q
                         net (fo=10, routed)          3.763    21.744    u_rx/Q
    SLICE_X12Y157        LUT1 (Prop_lut1_I0_O)        0.043    21.787 f  u_rx/FSM_sequential_state[3]_i_2/O
                         net (fo=68, routed)          0.614    22.400    u_tx/I1
    SLICE_X9Y165         FDCE                                         f  u_tx/rd_addr_reg[1]/CLR
  -------------------------------------------------------------------    -------------------

                         (clock clk_out2_clk_wiz_0 rise edge)
                                                     24.000    24.000 r  
    AE10                                              0.000    24.000 r  sys_clk_p
                         net (fo=0)                   0.000    24.000    u_clk_wiz/inst/clk_in1_p
    AE10                 IBUFDS (Prop_ibufds_I_O)     0.722    24.722 r  u_clk_wiz/inst/clkin1_ibufgds/O
                         net (fo=1, routed)           0.986    25.708    u_clk_wiz/inst/clk_in1_clk_wiz_0
    MMCME2_ADV_X1Y1      MMCME2_ADV (Prop_mmcme2_adv_CLKIN1_CLKOUT1)
                                                     -6.759    18.949 r  u_clk_wiz/inst/mmcm_adv_inst/CLKOUT1
                         net (fo=1, routed)           2.005    20.954    u_clk_wiz/inst/clk_out2_clk_wiz_0
    BUFGCTRL_X0Y0        BUFG (Prop_bufg_I_O)         0.083    21.037 r  u_clk_wiz/inst/clkout2_buf/O
                         net (fo=79, routed)          1.160    22.197    u_tx/C
    SLICE_X9Y165                                                      r  u_tx/rd_addr_reg[1]/C
                         clock pessimism             -0.836    21.361    
                         clock uncertainty           -0.194    21.167    
    SLICE_X9Y165         FDCE (Recov_fdce_C_CLR)     -0.212    20.955    u_tx/rd_addr_reg[1]
  -------------------------------------------------------------------
                         required time                         20.955    
                         arrival time                         -22.400    
  -------------------------------------------------------------------
                         slack                                 -1.445    

Slack (VIOLATED) :        -1.445ns  (required time - arrival time)
  Source:                 phy_rst_n_reg/C
                            (rising edge-triggered cell FDCE clocked by clk_out1_clk_wiz_0  {rise@0.000ns fall@10.000ns period=20.000ns})
  Destination:            u_tx/rd_addr_reg[8]/CLR
                            (recovery check against rising-edge clock clk_out2_clk_wiz_0  {rise@0.000ns fall@4.000ns period=8.000ns})
  Path Group:             **async_default**
  Path Type:              Recovery (Max at Slow Process Corner)
  Requirement:            4.000ns  (clk_out2_clk_wiz_0 rise@24.000ns - clk_out1_clk_wiz_0 rise@20.000ns)
  Data Path Delay:        4.679ns  (logic 0.302ns (6.455%)  route 4.377ns (93.545%))
  Logic Levels:           1  (LUT1=1)
  Clock Path Skew:        -0.361ns (DCD - SCD + CPR)
    Destination Clock Delay (DCD):    -1.803ns = ( 22.197 - 24.000 ) 
    Source Clock Delay      (SCD):    -2.278ns = ( 17.722 - 20.000 ) 
    Clock Pessimism Removal (CPR):    -0.836ns
  Clock Uncertainty:      0.194ns  ((TSJ^2 + DJ^2)^1/2) / 2 + PE
    Total System Jitter     (TSJ):    0.071ns
    Discrete Jitter          (DJ):    0.129ns
    Phase Error              (PE):    0.120ns

    Location             Delay type                Incr(ns)  Path(ns)    Netlist Resource(s)
  -------------------------------------------------------------------    -------------------
                         (clock clk_out1_clk_wiz_0 rise edge)
                                                     20.000    20.000 r  
    AE10                                              0.000    20.000 r  sys_clk_p
                         net (fo=0)                   0.000    20.000    u_clk_wiz/inst/clk_in1_p
    AE10                 IBUFDS (Prop_ibufds_I_O)     0.818    20.818 r  u_clk_wiz/inst/clkin1_ibufgds/O
                         net (fo=1, routed)           1.081    21.899    u_clk_wiz/inst/clk_in1_clk_wiz_0
    MMCME2_ADV_X1Y1      MMCME2_ADV (Prop_mmcme2_adv_CLKIN1_CLKOUT0)
                                                     -7.786    14.113 r  u_clk_wiz/inst/mmcm_adv_inst/CLKOUT0
                         net (fo=1, routed)           2.130    16.243    u_clk_wiz/inst/clk_out1_clk_wiz_0
    BUFGCTRL_X0Y2        BUFG (Prop_bufg_I_O)         0.093    16.336 r  u_clk_wiz/inst/clkout1_buf/O
                         net (fo=21, routed)          1.386    17.722    clk_out1
    SLICE_X74Y113                                                     r  phy_rst_n_reg/C
  -------------------------------------------------------------------    -------------------
    SLICE_X74Y113        FDCE (Prop_fdce_C_Q)         0.259    17.981 r  phy_rst_n_reg/Q
                         net (fo=10, routed)          3.763    21.744    u_rx/Q
    SLICE_X12Y157        LUT1 (Prop_lut1_I0_O)        0.043    21.787 f  u_rx/FSM_sequential_state[3]_i_2/O
                         net (fo=68, routed)          0.614    22.400    u_tx/I1
    SLICE_X9Y165         FDCE                                         f  u_tx/rd_addr_reg[8]/CLR
  -------------------------------------------------------------------    -------------------

                         (clock clk_out2_clk_wiz_0 rise edge)
                                                     24.000    24.000 r  
    AE10                                              0.000    24.000 r  sys_clk_p
                         net (fo=0)                   0.000    24.000    u_clk_wiz/inst/clk_in1_p
    AE10                 IBUFDS (Prop_ibufds_I_O)     0.722    24.722 r  u_clk_wiz/inst/clkin1_ibufgds/O
                         net (fo=1, routed)           0.986    25.708    u_clk_wiz/inst/clk_in1_clk_wiz_0
    MMCME2_ADV_X1Y1      MMCME2_ADV (Prop_mmcme2_adv_CLKIN1_CLKOUT1)
                                                     -6.759    18.949 r  u_clk_wiz/inst/mmcm_adv_inst/CLKOUT1
                         net (fo=1, routed)           2.005    20.954    u_clk_wiz/inst/clk_out2_clk_wiz_0
    BUFGCTRL_X0Y0        BUFG (Prop_bufg_I_O)         0.083    21.037 r  u_clk_wiz/inst/clkout2_buf/O
                         net (fo=79, routed)          1.160    22.197    u_tx/C
    SLICE_X9Y165                                                      r  u_tx/rd_addr_reg[8]/C
                         clock pessimism             -0.836    21.361    
                         clock uncertainty           -0.194    21.167    
    SLICE_X9Y165         FDCE (Recov_fdce_C_CLR)     -0.212    20.955    u_tx/rd_addr_reg[8]
  -------------------------------------------------------------------
                         required time                         20.955    
                         arrival time                         -22.400    
  -------------------------------------------------------------------
                         slack                                 -1.445    

Slack (VIOLATED) :        -1.445ns  (required time - arrival time)
  Source:                 phy_rst_n_reg/C
                            (rising edge-triggered cell FDCE clocked by clk_out1_clk_wiz_0  {rise@0.000ns fall@10.000ns period=20.000ns})
  Destination:            u_tx/rd_addr_reg[9]/CLR
                            (recovery check against rising-edge clock clk_out2_clk_wiz_0  {rise@0.000ns fall@4.000ns period=8.000ns})
  Path Group:             **async_default**
  Path Type:              Recovery (Max at Slow Process Corner)
  Requirement:            4.000ns  (clk_out2_clk_wiz_0 rise@24.000ns - clk_out1_clk_wiz_0 rise@20.000ns)
  Data Path Delay:        4.679ns  (logic 0.302ns (6.455%)  route 4.377ns (93.545%))
  Logic Levels:           1  (LUT1=1)
  Clock Path Skew:        -0.361ns (DCD - SCD + CPR)
    Destination Clock Delay (DCD):    -1.803ns = ( 22.197 - 24.000 ) 
    Source Clock Delay      (SCD):    -2.278ns = ( 17.722 - 20.000 ) 
    Clock Pessimism Removal (CPR):    -0.836ns
  Clock Uncertainty:      0.194ns  ((TSJ^2 + DJ^2)^1/2) / 2 + PE
    Total System Jitter     (TSJ):    0.071ns
    Discrete Jitter          (DJ):    0.129ns
    Phase Error              (PE):    0.120ns

    Location             Delay type                Incr(ns)  Path(ns)    Netlist Resource(s)
  -------------------------------------------------------------------    -------------------
                         (clock clk_out1_clk_wiz_0 rise edge)
                                                     20.000    20.000 r  
    AE10                                              0.000    20.000 r  sys_clk_p
                         net (fo=0)                   0.000    20.000    u_clk_wiz/inst/clk_in1_p
    AE10                 IBUFDS (Prop_ibufds_I_O)     0.818    20.818 r  u_clk_wiz/inst/clkin1_ibufgds/O
                         net (fo=1, routed)           1.081    21.899    u_clk_wiz/inst/clk_in1_clk_wiz_0
    MMCME2_ADV_X1Y1      MMCME2_ADV (Prop_mmcme2_adv_CLKIN1_CLKOUT0)
                                                     -7.786    14.113 r  u_clk_wiz/inst/mmcm_adv_inst/CLKOUT0
                         net (fo=1, routed)           2.130    16.243    u_clk_wiz/inst/clk_out1_clk_wiz_0
    BUFGCTRL_X0Y2        BUFG (Prop_bufg_I_O)         0.093    16.336 r  u_clk_wiz/inst/clkout1_buf/O
                         net (fo=21, routed)          1.386    17.722    clk_out1
    SLICE_X74Y113                                                     r  phy_rst_n_reg/C
  -------------------------------------------------------------------    -------------------
    SLICE_X74Y113        FDCE (Prop_fdce_C_Q)         0.259    17.981 r  phy_rst_n_reg/Q
                         net (fo=10, routed)          3.763    21.744    u_rx/Q
    SLICE_X12Y157        LUT1 (Prop_lut1_I0_O)        0.043    21.787 f  u_rx/FSM_sequential_state[3]_i_2/O
                         net (fo=68, routed)          0.614    22.400    u_tx/I1
    SLICE_X9Y165         FDCE                                         f  u_tx/rd_addr_reg[9]/CLR
  -------------------------------------------------------------------    -------------------

                         (clock clk_out2_clk_wiz_0 rise edge)
                                                     24.000    24.000 r  
    AE10                                              0.000    24.000 r  sys_clk_p
                         net (fo=0)                   0.000    24.000    u_clk_wiz/inst/clk_in1_p
    AE10                 IBUFDS (Prop_ibufds_I_O)     0.722    24.722 r  u_clk_wiz/inst/clkin1_ibufgds/O
                         net (fo=1, routed)           0.986    25.708    u_clk_wiz/inst/clk_in1_clk_wiz_0
    MMCME2_ADV_X1Y1      MMCME2_ADV (Prop_mmcme2_adv_CLKIN1_CLKOUT1)
                                                     -6.759    18.949 r  u_clk_wiz/inst/mmcm_adv_inst/CLKOUT1
                         net (fo=1, routed)           2.005    20.954    u_clk_wiz/inst/clk_out2_clk_wiz_0
    BUFGCTRL_X0Y0        BUFG (Prop_bufg_I_O)         0.083    21.037 r  u_clk_wiz/inst/clkout2_buf/O
                         net (fo=79, routed)          1.160    22.197    u_tx/C
    SLICE_X9Y165                                                      r  u_tx/rd_addr_reg[9]/C
                         clock pessimism             -0.836    21.361    
                         clock uncertainty           -0.194    21.167    
    SLICE_X9Y165         FDCE (Recov_fdce_C_CLR)     -0.212    20.955    u_tx/rd_addr_reg[9]
  -------------------------------------------------------------------
                         required time                         20.955    
                         arrival time                         -22.400    
  -------------------------------------------------------------------
                         slack                                 -1.445    

Slack (VIOLATED) :        -1.435ns  (required time - arrival time)
  Source:                 phy_rst_n_reg/C
                            (rising edge-triggered cell FDCE clocked by clk_out1_clk_wiz_0  {rise@0.000ns fall@10.000ns period=20.000ns})
  Destination:            u_tx/gmii_txd_reg[4]/CLR
                            (recovery check against rising-edge clock clk_out2_clk_wiz_0  {rise@0.000ns fall@4.000ns period=8.000ns})
  Path Group:             **async_default**
  Path Type:              Recovery (Max at Slow Process Corner)
  Requirement:            4.000ns  (clk_out2_clk_wiz_0 rise@24.000ns - clk_out1_clk_wiz_0 rise@20.000ns)
  Data Path Delay:        4.783ns  (logic 0.302ns (6.314%)  route 4.481ns (93.686%))
  Logic Levels:           1  (LUT1=1)
  Clock Path Skew:        -0.304ns (DCD - SCD + CPR)
    Destination Clock Delay (DCD):    -1.746ns = ( 22.254 - 24.000 ) 
    Source Clock Delay      (SCD):    -2.278ns = ( 17.722 - 20.000 ) 
    Clock Pessimism Removal (CPR):    -0.836ns
  Clock Uncertainty:      0.194ns  ((TSJ^2 + DJ^2)^1/2) / 2 + PE
    Total System Jitter     (TSJ):    0.071ns
    Discrete Jitter          (DJ):    0.129ns
    Phase Error              (PE):    0.120ns

    Location             Delay type                Incr(ns)  Path(ns)    Netlist Resource(s)
  -------------------------------------------------------------------    -------------------
                         (clock clk_out1_clk_wiz_0 rise edge)
                                                     20.000    20.000 r  
    AE10                                              0.000    20.000 r  sys_clk_p
                         net (fo=0)                   0.000    20.000    u_clk_wiz/inst/clk_in1_p
    AE10                 IBUFDS (Prop_ibufds_I_O)     0.818    20.818 r  u_clk_wiz/inst/clkin1_ibufgds/O
                         net (fo=1, routed)           1.081    21.899    u_clk_wiz/inst/clk_in1_clk_wiz_0
    MMCME2_ADV_X1Y1      MMCME2_ADV (Prop_mmcme2_adv_CLKIN1_CLKOUT0)
                                                     -7.786    14.113 r  u_clk_wiz/inst/mmcm_adv_inst/CLKOUT0
                         net (fo=1, routed)           2.130    16.243    u_clk_wiz/inst/clk_out1_clk_wiz_0
    BUFGCTRL_X0Y2        BUFG (Prop_bufg_I_O)         0.093    16.336 r  u_clk_wiz/inst/clkout1_buf/O
                         net (fo=21, routed)          1.386    17.722    clk_out1
    SLICE_X74Y113                                                     r  phy_rst_n_reg/C
  -------------------------------------------------------------------    -------------------
    SLICE_X74Y113        FDCE (Prop_fdce_C_Q)         0.259    17.981 r  phy_rst_n_reg/Q
                         net (fo=10, routed)          3.763    21.744    u_rx/Q
    SLICE_X12Y157        LUT1 (Prop_lut1_I0_O)        0.043    21.787 f  u_rx/FSM_sequential_state[3]_i_2/O
                         net (fo=68, routed)          0.718    22.505    u_tx/I1
    SLICE_X6Y162         FDCE                                         f  u_tx/gmii_txd_reg[4]/CLR
  -------------------------------------------------------------------    -------------------

                         (clock clk_out2_clk_wiz_0 rise edge)
                                                     24.000    24.000 r  
    AE10                                              0.000    24.000 r  sys_clk_p
                         net (fo=0)                   0.000    24.000    u_clk_wiz/inst/clk_in1_p
    AE10                 IBUFDS (Prop_ibufds_I_O)     0.722    24.722 r  u_clk_wiz/inst/clkin1_ibufgds/O
                         net (fo=1, routed)           0.986    25.708    u_clk_wiz/inst/clk_in1_clk_wiz_0
    MMCME2_ADV_X1Y1      MMCME2_ADV (Prop_mmcme2_adv_CLKIN1_CLKOUT1)
                                                     -6.759    18.949 r  u_clk_wiz/inst/mmcm_adv_inst/CLKOUT1
                         net (fo=1, routed)           2.005    20.954    u_clk_wiz/inst/clk_out2_clk_wiz_0
    BUFGCTRL_X0Y0        BUFG (Prop_bufg_I_O)         0.083    21.037 r  u_clk_wiz/inst/clkout2_buf/O
                         net (fo=79, routed)          1.217    22.254    u_tx/C
    SLICE_X6Y162                                                      r  u_tx/gmii_txd_reg[4]/C
                         clock pessimism             -0.836    21.418    
                         clock uncertainty           -0.194    21.224    
    SLICE_X6Y162         FDCE (Recov_fdce_C_CLR)     -0.154    21.070    u_tx/gmii_txd_reg[4]
  -------------------------------------------------------------------
                         required time                         21.070    
                         arrival time                         -22.505    
  -------------------------------------------------------------------
                         slack                                 -1.435    

Slack (VIOLATED) :        -1.428ns  (required time - arrival time)
  Source:                 phy_rst_n_reg/C
                            (rising edge-triggered cell FDCE clocked by clk_out1_clk_wiz_0  {rise@0.000ns fall@10.000ns period=20.000ns})
  Destination:            u_tx/gmii_txd_reg[0]/CLR
                            (recovery check against rising-edge clock clk_out2_clk_wiz_0  {rise@0.000ns fall@4.000ns period=8.000ns})
  Path Group:             **async_default**
  Path Type:              Recovery (Max at Slow Process Corner)
  Requirement:            4.000ns  (clk_out2_clk_wiz_0 rise@24.000ns - clk_out1_clk_wiz_0 rise@20.000ns)
  Data Path Delay:        4.719ns  (logic 0.302ns (6.400%)  route 4.417ns (93.600%))
  Logic Levels:           1  (LUT1=1)
  Clock Path Skew:        -0.304ns (DCD - SCD + CPR)
    Destination Clock Delay (DCD):    -1.746ns = ( 22.254 - 24.000 ) 
    Source Clock Delay      (SCD):    -2.278ns = ( 17.722 - 20.000 ) 
    Clock Pessimism Removal (CPR):    -0.836ns
  Clock Uncertainty:      0.194ns  ((TSJ^2 + DJ^2)^1/2) / 2 + PE
    Total System Jitter     (TSJ):    0.071ns
    Discrete Jitter          (DJ):    0.129ns
    Phase Error              (PE):    0.120ns

    Location             Delay type                Incr(ns)  Path(ns)    Netlist Resource(s)
  -------------------------------------------------------------------    -------------------
                         (clock clk_out1_clk_wiz_0 rise edge)
                                                     20.000    20.000 r  
    AE10                                              0.000    20.000 r  sys_clk_p
                         net (fo=0)                   0.000    20.000    u_clk_wiz/inst/clk_in1_p
    AE10                 IBUFDS (Prop_ibufds_I_O)     0.818    20.818 r  u_clk_wiz/inst/clkin1_ibufgds/O
                         net (fo=1, routed)           1.081    21.899    u_clk_wiz/inst/clk_in1_clk_wiz_0
    MMCME2_ADV_X1Y1      MMCME2_ADV (Prop_mmcme2_adv_CLKIN1_CLKOUT0)
                                                     -7.786    14.113 r  u_clk_wiz/inst/mmcm_adv_inst/CLKOUT0
                         net (fo=1, routed)           2.130    16.243    u_clk_wiz/inst/clk_out1_clk_wiz_0
    BUFGCTRL_X0Y2        BUFG (Prop_bufg_I_O)         0.093    16.336 r  u_clk_wiz/inst/clkout1_buf/O
                         net (fo=21, routed)          1.386    17.722    clk_out1
    SLICE_X74Y113                                                     r  phy_rst_n_reg/C
  -------------------------------------------------------------------    -------------------
    SLICE_X74Y113        FDCE (Prop_fdce_C_Q)         0.259    17.981 r  phy_rst_n_reg/Q
                         net (fo=10, routed)          3.763    21.744    u_rx/Q
    SLICE_X12Y157        LUT1 (Prop_lut1_I0_O)        0.043    21.787 f  u_rx/FSM_sequential_state[3]_i_2/O
                         net (fo=68, routed)          0.654    22.440    u_tx/I1
    SLICE_X5Y161         FDCE                                         f  u_tx/gmii_txd_reg[0]/CLR
  -------------------------------------------------------------------    -------------------

                         (clock clk_out2_clk_wiz_0 rise edge)
                                                     24.000    24.000 r  
    AE10                                              0.000    24.000 r  sys_clk_p
                         net (fo=0)                   0.000    24.000    u_clk_wiz/inst/clk_in1_p
    AE10                 IBUFDS (Prop_ibufds_I_O)     0.722    24.722 r  u_clk_wiz/inst/clkin1_ibufgds/O
                         net (fo=1, routed)           0.986    25.708    u_clk_wiz/inst/clk_in1_clk_wiz_0
    MMCME2_ADV_X1Y1      MMCME2_ADV (Prop_mmcme2_adv_CLKIN1_CLKOUT1)
                                                     -6.759    18.949 r  u_clk_wiz/inst/mmcm_adv_inst/CLKOUT1
                         net (fo=1, routed)           2.005    20.954    u_clk_wiz/inst/clk_out2_clk_wiz_0
    BUFGCTRL_X0Y0        BUFG (Prop_bufg_I_O)         0.083    21.037 r  u_clk_wiz/inst/clkout2_buf/O
                         net (fo=79, routed)          1.217    22.254    u_tx/C
    SLICE_X5Y161                                                      r  u_tx/gmii_txd_reg[0]/C
                         clock pessimism             -0.836    21.418    
                         clock uncertainty           -0.194    21.224    
    SLICE_X5Y161         FDCE (Recov_fdce_C_CLR)     -0.212    21.012    u_tx/gmii_txd_reg[0]
  -------------------------------------------------------------------
                         required time                         21.012    
                         arrival time                         -22.440    
  -------------------------------------------------------------------
                         slack                                 -1.428    

Slack (VIOLATED) :        -1.393ns  (required time - arrival time)
  Source:                 phy_rst_n_reg/C
                            (rising edge-triggered cell FDCE clocked by clk_out1_clk_wiz_0  {rise@0.000ns fall@10.000ns period=20.000ns})
  Destination:            u_tx/gmii_txd_reg[1]/CLR
                            (recovery check against rising-edge clock clk_out2_clk_wiz_0  {rise@0.000ns fall@4.000ns period=8.000ns})
  Path Group:             **async_default**
  Path Type:              Recovery (Max at Slow Process Corner)
  Requirement:            4.000ns  (clk_out2_clk_wiz_0 rise@24.000ns - clk_out1_clk_wiz_0 rise@20.000ns)
  Data Path Delay:        4.686ns  (logic 0.302ns (6.445%)  route 4.384ns (93.555%))
  Logic Levels:           1  (LUT1=1)
  Clock Path Skew:        -0.301ns (DCD - SCD + CPR)
    Destination Clock Delay (DCD):    -1.743ns = ( 22.257 - 24.000 ) 
    Source Clock Delay      (SCD):    -2.278ns = ( 17.722 - 20.000 ) 
    Clock Pessimism Removal (CPR):    -0.836ns
  Clock Uncertainty:      0.194ns  ((TSJ^2 + DJ^2)^1/2) / 2 + PE
    Total System Jitter     (TSJ):    0.071ns
    Discrete Jitter          (DJ):    0.129ns
    Phase Error              (PE):    0.120ns

    Location             Delay type                Incr(ns)  Path(ns)    Netlist Resource(s)
  -------------------------------------------------------------------    -------------------
                         (clock clk_out1_clk_wiz_0 rise edge)
                                                     20.000    20.000 r  
    AE10                                              0.000    20.000 r  sys_clk_p
                         net (fo=0)                   0.000    20.000    u_clk_wiz/inst/clk_in1_p
    AE10                 IBUFDS (Prop_ibufds_I_O)     0.818    20.818 r  u_clk_wiz/inst/clkin1_ibufgds/O
                         net (fo=1, routed)           1.081    21.899    u_clk_wiz/inst/clk_in1_clk_wiz_0
    MMCME2_ADV_X1Y1      MMCME2_ADV (Prop_mmcme2_adv_CLKIN1_CLKOUT0)
                                                     -7.786    14.113 r  u_clk_wiz/inst/mmcm_adv_inst/CLKOUT0
                         net (fo=1, routed)           2.130    16.243    u_clk_wiz/inst/clk_out1_clk_wiz_0
    BUFGCTRL_X0Y2        BUFG (Prop_bufg_I_O)         0.093    16.336 r  u_clk_wiz/inst/clkout1_buf/O
                         net (fo=21, routed)          1.386    17.722    clk_out1
    SLICE_X74Y113                                                     r  phy_rst_n_reg/C
  -------------------------------------------------------------------    -------------------
    SLICE_X74Y113        FDCE (Prop_fdce_C_Q)         0.259    17.981 r  phy_rst_n_reg/Q
                         net (fo=10, routed)          3.763    21.744    u_rx/Q
    SLICE_X12Y157        LUT1 (Prop_lut1_I0_O)        0.043    21.787 f  u_rx/FSM_sequential_state[3]_i_2/O
                         net (fo=68, routed)          0.621    22.408    u_tx/I1
    SLICE_X4Y157         FDCE                                         f  u_tx/gmii_txd_reg[1]/CLR
  -------------------------------------------------------------------    -------------------

                         (clock clk_out2_clk_wiz_0 rise edge)
                                                     24.000    24.000 r  
    AE10                                              0.000    24.000 r  sys_clk_p
                         net (fo=0)                   0.000    24.000    u_clk_wiz/inst/clk_in1_p
    AE10                 IBUFDS (Prop_ibufds_I_O)     0.722    24.722 r  u_clk_wiz/inst/clkin1_ibufgds/O
                         net (fo=1, routed)           0.986    25.708    u_clk_wiz/inst/clk_in1_clk_wiz_0
    MMCME2_ADV_X1Y1      MMCME2_ADV (Prop_mmcme2_adv_CLKIN1_CLKOUT1)
                                                     -6.759    18.949 r  u_clk_wiz/inst/mmcm_adv_inst/CLKOUT1
                         net (fo=1, routed)           2.005    20.954    u_clk_wiz/inst/clk_out2_clk_wiz_0
    BUFGCTRL_X0Y0        BUFG (Prop_bufg_I_O)         0.083    21.037 r  u_clk_wiz/inst/clkout2_buf/O
                         net (fo=79, routed)          1.220    22.257    u_tx/C
    SLICE_X4Y157                                                      r  u_tx/gmii_txd_reg[1]/C
                         clock pessimism             -0.836    21.421    
                         clock uncertainty           -0.194    21.227    
    SLICE_X4Y157         FDCE (Recov_fdce_C_CLR)     -0.212    21.015    u_tx/gmii_txd_reg[1]
  -------------------------------------------------------------------
                         required time                         21.015    
                         arrival time                         -22.408    
  -------------------------------------------------------------------
                         slack                                 -1.393    

Slack (VIOLATED) :        -1.366ns  (required time - arrival time)
  Source:                 phy_rst_n_reg/C
                            (rising edge-triggered cell FDCE clocked by clk_out1_clk_wiz_0  {rise@0.000ns fall@10.000ns period=20.000ns})
  Destination:            u_tx/gmii_txd_reg[5]/CLR
                            (recovery check against rising-edge clock clk_out2_clk_wiz_0  {rise@0.000ns fall@4.000ns period=8.000ns})
  Path Group:             **async_default**
  Path Type:              Recovery (Max at Slow Process Corner)
  Requirement:            4.000ns  (clk_out2_clk_wiz_0 rise@24.000ns - clk_out1_clk_wiz_0 rise@20.000ns)
  Data Path Delay:        4.658ns  (logic 0.302ns (6.483%)  route 4.356ns (93.517%))
  Logic Levels:           1  (LUT1=1)
  Clock Path Skew:        -0.302ns (DCD - SCD + CPR)
    Destination Clock Delay (DCD):    -1.744ns = ( 22.256 - 24.000 ) 
    Source Clock Delay      (SCD):    -2.278ns = ( 17.722 - 20.000 ) 
    Clock Pessimism Removal (CPR):    -0.836ns
  Clock Uncertainty:      0.194ns  ((TSJ^2 + DJ^2)^1/2) / 2 + PE
    Total System Jitter     (TSJ):    0.071ns
    Discrete Jitter          (DJ):    0.129ns
    Phase Error              (PE):    0.120ns

    Location             Delay type                Incr(ns)  Path(ns)    Netlist Resource(s)
  -------------------------------------------------------------------    -------------------
                         (clock clk_out1_clk_wiz_0 rise edge)
                                                     20.000    20.000 r  
    AE10                                              0.000    20.000 r  sys_clk_p
                         net (fo=0)                   0.000    20.000    u_clk_wiz/inst/clk_in1_p
    AE10                 IBUFDS (Prop_ibufds_I_O)     0.818    20.818 r  u_clk_wiz/inst/clkin1_ibufgds/O
                         net (fo=1, routed)           1.081    21.899    u_clk_wiz/inst/clk_in1_clk_wiz_0
    MMCME2_ADV_X1Y1      MMCME2_ADV (Prop_mmcme2_adv_CLKIN1_CLKOUT0)
                                                     -7.786    14.113 r  u_clk_wiz/inst/mmcm_adv_inst/CLKOUT0
                         net (fo=1, routed)           2.130    16.243    u_clk_wiz/inst/clk_out1_clk_wiz_0
    BUFGCTRL_X0Y2        BUFG (Prop_bufg_I_O)         0.093    16.336 r  u_clk_wiz/inst/clkout1_buf/O
                         net (fo=21, routed)          1.386    17.722    clk_out1
    SLICE_X74Y113                                                     r  phy_rst_n_reg/C
  -------------------------------------------------------------------    -------------------
    SLICE_X74Y113        FDCE (Prop_fdce_C_Q)         0.259    17.981 r  phy_rst_n_reg/Q
                         net (fo=10, routed)          3.763    21.744    u_rx/Q
    SLICE_X12Y157        LUT1 (Prop_lut1_I0_O)        0.043    21.787 f  u_rx/FSM_sequential_state[3]_i_2/O
                         net (fo=68, routed)          0.594    22.380    u_tx/I1
    SLICE_X4Y159         FDCE                                         f  u_tx/gmii_txd_reg[5]/CLR
  -------------------------------------------------------------------    -------------------

                         (clock clk_out2_clk_wiz_0 rise edge)
                                                     24.000    24.000 r  
    AE10                                              0.000    24.000 r  sys_clk_p
                         net (fo=0)                   0.000    24.000    u_clk_wiz/inst/clk_in1_p
    AE10                 IBUFDS (Prop_ibufds_I_O)     0.722    24.722 r  u_clk_wiz/inst/clkin1_ibufgds/O
                         net (fo=1, routed)           0.986    25.708    u_clk_wiz/inst/clk_in1_clk_wiz_0
    MMCME2_ADV_X1Y1      MMCME2_ADV (Prop_mmcme2_adv_CLKIN1_CLKOUT1)
                                                     -6.759    18.949 r  u_clk_wiz/inst/mmcm_adv_inst/CLKOUT1
                         net (fo=1, routed)           2.005    20.954    u_clk_wiz/inst/clk_out2_clk_wiz_0
    BUFGCTRL_X0Y0        BUFG (Prop_bufg_I_O)         0.083    21.037 r  u_clk_wiz/inst/clkout2_buf/O
                         net (fo=79, routed)          1.219    22.256    u_tx/C
    SLICE_X4Y159                                                      r  u_tx/gmii_txd_reg[5]/C
                         clock pessimism             -0.836    21.420    
                         clock uncertainty           -0.194    21.226    
    SLICE_X4Y159         FDCE (Recov_fdce_C_CLR)     -0.212    21.014    u_tx/gmii_txd_reg[5]
  -------------------------------------------------------------------
                         required time                         21.014    
                         arrival time                         -22.380    
  -------------------------------------------------------------------
                         slack                                 -1.366    

Slack (VIOLATED) :        -1.345ns  (required time - arrival time)
  Source:                 phy_rst_n_reg/C
                            (rising edge-triggered cell FDCE clocked by clk_out1_clk_wiz_0  {rise@0.000ns fall@10.000ns period=20.000ns})
  Destination:            u_tx/gmii_txd_reg[3]/CLR
                            (recovery check against rising-edge clock clk_out2_clk_wiz_0  {rise@0.000ns fall@4.000ns period=8.000ns})
  Path Group:             **async_default**
  Path Type:              Recovery (Max at Slow Process Corner)
  Requirement:            4.000ns  (clk_out2_clk_wiz_0 rise@24.000ns - clk_out1_clk_wiz_0 rise@20.000ns)
  Data Path Delay:        4.697ns  (logic 0.302ns (6.430%)  route 4.395ns (93.570%))
  Logic Levels:           1  (LUT1=1)
  Clock Path Skew:        -0.301ns (DCD - SCD + CPR)
    Destination Clock Delay (DCD):    -1.743ns = ( 22.257 - 24.000 ) 
    Source Clock Delay      (SCD):    -2.278ns = ( 17.722 - 20.000 ) 
    Clock Pessimism Removal (CPR):    -0.836ns
  Clock Uncertainty:      0.194ns  ((TSJ^2 + DJ^2)^1/2) / 2 + PE
    Total System Jitter     (TSJ):    0.071ns
    Discrete Jitter          (DJ):    0.129ns
    Phase Error              (PE):    0.120ns

    Location             Delay type                Incr(ns)  Path(ns)    Netlist Resource(s)
  -------------------------------------------------------------------    -------------------
                         (clock clk_out1_clk_wiz_0 rise edge)
                                                     20.000    20.000 r  
    AE10                                              0.000    20.000 r  sys_clk_p
                         net (fo=0)                   0.000    20.000    u_clk_wiz/inst/clk_in1_p
    AE10                 IBUFDS (Prop_ibufds_I_O)     0.818    20.818 r  u_clk_wiz/inst/clkin1_ibufgds/O
                         net (fo=1, routed)           1.081    21.899    u_clk_wiz/inst/clk_in1_clk_wiz_0
    MMCME2_ADV_X1Y1      MMCME2_ADV (Prop_mmcme2_adv_CLKIN1_CLKOUT0)
                                                     -7.786    14.113 r  u_clk_wiz/inst/mmcm_adv_inst/CLKOUT0
                         net (fo=1, routed)           2.130    16.243    u_clk_wiz/inst/clk_out1_clk_wiz_0
    BUFGCTRL_X0Y2        BUFG (Prop_bufg_I_O)         0.093    16.336 r  u_clk_wiz/inst/clkout1_buf/O
                         net (fo=21, routed)          1.386    17.722    clk_out1
    SLICE_X74Y113                                                     r  phy_rst_n_reg/C
  -------------------------------------------------------------------    -------------------
    SLICE_X74Y113        FDCE (Prop_fdce_C_Q)         0.259    17.981 r  phy_rst_n_reg/Q
                         net (fo=10, routed)          3.763    21.744    u_rx/Q
    SLICE_X12Y157        LUT1 (Prop_lut1_I0_O)        0.043    21.787 f  u_rx/FSM_sequential_state[3]_i_2/O
                         net (fo=68, routed)          0.632    22.419    u_tx/I1
    SLICE_X2Y158         FDCE                                         f  u_tx/gmii_txd_reg[3]/CLR
  -------------------------------------------------------------------    -------------------

                         (clock clk_out2_clk_wiz_0 rise edge)
                                                     24.000    24.000 r  
    AE10                                              0.000    24.000 r  sys_clk_p
                         net (fo=0)                   0.000    24.000    u_clk_wiz/inst/clk_in1_p
    AE10                 IBUFDS (Prop_ibufds_I_O)     0.722    24.722 r  u_clk_wiz/inst/clkin1_ibufgds/O
                         net (fo=1, routed)           0.986    25.708    u_clk_wiz/inst/clk_in1_clk_wiz_0
    MMCME2_ADV_X1Y1      MMCME2_ADV (Prop_mmcme2_adv_CLKIN1_CLKOUT1)
                                                     -6.759    18.949 r  u_clk_wiz/inst/mmcm_adv_inst/CLKOUT1
                         net (fo=1, routed)           2.005    20.954    u_clk_wiz/inst/clk_out2_clk_wiz_0
    BUFGCTRL_X0Y0        BUFG (Prop_bufg_I_O)         0.083    21.037 r  u_clk_wiz/inst/clkout2_buf/O
                         net (fo=79, routed)          1.220    22.257    u_tx/C
    SLICE_X2Y158                                                      r  u_tx/gmii_txd_reg[3]/C
                         clock pessimism             -0.836    21.421    
                         clock uncertainty           -0.194    21.227    
    SLICE_X2Y158         FDCE (Recov_fdce_C_CLR)     -0.154    21.073    u_tx/gmii_txd_reg[3]
  -------------------------------------------------------------------
                         required time                         21.073    
                         arrival time                         -22.419    
  -------------------------------------------------------------------
                         slack                                 -1.345    





Min Delay Paths
--------------------------------------------------------------------------------------
Slack (MET) :             2.039ns  (arrival time - required time)
  Source:                 phy_rst_n_reg/C
                            (rising edge-triggered cell FDCE clocked by clk_out1_clk_wiz_0  {rise@0.000ns fall@10.000ns period=20.000ns})
  Destination:            u_tx/FSM_sequential_state_reg[0]/CLR
                            (removal check against rising-edge clock clk_out2_clk_wiz_0  {rise@0.000ns fall@4.000ns period=8.000ns})
  Path Group:             **async_default**
  Path Type:              Removal (Min at Fast Process Corner)
  Requirement:            0.000ns  (clk_out2_clk_wiz_0 rise@0.000ns - clk_out1_clk_wiz_0 rise@0.000ns)
  Data Path Delay:        2.457ns  (logic 0.146ns (5.943%)  route 2.311ns (94.057%))
  Logic Levels:           1  (LUT1=1)
  Clock Path Skew:        0.274ns (DCD - SCD - CPR)
    Destination Clock Delay (DCD):    -0.681ns
    Source Clock Delay      (SCD):    -0.630ns
    Clock Pessimism Removal (CPR):    -0.325ns
  Clock Uncertainty:      0.194ns  ((TSJ^2 + DJ^2)^1/2) / 2 + PE
    Total System Jitter     (TSJ):    0.071ns
    Discrete Jitter          (DJ):    0.129ns
    Phase Error              (PE):    0.120ns

    Location             Delay type                Incr(ns)  Path(ns)    Netlist Resource(s)
  -------------------------------------------------------------------    -------------------
                         (clock clk_out1_clk_wiz_0 rise edge)
                                                      0.000     0.000 r  
    AE10                                              0.000     0.000 r  sys_clk_p
                         net (fo=0)                   0.000     0.000    u_clk_wiz/inst/clk_in1_p
    AE10                 IBUFDS (Prop_ibufds_I_O)     0.354     0.354 r  u_clk_wiz/inst/clkin1_ibufgds/O
                         net (fo=1, routed)           0.503     0.857    u_clk_wiz/inst/clk_in1_clk_wiz_0
    MMCME2_ADV_X1Y1      MMCME2_ADV (Prop_mmcme2_adv_CLKIN1_CLKOUT0)
                                                     -3.040    -2.183 r  u_clk_wiz/inst/mmcm_adv_inst/CLKOUT0
                         net (fo=1, routed)           0.940    -1.243    u_clk_wiz/inst/clk_out1_clk_wiz_0
    BUFGCTRL_X0Y2        BUFG (Prop_bufg_I_O)         0.026    -1.217 r  u_clk_wiz/inst/clkout1_buf/O
                         net (fo=21, routed)          0.587    -0.630    clk_out1
    SLICE_X74Y113                                                     r  phy_rst_n_reg/C
  -------------------------------------------------------------------    -------------------
    SLICE_X74Y113        FDCE (Prop_fdce_C_Q)         0.118    -0.512 r  phy_rst_n_reg/Q
                         net (fo=10, routed)          2.059     1.547    u_rx/Q
    SLICE_X12Y157        LUT1 (Prop_lut1_I0_O)        0.028     1.575 f  u_rx/FSM_sequential_state[3]_i_2/O
                         net (fo=68, routed)          0.252     1.827    u_tx/I1
    SLICE_X10Y160        FDCE                                         f  u_tx/FSM_sequential_state_reg[0]/CLR
  -------------------------------------------------------------------    -------------------

                         (clock clk_out2_clk_wiz_0 rise edge)
                                                      0.000     0.000 r  
    AE10                                              0.000     0.000 r  sys_clk_p
                         net (fo=0)                   0.000     0.000    u_clk_wiz/inst/clk_in1_p
    AE10                 IBUFDS (Prop_ibufds_I_O)     0.432     0.432 r  u_clk_wiz/inst/clkin1_ibufgds/O
                         net (fo=1, routed)           0.553     0.985    u_clk_wiz/inst/clk_in1_clk_wiz_0
    MMCME2_ADV_X1Y1      MMCME2_ADV (Prop_mmcme2_adv_CLKIN1_CLKOUT1)
                                                     -3.493    -2.508 r  u_clk_wiz/inst/mmcm_adv_inst/CLKOUT1
                         net (fo=1, routed)           1.007    -1.501    u_clk_wiz/inst/clk_out2_clk_wiz_0
    BUFGCTRL_X0Y0        BUFG (Prop_bufg_I_O)         0.030    -1.471 r  u_clk_wiz/inst/clkout2_buf/O
                         net (fo=79, routed)          0.790    -0.681    u_tx/C
    SLICE_X10Y160                                                     r  u_tx/FSM_sequential_state_reg[0]/C
                         clock pessimism              0.325    -0.356    
                         clock uncertainty            0.194    -0.163    
    SLICE_X10Y160        FDCE (Remov_fdce_C_CLR)     -0.050    -0.213    u_tx/FSM_sequential_state_reg[0]
  -------------------------------------------------------------------
                         required time                          0.213    
                         arrival time                           1.827    
  -------------------------------------------------------------------
                         slack                                  2.039    

Slack (MET) :             2.039ns  (arrival time - required time)
  Source:                 phy_rst_n_reg/C
                            (rising edge-triggered cell FDCE clocked by clk_out1_clk_wiz_0  {rise@0.000ns fall@10.000ns period=20.000ns})
  Destination:            u_tx/FSM_sequential_state_reg[1]/CLR
                            (removal check against rising-edge clock clk_out2_clk_wiz_0  {rise@0.000ns fall@4.000ns period=8.000ns})
  Path Group:             **async_default**
  Path Type:              Removal (Min at Fast Process Corner)
  Requirement:            0.000ns  (clk_out2_clk_wiz_0 rise@0.000ns - clk_out1_clk_wiz_0 rise@0.000ns)
  Data Path Delay:        2.457ns  (logic 0.146ns (5.943%)  route 2.311ns (94.057%))
  Logic Levels:           1  (LUT1=1)
  Clock Path Skew:        0.274ns (DCD - SCD - CPR)
    Destination Clock Delay (DCD):    -0.681ns
    Source Clock Delay      (SCD):    -0.630ns
    Clock Pessimism Removal (CPR):    -0.325ns
  Clock Uncertainty:      0.194ns  ((TSJ^2 + DJ^2)^1/2) / 2 + PE
    Total System Jitter     (TSJ):    0.071ns
    Discrete Jitter          (DJ):    0.129ns
    Phase Error              (PE):    0.120ns

    Location             Delay type                Incr(ns)  Path(ns)    Netlist Resource(s)
  -------------------------------------------------------------------    -------------------
                         (clock clk_out1_clk_wiz_0 rise edge)
                                                      0.000     0.000 r  
    AE10                                              0.000     0.000 r  sys_clk_p
                         net (fo=0)                   0.000     0.000    u_clk_wiz/inst/clk_in1_p
    AE10                 IBUFDS (Prop_ibufds_I_O)     0.354     0.354 r  u_clk_wiz/inst/clkin1_ibufgds/O
                         net (fo=1, routed)           0.503     0.857    u_clk_wiz/inst/clk_in1_clk_wiz_0
    MMCME2_ADV_X1Y1      MMCME2_ADV (Prop_mmcme2_adv_CLKIN1_CLKOUT0)
                                                     -3.040    -2.183 r  u_clk_wiz/inst/mmcm_adv_inst/CLKOUT0
                         net (fo=1, routed)           0.940    -1.243    u_clk_wiz/inst/clk_out1_clk_wiz_0
    BUFGCTRL_X0Y2        BUFG (Prop_bufg_I_O)         0.026    -1.217 r  u_clk_wiz/inst/clkout1_buf/O
                         net (fo=21, routed)          0.587    -0.630    clk_out1
    SLICE_X74Y113                                                     r  phy_rst_n_reg/C
  -------------------------------------------------------------------    -------------------
    SLICE_X74Y113        FDCE (Prop_fdce_C_Q)         0.118    -0.512 r  phy_rst_n_reg/Q
                         net (fo=10, routed)          2.059     1.547    u_rx/Q
    SLICE_X12Y157        LUT1 (Prop_lut1_I0_O)        0.028     1.575 f  u_rx/FSM_sequential_state[3]_i_2/O
                         net (fo=68, routed)          0.252     1.827    u_tx/I1
    SLICE_X10Y160        FDCE                                         f  u_tx/FSM_sequential_state_reg[1]/CLR
  -------------------------------------------------------------------    -------------------

                         (clock clk_out2_clk_wiz_0 rise edge)
                                                      0.000     0.000 r  
    AE10                                              0.000     0.000 r  sys_clk_p
                         net (fo=0)                   0.000     0.000    u_clk_wiz/inst/clk_in1_p
    AE10                 IBUFDS (Prop_ibufds_I_O)     0.432     0.432 r  u_clk_wiz/inst/clkin1_ibufgds/O
                         net (fo=1, routed)           0.553     0.985    u_clk_wiz/inst/clk_in1_clk_wiz_0
    MMCME2_ADV_X1Y1      MMCME2_ADV (Prop_mmcme2_adv_CLKIN1_CLKOUT1)
                                                     -3.493    -2.508 r  u_clk_wiz/inst/mmcm_adv_inst/CLKOUT1
                         net (fo=1, routed)           1.007    -1.501    u_clk_wiz/inst/clk_out2_clk_wiz_0
    BUFGCTRL_X0Y0        BUFG (Prop_bufg_I_O)         0.030    -1.471 r  u_clk_wiz/inst/clkout2_buf/O
                         net (fo=79, routed)          0.790    -0.681    u_tx/C
    SLICE_X10Y160                                                     r  u_tx/FSM_sequential_state_reg[1]/C
                         clock pessimism              0.325    -0.356    
                         clock uncertainty            0.194    -0.163    
    SLICE_X10Y160        FDCE (Remov_fdce_C_CLR)     -0.050    -0.213    u_tx/FSM_sequential_state_reg[1]
  -------------------------------------------------------------------
                         required time                          0.213    
                         arrival time                           1.827    
  -------------------------------------------------------------------
                         slack                                  2.039    

Slack (MET) :             2.039ns  (arrival time - required time)
  Source:                 phy_rst_n_reg/C
                            (rising edge-triggered cell FDCE clocked by clk_out1_clk_wiz_0  {rise@0.000ns fall@10.000ns period=20.000ns})
  Destination:            u_tx/FSM_sequential_state_reg[2]/CLR
                            (removal check against rising-edge clock clk_out2_clk_wiz_0  {rise@0.000ns fall@4.000ns period=8.000ns})
  Path Group:             **async_default**
  Path Type:              Removal (Min at Fast Process Corner)
  Requirement:            0.000ns  (clk_out2_clk_wiz_0 rise@0.000ns - clk_out1_clk_wiz_0 rise@0.000ns)
  Data Path Delay:        2.457ns  (logic 0.146ns (5.943%)  route 2.311ns (94.057%))
  Logic Levels:           1  (LUT1=1)
  Clock Path Skew:        0.274ns (DCD - SCD - CPR)
    Destination Clock Delay (DCD):    -0.681ns
    Source Clock Delay      (SCD):    -0.630ns
    Clock Pessimism Removal (CPR):    -0.325ns
  Clock Uncertainty:      0.194ns  ((TSJ^2 + DJ^2)^1/2) / 2 + PE
    Total System Jitter     (TSJ):    0.071ns
    Discrete Jitter          (DJ):    0.129ns
    Phase Error              (PE):    0.120ns

    Location             Delay type                Incr(ns)  Path(ns)    Netlist Resource(s)
  -------------------------------------------------------------------    -------------------
                         (clock clk_out1_clk_wiz_0 rise edge)
                                                      0.000     0.000 r  
    AE10                                              0.000     0.000 r  sys_clk_p
                         net (fo=0)                   0.000     0.000    u_clk_wiz/inst/clk_in1_p
    AE10                 IBUFDS (Prop_ibufds_I_O)     0.354     0.354 r  u_clk_wiz/inst/clkin1_ibufgds/O
                         net (fo=1, routed)           0.503     0.857    u_clk_wiz/inst/clk_in1_clk_wiz_0
    MMCME2_ADV_X1Y1      MMCME2_ADV (Prop_mmcme2_adv_CLKIN1_CLKOUT0)
                                                     -3.040    -2.183 r  u_clk_wiz/inst/mmcm_adv_inst/CLKOUT0
                         net (fo=1, routed)           0.940    -1.243    u_clk_wiz/inst/clk_out1_clk_wiz_0
    BUFGCTRL_X0Y2        BUFG (Prop_bufg_I_O)         0.026    -1.217 r  u_clk_wiz/inst/clkout1_buf/O
                         net (fo=21, routed)          0.587    -0.630    clk_out1
    SLICE_X74Y113                                                     r  phy_rst_n_reg/C
  -------------------------------------------------------------------    -------------------
    SLICE_X74Y113        FDCE (Prop_fdce_C_Q)         0.118    -0.512 r  phy_rst_n_reg/Q
                         net (fo=10, routed)          2.059     1.547    u_rx/Q
    SLICE_X12Y157        LUT1 (Prop_lut1_I0_O)        0.028     1.575 f  u_rx/FSM_sequential_state[3]_i_2/O
                         net (fo=68, routed)          0.252     1.827    u_tx/I1
    SLICE_X10Y160        FDCE                                         f  u_tx/FSM_sequential_state_reg[2]/CLR
  -------------------------------------------------------------------    -------------------

                         (clock clk_out2_clk_wiz_0 rise edge)
                                                      0.000     0.000 r  
    AE10                                              0.000     0.000 r  sys_clk_p
                         net (fo=0)                   0.000     0.000    u_clk_wiz/inst/clk_in1_p
    AE10                 IBUFDS (Prop_ibufds_I_O)     0.432     0.432 r  u_clk_wiz/inst/clkin1_ibufgds/O
                         net (fo=1, routed)           0.553     0.985    u_clk_wiz/inst/clk_in1_clk_wiz_0
    MMCME2_ADV_X1Y1      MMCME2_ADV (Prop_mmcme2_adv_CLKIN1_CLKOUT1)
                                                     -3.493    -2.508 r  u_clk_wiz/inst/mmcm_adv_inst/CLKOUT1
                         net (fo=1, routed)           1.007    -1.501    u_clk_wiz/inst/clk_out2_clk_wiz_0
    BUFGCTRL_X0Y0        BUFG (Prop_bufg_I_O)         0.030    -1.471 r  u_clk_wiz/inst/clkout2_buf/O
                         net (fo=79, routed)          0.790    -0.681    u_tx/C
    SLICE_X10Y160                                                     r  u_tx/FSM_sequential_state_reg[2]/C
                         clock pessimism              0.325    -0.356    
                         clock uncertainty            0.194    -0.163    
    SLICE_X10Y160        FDCE (Remov_fdce_C_CLR)     -0.050    -0.213    u_tx/FSM_sequential_state_reg[2]
  -------------------------------------------------------------------
                         required time                          0.213    
                         arrival time                           1.827    
  -------------------------------------------------------------------
                         slack                                  2.039    

Slack (MET) :             2.046ns  (arrival time - required time)
  Source:                 phy_rst_n_reg/C
                            (rising edge-triggered cell FDCE clocked by clk_out1_clk_wiz_0  {rise@0.000ns fall@10.000ns period=20.000ns})
  Destination:            u_tx/rd_addr_reg[2]/CLR
                            (removal check against rising-edge clock clk_out2_clk_wiz_0  {rise@0.000ns fall@4.000ns period=8.000ns})
  Path Group:             **async_default**
  Path Type:              Removal (Min at Fast Process Corner)
  Requirement:            0.000ns  (clk_out2_clk_wiz_0 rise@0.000ns - clk_out1_clk_wiz_0 rise@0.000ns)
  Data Path Delay:        2.464ns  (logic 0.146ns (5.925%)  route 2.318ns (94.075%))
  Logic Levels:           1  (LUT1=1)
  Clock Path Skew:        0.274ns (DCD - SCD - CPR)
    Destination Clock Delay (DCD):    -0.681ns
    Source Clock Delay      (SCD):    -0.630ns
    Clock Pessimism Removal (CPR):    -0.325ns
  Clock Uncertainty:      0.194ns  ((TSJ^2 + DJ^2)^1/2) / 2 + PE
    Total System Jitter     (TSJ):    0.071ns
    Discrete Jitter          (DJ):    0.129ns
    Phase Error              (PE):    0.120ns

    Location             Delay type                Incr(ns)  Path(ns)    Netlist Resource(s)
  -------------------------------------------------------------------    -------------------
                         (clock clk_out1_clk_wiz_0 rise edge)
                                                      0.000     0.000 r  
    AE10                                              0.000     0.000 r  sys_clk_p
                         net (fo=0)                   0.000     0.000    u_clk_wiz/inst/clk_in1_p
    AE10                 IBUFDS (Prop_ibufds_I_O)     0.354     0.354 r  u_clk_wiz/inst/clkin1_ibufgds/O
                         net (fo=1, routed)           0.503     0.857    u_clk_wiz/inst/clk_in1_clk_wiz_0
    MMCME2_ADV_X1Y1      MMCME2_ADV (Prop_mmcme2_adv_CLKIN1_CLKOUT0)
                                                     -3.040    -2.183 r  u_clk_wiz/inst/mmcm_adv_inst/CLKOUT0
                         net (fo=1, routed)           0.940    -1.243    u_clk_wiz/inst/clk_out1_clk_wiz_0
    BUFGCTRL_X0Y2        BUFG (Prop_bufg_I_O)         0.026    -1.217 r  u_clk_wiz/inst/clkout1_buf/O
                         net (fo=21, routed)          0.587    -0.630    clk_out1
    SLICE_X74Y113                                                     r  phy_rst_n_reg/C
  -------------------------------------------------------------------    -------------------
    SLICE_X74Y113        FDCE (Prop_fdce_C_Q)         0.118    -0.512 r  phy_rst_n_reg/Q
                         net (fo=10, routed)          2.059     1.547    u_rx/Q
    SLICE_X12Y157        LUT1 (Prop_lut1_I0_O)        0.028     1.575 f  u_rx/FSM_sequential_state[3]_i_2/O
                         net (fo=68, routed)          0.259     1.834    u_tx/I1
    SLICE_X8Y161         FDCE                                         f  u_tx/rd_addr_reg[2]/CLR
  -------------------------------------------------------------------    -------------------

                         (clock clk_out2_clk_wiz_0 rise edge)
                                                      0.000     0.000 r  
    AE10                                              0.000     0.000 r  sys_clk_p
                         net (fo=0)                   0.000     0.000    u_clk_wiz/inst/clk_in1_p
    AE10                 IBUFDS (Prop_ibufds_I_O)     0.432     0.432 r  u_clk_wiz/inst/clkin1_ibufgds/O
                         net (fo=1, routed)           0.553     0.985    u_clk_wiz/inst/clk_in1_clk_wiz_0
    MMCME2_ADV_X1Y1      MMCME2_ADV (Prop_mmcme2_adv_CLKIN1_CLKOUT1)
                                                     -3.493    -2.508 r  u_clk_wiz/inst/mmcm_adv_inst/CLKOUT1
                         net (fo=1, routed)           1.007    -1.501    u_clk_wiz/inst/clk_out2_clk_wiz_0
    BUFGCTRL_X0Y0        BUFG (Prop_bufg_I_O)         0.030    -1.471 r  u_clk_wiz/inst/clkout2_buf/O
                         net (fo=79, routed)          0.790    -0.681    u_tx/C
    SLICE_X8Y161                                                      r  u_tx/rd_addr_reg[2]/C
                         clock pessimism              0.325    -0.356    
                         clock uncertainty            0.194    -0.163    
    SLICE_X8Y161         FDCE (Remov_fdce_C_CLR)     -0.050    -0.213    u_tx/rd_addr_reg[2]
  -------------------------------------------------------------------
                         required time                          0.213    
                         arrival time                           1.834    
  -------------------------------------------------------------------
                         slack                                  2.046    

Slack (MET) :             2.046ns  (arrival time - required time)
  Source:                 phy_rst_n_reg/C
                            (rising edge-triggered cell FDCE clocked by clk_out1_clk_wiz_0  {rise@0.000ns fall@10.000ns period=20.000ns})
  Destination:            u_tx/rd_addr_reg[3]/CLR
                            (removal check against rising-edge clock clk_out2_clk_wiz_0  {rise@0.000ns fall@4.000ns period=8.000ns})
  Path Group:             **async_default**
  Path Type:              Removal (Min at Fast Process Corner)
  Requirement:            0.000ns  (clk_out2_clk_wiz_0 rise@0.000ns - clk_out1_clk_wiz_0 rise@0.000ns)
  Data Path Delay:        2.464ns  (logic 0.146ns (5.925%)  route 2.318ns (94.075%))
  Logic Levels:           1  (LUT1=1)
  Clock Path Skew:        0.274ns (DCD - SCD - CPR)
    Destination Clock Delay (DCD):    -0.681ns
    Source Clock Delay      (SCD):    -0.630ns
    Clock Pessimism Removal (CPR):    -0.325ns
  Clock Uncertainty:      0.194ns  ((TSJ^2 + DJ^2)^1/2) / 2 + PE
    Total System Jitter     (TSJ):    0.071ns
    Discrete Jitter          (DJ):    0.129ns
    Phase Error              (PE):    0.120ns

    Location             Delay type                Incr(ns)  Path(ns)    Netlist Resource(s)
  -------------------------------------------------------------------    -------------------
                         (clock clk_out1_clk_wiz_0 rise edge)
                                                      0.000     0.000 r  
    AE10                                              0.000     0.000 r  sys_clk_p
                         net (fo=0)                   0.000     0.000    u_clk_wiz/inst/clk_in1_p
    AE10                 IBUFDS (Prop_ibufds_I_O)     0.354     0.354 r  u_clk_wiz/inst/clkin1_ibufgds/O
                         net (fo=1, routed)           0.503     0.857    u_clk_wiz/inst/clk_in1_clk_wiz_0
    MMCME2_ADV_X1Y1      MMCME2_ADV (Prop_mmcme2_adv_CLKIN1_CLKOUT0)
                                                     -3.040    -2.183 r  u_clk_wiz/inst/mmcm_adv_inst/CLKOUT0
                         net (fo=1, routed)           0.940    -1.243    u_clk_wiz/inst/clk_out1_clk_wiz_0
    BUFGCTRL_X0Y2        BUFG (Prop_bufg_I_O)         0.026    -1.217 r  u_clk_wiz/inst/clkout1_buf/O
                         net (fo=21, routed)          0.587    -0.630    clk_out1
    SLICE_X74Y113                                                     r  phy_rst_n_reg/C
  -------------------------------------------------------------------    -------------------
    SLICE_X74Y113        FDCE (Prop_fdce_C_Q)         0.118    -0.512 r  phy_rst_n_reg/Q
                         net (fo=10, routed)          2.059     1.547    u_rx/Q
    SLICE_X12Y157        LUT1 (Prop_lut1_I0_O)        0.028     1.575 f  u_rx/FSM_sequential_state[3]_i_2/O
                         net (fo=68, routed)          0.259     1.834    u_tx/I1
    SLICE_X8Y161         FDCE                                         f  u_tx/rd_addr_reg[3]/CLR
  -------------------------------------------------------------------    -------------------

                         (clock clk_out2_clk_wiz_0 rise edge)
                                                      0.000     0.000 r  
    AE10                                              0.000     0.000 r  sys_clk_p
                         net (fo=0)                   0.000     0.000    u_clk_wiz/inst/clk_in1_p
    AE10                 IBUFDS (Prop_ibufds_I_O)     0.432     0.432 r  u_clk_wiz/inst/clkin1_ibufgds/O
                         net (fo=1, routed)           0.553     0.985    u_clk_wiz/inst/clk_in1_clk_wiz_0
    MMCME2_ADV_X1Y1      MMCME2_ADV (Prop_mmcme2_adv_CLKIN1_CLKOUT1)
                                                     -3.493    -2.508 r  u_clk_wiz/inst/mmcm_adv_inst/CLKOUT1
                         net (fo=1, routed)           1.007    -1.501    u_clk_wiz/inst/clk_out2_clk_wiz_0
    BUFGCTRL_X0Y0        BUFG (Prop_bufg_I_O)         0.030    -1.471 r  u_clk_wiz/inst/clkout2_buf/O
                         net (fo=79, routed)          0.790    -0.681    u_tx/C
    SLICE_X8Y161                                                      r  u_tx/rd_addr_reg[3]/C
                         clock pessimism              0.325    -0.356    
                         clock uncertainty            0.194    -0.163    
    SLICE_X8Y161         FDCE (Remov_fdce_C_CLR)     -0.050    -0.213    u_tx/rd_addr_reg[3]
  -------------------------------------------------------------------
                         required time                          0.213    
                         arrival time                           1.834    
  -------------------------------------------------------------------
                         slack                                  2.046    

Slack (MET) :             2.069ns  (arrival time - required time)
  Source:                 phy_rst_n_reg/C
                            (rising edge-triggered cell FDCE clocked by clk_out1_clk_wiz_0  {rise@0.000ns fall@10.000ns period=20.000ns})
  Destination:            u_tx/gmii_txd_reg[7]/CLR
                            (removal check against rising-edge clock clk_out2_clk_wiz_0  {rise@0.000ns fall@4.000ns period=8.000ns})
  Path Group:             **async_default**
  Path Type:              Removal (Min at Fast Process Corner)
  Requirement:            0.000ns  (clk_out2_clk_wiz_0 rise@0.000ns - clk_out1_clk_wiz_0 rise@0.000ns)
  Data Path Delay:        2.501ns  (logic 0.146ns (5.838%)  route 2.355ns (94.162%))
  Logic Levels:           1  (LUT1=1)
  Clock Path Skew:        0.307ns (DCD - SCD - CPR)
    Destination Clock Delay (DCD):    -0.648ns
    Source Clock Delay      (SCD):    -0.630ns
    Clock Pessimism Removal (CPR):    -0.325ns
  Clock Uncertainty:      0.194ns  ((TSJ^2 + DJ^2)^1/2) / 2 + PE
    Total System Jitter     (TSJ):    0.071ns
    Discrete Jitter          (DJ):    0.129ns
    Phase Error              (PE):    0.120ns

    Location             Delay type                Incr(ns)  Path(ns)    Netlist Resource(s)
  -------------------------------------------------------------------    -------------------
                         (clock clk_out1_clk_wiz_0 rise edge)
                                                      0.000     0.000 r  
    AE10                                              0.000     0.000 r  sys_clk_p
                         net (fo=0)                   0.000     0.000    u_clk_wiz/inst/clk_in1_p
    AE10                 IBUFDS (Prop_ibufds_I_O)     0.354     0.354 r  u_clk_wiz/inst/clkin1_ibufgds/O
                         net (fo=1, routed)           0.503     0.857    u_clk_wiz/inst/clk_in1_clk_wiz_0
    MMCME2_ADV_X1Y1      MMCME2_ADV (Prop_mmcme2_adv_CLKIN1_CLKOUT0)
                                                     -3.040    -2.183 r  u_clk_wiz/inst/mmcm_adv_inst/CLKOUT0
                         net (fo=1, routed)           0.940    -1.243    u_clk_wiz/inst/clk_out1_clk_wiz_0
    BUFGCTRL_X0Y2        BUFG (Prop_bufg_I_O)         0.026    -1.217 r  u_clk_wiz/inst/clkout1_buf/O
                         net (fo=21, routed)          0.587    -0.630    clk_out1
    SLICE_X74Y113                                                     r  phy_rst_n_reg/C
  -------------------------------------------------------------------    -------------------
    SLICE_X74Y113        FDCE (Prop_fdce_C_Q)         0.118    -0.512 r  phy_rst_n_reg/Q
                         net (fo=10, routed)          2.059     1.547    u_rx/Q
    SLICE_X12Y157        LUT1 (Prop_lut1_I0_O)        0.028     1.575 f  u_rx/FSM_sequential_state[3]_i_2/O
                         net (fo=68, routed)          0.296     1.871    u_tx/I1
    SLICE_X7Y156         FDCE                                         f  u_tx/gmii_txd_reg[7]/CLR
  -------------------------------------------------------------------    -------------------

                         (clock clk_out2_clk_wiz_0 rise edge)
                                                      0.000     0.000 r  
    AE10                                              0.000     0.000 r  sys_clk_p
                         net (fo=0)                   0.000     0.000    u_clk_wiz/inst/clk_in1_p
    AE10                 IBUFDS (Prop_ibufds_I_O)     0.432     0.432 r  u_clk_wiz/inst/clkin1_ibufgds/O
                         net (fo=1, routed)           0.553     0.985    u_clk_wiz/inst/clk_in1_clk_wiz_0
    MMCME2_ADV_X1Y1      MMCME2_ADV (Prop_mmcme2_adv_CLKIN1_CLKOUT1)
                                                     -3.493    -2.508 r  u_clk_wiz/inst/mmcm_adv_inst/CLKOUT1
                         net (fo=1, routed)           1.007    -1.501    u_clk_wiz/inst/clk_out2_clk_wiz_0
    BUFGCTRL_X0Y0        BUFG (Prop_bufg_I_O)         0.030    -1.471 r  u_clk_wiz/inst/clkout2_buf/O
                         net (fo=79, routed)          0.823    -0.648    u_tx/C
    SLICE_X7Y156                                                      r  u_tx/gmii_txd_reg[7]/C
                         clock pessimism              0.325    -0.323    
                         clock uncertainty            0.194    -0.130    
    SLICE_X7Y156         FDCE (Remov_fdce_C_CLR)     -0.069    -0.199    u_tx/gmii_txd_reg[7]
  -------------------------------------------------------------------
                         required time                          0.199    
                         arrival time                           1.871    
  -------------------------------------------------------------------
                         slack                                  2.069    

Slack (MET) :             2.072ns  (arrival time - required time)
  Source:                 phy_rst_n_reg/C
                            (rising edge-triggered cell FDCE clocked by clk_out1_clk_wiz_0  {rise@0.000ns fall@10.000ns period=20.000ns})
  Destination:            u_tx/rd_addr_reg[5]/CLR
                            (removal check against rising-edge clock clk_out2_clk_wiz_0  {rise@0.000ns fall@4.000ns period=8.000ns})
  Path Group:             **async_default**
  Path Type:              Removal (Min at Fast Process Corner)
  Requirement:            0.000ns  (clk_out2_clk_wiz_0 rise@0.000ns - clk_out1_clk_wiz_0 rise@0.000ns)
  Data Path Delay:        2.487ns  (logic 0.146ns (5.870%)  route 2.341ns (94.130%))
  Logic Levels:           1  (LUT1=1)
  Clock Path Skew:        0.272ns (DCD - SCD - CPR)
    Destination Clock Delay (DCD):    -0.683ns
    Source Clock Delay      (SCD):    -0.630ns
    Clock Pessimism Removal (CPR):    -0.325ns
  Clock Uncertainty:      0.194ns  ((TSJ^2 + DJ^2)^1/2) / 2 + PE
    Total System Jitter     (TSJ):    0.071ns
    Discrete Jitter          (DJ):    0.129ns
    Phase Error              (PE):    0.120ns

    Location             Delay type                Incr(ns)  Path(ns)    Netlist Resource(s)
  -------------------------------------------------------------------    -------------------
                         (clock clk_out1_clk_wiz_0 rise edge)
                                                      0.000     0.000 r  
    AE10                                              0.000     0.000 r  sys_clk_p
                         net (fo=0)                   0.000     0.000    u_clk_wiz/inst/clk_in1_p
    AE10                 IBUFDS (Prop_ibufds_I_O)     0.354     0.354 r  u_clk_wiz/inst/clkin1_ibufgds/O
                         net (fo=1, routed)           0.503     0.857    u_clk_wiz/inst/clk_in1_clk_wiz_0
    MMCME2_ADV_X1Y1      MMCME2_ADV (Prop_mmcme2_adv_CLKIN1_CLKOUT0)
                                                     -3.040    -2.183 r  u_clk_wiz/inst/mmcm_adv_inst/CLKOUT0
                         net (fo=1, routed)           0.940    -1.243    u_clk_wiz/inst/clk_out1_clk_wiz_0
    BUFGCTRL_X0Y2        BUFG (Prop_bufg_I_O)         0.026    -1.217 r  u_clk_wiz/inst/clkout1_buf/O
                         net (fo=21, routed)          0.587    -0.630    clk_out1
    SLICE_X74Y113                                                     r  phy_rst_n_reg/C
  -------------------------------------------------------------------    -------------------
    SLICE_X74Y113        FDCE (Prop_fdce_C_Q)         0.118    -0.512 r  phy_rst_n_reg/Q
                         net (fo=10, routed)          2.059     1.547    u_rx/Q
    SLICE_X12Y157        LUT1 (Prop_lut1_I0_O)        0.028     1.575 f  u_rx/FSM_sequential_state[3]_i_2/O
                         net (fo=68, routed)          0.283     1.857    u_tx/I1
    SLICE_X10Y162        FDCE                                         f  u_tx/rd_addr_reg[5]/CLR
  -------------------------------------------------------------------    -------------------

                         (clock clk_out2_clk_wiz_0 rise edge)
                                                      0.000     0.000 r  
    AE10                                              0.000     0.000 r  sys_clk_p
                         net (fo=0)                   0.000     0.000    u_clk_wiz/inst/clk_in1_p
    AE10                 IBUFDS (Prop_ibufds_I_O)     0.432     0.432 r  u_clk_wiz/inst/clkin1_ibufgds/O
                         net (fo=1, routed)           0.553     0.985    u_clk_wiz/inst/clk_in1_clk_wiz_0
    MMCME2_ADV_X1Y1      MMCME2_ADV (Prop_mmcme2_adv_CLKIN1_CLKOUT1)
                                                     -3.493    -2.508 r  u_clk_wiz/inst/mmcm_adv_inst/CLKOUT1
                         net (fo=1, routed)           1.007    -1.501    u_clk_wiz/inst/clk_out2_clk_wiz_0
    BUFGCTRL_X0Y0        BUFG (Prop_bufg_I_O)         0.030    -1.471 r  u_clk_wiz/inst/clkout2_buf/O
                         net (fo=79, routed)          0.788    -0.683    u_tx/C
    SLICE_X10Y162                                                     r  u_tx/rd_addr_reg[5]/C
                         clock pessimism              0.325    -0.358    
                         clock uncertainty            0.194    -0.165    
    SLICE_X10Y162        FDCE (Remov_fdce_C_CLR)     -0.050    -0.215    u_tx/rd_addr_reg[5]
  -------------------------------------------------------------------
                         required time                          0.215    
                         arrival time                           1.857    
  -------------------------------------------------------------------
                         slack                                  2.072    

Slack (MET) :             2.075ns  (arrival time - required time)
  Source:                 phy_rst_n_reg/C
                            (rising edge-triggered cell FDCE clocked by clk_out1_clk_wiz_0  {rise@0.000ns fall@10.000ns period=20.000ns})
  Destination:            u_tx/gmii_txd_reg[2]/CLR
                            (removal check against rising-edge clock clk_out2_clk_wiz_0  {rise@0.000ns fall@4.000ns period=8.000ns})
  Path Group:             **async_default**
  Path Type:              Removal (Min at Fast Process Corner)
  Requirement:            0.000ns  (clk_out2_clk_wiz_0 rise@0.000ns - clk_out1_clk_wiz_0 rise@0.000ns)
  Data Path Delay:        2.524ns  (logic 0.146ns (5.785%)  route 2.378ns (94.215%))
  Logic Levels:           1  (LUT1=1)
  Clock Path Skew:        0.305ns (DCD - SCD - CPR)
    Destination Clock Delay (DCD):    -0.650ns
    Source Clock Delay      (SCD):    -0.630ns
    Clock Pessimism Removal (CPR):    -0.325ns
  Clock Uncertainty:      0.194ns  ((TSJ^2 + DJ^2)^1/2) / 2 + PE
    Total System Jitter     (TSJ):    0.071ns
    Discrete Jitter          (DJ):    0.129ns
    Phase Error              (PE):    0.120ns

    Location             Delay type                Incr(ns)  Path(ns)    Netlist Resource(s)
  -------------------------------------------------------------------    -------------------
                         (clock clk_out1_clk_wiz_0 rise edge)
                                                      0.000     0.000 r  
    AE10                                              0.000     0.000 r  sys_clk_p
                         net (fo=0)                   0.000     0.000    u_clk_wiz/inst/clk_in1_p
    AE10                 IBUFDS (Prop_ibufds_I_O)     0.354     0.354 r  u_clk_wiz/inst/clkin1_ibufgds/O
                         net (fo=1, routed)           0.503     0.857    u_clk_wiz/inst/clk_in1_clk_wiz_0
    MMCME2_ADV_X1Y1      MMCME2_ADV (Prop_mmcme2_adv_CLKIN1_CLKOUT0)
                                                     -3.040    -2.183 r  u_clk_wiz/inst/mmcm_adv_inst/CLKOUT0
                         net (fo=1, routed)           0.940    -1.243    u_clk_wiz/inst/clk_out1_clk_wiz_0
    BUFGCTRL_X0Y2        BUFG (Prop_bufg_I_O)         0.026    -1.217 r  u_clk_wiz/inst/clkout1_buf/O
                         net (fo=21, routed)          0.587    -0.630    clk_out1
    SLICE_X74Y113                                                     r  phy_rst_n_reg/C
  -------------------------------------------------------------------    -------------------
    SLICE_X74Y113        FDCE (Prop_fdce_C_Q)         0.118    -0.512 r  phy_rst_n_reg/Q
                         net (fo=10, routed)          2.059     1.547    u_rx/Q
    SLICE_X12Y157        LUT1 (Prop_lut1_I0_O)        0.028     1.575 f  u_rx/FSM_sequential_state[3]_i_2/O
                         net (fo=68, routed)          0.319     1.893    u_tx/I1
    SLICE_X6Y161         FDCE                                         f  u_tx/gmii_txd_reg[2]/CLR
  -------------------------------------------------------------------    -------------------

                         (clock clk_out2_clk_wiz_0 rise edge)
                                                      0.000     0.000 r  
    AE10                                              0.000     0.000 r  sys_clk_p
                         net (fo=0)                   0.000     0.000    u_clk_wiz/inst/clk_in1_p
    AE10                 IBUFDS (Prop_ibufds_I_O)     0.432     0.432 r  u_clk_wiz/inst/clkin1_ibufgds/O
                         net (fo=1, routed)           0.553     0.985    u_clk_wiz/inst/clk_in1_clk_wiz_0
    MMCME2_ADV_X1Y1      MMCME2_ADV (Prop_mmcme2_adv_CLKIN1_CLKOUT1)
                                                     -3.493    -2.508 r  u_clk_wiz/inst/mmcm_adv_inst/CLKOUT1
                         net (fo=1, routed)           1.007    -1.501    u_clk_wiz/inst/clk_out2_clk_wiz_0
    BUFGCTRL_X0Y0        BUFG (Prop_bufg_I_O)         0.030    -1.471 r  u_clk_wiz/inst/clkout2_buf/O
                         net (fo=79, routed)          0.821    -0.650    u_tx/C
    SLICE_X6Y161                                                      r  u_tx/gmii_txd_reg[2]/C
                         clock pessimism              0.325    -0.325    
                         clock uncertainty            0.194    -0.132    
    SLICE_X6Y161         FDCE (Remov_fdce_C_CLR)     -0.050    -0.182    u_tx/gmii_txd_reg[2]
  -------------------------------------------------------------------
                         required time                          0.182    
                         arrival time                           1.893    
  -------------------------------------------------------------------
                         slack                                  2.075    

Slack (MET) :             2.075ns  (arrival time - required time)
  Source:                 phy_rst_n_reg/C
                            (rising edge-triggered cell FDCE clocked by clk_out1_clk_wiz_0  {rise@0.000ns fall@10.000ns period=20.000ns})
  Destination:            u_tx/gmii_txd_reg[6]/CLR
                            (removal check against rising-edge clock clk_out2_clk_wiz_0  {rise@0.000ns fall@4.000ns period=8.000ns})
  Path Group:             **async_default**
  Path Type:              Removal (Min at Fast Process Corner)
  Requirement:            0.000ns  (clk_out2_clk_wiz_0 rise@0.000ns - clk_out1_clk_wiz_0 rise@0.000ns)
  Data Path Delay:        2.524ns  (logic 0.146ns (5.785%)  route 2.378ns (94.215%))
  Logic Levels:           1  (LUT1=1)
  Clock Path Skew:        0.305ns (DCD - SCD - CPR)
    Destination Clock Delay (DCD):    -0.650ns
    Source Clock Delay      (SCD):    -0.630ns
    Clock Pessimism Removal (CPR):    -0.325ns
  Clock Uncertainty:      0.194ns  ((TSJ^2 + DJ^2)^1/2) / 2 + PE
    Total System Jitter     (TSJ):    0.071ns
    Discrete Jitter          (DJ):    0.129ns
    Phase Error              (PE):    0.120ns

    Location             Delay type                Incr(ns)  Path(ns)    Netlist Resource(s)
  -------------------------------------------------------------------    -------------------
                         (clock clk_out1_clk_wiz_0 rise edge)
                                                      0.000     0.000 r  
    AE10                                              0.000     0.000 r  sys_clk_p
                         net (fo=0)                   0.000     0.000    u_clk_wiz/inst/clk_in1_p
    AE10                 IBUFDS (Prop_ibufds_I_O)     0.354     0.354 r  u_clk_wiz/inst/clkin1_ibufgds/O
                         net (fo=1, routed)           0.503     0.857    u_clk_wiz/inst/clk_in1_clk_wiz_0
    MMCME2_ADV_X1Y1      MMCME2_ADV (Prop_mmcme2_adv_CLKIN1_CLKOUT0)
                                                     -3.040    -2.183 r  u_clk_wiz/inst/mmcm_adv_inst/CLKOUT0
                         net (fo=1, routed)           0.940    -1.243    u_clk_wiz/inst/clk_out1_clk_wiz_0
    BUFGCTRL_X0Y2        BUFG (Prop_bufg_I_O)         0.026    -1.217 r  u_clk_wiz/inst/clkout1_buf/O
                         net (fo=21, routed)          0.587    -0.630    clk_out1
    SLICE_X74Y113                                                     r  phy_rst_n_reg/C
  -------------------------------------------------------------------    -------------------
    SLICE_X74Y113        FDCE (Prop_fdce_C_Q)         0.118    -0.512 r  phy_rst_n_reg/Q
                         net (fo=10, routed)          2.059     1.547    u_rx/Q
    SLICE_X12Y157        LUT1 (Prop_lut1_I0_O)        0.028     1.575 f  u_rx/FSM_sequential_state[3]_i_2/O
                         net (fo=68, routed)          0.319     1.893    u_tx/I1
    SLICE_X6Y161         FDCE                                         f  u_tx/gmii_txd_reg[6]/CLR
  -------------------------------------------------------------------    -------------------

                         (clock clk_out2_clk_wiz_0 rise edge)
                                                      0.000     0.000 r  
    AE10                                              0.000     0.000 r  sys_clk_p
                         net (fo=0)                   0.000     0.000    u_clk_wiz/inst/clk_in1_p
    AE10                 IBUFDS (Prop_ibufds_I_O)     0.432     0.432 r  u_clk_wiz/inst/clkin1_ibufgds/O
                         net (fo=1, routed)           0.553     0.985    u_clk_wiz/inst/clk_in1_clk_wiz_0
    MMCME2_ADV_X1Y1      MMCME2_ADV (Prop_mmcme2_adv_CLKIN1_CLKOUT1)
                                                     -3.493    -2.508 r  u_clk_wiz/inst/mmcm_adv_inst/CLKOUT1
                         net (fo=1, routed)           1.007    -1.501    u_clk_wiz/inst/clk_out2_clk_wiz_0
    BUFGCTRL_X0Y0        BUFG (Prop_bufg_I_O)         0.030    -1.471 r  u_clk_wiz/inst/clkout2_buf/O
                         net (fo=79, routed)          0.821    -0.650    u_tx/C
    SLICE_X6Y161                                                      r  u_tx/gmii_txd_reg[6]/C
                         clock pessimism              0.325    -0.325    
                         clock uncertainty            0.194    -0.132    
    SLICE_X6Y161         FDCE (Remov_fdce_C_CLR)     -0.050    -0.182    u_tx/gmii_txd_reg[6]
  -------------------------------------------------------------------
                         required time                          0.182    
                         arrival time                           1.893    
  -------------------------------------------------------------------
                         slack                                  2.075    

Slack (MET) :             2.079ns  (arrival time - required time)
  Source:                 phy_rst_n_reg/C
                            (rising edge-triggered cell FDCE clocked by clk_out1_clk_wiz_0  {rise@0.000ns fall@10.000ns period=20.000ns})
  Destination:            u_tx/rd_addr_reg[10]/CLR
                            (removal check against rising-edge clock clk_out2_clk_wiz_0  {rise@0.000ns fall@4.000ns period=8.000ns})
  Path Group:             **async_default**
  Path Type:              Removal (Min at Fast Process Corner)
  Requirement:            0.000ns  (clk_out2_clk_wiz_0 rise@0.000ns - clk_out1_clk_wiz_0 rise@0.000ns)
  Data Path Delay:        2.494ns  (logic 0.146ns (5.854%)  route 2.348ns (94.146%))
  Logic Levels:           1  (LUT1=1)
  Clock Path Skew:        0.272ns (DCD - SCD - CPR)
    Destination Clock Delay (DCD):    -0.683ns
    Source Clock Delay      (SCD):    -0.630ns
    Clock Pessimism Removal (CPR):    -0.325ns
  Clock Uncertainty:      0.194ns  ((TSJ^2 + DJ^2)^1/2) / 2 + PE
    Total System Jitter     (TSJ):    0.071ns
    Discrete Jitter          (DJ):    0.129ns
    Phase Error              (PE):    0.120ns

    Location             Delay type                Incr(ns)  Path(ns)    Netlist Resource(s)
  -------------------------------------------------------------------    -------------------
                         (clock clk_out1_clk_wiz_0 rise edge)
                                                      0.000     0.000 r  
    AE10                                              0.000     0.000 r  sys_clk_p
                         net (fo=0)                   0.000     0.000    u_clk_wiz/inst/clk_in1_p
    AE10                 IBUFDS (Prop_ibufds_I_O)     0.354     0.354 r  u_clk_wiz/inst/clkin1_ibufgds/O
                         net (fo=1, routed)           0.503     0.857    u_clk_wiz/inst/clk_in1_clk_wiz_0
    MMCME2_ADV_X1Y1      MMCME2_ADV (Prop_mmcme2_adv_CLKIN1_CLKOUT0)
                                                     -3.040    -2.183 r  u_clk_wiz/inst/mmcm_adv_inst/CLKOUT0
                         net (fo=1, routed)           0.940    -1.243    u_clk_wiz/inst/clk_out1_clk_wiz_0
    BUFGCTRL_X0Y2        BUFG (Prop_bufg_I_O)         0.026    -1.217 r  u_clk_wiz/inst/clkout1_buf/O
                         net (fo=21, routed)          0.587    -0.630    clk_out1
    SLICE_X74Y113                                                     r  phy_rst_n_reg/C
  -------------------------------------------------------------------    -------------------
    SLICE_X74Y113        FDCE (Prop_fdce_C_Q)         0.118    -0.512 r  phy_rst_n_reg/Q
                         net (fo=10, routed)          2.059     1.547    u_rx/Q
    SLICE_X12Y157        LUT1 (Prop_lut1_I0_O)        0.028     1.575 f  u_rx/FSM_sequential_state[3]_i_2/O
                         net (fo=68, routed)          0.289     1.864    u_tx/I1
    SLICE_X8Y162         FDCE                                         f  u_tx/rd_addr_reg[10]/CLR
  -------------------------------------------------------------------    -------------------

                         (clock clk_out2_clk_wiz_0 rise edge)
                                                      0.000     0.000 r  
    AE10                                              0.000     0.000 r  sys_clk_p
                         net (fo=0)                   0.000     0.000    u_clk_wiz/inst/clk_in1_p
    AE10                 IBUFDS (Prop_ibufds_I_O)     0.432     0.432 r  u_clk_wiz/inst/clkin1_ibufgds/O
                         net (fo=1, routed)           0.553     0.985    u_clk_wiz/inst/clk_in1_clk_wiz_0
    MMCME2_ADV_X1Y1      MMCME2_ADV (Prop_mmcme2_adv_CLKIN1_CLKOUT1)
                                                     -3.493    -2.508 r  u_clk_wiz/inst/mmcm_adv_inst/CLKOUT1
                         net (fo=1, routed)           1.007    -1.501    u_clk_wiz/inst/clk_out2_clk_wiz_0
    BUFGCTRL_X0Y0        BUFG (Prop_bufg_I_O)         0.030    -1.471 r  u_clk_wiz/inst/clkout2_buf/O
                         net (fo=79, routed)          0.788    -0.683    u_tx/C
    SLICE_X8Y162                                                      r  u_tx/rd_addr_reg[10]/C
                         clock pessimism              0.325    -0.358    
                         clock uncertainty            0.194    -0.165    
    SLICE_X8Y162         FDCE (Remov_fdce_C_CLR)     -0.050    -0.215    u_tx/rd_addr_reg[10]
  -------------------------------------------------------------------
                         required time                          0.215    
                         arrival time                           1.864    
  -------------------------------------------------------------------
                         slack                                  2.079    





