Copyright 1986-2014 Xilinx, Inc. All Rights Reserved.
----------------------------------------------------------------------------------------------------------------------------------------------------------------------
| Tool Version      : Vivado v.2014.4_AR65813_AR64601_AR63880_AR63479_AR62969_(AR63524_AR64594) (win64) Build 0 Tue May 19 17:22:27 MDT 2015
| Date              : Thu Jul 23 12:26:41 2026
| Host              : DESKTOP-1F6RSOD running 64-bit major release  (build 9200)
| Command           : report_timing_summary -warn_on_violation -max_paths 10 -file top_ethernet_timing_summary_routed.rpt -rpx top_ethernet_timing_summary_routed.rpx
| Design            : top_ethernet
| Device            : 7k325t-ffg900
| Speed File        : -2  PRODUCTION 1.12 2014-09-11
| Temperature Grade : C
----------------------------------------------------------------------------------------------------------------------------------------------------------------------

Timing Summary Report

------------------------------------------------------------------------------------------------
| Timer Settings
| --------------
------------------------------------------------------------------------------------------------

  Enable Multi Corner Analysis               :  Yes
  Enable Pessimism Removal                   :  Yes
  Pessimism Removal Resolution               :  Nearest Common Node
  Enable Input Delay Default Clock           :  No
  Enable Preset / Clear Arcs                 :  No
  Disable Flight Delays                      :  No

  Corner  Analyze    Analyze    
  Name    Max Paths  Min Paths  
  ------  ---------  ---------  
  Slow    Yes        Yes        
  Fast    Yes        Yes        



check_timing report

Table of Contents
-----------------
1. checking no_clock
2. checking constant_clock
3. checking pulse_width_clock
4. checking unconstrained_internal_endpoints
5. checking no_input_delay
6. checking no_output_delay
7. checking multiple_clock
8. checking generated_clocks
9. checking loops
10. checking partial_input_delay
11. checking partial_output_delay
12. checking unexpandable_clocks
13. checking latch_loops

1. checking no_clock
--------------------
 There are 0 register/latch pins with no clock.


2. checking constant_clock
--------------------------
 There are 0 register/latch pins with constant_clock.


3. checking pulse_width_clock
-----------------------------
 There are 0 register/latch pins which need pulse_width check


4. checking unconstrained_internal_endpoints
--------------------------------------------
 There are 0 pins that are not constrained for maximum delay.

 There are 0 pins that are not constrained for maximum delay due to constant clock.


5. checking no_input_delay
--------------------------
 There is 1 input port with no input delay specified. (HIGH)

 There are 0 input ports with no input delay but user has a false path constraint.


6. checking no_output_delay
---------------------------
 There are 13 ports with no output delay specified. (HIGH)

 There are 0 ports with no output delay but user has a false path constraint

 There are 0 ports with no output delay but with a timing clock defined on it or propagating through it


7. checking multiple_clock
--------------------------
 There are 0 register/latch pins with multiple clocks.


8. checking generated_clocks
----------------------------
 There are 0 generated clocks that are not connected to a clock source.


9. checking loops
-----------------
 There are 0 combinational loops in the design.


10. checking partial_input_delay
--------------------------------
 There are 0 input ports with partial input delay specified.


11. checking partial_output_delay
---------------------------------
 There are 0 ports with partial output delay specified.


12. checking unexpandable_clocks
--------------------------------
 There are 0 unexpandable clock pairs.


13. checking latch_loops
------------------------
 There are 0 combinational latch loops in the design through latch input



------------------------------------------------------------------------------------------------
| Design Timing Summary
| ---------------------
------------------------------------------------------------------------------------------------

    WNS(ns)      TNS(ns)  TNS Failing Endpoints  TNS Total Endpoints      WHS(ns)      THS(ns)  THS Failing Endpoints  THS Total Endpoints     WPWS(ns)     TPWS(ns)  TPWS Failing Endpoints  TPWS Total Endpoints  
    -------      -------  ---------------------  -------------------      -------      -------  ---------------------  -------------------     --------     --------  ----------------------  --------------------  
      4.745        0.000                      0                  229        0.134        0.000                      0                  229        1.100        0.000                       0                   113  


All user specified timing constraints are met.


------------------------------------------------------------------------------------------------
| Clock Summary
| -------------
------------------------------------------------------------------------------------------------

Clock                 Waveform(ns)         Period(ns)      Frequency(MHz)
-----                 ------------         ----------      --------------
E_RXC                 {0.000 4.000}        8.000           125.000         
sys_clk_p             {0.000 2.500}        5.000           200.000         
  clk_out1_clk_wiz_0  {0.000 10.000}       20.000          50.000          
  clk_out2_clk_wiz_0  {0.000 4.000}        8.000           125.000         
  clkfbout_clk_wiz_0  {0.000 2.500}        5.000           200.000         


------------------------------------------------------------------------------------------------
| Intra Clock Table
| -----------------
------------------------------------------------------------------------------------------------

Clock                     WNS(ns)      TNS(ns)  TNS Failing Endpoints  TNS Total Endpoints      WHS(ns)      THS(ns)  THS Failing Endpoints  THS Total Endpoints     WPWS(ns)     TPWS(ns)  TPWS Failing Endpoints  TPWS Total Endpoints  
-----                     -------      -------  ---------------------  -------------------      -------      -------  ---------------------  -------------------     --------     --------  ----------------------  --------------------  
sys_clk_p                                                                                                                                                               1.100        0.000                       0                     1  
  clk_out1_clk_wiz_0       17.295        0.000                      0                   53        0.204        0.000                      0                   53        9.600        0.000                       0                    31  
  clk_out2_clk_wiz_0        4.745        0.000                      0                  144        0.134        0.000                      0                  144        3.600        0.000                       0                    78  
  clkfbout_clk_wiz_0                                                                                                                                                    3.592        0.000                       0                     3  


------------------------------------------------------------------------------------------------
| Inter Clock Table
| -----------------
------------------------------------------------------------------------------------------------

From Clock    To Clock          WNS(ns)      TNS(ns)  TNS Failing Endpoints  TNS Total Endpoints      WHS(ns)      THS(ns)  THS Failing Endpoints  THS Total Endpoints  
----------    --------          -------      -------  ---------------------  -------------------      -------      -------  ---------------------  -------------------  


------------------------------------------------------------------------------------------------
| Other Path Groups Table
| -----------------------
------------------------------------------------------------------------------------------------

Path Group          From Clock          To Clock                WNS(ns)      TNS(ns)  TNS Failing Endpoints  TNS Total Endpoints      WHS(ns)      THS(ns)  THS Failing Endpoints  THS Total Endpoints  
----------          ----------          --------                -------      -------  ---------------------  -------------------      -------      -------  ---------------------  -------------------  
**async_default**   clk_out2_clk_wiz_0  clk_out2_clk_wiz_0        6.629        0.000                      0                   32        0.481        0.000                      0                   32  


------------------------------------------------------------------------------------------------
| Timing Details
| --------------
------------------------------------------------------------------------------------------------


---------------------------------------------------------------------------------------------------
From Clock:  sys_clk_p
  To Clock:  sys_clk_p

Setup :           NA  Failing Endpoints,  Worst Slack           NA  ,  Total Violation           NA
Hold  :           NA  Failing Endpoints,  Worst Slack           NA  ,  Total Violation           NA
PW    :            0  Failing Endpoints,  Worst Slack        1.100ns,  Total Violation        0.000ns
---------------------------------------------------------------------------------------------------


Pulse Width Checks
--------------------------------------------------------------------------------------
Clock Name:         sys_clk_p
Waveform:           { 0 2.5 }
Period:             5.000
Sources:            { sys_clk_p }

Check Type        Corner  Lib Pin            Reference Pin  Required  Actual  Slack   Location         Pin                                  
Min Period        n/a     MMCME2_ADV/CLKIN1  n/a            1.071     5.000   3.929   MMCME2_ADV_X1Y1  u_clk_wiz/inst/mmcm_adv_inst/CLKIN1  
Max Period        n/a     MMCME2_ADV/CLKIN1  n/a            100.000   5.000   95.000  MMCME2_ADV_X1Y1  u_clk_wiz/inst/mmcm_adv_inst/CLKIN1  
Low Pulse Width   Fast    MMCME2_ADV/CLKIN1  n/a            1.400     2.500   1.100   MMCME2_ADV_X1Y1  u_clk_wiz/inst/mmcm_adv_inst/CLKIN1  
Low Pulse Width   Slow    MMCME2_ADV/CLKIN1  n/a            1.400     2.500   1.100   MMCME2_ADV_X1Y1  u_clk_wiz/inst/mmcm_adv_inst/CLKIN1  
High Pulse Width  Slow    MMCME2_ADV/CLKIN1  n/a            1.400     2.500   1.100   MMCME2_ADV_X1Y1  u_clk_wiz/inst/mmcm_adv_inst/CLKIN1  
High Pulse Width  Fast    MMCME2_ADV/CLKIN1  n/a            1.400     2.500   1.100   MMCME2_ADV_X1Y1  u_clk_wiz/inst/mmcm_adv_inst/CLKIN1  



---------------------------------------------------------------------------------------------------
From Clock:  clk_out1_clk_wiz_0
  To Clock:  clk_out1_clk_wiz_0

Setup :            0  Failing Endpoints,  Worst Slack       17.295ns,  Total Violation        0.000ns
Hold  :            0  Failing Endpoints,  Worst Slack        0.204ns,  Total Violation        0.000ns
PW    :            0  Failing Endpoints,  Worst Slack        9.600ns,  Total Violation        0.000ns
---------------------------------------------------------------------------------------------------


Max Delay Paths
--------------------------------------------------------------------------------------
Slack (MET) :             17.295ns  (required time - arrival time)
  Source:                 u_phy_init/timer_reg[12]/C
                            (rising edge-triggered cell FDCE clocked by clk_out1_clk_wiz_0  {rise@0.000ns fall@10.000ns period=20.000ns})
  Destination:            u_phy_init/timer_reg[22]/D
                            (rising edge-triggered cell FDCE clocked by clk_out1_clk_wiz_0  {rise@0.000ns fall@10.000ns period=20.000ns})
  Path Group:             clk_out1_clk_wiz_0
  Path Type:              Setup (Max at Slow Process Corner)
  Requirement:            20.000ns  (clk_out1_clk_wiz_0 rise@20.000ns - clk_out1_clk_wiz_0 rise@0.000ns)
  Data Path Delay:        2.372ns  (logic 0.395ns (16.655%)  route 1.977ns (83.345%))
  Logic Levels:           4  (LUT2=1 LUT3=1 LUT6=2)
  Clock Path Skew:        -0.294ns (DCD - SCD + CPR)
    Destination Clock Delay (DCD):    -1.401ns = ( 18.599 - 20.000 ) 
    Source Clock Delay      (SCD):    -1.791ns
    Clock Pessimism Removal (CPR):    -0.684ns
  Clock Uncertainty:      0.074ns  ((TSJ^2 + DJ^2)^1/2) / 2 + PE
    Total System Jitter     (TSJ):    0.071ns
    Discrete Jitter          (DJ):    0.129ns
    Phase Error              (PE):    0.000ns

    Location             Delay type                Incr(ns)  Path(ns)    Netlist Resource(s)
  -------------------------------------------------------------------    -------------------
                         (clock clk_out1_clk_wiz_0 rise edge)
                                                      0.000     0.000 r  
    AE10                                              0.000     0.000 r  sys_clk_p
                         net (fo=0)                   0.000     0.000    u_clk_wiz/inst/clk_in1_p
    AE10                 IBUFDS (Prop_ibufds_I_O)     0.818     0.818 r  u_clk_wiz/inst/clkin1_ibufgds/O
                         net (fo=1, routed)           1.081     1.899    u_clk_wiz/inst/clk_in1_clk_wiz_0
    MMCME2_ADV_X1Y1      MMCME2_ADV (Prop_mmcme2_adv_CLKIN1_CLKOUT0)
                                                     -7.786    -5.887 r  u_clk_wiz/inst/mmcm_adv_inst/CLKOUT0
                         net (fo=1, routed)           2.130    -3.757    u_clk_wiz/inst/clk_out1_clk_wiz_0
    BUFGCTRL_X0Y1        BUFG (Prop_bufg_I_O)         0.093    -3.664 r  u_clk_wiz/inst/clkout1_buf/O
                         net (fo=29, routed)          1.873    -1.791    u_phy_init/CLK
    SLICE_X3Y49                                                       r  u_phy_init/timer_reg[12]/C
  -------------------------------------------------------------------    -------------------
    SLICE_X3Y49          FDCE (Prop_fdce_C_Q)         0.223    -1.568 f  u_phy_init/timer_reg[12]/Q
                         net (fo=2, routed)           0.444    -1.124    u_phy_init/n_0_timer_reg[12]
    SLICE_X3Y48          LUT3 (Prop_lut3_I2_O)        0.043    -1.081 r  u_phy_init/state[1]_i_8/O
                         net (fo=2, routed)           0.340    -0.741    u_phy_init/n_0_state[1]_i_8
    SLICE_X4Y49          LUT6 (Prop_lut6_I1_O)        0.043    -0.698 r  u_phy_init/state[1]_i_9/O
                         net (fo=1, routed)           0.538    -0.160    u_phy_init/n_0_state[1]_i_9
    SLICE_X4Y50          LUT6 (Prop_lut6_I1_O)        0.043    -0.117 f  u_phy_init/state[1]_i_6/O
                         net (fo=26, routed)          0.654     0.537    u_phy_init/n_0_state[1]_i_6
    SLICE_X3Y51          LUT2 (Prop_lut2_I1_O)        0.043     0.580 r  u_phy_init/timer[22]_i_1/O
                         net (fo=1, routed)           0.000     0.580    u_phy_init/timer[22]
    SLICE_X3Y51          FDCE                                         r  u_phy_init/timer_reg[22]/D
  -------------------------------------------------------------------    -------------------

                         (clock clk_out1_clk_wiz_0 rise edge)
                                                     20.000    20.000 r  
    AE10                                              0.000    20.000 r  sys_clk_p
                         net (fo=0)                   0.000    20.000    u_clk_wiz/inst/clk_in1_p
    AE10                 IBUFDS (Prop_ibufds_I_O)     0.722    20.722 r  u_clk_wiz/inst/clkin1_ibufgds/O
                         net (fo=1, routed)           0.986    21.708    u_clk_wiz/inst/clk_in1_clk_wiz_0
    MMCME2_ADV_X1Y1      MMCME2_ADV (Prop_mmcme2_adv_CLKIN1_CLKOUT0)
                                                     -6.759    14.949 r  u_clk_wiz/inst/mmcm_adv_inst/CLKOUT0
                         net (fo=1, routed)           2.005    16.954    u_clk_wiz/inst/clk_out1_clk_wiz_0
    BUFGCTRL_X0Y1        BUFG (Prop_bufg_I_O)         0.083    17.037 r  u_clk_wiz/inst/clkout1_buf/O
                         net (fo=29, routed)          1.562    18.599    u_phy_init/CLK
    SLICE_X3Y51                                                       r  u_phy_init/timer_reg[22]/C
                         clock pessimism             -0.684    17.915    
                         clock uncertainty           -0.074    17.841    
    SLICE_X3Y51          FDCE (Setup_fdce_C_D)        0.034    17.875    u_phy_init/timer_reg[22]
  -------------------------------------------------------------------
                         required time                         17.875    
                         arrival time                          -0.580    
  -------------------------------------------------------------------
                         slack                                 17.295    

Slack (MET) :             17.312ns  (required time - arrival time)
  Source:                 u_phy_init/timer_reg[12]/C
                            (rising edge-triggered cell FDCE clocked by clk_out1_clk_wiz_0  {rise@0.000ns fall@10.000ns period=20.000ns})
  Destination:            u_phy_init/timer_reg[23]/D
                            (rising edge-triggered cell FDCE clocked by clk_out1_clk_wiz_0  {rise@0.000ns fall@10.000ns period=20.000ns})
  Path Group:             clk_out1_clk_wiz_0
  Path Type:              Setup (Max at Slow Process Corner)
  Requirement:            20.000ns  (clk_out1_clk_wiz_0 rise@20.000ns - clk_out1_clk_wiz_0 rise@0.000ns)
  Data Path Delay:        2.379ns  (logic 0.402ns (16.901%)  route 1.977ns (83.099%))
  Logic Levels:           4  (LUT2=1 LUT3=1 LUT6=2)
  Clock Path Skew:        -0.294ns (DCD - SCD + CPR)
    Destination Clock Delay (DCD):    -1.401ns = ( 18.599 - 20.000 ) 
    Source Clock Delay      (SCD):    -1.791ns
    Clock Pessimism Removal (CPR):    -0.684ns
  Clock Uncertainty:      0.074ns  ((TSJ^2 + DJ^2)^1/2) / 2 + PE
    Total System Jitter     (TSJ):    0.071ns
    Discrete Jitter          (DJ):    0.129ns
    Phase Error              (PE):    0.000ns

    Location             Delay type                Incr(ns)  Path(ns)    Netlist Resource(s)
  -------------------------------------------------------------------    -------------------
                         (clock clk_out1_clk_wiz_0 rise edge)
                                                      0.000     0.000 r  
    AE10                                              0.000     0.000 r  sys_clk_p
                         net (fo=0)                   0.000     0.000    u_clk_wiz/inst/clk_in1_p
    AE10                 IBUFDS (Prop_ibufds_I_O)     0.818     0.818 r  u_clk_wiz/inst/clkin1_ibufgds/O
                         net (fo=1, routed)           1.081     1.899    u_clk_wiz/inst/clk_in1_clk_wiz_0
    MMCME2_ADV_X1Y1      MMCME2_ADV (Prop_mmcme2_adv_CLKIN1_CLKOUT0)
                                                     -7.786    -5.887 r  u_clk_wiz/inst/mmcm_adv_inst/CLKOUT0
                         net (fo=1, routed)           2.130    -3.757    u_clk_wiz/inst/clk_out1_clk_wiz_0
    BUFGCTRL_X0Y1        BUFG (Prop_bufg_I_O)         0.093    -3.664 r  u_clk_wiz/inst/clkout1_buf/O
                         net (fo=29, routed)          1.873    -1.791    u_phy_init/CLK
    SLICE_X3Y49                                                       r  u_phy_init/timer_reg[12]/C
  -------------------------------------------------------------------    -------------------
    SLICE_X3Y49          FDCE (Prop_fdce_C_Q)         0.223    -1.568 f  u_phy_init/timer_reg[12]/Q
                         net (fo=2, routed)           0.444    -1.124    u_phy_init/n_0_timer_reg[12]
    SLICE_X3Y48          LUT3 (Prop_lut3_I2_O)        0.043    -1.081 r  u_phy_init/state[1]_i_8/O
                         net (fo=2, routed)           0.340    -0.741    u_phy_init/n_0_state[1]_i_8
    SLICE_X4Y49          LUT6 (Prop_lut6_I1_O)        0.043    -0.698 r  u_phy_init/state[1]_i_9/O
                         net (fo=1, routed)           0.538    -0.160    u_phy_init/n_0_state[1]_i_9
    SLICE_X4Y50          LUT6 (Prop_lut6_I1_O)        0.043    -0.117 f  u_phy_init/state[1]_i_6/O
                         net (fo=26, routed)          0.654     0.537    u_phy_init/n_0_state[1]_i_6
    SLICE_X3Y51          LUT2 (Prop_lut2_I1_O)        0.050     0.587 r  u_phy_init/timer[23]_i_2/O
                         net (fo=1, routed)           0.000     0.587    u_phy_init/timer[23]
    SLICE_X3Y51          FDCE                                         r  u_phy_init/timer_reg[23]/D
  -------------------------------------------------------------------    -------------------

                         (clock clk_out1_clk_wiz_0 rise edge)
                                                     20.000    20.000 r  
    AE10                                              0.000    20.000 r  sys_clk_p
                         net (fo=0)                   0.000    20.000    u_clk_wiz/inst/clk_in1_p
    AE10                 IBUFDS (Prop_ibufds_I_O)     0.722    20.722 r  u_clk_wiz/inst/clkin1_ibufgds/O
                         net (fo=1, routed)           0.986    21.708    u_clk_wiz/inst/clk_in1_clk_wiz_0
    MMCME2_ADV_X1Y1      MMCME2_ADV (Prop_mmcme2_adv_CLKIN1_CLKOUT0)
                                                     -6.759    14.949 r  u_clk_wiz/inst/mmcm_adv_inst/CLKOUT0
                         net (fo=1, routed)           2.005    16.954    u_clk_wiz/inst/clk_out1_clk_wiz_0
    BUFGCTRL_X0Y1        BUFG (Prop_bufg_I_O)         0.083    17.037 r  u_clk_wiz/inst/clkout1_buf/O
                         net (fo=29, routed)          1.562    18.599    u_phy_init/CLK
    SLICE_X3Y51                                                       r  u_phy_init/timer_reg[23]/C
                         clock pessimism             -0.684    17.915    
                         clock uncertainty           -0.074    17.841    
    SLICE_X3Y51          FDCE (Setup_fdce_C_D)        0.058    17.899    u_phy_init/timer_reg[23]
  -------------------------------------------------------------------
                         required time                         17.899    
                         arrival time                          -0.587    
  -------------------------------------------------------------------
                         slack                                 17.312    

Slack (MET) :             17.390ns  (required time - arrival time)
  Source:                 u_phy_init/timer_reg[12]/C
                            (rising edge-triggered cell FDCE clocked by clk_out1_clk_wiz_0  {rise@0.000ns fall@10.000ns period=20.000ns})
  Destination:            u_phy_init/timer_reg[1]/D
                            (rising edge-triggered cell FDCE clocked by clk_out1_clk_wiz_0  {rise@0.000ns fall@10.000ns period=20.000ns})
  Path Group:             clk_out1_clk_wiz_0
  Path Type:              Setup (Max at Slow Process Corner)
  Requirement:            20.000ns  (clk_out1_clk_wiz_0 rise@20.000ns - clk_out1_clk_wiz_0 rise@0.000ns)
  Data Path Delay:        2.544ns  (logic 0.395ns (15.525%)  route 2.149ns (84.475%))
  Logic Levels:           4  (LUT2=1 LUT3=1 LUT6=2)
  Clock Path Skew:        -0.025ns (DCD - SCD + CPR)
    Destination Clock Delay (DCD):    -1.231ns = ( 18.769 - 20.000 ) 
    Source Clock Delay      (SCD):    -1.791ns
    Clock Pessimism Removal (CPR):    -0.585ns
  Clock Uncertainty:      0.074ns  ((TSJ^2 + DJ^2)^1/2) / 2 + PE
    Total System Jitter     (TSJ):    0.071ns
    Discrete Jitter          (DJ):    0.129ns
    Phase Error              (PE):    0.000ns

    Location             Delay type                Incr(ns)  Path(ns)    Netlist Resource(s)
  -------------------------------------------------------------------    -------------------
                         (clock clk_out1_clk_wiz_0 rise edge)
                                                      0.000     0.000 r  
    AE10                                              0.000     0.000 r  sys_clk_p
                         net (fo=0)                   0.000     0.000    u_clk_wiz/inst/clk_in1_p
    AE10                 IBUFDS (Prop_ibufds_I_O)     0.818     0.818 r  u_clk_wiz/inst/clkin1_ibufgds/O
                         net (fo=1, routed)           1.081     1.899    u_clk_wiz/inst/clk_in1_clk_wiz_0
    MMCME2_ADV_X1Y1      MMCME2_ADV (Prop_mmcme2_adv_CLKIN1_CLKOUT0)
                                                     -7.786    -5.887 r  u_clk_wiz/inst/mmcm_adv_inst/CLKOUT0
                         net (fo=1, routed)           2.130    -3.757    u_clk_wiz/inst/clk_out1_clk_wiz_0
    BUFGCTRL_X0Y1        BUFG (Prop_bufg_I_O)         0.093    -3.664 r  u_clk_wiz/inst/clkout1_buf/O
                         net (fo=29, routed)          1.873    -1.791    u_phy_init/CLK
    SLICE_X3Y49                                                       r  u_phy_init/timer_reg[12]/C
  -------------------------------------------------------------------    -------------------
    SLICE_X3Y49          FDCE (Prop_fdce_C_Q)         0.223    -1.568 f  u_phy_init/timer_reg[12]/Q
                         net (fo=2, routed)           0.444    -1.124    u_phy_init/n_0_timer_reg[12]
    SLICE_X3Y48          LUT3 (Prop_lut3_I2_O)        0.043    -1.081 r  u_phy_init/state[1]_i_8/O
                         net (fo=2, routed)           0.340    -0.741    u_phy_init/n_0_state[1]_i_8
    SLICE_X4Y49          LUT6 (Prop_lut6_I1_O)        0.043    -0.698 r  u_phy_init/state[1]_i_9/O
                         net (fo=1, routed)           0.538    -0.160    u_phy_init/n_0_state[1]_i_9
    SLICE_X4Y50          LUT6 (Prop_lut6_I1_O)        0.043    -0.117 f  u_phy_init/state[1]_i_6/O
                         net (fo=26, routed)          0.827     0.710    u_phy_init/n_0_state[1]_i_6
    SLICE_X3Y47          LUT2 (Prop_lut2_I1_O)        0.043     0.753 r  u_phy_init/timer[1]_i_1/O
                         net (fo=1, routed)           0.000     0.753    u_phy_init/timer[1]
    SLICE_X3Y47          FDCE                                         r  u_phy_init/timer_reg[1]/D
  -------------------------------------------------------------------    -------------------

                         (clock clk_out1_clk_wiz_0 rise edge)
                                                     20.000    20.000 r  
    AE10                                              0.000    20.000 r  sys_clk_p
                         net (fo=0)                   0.000    20.000    u_clk_wiz/inst/clk_in1_p
    AE10                 IBUFDS (Prop_ibufds_I_O)     0.722    20.722 r  u_clk_wiz/inst/clkin1_ibufgds/O
                         net (fo=1, routed)           0.986    21.708    u_clk_wiz/inst/clk_in1_clk_wiz_0
    MMCME2_ADV_X1Y1      MMCME2_ADV (Prop_mmcme2_adv_CLKIN1_CLKOUT0)
                                                     -6.759    14.949 r  u_clk_wiz/inst/mmcm_adv_inst/CLKOUT0
                         net (fo=1, routed)           2.005    16.954    u_clk_wiz/inst/clk_out1_clk_wiz_0
    BUFGCTRL_X0Y1        BUFG (Prop_bufg_I_O)         0.083    17.037 r  u_clk_wiz/inst/clkout1_buf/O
                         net (fo=29, routed)          1.732    18.769    u_phy_init/CLK
    SLICE_X3Y47                                                       r  u_phy_init/timer_reg[1]/C
                         clock pessimism             -0.585    18.184    
                         clock uncertainty           -0.074    18.110    
    SLICE_X3Y47          FDCE (Setup_fdce_C_D)        0.033    18.143    u_phy_init/timer_reg[1]
  -------------------------------------------------------------------
                         required time                         18.143    
                         arrival time                          -0.753    
  -------------------------------------------------------------------
                         slack                                 17.390    

Slack (MET) :             17.404ns  (required time - arrival time)
  Source:                 u_phy_init/timer_reg[12]/C
                            (rising edge-triggered cell FDCE clocked by clk_out1_clk_wiz_0  {rise@0.000ns fall@10.000ns period=20.000ns})
  Destination:            u_phy_init/timer_reg[6]/D
                            (rising edge-triggered cell FDCE clocked by clk_out1_clk_wiz_0  {rise@0.000ns fall@10.000ns period=20.000ns})
  Path Group:             clk_out1_clk_wiz_0
  Path Type:              Setup (Max at Slow Process Corner)
  Requirement:            20.000ns  (clk_out1_clk_wiz_0 rise@20.000ns - clk_out1_clk_wiz_0 rise@0.000ns)
  Data Path Delay:        2.555ns  (logic 0.406ns (15.889%)  route 2.149ns (84.111%))
  Logic Levels:           4  (LUT2=1 LUT3=1 LUT6=2)
  Clock Path Skew:        -0.025ns (DCD - SCD + CPR)
    Destination Clock Delay (DCD):    -1.231ns = ( 18.769 - 20.000 ) 
    Source Clock Delay      (SCD):    -1.791ns
    Clock Pessimism Removal (CPR):    -0.585ns
  Clock Uncertainty:      0.074ns  ((TSJ^2 + DJ^2)^1/2) / 2 + PE
    Total System Jitter     (TSJ):    0.071ns
    Discrete Jitter          (DJ):    0.129ns
    Phase Error              (PE):    0.000ns

    Location             Delay type                Incr(ns)  Path(ns)    Netlist Resource(s)
  -------------------------------------------------------------------    -------------------
                         (clock clk_out1_clk_wiz_0 rise edge)
                                                      0.000     0.000 r  
    AE10                                              0.000     0.000 r  sys_clk_p
                         net (fo=0)                   0.000     0.000    u_clk_wiz/inst/clk_in1_p
    AE10                 IBUFDS (Prop_ibufds_I_O)     0.818     0.818 r  u_clk_wiz/inst/clkin1_ibufgds/O
                         net (fo=1, routed)           1.081     1.899    u_clk_wiz/inst/clk_in1_clk_wiz_0
    MMCME2_ADV_X1Y1      MMCME2_ADV (Prop_mmcme2_adv_CLKIN1_CLKOUT0)
                                                     -7.786    -5.887 r  u_clk_wiz/inst/mmcm_adv_inst/CLKOUT0
                         net (fo=1, routed)           2.130    -3.757    u_clk_wiz/inst/clk_out1_clk_wiz_0
    BUFGCTRL_X0Y1        BUFG (Prop_bufg_I_O)         0.093    -3.664 r  u_clk_wiz/inst/clkout1_buf/O
                         net (fo=29, routed)          1.873    -1.791    u_phy_init/CLK
    SLICE_X3Y49                                                       r  u_phy_init/timer_reg[12]/C
  -------------------------------------------------------------------    -------------------
    SLICE_X3Y49          FDCE (Prop_fdce_C_Q)         0.223    -1.568 f  u_phy_init/timer_reg[12]/Q
                         net (fo=2, routed)           0.444    -1.124    u_phy_init/n_0_timer_reg[12]
    SLICE_X3Y48          LUT3 (Prop_lut3_I2_O)        0.043    -1.081 r  u_phy_init/state[1]_i_8/O
                         net (fo=2, routed)           0.340    -0.741    u_phy_init/n_0_state[1]_i_8
    SLICE_X4Y49          LUT6 (Prop_lut6_I1_O)        0.043    -0.698 r  u_phy_init/state[1]_i_9/O
                         net (fo=1, routed)           0.538    -0.160    u_phy_init/n_0_state[1]_i_9
    SLICE_X4Y50          LUT6 (Prop_lut6_I1_O)        0.043    -0.117 f  u_phy_init/state[1]_i_6/O
                         net (fo=26, routed)          0.827     0.710    u_phy_init/n_0_state[1]_i_6
    SLICE_X3Y47          LUT2 (Prop_lut2_I1_O)        0.054     0.764 r  u_phy_init/timer[6]_i_1/O
                         net (fo=1, routed)           0.000     0.764    u_phy_init/timer[6]
    SLICE_X3Y47          FDCE                                         r  u_phy_init/timer_reg[6]/D
  -------------------------------------------------------------------    -------------------

                         (clock clk_out1_clk_wiz_0 rise edge)
                                                     20.000    20.000 r  
    AE10                                              0.000    20.000 r  sys_clk_p
                         net (fo=0)                   0.000    20.000    u_clk_wiz/inst/clk_in1_p
    AE10                 IBUFDS (Prop_ibufds_I_O)     0.722    20.722 r  u_clk_wiz/inst/clkin1_ibufgds/O
                         net (fo=1, routed)           0.986    21.708    u_clk_wiz/inst/clk_in1_clk_wiz_0
    MMCME2_ADV_X1Y1      MMCME2_ADV (Prop_mmcme2_adv_CLKIN1_CLKOUT0)
                                                     -6.759    14.949 r  u_clk_wiz/inst/mmcm_adv_inst/CLKOUT0
                         net (fo=1, routed)           2.005    16.954    u_clk_wiz/inst/clk_out1_clk_wiz_0
    BUFGCTRL_X0Y1        BUFG (Prop_bufg_I_O)         0.083    17.037 r  u_clk_wiz/inst/clkout1_buf/O
                         net (fo=29, routed)          1.732    18.769    u_phy_init/CLK
    SLICE_X3Y47                                                       r  u_phy_init/timer_reg[6]/C
                         clock pessimism             -0.585    18.184    
                         clock uncertainty           -0.074    18.110    
    SLICE_X3Y47          FDCE (Setup_fdce_C_D)        0.058    18.168    u_phy_init/timer_reg[6]
  -------------------------------------------------------------------
                         required time                         18.168    
                         arrival time                          -0.764    
  -------------------------------------------------------------------
                         slack                                 17.404    

Slack (MET) :             17.444ns  (required time - arrival time)
  Source:                 u_phy_init/timer_reg[12]/C
                            (rising edge-triggered cell FDCE clocked by clk_out1_clk_wiz_0  {rise@0.000ns fall@10.000ns period=20.000ns})
  Destination:            u_phy_init/timer_reg[4]/D
                            (rising edge-triggered cell FDCE clocked by clk_out1_clk_wiz_0  {rise@0.000ns fall@10.000ns period=20.000ns})
  Path Group:             clk_out1_clk_wiz_0
  Path Type:              Setup (Max at Slow Process Corner)
  Requirement:            20.000ns  (clk_out1_clk_wiz_0 rise@20.000ns - clk_out1_clk_wiz_0 rise@0.000ns)
  Data Path Delay:        2.491ns  (logic 0.395ns (15.857%)  route 2.096ns (84.143%))
  Logic Levels:           4  (LUT2=1 LUT3=1 LUT6=2)
  Clock Path Skew:        -0.025ns (DCD - SCD + CPR)
    Destination Clock Delay (DCD):    -1.231ns = ( 18.769 - 20.000 ) 
    Source Clock Delay      (SCD):    -1.791ns
    Clock Pessimism Removal (CPR):    -0.585ns
  Clock Uncertainty:      0.074ns  ((TSJ^2 + DJ^2)^1/2) / 2 + PE
    Total System Jitter     (TSJ):    0.071ns
    Discrete Jitter          (DJ):    0.129ns
    Phase Error              (PE):    0.000ns

    Location             Delay type                Incr(ns)  Path(ns)    Netlist Resource(s)
  -------------------------------------------------------------------    -------------------
                         (clock clk_out1_clk_wiz_0 rise edge)
                                                      0.000     0.000 r  
    AE10                                              0.000     0.000 r  sys_clk_p
                         net (fo=0)                   0.000     0.000    u_clk_wiz/inst/clk_in1_p
    AE10                 IBUFDS (Prop_ibufds_I_O)     0.818     0.818 r  u_clk_wiz/inst/clkin1_ibufgds/O
                         net (fo=1, routed)           1.081     1.899    u_clk_wiz/inst/clk_in1_clk_wiz_0
    MMCME2_ADV_X1Y1      MMCME2_ADV (Prop_mmcme2_adv_CLKIN1_CLKOUT0)
                                                     -7.786    -5.887 r  u_clk_wiz/inst/mmcm_adv_inst/CLKOUT0
                         net (fo=1, routed)           2.130    -3.757    u_clk_wiz/inst/clk_out1_clk_wiz_0
    BUFGCTRL_X0Y1        BUFG (Prop_bufg_I_O)         0.093    -3.664 r  u_clk_wiz/inst/clkout1_buf/O
                         net (fo=29, routed)          1.873    -1.791    u_phy_init/CLK
    SLICE_X3Y49                                                       r  u_phy_init/timer_reg[12]/C
  -------------------------------------------------------------------    -------------------
    SLICE_X3Y49          FDCE (Prop_fdce_C_Q)         0.223    -1.568 f  u_phy_init/timer_reg[12]/Q
                         net (fo=2, routed)           0.444    -1.124    u_phy_init/n_0_timer_reg[12]
    SLICE_X3Y48          LUT3 (Prop_lut3_I2_O)        0.043    -1.081 r  u_phy_init/state[1]_i_8/O
                         net (fo=2, routed)           0.340    -0.741    u_phy_init/n_0_state[1]_i_8
    SLICE_X4Y49          LUT6 (Prop_lut6_I1_O)        0.043    -0.698 r  u_phy_init/state[1]_i_9/O
                         net (fo=1, routed)           0.538    -0.160    u_phy_init/n_0_state[1]_i_9
    SLICE_X4Y50          LUT6 (Prop_lut6_I1_O)        0.043    -0.117 f  u_phy_init/state[1]_i_6/O
                         net (fo=26, routed)          0.774     0.657    u_phy_init/n_0_state[1]_i_6
    SLICE_X3Y47          LUT2 (Prop_lut2_I1_O)        0.043     0.700 r  u_phy_init/timer[4]_i_1/O
                         net (fo=1, routed)           0.000     0.700    u_phy_init/timer[4]
    SLICE_X3Y47          FDCE                                         r  u_phy_init/timer_reg[4]/D
  -------------------------------------------------------------------    -------------------

                         (clock clk_out1_clk_wiz_0 rise edge)
                                                     20.000    20.000 r  
    AE10                                              0.000    20.000 r  sys_clk_p
                         net (fo=0)                   0.000    20.000    u_clk_wiz/inst/clk_in1_p
    AE10                 IBUFDS (Prop_ibufds_I_O)     0.722    20.722 r  u_clk_wiz/inst/clkin1_ibufgds/O
                         net (fo=1, routed)           0.986    21.708    u_clk_wiz/inst/clk_in1_clk_wiz_0
    MMCME2_ADV_X1Y1      MMCME2_ADV (Prop_mmcme2_adv_CLKIN1_CLKOUT0)
                                                     -6.759    14.949 r  u_clk_wiz/inst/mmcm_adv_inst/CLKOUT0
                         net (fo=1, routed)           2.005    16.954    u_clk_wiz/inst/clk_out1_clk_wiz_0
    BUFGCTRL_X0Y1        BUFG (Prop_bufg_I_O)         0.083    17.037 r  u_clk_wiz/inst/clkout1_buf/O
                         net (fo=29, routed)          1.732    18.769    u_phy_init/CLK
    SLICE_X3Y47                                                       r  u_phy_init/timer_reg[4]/C
                         clock pessimism             -0.585    18.184    
                         clock uncertainty           -0.074    18.110    
    SLICE_X3Y47          FDCE (Setup_fdce_C_D)        0.034    18.144    u_phy_init/timer_reg[4]
  -------------------------------------------------------------------
                         required time                         18.144    
                         arrival time                          -0.700    
  -------------------------------------------------------------------
                         slack                                 17.444    

Slack (MET) :             17.458ns  (required time - arrival time)
  Source:                 u_phy_init/timer_reg[12]/C
                            (rising edge-triggered cell FDCE clocked by clk_out1_clk_wiz_0  {rise@0.000ns fall@10.000ns period=20.000ns})
  Destination:            u_phy_init/timer_reg[5]/D
                            (rising edge-triggered cell FDCE clocked by clk_out1_clk_wiz_0  {rise@0.000ns fall@10.000ns period=20.000ns})
  Path Group:             clk_out1_clk_wiz_0
  Path Type:              Setup (Max at Slow Process Corner)
  Requirement:            20.000ns  (clk_out1_clk_wiz_0 rise@20.000ns - clk_out1_clk_wiz_0 rise@0.000ns)
  Data Path Delay:        2.501ns  (logic 0.405ns (16.193%)  route 2.096ns (83.807%))
  Logic Levels:           4  (LUT2=1 LUT3=1 LUT6=2)
  Clock Path Skew:        -0.025ns (DCD - SCD + CPR)
    Destination Clock Delay (DCD):    -1.231ns = ( 18.769 - 20.000 ) 
    Source Clock Delay      (SCD):    -1.791ns
    Clock Pessimism Removal (CPR):    -0.585ns
  Clock Uncertainty:      0.074ns  ((TSJ^2 + DJ^2)^1/2) / 2 + PE
    Total System Jitter     (TSJ):    0.071ns
    Discrete Jitter          (DJ):    0.129ns
    Phase Error              (PE):    0.000ns

    Location             Delay type                Incr(ns)  Path(ns)    Netlist Resource(s)
  -------------------------------------------------------------------    -------------------
                         (clock clk_out1_clk_wiz_0 rise edge)
                                                      0.000     0.000 r  
    AE10                                              0.000     0.000 r  sys_clk_p
                         net (fo=0)                   0.000     0.000    u_clk_wiz/inst/clk_in1_p
    AE10                 IBUFDS (Prop_ibufds_I_O)     0.818     0.818 r  u_clk_wiz/inst/clkin1_ibufgds/O
                         net (fo=1, routed)           1.081     1.899    u_clk_wiz/inst/clk_in1_clk_wiz_0
    MMCME2_ADV_X1Y1      MMCME2_ADV (Prop_mmcme2_adv_CLKIN1_CLKOUT0)
                                                     -7.786    -5.887 r  u_clk_wiz/inst/mmcm_adv_inst/CLKOUT0
                         net (fo=1, routed)           2.130    -3.757    u_clk_wiz/inst/clk_out1_clk_wiz_0
    BUFGCTRL_X0Y1        BUFG (Prop_bufg_I_O)         0.093    -3.664 r  u_clk_wiz/inst/clkout1_buf/O
                         net (fo=29, routed)          1.873    -1.791    u_phy_init/CLK
    SLICE_X3Y49                                                       r  u_phy_init/timer_reg[12]/C
  -------------------------------------------------------------------    -------------------
    SLICE_X3Y49          FDCE (Prop_fdce_C_Q)         0.223    -1.568 f  u_phy_init/timer_reg[12]/Q
                         net (fo=2, routed)           0.444    -1.124    u_phy_init/n_0_timer_reg[12]
    SLICE_X3Y48          LUT3 (Prop_lut3_I2_O)        0.043    -1.081 r  u_phy_init/state[1]_i_8/O
                         net (fo=2, routed)           0.340    -0.741    u_phy_init/n_0_state[1]_i_8
    SLICE_X4Y49          LUT6 (Prop_lut6_I1_O)        0.043    -0.698 r  u_phy_init/state[1]_i_9/O
                         net (fo=1, routed)           0.538    -0.160    u_phy_init/n_0_state[1]_i_9
    SLICE_X4Y50          LUT6 (Prop_lut6_I1_O)        0.043    -0.117 f  u_phy_init/state[1]_i_6/O
                         net (fo=26, routed)          0.774     0.657    u_phy_init/n_0_state[1]_i_6
    SLICE_X3Y47          LUT2 (Prop_lut2_I1_O)        0.053     0.710 r  u_phy_init/timer[5]_i_1/O
                         net (fo=1, routed)           0.000     0.710    u_phy_init/timer[5]
    SLICE_X3Y47          FDCE                                         r  u_phy_init/timer_reg[5]/D
  -------------------------------------------------------------------    -------------------

                         (clock clk_out1_clk_wiz_0 rise edge)
                                                     20.000    20.000 r  
    AE10                                              0.000    20.000 r  sys_clk_p
                         net (fo=0)                   0.000    20.000    u_clk_wiz/inst/clk_in1_p
    AE10                 IBUFDS (Prop_ibufds_I_O)     0.722    20.722 r  u_clk_wiz/inst/clkin1_ibufgds/O
                         net (fo=1, routed)           0.986    21.708    u_clk_wiz/inst/clk_in1_clk_wiz_0
    MMCME2_ADV_X1Y1      MMCME2_ADV (Prop_mmcme2_adv_CLKIN1_CLKOUT0)
                                                     -6.759    14.949 r  u_clk_wiz/inst/mmcm_adv_inst/CLKOUT0
                         net (fo=1, routed)           2.005    16.954    u_clk_wiz/inst/clk_out1_clk_wiz_0
    BUFGCTRL_X0Y1        BUFG (Prop_bufg_I_O)         0.083    17.037 r  u_clk_wiz/inst/clkout1_buf/O
                         net (fo=29, routed)          1.732    18.769    u_phy_init/CLK
    SLICE_X3Y47                                                       r  u_phy_init/timer_reg[5]/C
                         clock pessimism             -0.585    18.184    
                         clock uncertainty           -0.074    18.110    
    SLICE_X3Y47          FDCE (Setup_fdce_C_D)        0.058    18.168    u_phy_init/timer_reg[5]
  -------------------------------------------------------------------
                         required time                         18.168    
                         arrival time                          -0.710    
  -------------------------------------------------------------------
                         slack                                 17.458    

Slack (MET) :             17.471ns  (required time - arrival time)
  Source:                 u_phy_init/timer_reg[12]/C
                            (rising edge-triggered cell FDCE clocked by clk_out1_clk_wiz_0  {rise@0.000ns fall@10.000ns period=20.000ns})
  Destination:            u_phy_init/timer_reg[2]/D
                            (rising edge-triggered cell FDCE clocked by clk_out1_clk_wiz_0  {rise@0.000ns fall@10.000ns period=20.000ns})
  Path Group:             clk_out1_clk_wiz_0
  Path Type:              Setup (Max at Slow Process Corner)
  Requirement:            20.000ns  (clk_out1_clk_wiz_0 rise@20.000ns - clk_out1_clk_wiz_0 rise@0.000ns)
  Data Path Delay:        2.464ns  (logic 0.395ns (16.031%)  route 2.069ns (83.969%))
  Logic Levels:           4  (LUT2=1 LUT3=1 LUT6=2)
  Clock Path Skew:        -0.025ns (DCD - SCD + CPR)
    Destination Clock Delay (DCD):    -1.231ns = ( 18.769 - 20.000 ) 
    Source Clock Delay      (SCD):    -1.791ns
    Clock Pessimism Removal (CPR):    -0.585ns
  Clock Uncertainty:      0.074ns  ((TSJ^2 + DJ^2)^1/2) / 2 + PE
    Total System Jitter     (TSJ):    0.071ns
    Discrete Jitter          (DJ):    0.129ns
    Phase Error              (PE):    0.000ns

    Location             Delay type                Incr(ns)  Path(ns)    Netlist Resource(s)
  -------------------------------------------------------------------    -------------------
                         (clock clk_out1_clk_wiz_0 rise edge)
                                                      0.000     0.000 r  
    AE10                                              0.000     0.000 r  sys_clk_p
                         net (fo=0)                   0.000     0.000    u_clk_wiz/inst/clk_in1_p
    AE10                 IBUFDS (Prop_ibufds_I_O)     0.818     0.818 r  u_clk_wiz/inst/clkin1_ibufgds/O
                         net (fo=1, routed)           1.081     1.899    u_clk_wiz/inst/clk_in1_clk_wiz_0
    MMCME2_ADV_X1Y1      MMCME2_ADV (Prop_mmcme2_adv_CLKIN1_CLKOUT0)
                                                     -7.786    -5.887 r  u_clk_wiz/inst/mmcm_adv_inst/CLKOUT0
                         net (fo=1, routed)           2.130    -3.757    u_clk_wiz/inst/clk_out1_clk_wiz_0
    BUFGCTRL_X0Y1        BUFG (Prop_bufg_I_O)         0.093    -3.664 r  u_clk_wiz/inst/clkout1_buf/O
                         net (fo=29, routed)          1.873    -1.791    u_phy_init/CLK
    SLICE_X3Y49                                                       r  u_phy_init/timer_reg[12]/C
  -------------------------------------------------------------------    -------------------
    SLICE_X3Y49          FDCE (Prop_fdce_C_Q)         0.223    -1.568 f  u_phy_init/timer_reg[12]/Q
                         net (fo=2, routed)           0.444    -1.124    u_phy_init/n_0_timer_reg[12]
    SLICE_X3Y48          LUT3 (Prop_lut3_I2_O)        0.043    -1.081 r  u_phy_init/state[1]_i_8/O
                         net (fo=2, routed)           0.340    -0.741    u_phy_init/n_0_state[1]_i_8
    SLICE_X4Y49          LUT6 (Prop_lut6_I1_O)        0.043    -0.698 r  u_phy_init/state[1]_i_9/O
                         net (fo=1, routed)           0.538    -0.160    u_phy_init/n_0_state[1]_i_9
    SLICE_X4Y50          LUT6 (Prop_lut6_I1_O)        0.043    -0.117 f  u_phy_init/state[1]_i_6/O
                         net (fo=26, routed)          0.747     0.630    u_phy_init/n_0_state[1]_i_6
    SLICE_X3Y47          LUT2 (Prop_lut2_I1_O)        0.043     0.673 r  u_phy_init/timer[2]_i_1/O
                         net (fo=1, routed)           0.000     0.673    u_phy_init/timer[2]
    SLICE_X3Y47          FDCE                                         r  u_phy_init/timer_reg[2]/D
  -------------------------------------------------------------------    -------------------

                         (clock clk_out1_clk_wiz_0 rise edge)
                                                     20.000    20.000 r  
    AE10                                              0.000    20.000 r  sys_clk_p
                         net (fo=0)                   0.000    20.000    u_clk_wiz/inst/clk_in1_p
    AE10                 IBUFDS (Prop_ibufds_I_O)     0.722    20.722 r  u_clk_wiz/inst/clkin1_ibufgds/O
                         net (fo=1, routed)           0.986    21.708    u_clk_wiz/inst/clk_in1_clk_wiz_0
    MMCME2_ADV_X1Y1      MMCME2_ADV (Prop_mmcme2_adv_CLKIN1_CLKOUT0)
                                                     -6.759    14.949 r  u_clk_wiz/inst/mmcm_adv_inst/CLKOUT0
                         net (fo=1, routed)           2.005    16.954    u_clk_wiz/inst/clk_out1_clk_wiz_0
    BUFGCTRL_X0Y1        BUFG (Prop_bufg_I_O)         0.083    17.037 r  u_clk_wiz/inst/clkout1_buf/O
                         net (fo=29, routed)          1.732    18.769    u_phy_init/CLK
    SLICE_X3Y47                                                       r  u_phy_init/timer_reg[2]/C
                         clock pessimism             -0.585    18.184    
                         clock uncertainty           -0.074    18.110    
    SLICE_X3Y47          FDCE (Setup_fdce_C_D)        0.034    18.144    u_phy_init/timer_reg[2]
  -------------------------------------------------------------------
                         required time                         18.144    
                         arrival time                          -0.673    
  -------------------------------------------------------------------
                         slack                                 17.471    

Slack (MET) :             17.477ns  (required time - arrival time)
  Source:                 u_phy_init/timer_reg[12]/C
                            (rising edge-triggered cell FDCE clocked by clk_out1_clk_wiz_0  {rise@0.000ns fall@10.000ns period=20.000ns})
  Destination:            u_phy_init/timer_reg[3]/D
                            (rising edge-triggered cell FDCE clocked by clk_out1_clk_wiz_0  {rise@0.000ns fall@10.000ns period=20.000ns})
  Path Group:             clk_out1_clk_wiz_0
  Path Type:              Setup (Max at Slow Process Corner)
  Requirement:            20.000ns  (clk_out1_clk_wiz_0 rise@20.000ns - clk_out1_clk_wiz_0 rise@0.000ns)
  Data Path Delay:        2.457ns  (logic 0.395ns (16.076%)  route 2.062ns (83.924%))
  Logic Levels:           4  (LUT2=1 LUT3=1 LUT6=2)
  Clock Path Skew:        -0.025ns (DCD - SCD + CPR)
    Destination Clock Delay (DCD):    -1.231ns = ( 18.769 - 20.000 ) 
    Source Clock Delay      (SCD):    -1.791ns
    Clock Pessimism Removal (CPR):    -0.585ns
  Clock Uncertainty:      0.074ns  ((TSJ^2 + DJ^2)^1/2) / 2 + PE
    Total System Jitter     (TSJ):    0.071ns
    Discrete Jitter          (DJ):    0.129ns
    Phase Error              (PE):    0.000ns

    Location             Delay type                Incr(ns)  Path(ns)    Netlist Resource(s)
  -------------------------------------------------------------------    -------------------
                         (clock clk_out1_clk_wiz_0 rise edge)
                                                      0.000     0.000 r  
    AE10                                              0.000     0.000 r  sys_clk_p
                         net (fo=0)                   0.000     0.000    u_clk_wiz/inst/clk_in1_p
    AE10                 IBUFDS (Prop_ibufds_I_O)     0.818     0.818 r  u_clk_wiz/inst/clkin1_ibufgds/O
                         net (fo=1, routed)           1.081     1.899    u_clk_wiz/inst/clk_in1_clk_wiz_0
    MMCME2_ADV_X1Y1      MMCME2_ADV (Prop_mmcme2_adv_CLKIN1_CLKOUT0)
                                                     -7.786    -5.887 r  u_clk_wiz/inst/mmcm_adv_inst/CLKOUT0
                         net (fo=1, routed)           2.130    -3.757    u_clk_wiz/inst/clk_out1_clk_wiz_0
    BUFGCTRL_X0Y1        BUFG (Prop_bufg_I_O)         0.093    -3.664 r  u_clk_wiz/inst/clkout1_buf/O
                         net (fo=29, routed)          1.873    -1.791    u_phy_init/CLK
    SLICE_X3Y49                                                       r  u_phy_init/timer_reg[12]/C
  -------------------------------------------------------------------    -------------------
    SLICE_X3Y49          FDCE (Prop_fdce_C_Q)         0.223    -1.568 f  u_phy_init/timer_reg[12]/Q
                         net (fo=2, routed)           0.444    -1.124    u_phy_init/n_0_timer_reg[12]
    SLICE_X3Y48          LUT3 (Prop_lut3_I2_O)        0.043    -1.081 r  u_phy_init/state[1]_i_8/O
                         net (fo=2, routed)           0.340    -0.741    u_phy_init/n_0_state[1]_i_8
    SLICE_X4Y49          LUT6 (Prop_lut6_I1_O)        0.043    -0.698 r  u_phy_init/state[1]_i_9/O
                         net (fo=1, routed)           0.538    -0.160    u_phy_init/n_0_state[1]_i_9
    SLICE_X4Y50          LUT6 (Prop_lut6_I1_O)        0.043    -0.117 f  u_phy_init/state[1]_i_6/O
                         net (fo=26, routed)          0.740     0.623    u_phy_init/n_0_state[1]_i_6
    SLICE_X3Y48          LUT2 (Prop_lut2_I1_O)        0.043     0.666 r  u_phy_init/timer[3]_i_1/O
                         net (fo=1, routed)           0.000     0.666    u_phy_init/timer[3]
    SLICE_X3Y48          FDCE                                         r  u_phy_init/timer_reg[3]/D
  -------------------------------------------------------------------    -------------------

                         (clock clk_out1_clk_wiz_0 rise edge)
                                                     20.000    20.000 r  
    AE10                                              0.000    20.000 r  sys_clk_p
                         net (fo=0)                   0.000    20.000    u_clk_wiz/inst/clk_in1_p
    AE10                 IBUFDS (Prop_ibufds_I_O)     0.722    20.722 r  u_clk_wiz/inst/clkin1_ibufgds/O
                         net (fo=1, routed)           0.986    21.708    u_clk_wiz/inst/clk_in1_clk_wiz_0
    MMCME2_ADV_X1Y1      MMCME2_ADV (Prop_mmcme2_adv_CLKIN1_CLKOUT0)
                                                     -6.759    14.949 r  u_clk_wiz/inst/mmcm_adv_inst/CLKOUT0
                         net (fo=1, routed)           2.005    16.954    u_clk_wiz/inst/clk_out1_clk_wiz_0
    BUFGCTRL_X0Y1        BUFG (Prop_bufg_I_O)         0.083    17.037 r  u_clk_wiz/inst/clkout1_buf/O
                         net (fo=29, routed)          1.732    18.769    u_phy_init/CLK
    SLICE_X3Y48                                                       r  u_phy_init/timer_reg[3]/C
                         clock pessimism             -0.585    18.184    
                         clock uncertainty           -0.074    18.110    
    SLICE_X3Y48          FDCE (Setup_fdce_C_D)        0.033    18.143    u_phy_init/timer_reg[3]
  -------------------------------------------------------------------
                         required time                         18.143    
                         arrival time                          -0.666    
  -------------------------------------------------------------------
                         slack                                 17.477    

Slack (MET) :             17.479ns  (required time - arrival time)
  Source:                 u_phy_init/timer_reg[12]/C
                            (rising edge-triggered cell FDCE clocked by clk_out1_clk_wiz_0  {rise@0.000ns fall@10.000ns period=20.000ns})
  Destination:            u_phy_init/timer_reg[10]/D
                            (rising edge-triggered cell FDCE clocked by clk_out1_clk_wiz_0  {rise@0.000ns fall@10.000ns period=20.000ns})
  Path Group:             clk_out1_clk_wiz_0
  Path Type:              Setup (Max at Slow Process Corner)
  Requirement:            20.000ns  (clk_out1_clk_wiz_0 rise@20.000ns - clk_out1_clk_wiz_0 rise@0.000ns)
  Data Path Delay:        2.456ns  (logic 0.395ns (16.083%)  route 2.061ns (83.917%))
  Logic Levels:           4  (LUT2=1 LUT3=1 LUT6=2)
  Clock Path Skew:        -0.025ns (DCD - SCD + CPR)
    Destination Clock Delay (DCD):    -1.231ns = ( 18.769 - 20.000 ) 
    Source Clock Delay      (SCD):    -1.791ns
    Clock Pessimism Removal (CPR):    -0.585ns
  Clock Uncertainty:      0.074ns  ((TSJ^2 + DJ^2)^1/2) / 2 + PE
    Total System Jitter     (TSJ):    0.071ns
    Discrete Jitter          (DJ):    0.129ns
    Phase Error              (PE):    0.000ns

    Location             Delay type                Incr(ns)  Path(ns)    Netlist Resource(s)
  -------------------------------------------------------------------    -------------------
                         (clock clk_out1_clk_wiz_0 rise edge)
                                                      0.000     0.000 r  
    AE10                                              0.000     0.000 r  sys_clk_p
                         net (fo=0)                   0.000     0.000    u_clk_wiz/inst/clk_in1_p
    AE10                 IBUFDS (Prop_ibufds_I_O)     0.818     0.818 r  u_clk_wiz/inst/clkin1_ibufgds/O
                         net (fo=1, routed)           1.081     1.899    u_clk_wiz/inst/clk_in1_clk_wiz_0
    MMCME2_ADV_X1Y1      MMCME2_ADV (Prop_mmcme2_adv_CLKIN1_CLKOUT0)
                                                     -7.786    -5.887 r  u_clk_wiz/inst/mmcm_adv_inst/CLKOUT0
                         net (fo=1, routed)           2.130    -3.757    u_clk_wiz/inst/clk_out1_clk_wiz_0
    BUFGCTRL_X0Y1        BUFG (Prop_bufg_I_O)         0.093    -3.664 r  u_clk_wiz/inst/clkout1_buf/O
                         net (fo=29, routed)          1.873    -1.791    u_phy_init/CLK
    SLICE_X3Y49                                                       r  u_phy_init/timer_reg[12]/C
  -------------------------------------------------------------------    -------------------
    SLICE_X3Y49          FDCE (Prop_fdce_C_Q)         0.223    -1.568 f  u_phy_init/timer_reg[12]/Q
                         net (fo=2, routed)           0.444    -1.124    u_phy_init/n_0_timer_reg[12]
    SLICE_X3Y48          LUT3 (Prop_lut3_I2_O)        0.043    -1.081 r  u_phy_init/state[1]_i_8/O
                         net (fo=2, routed)           0.340    -0.741    u_phy_init/n_0_state[1]_i_8
    SLICE_X4Y49          LUT6 (Prop_lut6_I1_O)        0.043    -0.698 r  u_phy_init/state[1]_i_9/O
                         net (fo=1, routed)           0.538    -0.160    u_phy_init/n_0_state[1]_i_9
    SLICE_X4Y50          LUT6 (Prop_lut6_I1_O)        0.043    -0.117 f  u_phy_init/state[1]_i_6/O
                         net (fo=26, routed)          0.739     0.622    u_phy_init/n_0_state[1]_i_6
    SLICE_X3Y48          LUT2 (Prop_lut2_I1_O)        0.043     0.665 r  u_phy_init/timer[10]_i_1/O
                         net (fo=1, routed)           0.000     0.665    u_phy_init/timer[10]
    SLICE_X3Y48          FDCE                                         r  u_phy_init/timer_reg[10]/D
  -------------------------------------------------------------------    -------------------

                         (clock clk_out1_clk_wiz_0 rise edge)
                                                     20.000    20.000 r  
    AE10                                              0.000    20.000 r  sys_clk_p
                         net (fo=0)                   0.000    20.000    u_clk_wiz/inst/clk_in1_p
    AE10                 IBUFDS (Prop_ibufds_I_O)     0.722    20.722 r  u_clk_wiz/inst/clkin1_ibufgds/O
                         net (fo=1, routed)           0.986    21.708    u_clk_wiz/inst/clk_in1_clk_wiz_0
    MMCME2_ADV_X1Y1      MMCME2_ADV (Prop_mmcme2_adv_CLKIN1_CLKOUT0)
                                                     -6.759    14.949 r  u_clk_wiz/inst/mmcm_adv_inst/CLKOUT0
                         net (fo=1, routed)           2.005    16.954    u_clk_wiz/inst/clk_out1_clk_wiz_0
    BUFGCTRL_X0Y1        BUFG (Prop_bufg_I_O)         0.083    17.037 r  u_clk_wiz/inst/clkout1_buf/O
                         net (fo=29, routed)          1.732    18.769    u_phy_init/CLK
    SLICE_X3Y48                                                       r  u_phy_init/timer_reg[10]/C
                         clock pessimism             -0.585    18.184    
                         clock uncertainty           -0.074    18.110    
    SLICE_X3Y48          FDCE (Setup_fdce_C_D)        0.034    18.144    u_phy_init/timer_reg[10]
  -------------------------------------------------------------------
                         required time                         18.144    
                         arrival time                          -0.665    
  -------------------------------------------------------------------
                         slack                                 17.479    

Slack (MET) :             17.486ns  (required time - arrival time)
  Source:                 u_phy_init/timer_reg[7]/C
                            (rising edge-triggered cell FDCE clocked by clk_out1_clk_wiz_0  {rise@0.000ns fall@10.000ns period=20.000ns})
  Destination:            u_phy_init/timer_reg[20]/CE
                            (rising edge-triggered cell FDCE clocked by clk_out1_clk_wiz_0  {rise@0.000ns fall@10.000ns period=20.000ns})
  Path Group:             clk_out1_clk_wiz_0
  Path Type:              Setup (Max at Slow Process Corner)
  Requirement:            20.000ns  (clk_out1_clk_wiz_0 rise@20.000ns - clk_out1_clk_wiz_0 rise@0.000ns)
  Data Path Delay:        1.946ns  (logic 0.371ns (19.067%)  route 1.575ns (80.933%))
  Logic Levels:           2  (LUT5=1 LUT6=1)
  Clock Path Skew:        -0.294ns (DCD - SCD + CPR)
    Destination Clock Delay (DCD):    -1.401ns = ( 18.599 - 20.000 ) 
    Source Clock Delay      (SCD):    -1.791ns
    Clock Pessimism Removal (CPR):    -0.684ns
  Clock Uncertainty:      0.074ns  ((TSJ^2 + DJ^2)^1/2) / 2 + PE
    Total System Jitter     (TSJ):    0.071ns
    Discrete Jitter          (DJ):    0.129ns
    Phase Error              (PE):    0.000ns

    Location             Delay type                Incr(ns)  Path(ns)    Netlist Resource(s)
  -------------------------------------------------------------------    -------------------
                         (clock clk_out1_clk_wiz_0 rise edge)
                                                      0.000     0.000 r  
    AE10                                              0.000     0.000 r  sys_clk_p
                         net (fo=0)                   0.000     0.000    u_clk_wiz/inst/clk_in1_p
    AE10                 IBUFDS (Prop_ibufds_I_O)     0.818     0.818 r  u_clk_wiz/inst/clkin1_ibufgds/O
                         net (fo=1, routed)           1.081     1.899    u_clk_wiz/inst/clk_in1_clk_wiz_0
    MMCME2_ADV_X1Y1      MMCME2_ADV (Prop_mmcme2_adv_CLKIN1_CLKOUT0)
                                                     -7.786    -5.887 r  u_clk_wiz/inst/mmcm_adv_inst/CLKOUT0
                         net (fo=1, routed)           2.130    -3.757    u_clk_wiz/inst/clk_out1_clk_wiz_0
    BUFGCTRL_X0Y1        BUFG (Prop_bufg_I_O)         0.093    -3.664 r  u_clk_wiz/inst/clkout1_buf/O
                         net (fo=29, routed)          1.873    -1.791    u_phy_init/CLK
    SLICE_X3Y47                                                       r  u_phy_init/timer_reg[7]/C
  -------------------------------------------------------------------    -------------------
    SLICE_X3Y47          FDCE (Prop_fdce_C_Q)         0.204    -1.587 f  u_phy_init/timer_reg[7]/Q
                         net (fo=3, routed)           0.711    -0.877    u_phy_init/n_0_timer_reg[7]
    SLICE_X4Y49          LUT6 (Prop_lut6_I3_O)        0.124    -0.753 r  u_phy_init/state[1]_i_4/O
                         net (fo=3, routed)           0.372    -0.380    u_phy_init/n_0_state[1]_i_4
    SLICE_X3Y49          LUT5 (Prop_lut5_I1_O)        0.043    -0.337 r  u_phy_init/timer[23]_i_1/O
                         net (fo=24, routed)          0.492     0.155    u_phy_init/n_0_timer[23]_i_1
    SLICE_X3Y51          FDCE                                         r  u_phy_init/timer_reg[20]/CE
  -------------------------------------------------------------------    -------------------

                         (clock clk_out1_clk_wiz_0 rise edge)
                                                     20.000    20.000 r  
    AE10                                              0.000    20.000 r  sys_clk_p
                         net (fo=0)                   0.000    20.000    u_clk_wiz/inst/clk_in1_p
    AE10                 IBUFDS (Prop_ibufds_I_O)     0.722    20.722 r  u_clk_wiz/inst/clkin1_ibufgds/O
                         net (fo=1, routed)           0.986    21.708    u_clk_wiz/inst/clk_in1_clk_wiz_0
    MMCME2_ADV_X1Y1      MMCME2_ADV (Prop_mmcme2_adv_CLKIN1_CLKOUT0)
                                                     -6.759    14.949 r  u_clk_wiz/inst/mmcm_adv_inst/CLKOUT0
                         net (fo=1, routed)           2.005    16.954    u_clk_wiz/inst/clk_out1_clk_wiz_0
    BUFGCTRL_X0Y1        BUFG (Prop_bufg_I_O)         0.083    17.037 r  u_clk_wiz/inst/clkout1_buf/O
                         net (fo=29, routed)          1.562    18.599    u_phy_init/CLK
    SLICE_X3Y51                                                       r  u_phy_init/timer_reg[20]/C
                         clock pessimism             -0.684    17.915    
                         clock uncertainty           -0.074    17.841    
    SLICE_X3Y51          FDCE (Setup_fdce_C_CE)      -0.201    17.640    u_phy_init/timer_reg[20]
  -------------------------------------------------------------------
                         required time                         17.640    
                         arrival time                          -0.155    
  -------------------------------------------------------------------
                         slack                                 17.486    





Min Delay Paths
--------------------------------------------------------------------------------------
Slack (MET) :             0.204ns  (arrival time - required time)
  Source:                 u_phy_init/timer_reg[0]/C
                            (rising edge-triggered cell FDCE clocked by clk_out1_clk_wiz_0  {rise@0.000ns fall@10.000ns period=20.000ns})
  Destination:            u_phy_init/timer_reg[0]/D
                            (rising edge-triggered cell FDCE clocked by clk_out1_clk_wiz_0  {rise@0.000ns fall@10.000ns period=20.000ns})
  Path Group:             clk_out1_clk_wiz_0
  Path Type:              Hold (Min at Fast Process Corner)
  Requirement:            0.000ns  (clk_out1_clk_wiz_0 rise@0.000ns - clk_out1_clk_wiz_0 rise@0.000ns)
  Data Path Delay:        0.264ns  (logic 0.128ns (48.461%)  route 0.136ns (51.539%))
  Logic Levels:           1  (LUT2=1)
  Clock Path Skew:        0.000ns (DCD - SCD - CPR)
    Destination Clock Delay (DCD):    -0.430ns
    Source Clock Delay      (SCD):    -0.436ns
    Clock Pessimism Removal (CPR):    0.006ns

    Location             Delay type                Incr(ns)  Path(ns)    Netlist Resource(s)
  -------------------------------------------------------------------    -------------------
                         (clock clk_out1_clk_wiz_0 rise edge)
                                                      0.000     0.000 r  
    AE10                                              0.000     0.000 r  sys_clk_p
                         net (fo=0)                   0.000     0.000    u_clk_wiz/inst/clk_in1_p
    AE10                 IBUFDS (Prop_ibufds_I_O)     0.354     0.354 r  u_clk_wiz/inst/clkin1_ibufgds/O
                         net (fo=1, routed)           0.503     0.857    u_clk_wiz/inst/clk_in1_clk_wiz_0
    MMCME2_ADV_X1Y1      MMCME2_ADV (Prop_mmcme2_adv_CLKIN1_CLKOUT0)
                                                     -3.040    -2.183 r  u_clk_wiz/inst/mmcm_adv_inst/CLKOUT0
                         net (fo=1, routed)           0.940    -1.243    u_clk_wiz/inst/clk_out1_clk_wiz_0
    BUFGCTRL_X0Y1        BUFG (Prop_bufg_I_O)         0.026    -1.217 r  u_clk_wiz/inst/clkout1_buf/O
                         net (fo=29, routed)          0.781    -0.436    u_phy_init/CLK
    SLICE_X3Y47                                                       r  u_phy_init/timer_reg[0]/C
  -------------------------------------------------------------------    -------------------
    SLICE_X3Y47          FDCE (Prop_fdce_C_Q)         0.100    -0.336 f  u_phy_init/timer_reg[0]/Q
                         net (fo=2, routed)           0.136    -0.200    u_phy_init/n_0_timer_reg[0]
    SLICE_X3Y47          LUT2 (Prop_lut2_I0_O)        0.028    -0.172 r  u_phy_init/timer[0]_i_1/O
                         net (fo=1, routed)           0.000    -0.172    u_phy_init/timer[0]
    SLICE_X3Y47          FDCE                                         r  u_phy_init/timer_reg[0]/D
  -------------------------------------------------------------------    -------------------

                         (clock clk_out1_clk_wiz_0 rise edge)
                                                      0.000     0.000 r  
    AE10                                              0.000     0.000 r  sys_clk_p
                         net (fo=0)                   0.000     0.000    u_clk_wiz/inst/clk_in1_p
    AE10                 IBUFDS (Prop_ibufds_I_O)     0.432     0.432 r  u_clk_wiz/inst/clkin1_ibufgds/O
                         net (fo=1, routed)           0.553     0.985    u_clk_wiz/inst/clk_in1_clk_wiz_0
    MMCME2_ADV_X1Y1      MMCME2_ADV (Prop_mmcme2_adv_CLKIN1_CLKOUT0)
                                                     -3.493    -2.508 r  u_clk_wiz/inst/mmcm_adv_inst/CLKOUT0
                         net (fo=1, routed)           1.007    -1.501    u_clk_wiz/inst/clk_out1_clk_wiz_0
    BUFGCTRL_X0Y1        BUFG (Prop_bufg_I_O)         0.030    -1.471 r  u_clk_wiz/inst/clkout1_buf/O
                         net (fo=29, routed)          1.041    -0.430    u_phy_init/CLK
    SLICE_X3Y47                                                       r  u_phy_init/timer_reg[0]/C
                         clock pessimism             -0.006    -0.436    
    SLICE_X3Y47          FDCE (Hold_fdce_C_D)         0.060    -0.376    u_phy_init/timer_reg[0]
  -------------------------------------------------------------------
                         required time                          0.376    
                         arrival time                          -0.172    
  -------------------------------------------------------------------
                         slack                                  0.204    

Slack (MET) :             0.225ns  (arrival time - required time)
  Source:                 u_phy_init/state_reg[1]/C
                            (rising edge-triggered cell FDCE clocked by clk_out1_clk_wiz_0  {rise@0.000ns fall@10.000ns period=20.000ns})
  Destination:            u_phy_init/state_reg[0]/D
                            (rising edge-triggered cell FDCE clocked by clk_out1_clk_wiz_0  {rise@0.000ns fall@10.000ns period=20.000ns})
  Path Group:             clk_out1_clk_wiz_0
  Path Type:              Hold (Min at Fast Process Corner)
  Requirement:            0.000ns  (clk_out1_clk_wiz_0 rise@0.000ns - clk_out1_clk_wiz_0 rise@0.000ns)
  Data Path Delay:        0.285ns  (logic 0.128ns (44.885%)  route 0.157ns (55.115%))
  Logic Levels:           1  (LUT6=1)
  Clock Path Skew:        0.000ns (DCD - SCD - CPR)
    Destination Clock Delay (DCD):    -0.431ns
    Source Clock Delay      (SCD):    -0.437ns
    Clock Pessimism Removal (CPR):    0.006ns

    Location             Delay type                Incr(ns)  Path(ns)    Netlist Resource(s)
  -------------------------------------------------------------------    -------------------
                         (clock clk_out1_clk_wiz_0 rise edge)
                                                      0.000     0.000 r  
    AE10                                              0.000     0.000 r  sys_clk_p
                         net (fo=0)                   0.000     0.000    u_clk_wiz/inst/clk_in1_p
    AE10                 IBUFDS (Prop_ibufds_I_O)     0.354     0.354 r  u_clk_wiz/inst/clkin1_ibufgds/O
                         net (fo=1, routed)           0.503     0.857    u_clk_wiz/inst/clk_in1_clk_wiz_0
    MMCME2_ADV_X1Y1      MMCME2_ADV (Prop_mmcme2_adv_CLKIN1_CLKOUT0)
                                                     -3.040    -2.183 r  u_clk_wiz/inst/mmcm_adv_inst/CLKOUT0
                         net (fo=1, routed)           0.940    -1.243    u_clk_wiz/inst/clk_out1_clk_wiz_0
    BUFGCTRL_X0Y1        BUFG (Prop_bufg_I_O)         0.026    -1.217 r  u_clk_wiz/inst/clkout1_buf/O
                         net (fo=29, routed)          0.780    -0.437    u_phy_init/CLK
    SLICE_X4Y49                                                       r  u_phy_init/state_reg[1]/C
  -------------------------------------------------------------------    -------------------
    SLICE_X4Y49          FDCE (Prop_fdce_C_Q)         0.100    -0.337 r  u_phy_init/state_reg[1]/Q
                         net (fo=6, routed)           0.157    -0.180    u_phy_init/state[1]
    SLICE_X4Y49          LUT6 (Prop_lut6_I5_O)        0.028    -0.152 r  u_phy_init/state[0]_i_1/O
                         net (fo=1, routed)           0.000    -0.152    u_phy_init/n_0_state[0]_i_1
    SLICE_X4Y49          FDCE                                         r  u_phy_init/state_reg[0]/D
  -------------------------------------------------------------------    -------------------

                         (clock clk_out1_clk_wiz_0 rise edge)
                                                      0.000     0.000 r  
    AE10                                              0.000     0.000 r  sys_clk_p
                         net (fo=0)                   0.000     0.000    u_clk_wiz/inst/clk_in1_p
    AE10                 IBUFDS (Prop_ibufds_I_O)     0.432     0.432 r  u_clk_wiz/inst/clkin1_ibufgds/O
                         net (fo=1, routed)           0.553     0.985    u_clk_wiz/inst/clk_in1_clk_wiz_0
    MMCME2_ADV_X1Y1      MMCME2_ADV (Prop_mmcme2_adv_CLKIN1_CLKOUT0)
                                                     -3.493    -2.508 r  u_clk_wiz/inst/mmcm_adv_inst/CLKOUT0
                         net (fo=1, routed)           1.007    -1.501    u_clk_wiz/inst/clk_out1_clk_wiz_0
    BUFGCTRL_X0Y1        BUFG (Prop_bufg_I_O)         0.030    -1.471 r  u_clk_wiz/inst/clkout1_buf/O
                         net (fo=29, routed)          1.040    -0.431    u_phy_init/CLK
    SLICE_X4Y49                                                       r  u_phy_init/state_reg[0]/C
                         clock pessimism             -0.006    -0.437    
    SLICE_X4Y49          FDCE (Hold_fdce_C_D)         0.060    -0.377    u_phy_init/state_reg[0]
  -------------------------------------------------------------------
                         required time                          0.377    
                         arrival time                          -0.152    
  -------------------------------------------------------------------
                         slack                                  0.225    

Slack (MET) :             0.227ns  (arrival time - required time)
  Source:                 u_phy_init/state_reg[0]/C
                            (rising edge-triggered cell FDCE clocked by clk_out1_clk_wiz_0  {rise@0.000ns fall@10.000ns period=20.000ns})
  Destination:            u_phy_init/e_reset_reg/D
                            (rising edge-triggered cell FDCE clocked by clk_out1_clk_wiz_0  {rise@0.000ns fall@10.000ns period=20.000ns})
  Path Group:             clk_out1_clk_wiz_0
  Path Type:              Hold (Min at Fast Process Corner)
  Requirement:            0.000ns  (clk_out1_clk_wiz_0 rise@0.000ns - clk_out1_clk_wiz_0 rise@0.000ns)
  Data Path Delay:        0.335ns  (logic 0.130ns (38.791%)  route 0.205ns (61.209%))
  Logic Levels:           1  (LUT2=1)
  Clock Path Skew:        0.033ns (DCD - SCD - CPR)
    Destination Clock Delay (DCD):    -0.430ns
    Source Clock Delay      (SCD):    -0.437ns
    Clock Pessimism Removal (CPR):    -0.026ns

    Location             Delay type                Incr(ns)  Path(ns)    Netlist Resource(s)
  -------------------------------------------------------------------    -------------------
                         (clock clk_out1_clk_wiz_0 rise edge)
                                                      0.000     0.000 r  
    AE10                                              0.000     0.000 r  sys_clk_p
                         net (fo=0)                   0.000     0.000    u_clk_wiz/inst/clk_in1_p
    AE10                 IBUFDS (Prop_ibufds_I_O)     0.354     0.354 r  u_clk_wiz/inst/clkin1_ibufgds/O
                         net (fo=1, routed)           0.503     0.857    u_clk_wiz/inst/clk_in1_clk_wiz_0
    MMCME2_ADV_X1Y1      MMCME2_ADV (Prop_mmcme2_adv_CLKIN1_CLKOUT0)
                                                     -3.040    -2.183 r  u_clk_wiz/inst/mmcm_adv_inst/CLKOUT0
                         net (fo=1, routed)           0.940    -1.243    u_clk_wiz/inst/clk_out1_clk_wiz_0
    BUFGCTRL_X0Y1        BUFG (Prop_bufg_I_O)         0.026    -1.217 r  u_clk_wiz/inst/clkout1_buf/O
                         net (fo=29, routed)          0.780    -0.437    u_phy_init/CLK
    SLICE_X4Y49                                                       r  u_phy_init/state_reg[0]/C
  -------------------------------------------------------------------    -------------------
    SLICE_X4Y49          FDCE (Prop_fdce_C_Q)         0.100    -0.337 r  u_phy_init/state_reg[0]/Q
                         net (fo=6, routed)           0.205    -0.132    u_phy_init/state[0]
    SLICE_X0Y49          LUT2 (Prop_lut2_I0_O)        0.030    -0.102 r  u_phy_init/e_reset_i_1/O
                         net (fo=1, routed)           0.000    -0.102    u_phy_init/n_0_e_reset_i_1
    SLICE_X0Y49          FDCE                                         r  u_phy_init/e_reset_reg/D
  -------------------------------------------------------------------    -------------------

                         (clock clk_out1_clk_wiz_0 rise edge)
                                                      0.000     0.000 r  
    AE10                                              0.000     0.000 r  sys_clk_p
                         net (fo=0)                   0.000     0.000    u_clk_wiz/inst/clk_in1_p
    AE10                 IBUFDS (Prop_ibufds_I_O)     0.432     0.432 r  u_clk_wiz/inst/clkin1_ibufgds/O
                         net (fo=1, routed)           0.553     0.985    u_clk_wiz/inst/clk_in1_clk_wiz_0
    MMCME2_ADV_X1Y1      MMCME2_ADV (Prop_mmcme2_adv_CLKIN1_CLKOUT0)
                                                     -3.493    -2.508 r  u_clk_wiz/inst/mmcm_adv_inst/CLKOUT0
                         net (fo=1, routed)           1.007    -1.501    u_clk_wiz/inst/clk_out1_clk_wiz_0
    BUFGCTRL_X0Y1        BUFG (Prop_bufg_I_O)         0.030    -1.471 r  u_clk_wiz/inst/clkout1_buf/O
                         net (fo=29, routed)          1.041    -0.430    u_phy_init/CLK
    SLICE_X0Y49                                                       r  u_phy_init/e_reset_reg/C
                         clock pessimism              0.026    -0.404    
    SLICE_X0Y49          FDCE (Hold_fdce_C_D)         0.075    -0.329    u_phy_init/e_reset_reg
  -------------------------------------------------------------------
                         required time                          0.329    
                         arrival time                          -0.102    
  -------------------------------------------------------------------
                         slack                                  0.227    

Slack (MET) :             0.227ns  (arrival time - required time)
  Source:                 u_phy_init/state_reg[1]/C
                            (rising edge-triggered cell FDCE clocked by clk_out1_clk_wiz_0  {rise@0.000ns fall@10.000ns period=20.000ns})
  Destination:            u_phy_init/state_reg[1]/D
                            (rising edge-triggered cell FDCE clocked by clk_out1_clk_wiz_0  {rise@0.000ns fall@10.000ns period=20.000ns})
  Path Group:             clk_out1_clk_wiz_0
  Path Type:              Hold (Min at Fast Process Corner)
  Requirement:            0.000ns  (clk_out1_clk_wiz_0 rise@0.000ns - clk_out1_clk_wiz_0 rise@0.000ns)
  Data Path Delay:        0.287ns  (logic 0.128ns (44.539%)  route 0.159ns (55.461%))
  Logic Levels:           1  (LUT6=1)
  Clock Path Skew:        0.000ns (DCD - SCD - CPR)
    Destination Clock Delay (DCD):    -0.431ns
    Source Clock Delay      (SCD):    -0.437ns
    Clock Pessimism Removal (CPR):    0.006ns

    Location             Delay type                Incr(ns)  Path(ns)    Netlist Resource(s)
  -------------------------------------------------------------------    -------------------
                         (clock clk_out1_clk_wiz_0 rise edge)
                                                      0.000     0.000 r  
    AE10                                              0.000     0.000 r  sys_clk_p
                         net (fo=0)                   0.000     0.000    u_clk_wiz/inst/clk_in1_p
    AE10                 IBUFDS (Prop_ibufds_I_O)     0.354     0.354 r  u_clk_wiz/inst/clkin1_ibufgds/O
                         net (fo=1, routed)           0.503     0.857    u_clk_wiz/inst/clk_in1_clk_wiz_0
    MMCME2_ADV_X1Y1      MMCME2_ADV (Prop_mmcme2_adv_CLKIN1_CLKOUT0)
                                                     -3.040    -2.183 r  u_clk_wiz/inst/mmcm_adv_inst/CLKOUT0
                         net (fo=1, routed)           0.940    -1.243    u_clk_wiz/inst/clk_out1_clk_wiz_0
    BUFGCTRL_X0Y1        BUFG (Prop_bufg_I_O)         0.026    -1.217 r  u_clk_wiz/inst/clkout1_buf/O
                         net (fo=29, routed)          0.780    -0.437    u_phy_init/CLK
    SLICE_X4Y49                                                       r  u_phy_init/state_reg[1]/C
  -------------------------------------------------------------------    -------------------
    SLICE_X4Y49          FDCE (Prop_fdce_C_Q)         0.100    -0.337 r  u_phy_init/state_reg[1]/Q
                         net (fo=6, routed)           0.159    -0.178    u_phy_init/state[1]
    SLICE_X4Y49          LUT6 (Prop_lut6_I4_O)        0.028    -0.150 r  u_phy_init/state[1]_i_1/O
                         net (fo=1, routed)           0.000    -0.150    u_phy_init/n_0_state[1]_i_1
    SLICE_X4Y49          FDCE                                         r  u_phy_init/state_reg[1]/D
  -------------------------------------------------------------------    -------------------

                         (clock clk_out1_clk_wiz_0 rise edge)
                                                      0.000     0.000 r  
    AE10                                              0.000     0.000 r  sys_clk_p
                         net (fo=0)                   0.000     0.000    u_clk_wiz/inst/clk_in1_p
    AE10                 IBUFDS (Prop_ibufds_I_O)     0.432     0.432 r  u_clk_wiz/inst/clkin1_ibufgds/O
                         net (fo=1, routed)           0.553     0.985    u_clk_wiz/inst/clk_in1_clk_wiz_0
    MMCME2_ADV_X1Y1      MMCME2_ADV (Prop_mmcme2_adv_CLKIN1_CLKOUT0)
                                                     -3.493    -2.508 r  u_clk_wiz/inst/mmcm_adv_inst/CLKOUT0
                         net (fo=1, routed)           1.007    -1.501    u_clk_wiz/inst/clk_out1_clk_wiz_0
    BUFGCTRL_X0Y1        BUFG (Prop_bufg_I_O)         0.030    -1.471 r  u_clk_wiz/inst/clkout1_buf/O
                         net (fo=29, routed)          1.040    -0.431    u_phy_init/CLK
    SLICE_X4Y49                                                       r  u_phy_init/state_reg[1]/C
                         clock pessimism             -0.006    -0.437    
    SLICE_X4Y49          FDCE (Hold_fdce_C_D)         0.060    -0.377    u_phy_init/state_reg[1]
  -------------------------------------------------------------------
                         required time                          0.377    
                         arrival time                          -0.150    
  -------------------------------------------------------------------
                         slack                                  0.227    

Slack (MET) :             0.240ns  (arrival time - required time)
  Source:                 u_phy_init/state_reg[0]/C
                            (rising edge-triggered cell FDCE clocked by clk_out1_clk_wiz_0  {rise@0.000ns fall@10.000ns period=20.000ns})
  Destination:            E_RXD_OBUFT[7]_inst_i_2/D
                            (rising edge-triggered cell FDPE clocked by clk_out1_clk_wiz_0  {rise@0.000ns fall@10.000ns period=20.000ns})
  Path Group:             clk_out1_clk_wiz_0
  Path Type:              Hold (Min at Fast Process Corner)
  Requirement:            0.000ns  (clk_out1_clk_wiz_0 rise@0.000ns - clk_out1_clk_wiz_0 rise@0.000ns)
  Data Path Delay:        0.333ns  (logic 0.128ns (38.423%)  route 0.205ns (61.577%))
  Logic Levels:           1  (LUT2=1)
  Clock Path Skew:        0.033ns (DCD - SCD - CPR)
    Destination Clock Delay (DCD):    -0.430ns
    Source Clock Delay      (SCD):    -0.437ns
    Clock Pessimism Removal (CPR):    -0.026ns

    Location             Delay type                Incr(ns)  Path(ns)    Netlist Resource(s)
  -------------------------------------------------------------------    -------------------
                         (clock clk_out1_clk_wiz_0 rise edge)
                                                      0.000     0.000 r  
    AE10                                              0.000     0.000 r  sys_clk_p
                         net (fo=0)                   0.000     0.000    u_clk_wiz/inst/clk_in1_p
    AE10                 IBUFDS (Prop_ibufds_I_O)     0.354     0.354 r  u_clk_wiz/inst/clkin1_ibufgds/O
                         net (fo=1, routed)           0.503     0.857    u_clk_wiz/inst/clk_in1_clk_wiz_0
    MMCME2_ADV_X1Y1      MMCME2_ADV (Prop_mmcme2_adv_CLKIN1_CLKOUT0)
                                                     -3.040    -2.183 r  u_clk_wiz/inst/mmcm_adv_inst/CLKOUT0
                         net (fo=1, routed)           0.940    -1.243    u_clk_wiz/inst/clk_out1_clk_wiz_0
    BUFGCTRL_X0Y1        BUFG (Prop_bufg_I_O)         0.026    -1.217 r  u_clk_wiz/inst/clkout1_buf/O
                         net (fo=29, routed)          0.780    -0.437    u_phy_init/CLK
    SLICE_X4Y49                                                       r  u_phy_init/state_reg[0]/C
  -------------------------------------------------------------------    -------------------
    SLICE_X4Y49          FDCE (Prop_fdce_C_Q)         0.100    -0.337 r  u_phy_init/state_reg[0]/Q
                         net (fo=6, routed)           0.205    -0.132    u_phy_init/state[0]
    SLICE_X0Y49          LUT2 (Prop_lut2_I0_O)        0.028    -0.104 r  u_phy_init/E_RXD_OBUFT[7]_inst_i_3/O
                         net (fo=1, routed)           0.000    -0.104    rxer_out0
    SLICE_X0Y49          FDPE                                         r  E_RXD_OBUFT[7]_inst_i_2/D
  -------------------------------------------------------------------    -------------------

                         (clock clk_out1_clk_wiz_0 rise edge)
                                                      0.000     0.000 r  
    AE10                                              0.000     0.000 r  sys_clk_p
                         net (fo=0)                   0.000     0.000    u_clk_wiz/inst/clk_in1_p
    AE10                 IBUFDS (Prop_ibufds_I_O)     0.432     0.432 r  u_clk_wiz/inst/clkin1_ibufgds/O
                         net (fo=1, routed)           0.553     0.985    u_clk_wiz/inst/clk_in1_clk_wiz_0
    MMCME2_ADV_X1Y1      MMCME2_ADV (Prop_mmcme2_adv_CLKIN1_CLKOUT0)
                                                     -3.493    -2.508 r  u_clk_wiz/inst/mmcm_adv_inst/CLKOUT0
                         net (fo=1, routed)           1.007    -1.501    u_clk_wiz/inst/clk_out1_clk_wiz_0
    BUFGCTRL_X0Y1        BUFG (Prop_bufg_I_O)         0.030    -1.471 r  u_clk_wiz/inst/clkout1_buf/O
                         net (fo=29, routed)          1.041    -0.430    clk_out1
    SLICE_X0Y49                                                       r  E_RXD_OBUFT[7]_inst_i_2/C
                         clock pessimism              0.026    -0.404    
    SLICE_X0Y49          FDPE (Hold_fdpe_C_D)         0.060    -0.344    E_RXD_OBUFT[7]_inst_i_2
  -------------------------------------------------------------------
                         required time                          0.344    
                         arrival time                          -0.104    
  -------------------------------------------------------------------
                         slack                                  0.240    

Slack (MET) :             0.256ns  (arrival time - required time)
  Source:                 u_phy_init/state_reg[1]/C
                            (rising edge-triggered cell FDCE clocked by clk_out1_clk_wiz_0  {rise@0.000ns fall@10.000ns period=20.000ns})
  Destination:            u_phy_init/io_dir_trig_reg/D
                            (rising edge-triggered cell FDCE clocked by clk_out1_clk_wiz_0  {rise@0.000ns fall@10.000ns period=20.000ns})
  Path Group:             clk_out1_clk_wiz_0
  Path Type:              Hold (Min at Fast Process Corner)
  Requirement:            0.000ns  (clk_out1_clk_wiz_0 rise@0.000ns - clk_out1_clk_wiz_0 rise@0.000ns)
  Data Path Delay:        0.328ns  (logic 0.100ns (30.459%)  route 0.228ns (69.541%))
  Logic Levels:           0  
  Clock Path Skew:        0.032ns (DCD - SCD - CPR)
    Destination Clock Delay (DCD):    -0.431ns
    Source Clock Delay      (SCD):    -0.437ns
    Clock Pessimism Removal (CPR):    -0.026ns

    Location             Delay type                Incr(ns)  Path(ns)    Netlist Resource(s)
  -------------------------------------------------------------------    -------------------
                         (clock clk_out1_clk_wiz_0 rise edge)
                                                      0.000     0.000 r  
    AE10                                              0.000     0.000 r  sys_clk_p
                         net (fo=0)                   0.000     0.000    u_clk_wiz/inst/clk_in1_p
    AE10                 IBUFDS (Prop_ibufds_I_O)     0.354     0.354 r  u_clk_wiz/inst/clkin1_ibufgds/O
                         net (fo=1, routed)           0.503     0.857    u_clk_wiz/inst/clk_in1_clk_wiz_0
    MMCME2_ADV_X1Y1      MMCME2_ADV (Prop_mmcme2_adv_CLKIN1_CLKOUT0)
                                                     -3.040    -2.183 r  u_clk_wiz/inst/mmcm_adv_inst/CLKOUT0
                         net (fo=1, routed)           0.940    -1.243    u_clk_wiz/inst/clk_out1_clk_wiz_0
    BUFGCTRL_X0Y1        BUFG (Prop_bufg_I_O)         0.026    -1.217 r  u_clk_wiz/inst/clkout1_buf/O
                         net (fo=29, routed)          0.780    -0.437    u_phy_init/CLK
    SLICE_X4Y49                                                       r  u_phy_init/state_reg[1]/C
  -------------------------------------------------------------------    -------------------
    SLICE_X4Y49          FDCE (Prop_fdce_C_Q)         0.100    -0.337 r  u_phy_init/state_reg[1]/Q
                         net (fo=6, routed)           0.228    -0.109    u_phy_init/state[1]
    SLICE_X0Y46          FDCE                                         r  u_phy_init/io_dir_trig_reg/D
  -------------------------------------------------------------------    -------------------

                         (clock clk_out1_clk_wiz_0 rise edge)
                                                      0.000     0.000 r  
    AE10                                              0.000     0.000 r  sys_clk_p
                         net (fo=0)                   0.000     0.000    u_clk_wiz/inst/clk_in1_p
    AE10                 IBUFDS (Prop_ibufds_I_O)     0.432     0.432 r  u_clk_wiz/inst/clkin1_ibufgds/O
                         net (fo=1, routed)           0.553     0.985    u_clk_wiz/inst/clk_in1_clk_wiz_0
    MMCME2_ADV_X1Y1      MMCME2_ADV (Prop_mmcme2_adv_CLKIN1_CLKOUT0)
                                                     -3.493    -2.508 r  u_clk_wiz/inst/mmcm_adv_inst/CLKOUT0
                         net (fo=1, routed)           1.007    -1.501    u_clk_wiz/inst/clk_out1_clk_wiz_0
    BUFGCTRL_X0Y1        BUFG (Prop_bufg_I_O)         0.030    -1.471 r  u_clk_wiz/inst/clkout1_buf/O
                         net (fo=29, routed)          1.040    -0.431    u_phy_init/CLK
    SLICE_X0Y46                                                       r  u_phy_init/io_dir_trig_reg/C
                         clock pessimism              0.026    -0.405    
    SLICE_X0Y46          FDCE (Hold_fdce_C_D)         0.040    -0.365    u_phy_init/io_dir_trig_reg
  -------------------------------------------------------------------
                         required time                          0.365    
                         arrival time                          -0.109    
  -------------------------------------------------------------------
                         slack                                  0.256    

Slack (MET) :             0.321ns  (arrival time - required time)
  Source:                 u_phy_init/state_reg[1]/C
                            (rising edge-triggered cell FDCE clocked by clk_out1_clk_wiz_0  {rise@0.000ns fall@10.000ns period=20.000ns})
  Destination:            u_phy_init/timer_reg[15]/CE
                            (rising edge-triggered cell FDCE clocked by clk_out1_clk_wiz_0  {rise@0.000ns fall@10.000ns period=20.000ns})
  Path Group:             clk_out1_clk_wiz_0
  Path Type:              Hold (Min at Fast Process Corner)
  Requirement:            0.000ns  (clk_out1_clk_wiz_0 rise@0.000ns - clk_out1_clk_wiz_0 rise@0.000ns)
  Data Path Delay:        0.472ns  (logic 0.128ns (27.096%)  route 0.344ns (72.904%))
  Logic Levels:           1  (LUT5=1)
  Clock Path Skew:        0.141ns (DCD - SCD - CPR)
    Destination Clock Delay (DCD):    -0.502ns
    Source Clock Delay      (SCD):    -0.437ns
    Clock Pessimism Removal (CPR):    -0.206ns

    Location             Delay type                Incr(ns)  Path(ns)    Netlist Resource(s)
  -------------------------------------------------------------------    -------------------
                         (clock clk_out1_clk_wiz_0 rise edge)
                                                      0.000     0.000 r  
    AE10                                              0.000     0.000 r  sys_clk_p
                         net (fo=0)                   0.000     0.000    u_clk_wiz/inst/clk_in1_p
    AE10                 IBUFDS (Prop_ibufds_I_O)     0.354     0.354 r  u_clk_wiz/inst/clkin1_ibufgds/O
                         net (fo=1, routed)           0.503     0.857    u_clk_wiz/inst/clk_in1_clk_wiz_0
    MMCME2_ADV_X1Y1      MMCME2_ADV (Prop_mmcme2_adv_CLKIN1_CLKOUT0)
                                                     -3.040    -2.183 r  u_clk_wiz/inst/mmcm_adv_inst/CLKOUT0
                         net (fo=1, routed)           0.940    -1.243    u_clk_wiz/inst/clk_out1_clk_wiz_0
    BUFGCTRL_X0Y1        BUFG (Prop_bufg_I_O)         0.026    -1.217 r  u_clk_wiz/inst/clkout1_buf/O
                         net (fo=29, routed)          0.780    -0.437    u_phy_init/CLK
    SLICE_X4Y49                                                       r  u_phy_init/state_reg[1]/C
  -------------------------------------------------------------------    -------------------
    SLICE_X4Y49          FDCE (Prop_fdce_C_Q)         0.100    -0.337 f  u_phy_init/state_reg[1]/Q
                         net (fo=6, routed)           0.127    -0.210    u_phy_init/state[1]
    SLICE_X3Y49          LUT5 (Prop_lut5_I4_O)        0.028    -0.182 r  u_phy_init/timer[23]_i_1/O
                         net (fo=24, routed)          0.217     0.035    u_phy_init/n_0_timer[23]_i_1
    SLICE_X3Y50          FDCE                                         r  u_phy_init/timer_reg[15]/CE
  -------------------------------------------------------------------    -------------------

                         (clock clk_out1_clk_wiz_0 rise edge)
                                                      0.000     0.000 r  
    AE10                                              0.000     0.000 r  sys_clk_p
                         net (fo=0)                   0.000     0.000    u_clk_wiz/inst/clk_in1_p
    AE10                 IBUFDS (Prop_ibufds_I_O)     0.432     0.432 r  u_clk_wiz/inst/clkin1_ibufgds/O
                         net (fo=1, routed)           0.553     0.985    u_clk_wiz/inst/clk_in1_clk_wiz_0
    MMCME2_ADV_X1Y1      MMCME2_ADV (Prop_mmcme2_adv_CLKIN1_CLKOUT0)
                                                     -3.493    -2.508 r  u_clk_wiz/inst/mmcm_adv_inst/CLKOUT0
                         net (fo=1, routed)           1.007    -1.501    u_clk_wiz/inst/clk_out1_clk_wiz_0
    BUFGCTRL_X0Y1        BUFG (Prop_bufg_I_O)         0.030    -1.471 r  u_clk_wiz/inst/clkout1_buf/O
                         net (fo=29, routed)          0.969    -0.502    u_phy_init/CLK
    SLICE_X3Y50                                                       r  u_phy_init/timer_reg[15]/C
                         clock pessimism              0.206    -0.296    
    SLICE_X3Y50          FDCE (Hold_fdce_C_CE)        0.010    -0.286    u_phy_init/timer_reg[15]
  -------------------------------------------------------------------
                         required time                          0.286    
                         arrival time                           0.035    
  -------------------------------------------------------------------
                         slack                                  0.321    

Slack (MET) :             0.321ns  (arrival time - required time)
  Source:                 u_phy_init/state_reg[1]/C
                            (rising edge-triggered cell FDCE clocked by clk_out1_clk_wiz_0  {rise@0.000ns fall@10.000ns period=20.000ns})
  Destination:            u_phy_init/timer_reg[17]/CE
                            (rising edge-triggered cell FDCE clocked by clk_out1_clk_wiz_0  {rise@0.000ns fall@10.000ns period=20.000ns})
  Path Group:             clk_out1_clk_wiz_0
  Path Type:              Hold (Min at Fast Process Corner)
  Requirement:            0.000ns  (clk_out1_clk_wiz_0 rise@0.000ns - clk_out1_clk_wiz_0 rise@0.000ns)
  Data Path Delay:        0.472ns  (logic 0.128ns (27.096%)  route 0.344ns (72.904%))
  Logic Levels:           1  (LUT5=1)
  Clock Path Skew:        0.141ns (DCD - SCD - CPR)
    Destination Clock Delay (DCD):    -0.502ns
    Source Clock Delay      (SCD):    -0.437ns
    Clock Pessimism Removal (CPR):    -0.206ns

    Location             Delay type                Incr(ns)  Path(ns)    Netlist Resource(s)
  -------------------------------------------------------------------    -------------------
                         (clock clk_out1_clk_wiz_0 rise edge)
                                                      0.000     0.000 r  
    AE10                                              0.000     0.000 r  sys_clk_p
                         net (fo=0)                   0.000     0.000    u_clk_wiz/inst/clk_in1_p
    AE10                 IBUFDS (Prop_ibufds_I_O)     0.354     0.354 r  u_clk_wiz/inst/clkin1_ibufgds/O
                         net (fo=1, routed)           0.503     0.857    u_clk_wiz/inst/clk_in1_clk_wiz_0
    MMCME2_ADV_X1Y1      MMCME2_ADV (Prop_mmcme2_adv_CLKIN1_CLKOUT0)
                                                     -3.040    -2.183 r  u_clk_wiz/inst/mmcm_adv_inst/CLKOUT0
                         net (fo=1, routed)           0.940    -1.243    u_clk_wiz/inst/clk_out1_clk_wiz_0
    BUFGCTRL_X0Y1        BUFG (Prop_bufg_I_O)         0.026    -1.217 r  u_clk_wiz/inst/clkout1_buf/O
                         net (fo=29, routed)          0.780    -0.437    u_phy_init/CLK
    SLICE_X4Y49                                                       r  u_phy_init/state_reg[1]/C
  -------------------------------------------------------------------    -------------------
    SLICE_X4Y49          FDCE (Prop_fdce_C_Q)         0.100    -0.337 f  u_phy_init/state_reg[1]/Q
                         net (fo=6, routed)           0.127    -0.210    u_phy_init/state[1]
    SLICE_X3Y49          LUT5 (Prop_lut5_I4_O)        0.028    -0.182 r  u_phy_init/timer[23]_i_1/O
                         net (fo=24, routed)          0.217     0.035    u_phy_init/n_0_timer[23]_i_1
    SLICE_X3Y50          FDCE                                         r  u_phy_init/timer_reg[17]/CE
  -------------------------------------------------------------------    -------------------

                         (clock clk_out1_clk_wiz_0 rise edge)
                                                      0.000     0.000 r  
    AE10                                              0.000     0.000 r  sys_clk_p
                         net (fo=0)                   0.000     0.000    u_clk_wiz/inst/clk_in1_p
    AE10                 IBUFDS (Prop_ibufds_I_O)     0.432     0.432 r  u_clk_wiz/inst/clkin1_ibufgds/O
                         net (fo=1, routed)           0.553     0.985    u_clk_wiz/inst/clk_in1_clk_wiz_0
    MMCME2_ADV_X1Y1      MMCME2_ADV (Prop_mmcme2_adv_CLKIN1_CLKOUT0)
                                                     -3.493    -2.508 r  u_clk_wiz/inst/mmcm_adv_inst/CLKOUT0
                         net (fo=1, routed)           1.007    -1.501    u_clk_wiz/inst/clk_out1_clk_wiz_0
    BUFGCTRL_X0Y1        BUFG (Prop_bufg_I_O)         0.030    -1.471 r  u_clk_wiz/inst/clkout1_buf/O
                         net (fo=29, routed)          0.969    -0.502    u_phy_init/CLK
    SLICE_X3Y50                                                       r  u_phy_init/timer_reg[17]/C
                         clock pessimism              0.206    -0.296    
    SLICE_X3Y50          FDCE (Hold_fdce_C_CE)        0.010    -0.286    u_phy_init/timer_reg[17]
  -------------------------------------------------------------------
                         required time                          0.286    
                         arrival time                           0.035    
  -------------------------------------------------------------------
                         slack                                  0.321    

Slack (MET) :             0.321ns  (arrival time - required time)
  Source:                 u_phy_init/state_reg[1]/C
                            (rising edge-triggered cell FDCE clocked by clk_out1_clk_wiz_0  {rise@0.000ns fall@10.000ns period=20.000ns})
  Destination:            u_phy_init/timer_reg[18]/CE
                            (rising edge-triggered cell FDCE clocked by clk_out1_clk_wiz_0  {rise@0.000ns fall@10.000ns period=20.000ns})
  Path Group:             clk_out1_clk_wiz_0
  Path Type:              Hold (Min at Fast Process Corner)
  Requirement:            0.000ns  (clk_out1_clk_wiz_0 rise@0.000ns - clk_out1_clk_wiz_0 rise@0.000ns)
  Data Path Delay:        0.472ns  (logic 0.128ns (27.096%)  route 0.344ns (72.904%))
  Logic Levels:           1  (LUT5=1)
  Clock Path Skew:        0.141ns (DCD - SCD - CPR)
    Destination Clock Delay (DCD):    -0.502ns
    Source Clock Delay      (SCD):    -0.437ns
    Clock Pessimism Removal (CPR):    -0.206ns

    Location             Delay type                Incr(ns)  Path(ns)    Netlist Resource(s)
  -------------------------------------------------------------------    -------------------
                         (clock clk_out1_clk_wiz_0 rise edge)
                                                      0.000     0.000 r  
    AE10                                              0.000     0.000 r  sys_clk_p
                         net (fo=0)                   0.000     0.000    u_clk_wiz/inst/clk_in1_p
    AE10                 IBUFDS (Prop_ibufds_I_O)     0.354     0.354 r  u_clk_wiz/inst/clkin1_ibufgds/O
                         net (fo=1, routed)           0.503     0.857    u_clk_wiz/inst/clk_in1_clk_wiz_0
    MMCME2_ADV_X1Y1      MMCME2_ADV (Prop_mmcme2_adv_CLKIN1_CLKOUT0)
                                                     -3.040    -2.183 r  u_clk_wiz/inst/mmcm_adv_inst/CLKOUT0
                         net (fo=1, routed)           0.940    -1.243    u_clk_wiz/inst/clk_out1_clk_wiz_0
    BUFGCTRL_X0Y1        BUFG (Prop_bufg_I_O)         0.026    -1.217 r  u_clk_wiz/inst/clkout1_buf/O
                         net (fo=29, routed)          0.780    -0.437    u_phy_init/CLK
    SLICE_X4Y49                                                       r  u_phy_init/state_reg[1]/C
  -------------------------------------------------------------------    -------------------
    SLICE_X4Y49          FDCE (Prop_fdce_C_Q)         0.100    -0.337 f  u_phy_init/state_reg[1]/Q
                         net (fo=6, routed)           0.127    -0.210    u_phy_init/state[1]
    SLICE_X3Y49          LUT5 (Prop_lut5_I4_O)        0.028    -0.182 r  u_phy_init/timer[23]_i_1/O
                         net (fo=24, routed)          0.217     0.035    u_phy_init/n_0_timer[23]_i_1
    SLICE_X3Y50          FDCE                                         r  u_phy_init/timer_reg[18]/CE
  -------------------------------------------------------------------    -------------------

                         (clock clk_out1_clk_wiz_0 rise edge)
                                                      0.000     0.000 r  
    AE10                                              0.000     0.000 r  sys_clk_p
                         net (fo=0)                   0.000     0.000    u_clk_wiz/inst/clk_in1_p
    AE10                 IBUFDS (Prop_ibufds_I_O)     0.432     0.432 r  u_clk_wiz/inst/clkin1_ibufgds/O
                         net (fo=1, routed)           0.553     0.985    u_clk_wiz/inst/clk_in1_clk_wiz_0
    MMCME2_ADV_X1Y1      MMCME2_ADV (Prop_mmcme2_adv_CLKIN1_CLKOUT0)
                                                     -3.493    -2.508 r  u_clk_wiz/inst/mmcm_adv_inst/CLKOUT0
                         net (fo=1, routed)           1.007    -1.501    u_clk_wiz/inst/clk_out1_clk_wiz_0
    BUFGCTRL_X0Y1        BUFG (Prop_bufg_I_O)         0.030    -1.471 r  u_clk_wiz/inst/clkout1_buf/O
                         net (fo=29, routed)          0.969    -0.502    u_phy_init/CLK
    SLICE_X3Y50                                                       r  u_phy_init/timer_reg[18]/C
                         clock pessimism              0.206    -0.296    
    SLICE_X3Y50          FDCE (Hold_fdce_C_CE)        0.010    -0.286    u_phy_init/timer_reg[18]
  -------------------------------------------------------------------
                         required time                          0.286    
                         arrival time                           0.035    
  -------------------------------------------------------------------
                         slack                                  0.321    

Slack (MET) :             0.321ns  (arrival time - required time)
  Source:                 u_phy_init/state_reg[1]/C
                            (rising edge-triggered cell FDCE clocked by clk_out1_clk_wiz_0  {rise@0.000ns fall@10.000ns period=20.000ns})
  Destination:            u_phy_init/timer_reg[19]/CE
                            (rising edge-triggered cell FDCE clocked by clk_out1_clk_wiz_0  {rise@0.000ns fall@10.000ns period=20.000ns})
  Path Group:             clk_out1_clk_wiz_0
  Path Type:              Hold (Min at Fast Process Corner)
  Requirement:            0.000ns  (clk_out1_clk_wiz_0 rise@0.000ns - clk_out1_clk_wiz_0 rise@0.000ns)
  Data Path Delay:        0.472ns  (logic 0.128ns (27.096%)  route 0.344ns (72.904%))
  Logic Levels:           1  (LUT5=1)
  Clock Path Skew:        0.141ns (DCD - SCD - CPR)
    Destination Clock Delay (DCD):    -0.502ns
    Source Clock Delay      (SCD):    -0.437ns
    Clock Pessimism Removal (CPR):    -0.206ns

    Location             Delay type                Incr(ns)  Path(ns)    Netlist Resource(s)
  -------------------------------------------------------------------    -------------------
                         (clock clk_out1_clk_wiz_0 rise edge)
                                                      0.000     0.000 r  
    AE10                                              0.000     0.000 r  sys_clk_p
                         net (fo=0)                   0.000     0.000    u_clk_wiz/inst/clk_in1_p
    AE10                 IBUFDS (Prop_ibufds_I_O)     0.354     0.354 r  u_clk_wiz/inst/clkin1_ibufgds/O
                         net (fo=1, routed)           0.503     0.857    u_clk_wiz/inst/clk_in1_clk_wiz_0
    MMCME2_ADV_X1Y1      MMCME2_ADV (Prop_mmcme2_adv_CLKIN1_CLKOUT0)
                                                     -3.040    -2.183 r  u_clk_wiz/inst/mmcm_adv_inst/CLKOUT0
                         net (fo=1, routed)           0.940    -1.243    u_clk_wiz/inst/clk_out1_clk_wiz_0
    BUFGCTRL_X0Y1        BUFG (Prop_bufg_I_O)         0.026    -1.217 r  u_clk_wiz/inst/clkout1_buf/O
                         net (fo=29, routed)          0.780    -0.437    u_phy_init/CLK
    SLICE_X4Y49                                                       r  u_phy_init/state_reg[1]/C
  -------------------------------------------------------------------    -------------------
    SLICE_X4Y49          FDCE (Prop_fdce_C_Q)         0.100    -0.337 f  u_phy_init/state_reg[1]/Q
                         net (fo=6, routed)           0.127    -0.210    u_phy_init/state[1]
    SLICE_X3Y49          LUT5 (Prop_lut5_I4_O)        0.028    -0.182 r  u_phy_init/timer[23]_i_1/O
                         net (fo=24, routed)          0.217     0.035    u_phy_init/n_0_timer[23]_i_1
    SLICE_X3Y50          FDCE                                         r  u_phy_init/timer_reg[19]/CE
  -------------------------------------------------------------------    -------------------

                         (clock clk_out1_clk_wiz_0 rise edge)
                                                      0.000     0.000 r  
    AE10                                              0.000     0.000 r  sys_clk_p
                         net (fo=0)                   0.000     0.000    u_clk_wiz/inst/clk_in1_p
    AE10                 IBUFDS (Prop_ibufds_I_O)     0.432     0.432 r  u_clk_wiz/inst/clkin1_ibufgds/O
                         net (fo=1, routed)           0.553     0.985    u_clk_wiz/inst/clk_in1_clk_wiz_0
    MMCME2_ADV_X1Y1      MMCME2_ADV (Prop_mmcme2_adv_CLKIN1_CLKOUT0)
                                                     -3.493    -2.508 r  u_clk_wiz/inst/mmcm_adv_inst/CLKOUT0
                         net (fo=1, routed)           1.007    -1.501    u_clk_wiz/inst/clk_out1_clk_wiz_0
    BUFGCTRL_X0Y1        BUFG (Prop_bufg_I_O)         0.030    -1.471 r  u_clk_wiz/inst/clkout1_buf/O
                         net (fo=29, routed)          0.969    -0.502    u_phy_init/CLK
    SLICE_X3Y50                                                       r  u_phy_init/timer_reg[19]/C
                         clock pessimism              0.206    -0.296    
    SLICE_X3Y50          FDCE (Hold_fdce_C_CE)        0.010    -0.286    u_phy_init/timer_reg[19]
  -------------------------------------------------------------------
                         required time                          0.286    
                         arrival time                           0.035    
  -------------------------------------------------------------------
                         slack                                  0.321    





Pulse Width Checks
--------------------------------------------------------------------------------------
Clock Name:         clk_out1_clk_wiz_0
Waveform:           { 0 10 }
Period:             20.000
Sources:            { u_clk_wiz/inst/mmcm_adv_inst/CLKOUT0 }

Check Type        Corner  Lib Pin             Reference Pin  Required  Actual  Slack    Location         Pin                                   
Min Period        n/a     BUFG/I              n/a            1.408     20.000  18.591   BUFGCTRL_X0Y1    u_clk_wiz/inst/clkout1_buf/I          
Min Period        n/a     MMCME2_ADV/CLKOUT0  n/a            1.071     20.000  18.929   MMCME2_ADV_X1Y1  u_clk_wiz/inst/mmcm_adv_inst/CLKOUT0  
Min Period        n/a     FDCE/C              n/a            0.750     20.000  19.250   SLICE_X0Y49      u_phy_init/e_reset_reg/C              
Min Period        n/a     FDCE/C              n/a            0.750     20.000  19.250   SLICE_X3Y48      u_phy_init/timer_reg[11]/C            
Min Period        n/a     FDCE/C              n/a            0.750     20.000  19.250   SLICE_X3Y49      u_phy_init/timer_reg[13]/C            
Min Period        n/a     FDCE/C              n/a            0.750     20.000  19.250   SLICE_X3Y49      u_phy_init/timer_reg[16]/C            
Min Period        n/a     FDCE/C              n/a            0.750     20.000  19.250   SLICE_X3Y50      u_phy_init/timer_reg[17]/C            
Min Period        n/a     FDCE/C              n/a            0.750     20.000  19.250   SLICE_X3Y50      u_phy_init/timer_reg[19]/C            
Min Period        n/a     FDCE/C              n/a            0.750     20.000  19.250   SLICE_X3Y51      u_phy_init/timer_reg[21]/C            
Min Period        n/a     FDCE/C              n/a            0.750     20.000  19.250   SLICE_X3Y51      u_phy_init/timer_reg[23]/C            
Max Period        n/a     MMCME2_ADV/CLKOUT0  n/a            213.360   20.000  193.360  MMCME2_ADV_X1Y1  u_clk_wiz/inst/mmcm_adv_inst/CLKOUT0  
Low Pulse Width   Fast    FDCE/C              n/a            0.400     10.000  9.600    SLICE_X3Y50      u_phy_init/timer_reg[17]/C            
Low Pulse Width   Fast    FDCE/C              n/a            0.400     10.000  9.600    SLICE_X3Y50      u_phy_init/timer_reg[19]/C            
Low Pulse Width   Fast    FDCE/C              n/a            0.400     10.000  9.600    SLICE_X3Y51      u_phy_init/timer_reg[21]/C            
Low Pulse Width   Fast    FDCE/C              n/a            0.400     10.000  9.600    SLICE_X3Y51      u_phy_init/timer_reg[23]/C            
Low Pulse Width   Fast    FDCE/C              n/a            0.400     10.000  9.600    SLICE_X0Y49      u_phy_init/e_reset_reg/C              
Low Pulse Width   Fast    FDCE/C              n/a            0.400     10.000  9.600    SLICE_X3Y48      u_phy_init/timer_reg[11]/C            
Low Pulse Width   Fast    FDCE/C              n/a            0.400     10.000  9.600    SLICE_X3Y49      u_phy_init/timer_reg[13]/C            
Low Pulse Width   Fast    FDCE/C              n/a            0.400     10.000  9.600    SLICE_X3Y49      u_phy_init/timer_reg[16]/C            
Low Pulse Width   Slow    FDCE/C              n/a            0.400     10.000  9.600    SLICE_X3Y50      u_phy_init/timer_reg[17]/C            
Low Pulse Width   Slow    FDCE/C              n/a            0.400     10.000  9.600    SLICE_X3Y50      u_phy_init/timer_reg[19]/C            
High Pulse Width  Fast    FDCE/C              n/a            0.350     10.000  9.650    SLICE_X0Y46      u_phy_init/io_dir_trig_reg/C          
High Pulse Width  Slow    FDCE/C              n/a            0.350     10.000  9.650    SLICE_X4Y49      u_phy_init/state_reg[0]/C             
High Pulse Width  Fast    FDCE/C              n/a            0.350     10.000  9.650    SLICE_X4Y49      u_phy_init/state_reg[0]/C             
High Pulse Width  Slow    FDCE/C              n/a            0.350     10.000  9.650    SLICE_X4Y49      u_phy_init/state_reg[1]/C             
High Pulse Width  Fast    FDCE/C              n/a            0.350     10.000  9.650    SLICE_X4Y49      u_phy_init/state_reg[1]/C             
High Pulse Width  Slow    FDCE/C              n/a            0.350     10.000  9.650    SLICE_X3Y50      u_phy_init/timer_reg[15]/C            
High Pulse Width  Fast    FDCE/C              n/a            0.350     10.000  9.650    SLICE_X3Y50      u_phy_init/timer_reg[15]/C            
High Pulse Width  Slow    FDCE/C              n/a            0.350     10.000  9.650    SLICE_X3Y50      u_phy_init/timer_reg[17]/C            
High Pulse Width  Fast    FDCE/C              n/a            0.350     10.000  9.650    SLICE_X3Y50      u_phy_init/timer_reg[17]/C            
High Pulse Width  Slow    FDCE/C              n/a            0.350     10.000  9.650    SLICE_X3Y50      u_phy_init/timer_reg[18]/C            



---------------------------------------------------------------------------------------------------
From Clock:  clk_out2_clk_wiz_0
  To Clock:  clk_out2_clk_wiz_0

Setup :            0  Failing Endpoints,  Worst Slack        4.745ns,  Total Violation        0.000ns
Hold  :            0  Failing Endpoints,  Worst Slack        0.134ns,  Total Violation        0.000ns
PW    :            0  Failing Endpoints,  Worst Slack        3.600ns,  Total Violation        0.000ns
---------------------------------------------------------------------------------------------------


Max Delay Paths
--------------------------------------------------------------------------------------
Slack (MET) :             4.745ns  (required time - arrival time)
  Source:                 u_udp_send/FSM_sequential_state_reg[0]/C
                            (rising edge-triggered cell FDCE clocked by clk_out2_clk_wiz_0  {rise@0.000ns fall@4.000ns period=8.000ns})
  Destination:            u_udp_send/tx_data_reg[5]/CE
                            (rising edge-triggered cell FDRE clocked by clk_out2_clk_wiz_0  {rise@0.000ns fall@4.000ns period=8.000ns})
  Path Group:             clk_out2_clk_wiz_0
  Path Type:              Setup (Max at Slow Process Corner)
  Requirement:            8.000ns  (clk_out2_clk_wiz_0 rise@8.000ns - clk_out2_clk_wiz_0 rise@0.000ns)
  Data Path Delay:        2.941ns  (logic 0.532ns (18.087%)  route 2.409ns (81.913%))
  Logic Levels:           4  (LUT3=1 LUT5=2 LUT6=1)
  Clock Path Skew:        -0.048ns (DCD - SCD + CPR)
    Destination Clock Delay (DCD):    -1.233ns = ( 6.767 - 8.000 ) 
    Source Clock Delay      (SCD):    -1.794ns
    Clock Pessimism Removal (CPR):    -0.609ns
  Clock Uncertainty:      0.064ns  ((TSJ^2 + DJ^2)^1/2) / 2 + PE
    Total System Jitter     (TSJ):    0.071ns
    Discrete Jitter          (DJ):    0.108ns
    Phase Error              (PE):    0.000ns

    Location             Delay type                Incr(ns)  Path(ns)    Netlist Resource(s)
  -------------------------------------------------------------------    -------------------
                         (clock clk_out2_clk_wiz_0 rise edge)
                                                      0.000     0.000 r  
    AE10                                              0.000     0.000 r  sys_clk_p
                         net (fo=0)                   0.000     0.000    u_clk_wiz/inst/clk_in1_p
    AE10                 IBUFDS (Prop_ibufds_I_O)     0.818     0.818 r  u_clk_wiz/inst/clkin1_ibufgds/O
                         net (fo=1, routed)           1.081     1.899    u_clk_wiz/inst/clk_in1_clk_wiz_0
    MMCME2_ADV_X1Y1      MMCME2_ADV (Prop_mmcme2_adv_CLKIN1_CLKOUT1)
                                                     -7.786    -5.887 r  u_clk_wiz/inst/mmcm_adv_inst/CLKOUT1
                         net (fo=1, routed)           2.130    -3.757    u_clk_wiz/inst/clk_out2_clk_wiz_0
    BUFGCTRL_X0Y0        BUFG (Prop_bufg_I_O)         0.093    -3.664 r  u_clk_wiz/inst/clkout2_buf/O
                         net (fo=76, routed)          1.870    -1.794    u_udp_send/C
    SLICE_X6Y43                                                       r  u_udp_send/FSM_sequential_state_reg[0]/C
  -------------------------------------------------------------------    -------------------
    SLICE_X6Y43          FDCE (Prop_fdce_C_Q)         0.259    -1.535 r  u_udp_send/FSM_sequential_state_reg[0]/Q
                         net (fo=39, routed)          0.976    -0.559    u_udp_send/state[0]
    SLICE_X7Y41          LUT3 (Prop_lut3_I0_O)        0.043    -0.516 r  u_udp_send/byte_cnt[10]_i_9/O
                         net (fo=16, routed)          0.638     0.122    u_udp_send/state_reg[0]
    SLICE_X5Y43          LUT5 (Prop_lut5_I0_O)        0.051     0.173 r  u_udp_send/tx_data[7]_i_12/O
                         net (fo=1, routed)           0.239     0.412    u_udp_send/n_0_tx_data[7]_i_12
    SLICE_X3Y43          LUT5 (Prop_lut5_I4_O)        0.136     0.548 r  u_udp_send/tx_data[7]_i_3/O
                         net (fo=1, routed)           0.232     0.781    u_udp_send/n_0_tx_data[7]_i_3
    SLICE_X3Y43          LUT6 (Prop_lut6_I0_O)        0.043     0.824 r  u_udp_send/tx_data[7]_i_1/O
                         net (fo=8, routed)           0.323     1.147    u_udp_send/tx_data0
    SLICE_X3Y41          FDRE                                         r  u_udp_send/tx_data_reg[5]/CE
  -------------------------------------------------------------------    -------------------

                         (clock clk_out2_clk_wiz_0 rise edge)
                                                      8.000     8.000 r  
    AE10                                              0.000     8.000 r  sys_clk_p
                         net (fo=0)                   0.000     8.000    u_clk_wiz/inst/clk_in1_p
    AE10                 IBUFDS (Prop_ibufds_I_O)     0.722     8.722 r  u_clk_wiz/inst/clkin1_ibufgds/O
                         net (fo=1, routed)           0.986     9.708    u_clk_wiz/inst/clk_in1_clk_wiz_0
    MMCME2_ADV_X1Y1      MMCME2_ADV (Prop_mmcme2_adv_CLKIN1_CLKOUT1)
                                                     -6.759     2.949 r  u_clk_wiz/inst/mmcm_adv_inst/CLKOUT1
                         net (fo=1, routed)           2.005     4.954    u_clk_wiz/inst/clk_out2_clk_wiz_0
    BUFGCTRL_X0Y0        BUFG (Prop_bufg_I_O)         0.083     5.037 r  u_clk_wiz/inst/clkout2_buf/O
                         net (fo=76, routed)          1.730     6.767    u_udp_send/C
    SLICE_X3Y41                                                       r  u_udp_send/tx_data_reg[5]/C
                         clock pessimism             -0.609     6.158    
                         clock uncertainty           -0.064     6.094    
    SLICE_X3Y41          FDRE (Setup_fdre_C_CE)      -0.201     5.893    u_udp_send/tx_data_reg[5]
  -------------------------------------------------------------------
                         required time                          5.893    
                         arrival time                          -1.147    
  -------------------------------------------------------------------
                         slack                                  4.745    

Slack (MET) :             4.745ns  (required time - arrival time)
  Source:                 u_udp_send/FSM_sequential_state_reg[0]/C
                            (rising edge-triggered cell FDCE clocked by clk_out2_clk_wiz_0  {rise@0.000ns fall@4.000ns period=8.000ns})
  Destination:            u_udp_send/tx_data_reg[6]/CE
                            (rising edge-triggered cell FDRE clocked by clk_out2_clk_wiz_0  {rise@0.000ns fall@4.000ns period=8.000ns})
  Path Group:             clk_out2_clk_wiz_0
  Path Type:              Setup (Max at Slow Process Corner)
  Requirement:            8.000ns  (clk_out2_clk_wiz_0 rise@8.000ns - clk_out2_clk_wiz_0 rise@0.000ns)
  Data Path Delay:        2.941ns  (logic 0.532ns (18.087%)  route 2.409ns (81.913%))
  Logic Levels:           4  (LUT3=1 LUT5=2 LUT6=1)
  Clock Path Skew:        -0.048ns (DCD - SCD + CPR)
    Destination Clock Delay (DCD):    -1.233ns = ( 6.767 - 8.000 ) 
    Source Clock Delay      (SCD):    -1.794ns
    Clock Pessimism Removal (CPR):    -0.609ns
  Clock Uncertainty:      0.064ns  ((TSJ^2 + DJ^2)^1/2) / 2 + PE
    Total System Jitter     (TSJ):    0.071ns
    Discrete Jitter          (DJ):    0.108ns
    Phase Error              (PE):    0.000ns

    Location             Delay type                Incr(ns)  Path(ns)    Netlist Resource(s)
  -------------------------------------------------------------------    -------------------
                         (clock clk_out2_clk_wiz_0 rise edge)
                                                      0.000     0.000 r  
    AE10                                              0.000     0.000 r  sys_clk_p
                         net (fo=0)                   0.000     0.000    u_clk_wiz/inst/clk_in1_p
    AE10                 IBUFDS (Prop_ibufds_I_O)     0.818     0.818 r  u_clk_wiz/inst/clkin1_ibufgds/O
                         net (fo=1, routed)           1.081     1.899    u_clk_wiz/inst/clk_in1_clk_wiz_0
    MMCME2_ADV_X1Y1      MMCME2_ADV (Prop_mmcme2_adv_CLKIN1_CLKOUT1)
                                                     -7.786    -5.887 r  u_clk_wiz/inst/mmcm_adv_inst/CLKOUT1
                         net (fo=1, routed)           2.130    -3.757    u_clk_wiz/inst/clk_out2_clk_wiz_0
    BUFGCTRL_X0Y0        BUFG (Prop_bufg_I_O)         0.093    -3.664 r  u_clk_wiz/inst/clkout2_buf/O
                         net (fo=76, routed)          1.870    -1.794    u_udp_send/C
    SLICE_X6Y43                                                       r  u_udp_send/FSM_sequential_state_reg[0]/C
  -------------------------------------------------------------------    -------------------
    SLICE_X6Y43          FDCE (Prop_fdce_C_Q)         0.259    -1.535 r  u_udp_send/FSM_sequential_state_reg[0]/Q
                         net (fo=39, routed)          0.976    -0.559    u_udp_send/state[0]
    SLICE_X7Y41          LUT3 (Prop_lut3_I0_O)        0.043    -0.516 r  u_udp_send/byte_cnt[10]_i_9/O
                         net (fo=16, routed)          0.638     0.122    u_udp_send/state_reg[0]
    SLICE_X5Y43          LUT5 (Prop_lut5_I0_O)        0.051     0.173 r  u_udp_send/tx_data[7]_i_12/O
                         net (fo=1, routed)           0.239     0.412    u_udp_send/n_0_tx_data[7]_i_12
    SLICE_X3Y43          LUT5 (Prop_lut5_I4_O)        0.136     0.548 r  u_udp_send/tx_data[7]_i_3/O
                         net (fo=1, routed)           0.232     0.781    u_udp_send/n_0_tx_data[7]_i_3
    SLICE_X3Y43          LUT6 (Prop_lut6_I0_O)        0.043     0.824 r  u_udp_send/tx_data[7]_i_1/O
                         net (fo=8, routed)           0.323     1.147    u_udp_send/tx_data0
    SLICE_X3Y41          FDRE                                         r  u_udp_send/tx_data_reg[6]/CE
  -------------------------------------------------------------------    -------------------

                         (clock clk_out2_clk_wiz_0 rise edge)
                                                      8.000     8.000 r  
    AE10                                              0.000     8.000 r  sys_clk_p
                         net (fo=0)                   0.000     8.000    u_clk_wiz/inst/clk_in1_p
    AE10                 IBUFDS (Prop_ibufds_I_O)     0.722     8.722 r  u_clk_wiz/inst/clkin1_ibufgds/O
                         net (fo=1, routed)           0.986     9.708    u_clk_wiz/inst/clk_in1_clk_wiz_0
    MMCME2_ADV_X1Y1      MMCME2_ADV (Prop_mmcme2_adv_CLKIN1_CLKOUT1)
                                                     -6.759     2.949 r  u_clk_wiz/inst/mmcm_adv_inst/CLKOUT1
                         net (fo=1, routed)           2.005     4.954    u_clk_wiz/inst/clk_out2_clk_wiz_0
    BUFGCTRL_X0Y0        BUFG (Prop_bufg_I_O)         0.083     5.037 r  u_clk_wiz/inst/clkout2_buf/O
                         net (fo=76, routed)          1.730     6.767    u_udp_send/C
    SLICE_X3Y41                                                       r  u_udp_send/tx_data_reg[6]/C
                         clock pessimism             -0.609     6.158    
                         clock uncertainty           -0.064     6.094    
    SLICE_X3Y41          FDRE (Setup_fdre_C_CE)      -0.201     5.893    u_udp_send/tx_data_reg[6]
  -------------------------------------------------------------------
                         required time                          5.893    
                         arrival time                          -1.147    
  -------------------------------------------------------------------
                         slack                                  4.745    

Slack (MET) :             4.756ns  (required time - arrival time)
  Source:                 u_udp_send/FSM_sequential_state_reg[0]/C
                            (rising edge-triggered cell FDCE clocked by clk_out2_clk_wiz_0  {rise@0.000ns fall@4.000ns period=8.000ns})
  Destination:            u_udp_send/tx_data_reg[1]/CE
                            (rising edge-triggered cell FDRE clocked by clk_out2_clk_wiz_0  {rise@0.000ns fall@4.000ns period=8.000ns})
  Path Group:             clk_out2_clk_wiz_0
  Path Type:              Setup (Max at Slow Process Corner)
  Requirement:            8.000ns  (clk_out2_clk_wiz_0 rise@8.000ns - clk_out2_clk_wiz_0 rise@0.000ns)
  Data Path Delay:        2.953ns  (logic 0.532ns (18.013%)  route 2.421ns (81.987%))
  Logic Levels:           4  (LUT3=1 LUT5=2 LUT6=1)
  Clock Path Skew:        -0.025ns (DCD - SCD + CPR)
    Destination Clock Delay (DCD):    -1.233ns = ( 6.767 - 8.000 ) 
    Source Clock Delay      (SCD):    -1.794ns
    Clock Pessimism Removal (CPR):    -0.586ns
  Clock Uncertainty:      0.064ns  ((TSJ^2 + DJ^2)^1/2) / 2 + PE
    Total System Jitter     (TSJ):    0.071ns
    Discrete Jitter          (DJ):    0.108ns
    Phase Error              (PE):    0.000ns

    Location             Delay type                Incr(ns)  Path(ns)    Netlist Resource(s)
  -------------------------------------------------------------------    -------------------
                         (clock clk_out2_clk_wiz_0 rise edge)
                                                      0.000     0.000 r  
    AE10                                              0.000     0.000 r  sys_clk_p
                         net (fo=0)                   0.000     0.000    u_clk_wiz/inst/clk_in1_p
    AE10                 IBUFDS (Prop_ibufds_I_O)     0.818     0.818 r  u_clk_wiz/inst/clkin1_ibufgds/O
                         net (fo=1, routed)           1.081     1.899    u_clk_wiz/inst/clk_in1_clk_wiz_0
    MMCME2_ADV_X1Y1      MMCME2_ADV (Prop_mmcme2_adv_CLKIN1_CLKOUT1)
                                                     -7.786    -5.887 r  u_clk_wiz/inst/mmcm_adv_inst/CLKOUT1
                         net (fo=1, routed)           2.130    -3.757    u_clk_wiz/inst/clk_out2_clk_wiz_0
    BUFGCTRL_X0Y0        BUFG (Prop_bufg_I_O)         0.093    -3.664 r  u_clk_wiz/inst/clkout2_buf/O
                         net (fo=76, routed)          1.870    -1.794    u_udp_send/C
    SLICE_X6Y43                                                       r  u_udp_send/FSM_sequential_state_reg[0]/C
  -------------------------------------------------------------------    -------------------
    SLICE_X6Y43          FDCE (Prop_fdce_C_Q)         0.259    -1.535 r  u_udp_send/FSM_sequential_state_reg[0]/Q
                         net (fo=39, routed)          0.976    -0.559    u_udp_send/state[0]
    SLICE_X7Y41          LUT3 (Prop_lut3_I0_O)        0.043    -0.516 r  u_udp_send/byte_cnt[10]_i_9/O
                         net (fo=16, routed)          0.638     0.122    u_udp_send/state_reg[0]
    SLICE_X5Y43          LUT5 (Prop_lut5_I0_O)        0.051     0.173 r  u_udp_send/tx_data[7]_i_12/O
                         net (fo=1, routed)           0.239     0.412    u_udp_send/n_0_tx_data[7]_i_12
    SLICE_X3Y43          LUT5 (Prop_lut5_I4_O)        0.136     0.548 r  u_udp_send/tx_data[7]_i_3/O
                         net (fo=1, routed)           0.232     0.781    u_udp_send/n_0_tx_data[7]_i_3
    SLICE_X3Y43          LUT6 (Prop_lut6_I0_O)        0.043     0.824 r  u_udp_send/tx_data[7]_i_1/O
                         net (fo=8, routed)           0.335     1.159    u_udp_send/tx_data0
    SLICE_X4Y42          FDRE                                         r  u_udp_send/tx_data_reg[1]/CE
  -------------------------------------------------------------------    -------------------

                         (clock clk_out2_clk_wiz_0 rise edge)
                                                      8.000     8.000 r  
    AE10                                              0.000     8.000 r  sys_clk_p
                         net (fo=0)                   0.000     8.000    u_clk_wiz/inst/clk_in1_p
    AE10                 IBUFDS (Prop_ibufds_I_O)     0.722     8.722 r  u_clk_wiz/inst/clkin1_ibufgds/O
                         net (fo=1, routed)           0.986     9.708    u_clk_wiz/inst/clk_in1_clk_wiz_0
    MMCME2_ADV_X1Y1      MMCME2_ADV (Prop_mmcme2_adv_CLKIN1_CLKOUT1)
                                                     -6.759     2.949 r  u_clk_wiz/inst/mmcm_adv_inst/CLKOUT1
                         net (fo=1, routed)           2.005     4.954    u_clk_wiz/inst/clk_out2_clk_wiz_0
    BUFGCTRL_X0Y0        BUFG (Prop_bufg_I_O)         0.083     5.037 r  u_clk_wiz/inst/clkout2_buf/O
                         net (fo=76, routed)          1.730     6.767    u_udp_send/C
    SLICE_X4Y42                                                       r  u_udp_send/tx_data_reg[1]/C
                         clock pessimism             -0.586     6.181    
                         clock uncertainty           -0.064     6.117    
    SLICE_X4Y42          FDRE (Setup_fdre_C_CE)      -0.201     5.916    u_udp_send/tx_data_reg[1]
  -------------------------------------------------------------------
                         required time                          5.916    
                         arrival time                          -1.159    
  -------------------------------------------------------------------
                         slack                                  4.756    

Slack (MET) :             4.756ns  (required time - arrival time)
  Source:                 u_udp_send/FSM_sequential_state_reg[0]/C
                            (rising edge-triggered cell FDCE clocked by clk_out2_clk_wiz_0  {rise@0.000ns fall@4.000ns period=8.000ns})
  Destination:            u_udp_send/tx_data_reg[2]/CE
                            (rising edge-triggered cell FDRE clocked by clk_out2_clk_wiz_0  {rise@0.000ns fall@4.000ns period=8.000ns})
  Path Group:             clk_out2_clk_wiz_0
  Path Type:              Setup (Max at Slow Process Corner)
  Requirement:            8.000ns  (clk_out2_clk_wiz_0 rise@8.000ns - clk_out2_clk_wiz_0 rise@0.000ns)
  Data Path Delay:        2.953ns  (logic 0.532ns (18.013%)  route 2.421ns (81.987%))
  Logic Levels:           4  (LUT3=1 LUT5=2 LUT6=1)
  Clock Path Skew:        -0.025ns (DCD - SCD + CPR)
    Destination Clock Delay (DCD):    -1.233ns = ( 6.767 - 8.000 ) 
    Source Clock Delay      (SCD):    -1.794ns
    Clock Pessimism Removal (CPR):    -0.586ns
  Clock Uncertainty:      0.064ns  ((TSJ^2 + DJ^2)^1/2) / 2 + PE
    Total System Jitter     (TSJ):    0.071ns
    Discrete Jitter          (DJ):    0.108ns
    Phase Error              (PE):    0.000ns

    Location             Delay type                Incr(ns)  Path(ns)    Netlist Resource(s)
  -------------------------------------------------------------------    -------------------
                         (clock clk_out2_clk_wiz_0 rise edge)
                                                      0.000     0.000 r  
    AE10                                              0.000     0.000 r  sys_clk_p
                         net (fo=0)                   0.000     0.000    u_clk_wiz/inst/clk_in1_p
    AE10                 IBUFDS (Prop_ibufds_I_O)     0.818     0.818 r  u_clk_wiz/inst/clkin1_ibufgds/O
                         net (fo=1, routed)           1.081     1.899    u_clk_wiz/inst/clk_in1_clk_wiz_0
    MMCME2_ADV_X1Y1      MMCME2_ADV (Prop_mmcme2_adv_CLKIN1_CLKOUT1)
                                                     -7.786    -5.887 r  u_clk_wiz/inst/mmcm_adv_inst/CLKOUT1
                         net (fo=1, routed)           2.130    -3.757    u_clk_wiz/inst/clk_out2_clk_wiz_0
    BUFGCTRL_X0Y0        BUFG (Prop_bufg_I_O)         0.093    -3.664 r  u_clk_wiz/inst/clkout2_buf/O
                         net (fo=76, routed)          1.870    -1.794    u_udp_send/C
    SLICE_X6Y43                                                       r  u_udp_send/FSM_sequential_state_reg[0]/C
  -------------------------------------------------------------------    -------------------
    SLICE_X6Y43          FDCE (Prop_fdce_C_Q)         0.259    -1.535 r  u_udp_send/FSM_sequential_state_reg[0]/Q
                         net (fo=39, routed)          0.976    -0.559    u_udp_send/state[0]
    SLICE_X7Y41          LUT3 (Prop_lut3_I0_O)        0.043    -0.516 r  u_udp_send/byte_cnt[10]_i_9/O
                         net (fo=16, routed)          0.638     0.122    u_udp_send/state_reg[0]
    SLICE_X5Y43          LUT5 (Prop_lut5_I0_O)        0.051     0.173 r  u_udp_send/tx_data[7]_i_12/O
                         net (fo=1, routed)           0.239     0.412    u_udp_send/n_0_tx_data[7]_i_12
    SLICE_X3Y43          LUT5 (Prop_lut5_I4_O)        0.136     0.548 r  u_udp_send/tx_data[7]_i_3/O
                         net (fo=1, routed)           0.232     0.781    u_udp_send/n_0_tx_data[7]_i_3
    SLICE_X3Y43          LUT6 (Prop_lut6_I0_O)        0.043     0.824 r  u_udp_send/tx_data[7]_i_1/O
                         net (fo=8, routed)           0.335     1.159    u_udp_send/tx_data0
    SLICE_X4Y42          FDRE                                         r  u_udp_send/tx_data_reg[2]/CE
  -------------------------------------------------------------------    -------------------

                         (clock clk_out2_clk_wiz_0 rise edge)
                                                      8.000     8.000 r  
    AE10                                              0.000     8.000 r  sys_clk_p
                         net (fo=0)                   0.000     8.000    u_clk_wiz/inst/clk_in1_p
    AE10                 IBUFDS (Prop_ibufds_I_O)     0.722     8.722 r  u_clk_wiz/inst/clkin1_ibufgds/O
                         net (fo=1, routed)           0.986     9.708    u_clk_wiz/inst/clk_in1_clk_wiz_0
    MMCME2_ADV_X1Y1      MMCME2_ADV (Prop_mmcme2_adv_CLKIN1_CLKOUT1)
                                                     -6.759     2.949 r  u_clk_wiz/inst/mmcm_adv_inst/CLKOUT1
                         net (fo=1, routed)           2.005     4.954    u_clk_wiz/inst/clk_out2_clk_wiz_0
    BUFGCTRL_X0Y0        BUFG (Prop_bufg_I_O)         0.083     5.037 r  u_clk_wiz/inst/clkout2_buf/O
                         net (fo=76, routed)          1.730     6.767    u_udp_send/C
    SLICE_X4Y42                                                       r  u_udp_send/tx_data_reg[2]/C
                         clock pessimism             -0.586     6.181    
                         clock uncertainty           -0.064     6.117    
    SLICE_X4Y42          FDRE (Setup_fdre_C_CE)      -0.201     5.916    u_udp_send/tx_data_reg[2]
  -------------------------------------------------------------------
                         required time                          5.916    
                         arrival time                          -1.159    
  -------------------------------------------------------------------
                         slack                                  4.756    

Slack (MET) :             4.781ns  (required time - arrival time)
  Source:                 u_udp_send/FSM_sequential_state_reg[0]/C
                            (rising edge-triggered cell FDCE clocked by clk_out2_clk_wiz_0  {rise@0.000ns fall@4.000ns period=8.000ns})
  Destination:            u_udp_send/tx_data_reg[3]/CE
                            (rising edge-triggered cell FDRE clocked by clk_out2_clk_wiz_0  {rise@0.000ns fall@4.000ns period=8.000ns})
  Path Group:             clk_out2_clk_wiz_0
  Path Type:              Setup (Max at Slow Process Corner)
  Requirement:            8.000ns  (clk_out2_clk_wiz_0 rise@8.000ns - clk_out2_clk_wiz_0 rise@0.000ns)
  Data Path Delay:        2.929ns  (logic 0.532ns (18.162%)  route 2.397ns (81.838%))
  Logic Levels:           4  (LUT3=1 LUT5=2 LUT6=1)
  Clock Path Skew:        -0.047ns (DCD - SCD + CPR)
    Destination Clock Delay (DCD):    -1.232ns = ( 6.768 - 8.000 ) 
    Source Clock Delay      (SCD):    -1.794ns
    Clock Pessimism Removal (CPR):    -0.609ns
  Clock Uncertainty:      0.064ns  ((TSJ^2 + DJ^2)^1/2) / 2 + PE
    Total System Jitter     (TSJ):    0.071ns
    Discrete Jitter          (DJ):    0.108ns
    Phase Error              (PE):    0.000ns

    Location             Delay type                Incr(ns)  Path(ns)    Netlist Resource(s)
  -------------------------------------------------------------------    -------------------
                         (clock clk_out2_clk_wiz_0 rise edge)
                                                      0.000     0.000 r  
    AE10                                              0.000     0.000 r  sys_clk_p
                         net (fo=0)                   0.000     0.000    u_clk_wiz/inst/clk_in1_p
    AE10                 IBUFDS (Prop_ibufds_I_O)     0.818     0.818 r  u_clk_wiz/inst/clkin1_ibufgds/O
                         net (fo=1, routed)           1.081     1.899    u_clk_wiz/inst/clk_in1_clk_wiz_0
    MMCME2_ADV_X1Y1      MMCME2_ADV (Prop_mmcme2_adv_CLKIN1_CLKOUT1)
                                                     -7.786    -5.887 r  u_clk_wiz/inst/mmcm_adv_inst/CLKOUT1
                         net (fo=1, routed)           2.130    -3.757    u_clk_wiz/inst/clk_out2_clk_wiz_0
    BUFGCTRL_X0Y0        BUFG (Prop_bufg_I_O)         0.093    -3.664 r  u_clk_wiz/inst/clkout2_buf/O
                         net (fo=76, routed)          1.870    -1.794    u_udp_send/C
    SLICE_X6Y43                                                       r  u_udp_send/FSM_sequential_state_reg[0]/C
  -------------------------------------------------------------------    -------------------
    SLICE_X6Y43          FDCE (Prop_fdce_C_Q)         0.259    -1.535 r  u_udp_send/FSM_sequential_state_reg[0]/Q
                         net (fo=39, routed)          0.976    -0.559    u_udp_send/state[0]
    SLICE_X7Y41          LUT3 (Prop_lut3_I0_O)        0.043    -0.516 r  u_udp_send/byte_cnt[10]_i_9/O
                         net (fo=16, routed)          0.638     0.122    u_udp_send/state_reg[0]
    SLICE_X5Y43          LUT5 (Prop_lut5_I0_O)        0.051     0.173 r  u_udp_send/tx_data[7]_i_12/O
                         net (fo=1, routed)           0.239     0.412    u_udp_send/n_0_tx_data[7]_i_12
    SLICE_X3Y43          LUT5 (Prop_lut5_I4_O)        0.136     0.548 r  u_udp_send/tx_data[7]_i_3/O
                         net (fo=1, routed)           0.232     0.781    u_udp_send/n_0_tx_data[7]_i_3
    SLICE_X3Y43          LUT6 (Prop_lut6_I0_O)        0.043     0.824 r  u_udp_send/tx_data[7]_i_1/O
                         net (fo=8, routed)           0.311     1.135    u_udp_send/tx_data0
    SLICE_X2Y42          FDRE                                         r  u_udp_send/tx_data_reg[3]/CE
  -------------------------------------------------------------------    -------------------

                         (clock clk_out2_clk_wiz_0 rise edge)
                                                      8.000     8.000 r  
    AE10                                              0.000     8.000 r  sys_clk_p
                         net (fo=0)                   0.000     8.000    u_clk_wiz/inst/clk_in1_p
    AE10                 IBUFDS (Prop_ibufds_I_O)     0.722     8.722 r  u_clk_wiz/inst/clkin1_ibufgds/O
                         net (fo=1, routed)           0.986     9.708    u_clk_wiz/inst/clk_in1_clk_wiz_0
    MMCME2_ADV_X1Y1      MMCME2_ADV (Prop_mmcme2_adv_CLKIN1_CLKOUT1)
                                                     -6.759     2.949 r  u_clk_wiz/inst/mmcm_adv_inst/CLKOUT1
                         net (fo=1, routed)           2.005     4.954    u_clk_wiz/inst/clk_out2_clk_wiz_0
    BUFGCTRL_X0Y0        BUFG (Prop_bufg_I_O)         0.083     5.037 r  u_clk_wiz/inst/clkout2_buf/O
                         net (fo=76, routed)          1.731     6.768    u_udp_send/C
    SLICE_X2Y42                                                       r  u_udp_send/tx_data_reg[3]/C
                         clock pessimism             -0.609     6.159    
                         clock uncertainty           -0.064     6.095    
    SLICE_X2Y42          FDRE (Setup_fdre_C_CE)      -0.178     5.917    u_udp_send/tx_data_reg[3]
  -------------------------------------------------------------------
                         required time                          5.917    
                         arrival time                          -1.135    
  -------------------------------------------------------------------
                         slack                                  4.781    

Slack (MET) :             4.867ns  (required time - arrival time)
  Source:                 u_udp_send/FSM_sequential_state_reg[0]/C
                            (rising edge-triggered cell FDCE clocked by clk_out2_clk_wiz_0  {rise@0.000ns fall@4.000ns period=8.000ns})
  Destination:            u_udp_send/tx_data_reg[0]/CE
                            (rising edge-triggered cell FDRE clocked by clk_out2_clk_wiz_0  {rise@0.000ns fall@4.000ns period=8.000ns})
  Path Group:             clk_out2_clk_wiz_0
  Path Type:              Setup (Max at Slow Process Corner)
  Requirement:            8.000ns  (clk_out2_clk_wiz_0 rise@8.000ns - clk_out2_clk_wiz_0 rise@0.000ns)
  Data Path Delay:        2.843ns  (logic 0.532ns (18.712%)  route 2.311ns (81.288%))
  Logic Levels:           4  (LUT3=1 LUT5=2 LUT6=1)
  Clock Path Skew:        -0.025ns (DCD - SCD + CPR)
    Destination Clock Delay (DCD):    -1.233ns = ( 6.767 - 8.000 ) 
    Source Clock Delay      (SCD):    -1.794ns
    Clock Pessimism Removal (CPR):    -0.586ns
  Clock Uncertainty:      0.064ns  ((TSJ^2 + DJ^2)^1/2) / 2 + PE
    Total System Jitter     (TSJ):    0.071ns
    Discrete Jitter          (DJ):    0.108ns
    Phase Error              (PE):    0.000ns

    Location             Delay type                Incr(ns)  Path(ns)    Netlist Resource(s)
  -------------------------------------------------------------------    -------------------
                         (clock clk_out2_clk_wiz_0 rise edge)
                                                      0.000     0.000 r  
    AE10                                              0.000     0.000 r  sys_clk_p
                         net (fo=0)                   0.000     0.000    u_clk_wiz/inst/clk_in1_p
    AE10                 IBUFDS (Prop_ibufds_I_O)     0.818     0.818 r  u_clk_wiz/inst/clkin1_ibufgds/O
                         net (fo=1, routed)           1.081     1.899    u_clk_wiz/inst/clk_in1_clk_wiz_0
    MMCME2_ADV_X1Y1      MMCME2_ADV (Prop_mmcme2_adv_CLKIN1_CLKOUT1)
                                                     -7.786    -5.887 r  u_clk_wiz/inst/mmcm_adv_inst/CLKOUT1
                         net (fo=1, routed)           2.130    -3.757    u_clk_wiz/inst/clk_out2_clk_wiz_0
    BUFGCTRL_X0Y0        BUFG (Prop_bufg_I_O)         0.093    -3.664 r  u_clk_wiz/inst/clkout2_buf/O
                         net (fo=76, routed)          1.870    -1.794    u_udp_send/C
    SLICE_X6Y43                                                       r  u_udp_send/FSM_sequential_state_reg[0]/C
  -------------------------------------------------------------------    -------------------
    SLICE_X6Y43          FDCE (Prop_fdce_C_Q)         0.259    -1.535 r  u_udp_send/FSM_sequential_state_reg[0]/Q
                         net (fo=39, routed)          0.976    -0.559    u_udp_send/state[0]
    SLICE_X7Y41          LUT3 (Prop_lut3_I0_O)        0.043    -0.516 r  u_udp_send/byte_cnt[10]_i_9/O
                         net (fo=16, routed)          0.638     0.122    u_udp_send/state_reg[0]
    SLICE_X5Y43          LUT5 (Prop_lut5_I0_O)        0.051     0.173 r  u_udp_send/tx_data[7]_i_12/O
                         net (fo=1, routed)           0.239     0.412    u_udp_send/n_0_tx_data[7]_i_12
    SLICE_X3Y43          LUT5 (Prop_lut5_I4_O)        0.136     0.548 r  u_udp_send/tx_data[7]_i_3/O
                         net (fo=1, routed)           0.232     0.781    u_udp_send/n_0_tx_data[7]_i_3
    SLICE_X3Y43          LUT6 (Prop_lut6_I0_O)        0.043     0.824 r  u_udp_send/tx_data[7]_i_1/O
                         net (fo=8, routed)           0.225     1.049    u_udp_send/tx_data0
    SLICE_X5Y42          FDRE                                         r  u_udp_send/tx_data_reg[0]/CE
  -------------------------------------------------------------------    -------------------

                         (clock clk_out2_clk_wiz_0 rise edge)
                                                      8.000     8.000 r  
    AE10                                              0.000     8.000 r  sys_clk_p
                         net (fo=0)                   0.000     8.000    u_clk_wiz/inst/clk_in1_p
    AE10                 IBUFDS (Prop_ibufds_I_O)     0.722     8.722 r  u_clk_wiz/inst/clkin1_ibufgds/O
                         net (fo=1, routed)           0.986     9.708    u_clk_wiz/inst/clk_in1_clk_wiz_0
    MMCME2_ADV_X1Y1      MMCME2_ADV (Prop_mmcme2_adv_CLKIN1_CLKOUT1)
                                                     -6.759     2.949 r  u_clk_wiz/inst/mmcm_adv_inst/CLKOUT1
                         net (fo=1, routed)           2.005     4.954    u_clk_wiz/inst/clk_out2_clk_wiz_0
    BUFGCTRL_X0Y0        BUFG (Prop_bufg_I_O)         0.083     5.037 r  u_clk_wiz/inst/clkout2_buf/O
                         net (fo=76, routed)          1.730     6.767    u_udp_send/C
    SLICE_X5Y42                                                       r  u_udp_send/tx_data_reg[0]/C
                         clock pessimism             -0.586     6.181    
                         clock uncertainty           -0.064     6.117    
    SLICE_X5Y42          FDRE (Setup_fdre_C_CE)      -0.201     5.916    u_udp_send/tx_data_reg[0]
  -------------------------------------------------------------------
                         required time                          5.916    
                         arrival time                          -1.049    
  -------------------------------------------------------------------
                         slack                                  4.867    

Slack (MET) :             4.869ns  (required time - arrival time)
  Source:                 u_udp_send/FSM_sequential_state_reg[0]/C
                            (rising edge-triggered cell FDCE clocked by clk_out2_clk_wiz_0  {rise@0.000ns fall@4.000ns period=8.000ns})
  Destination:            u_udp_send/tx_data_reg[4]/CE
                            (rising edge-triggered cell FDRE clocked by clk_out2_clk_wiz_0  {rise@0.000ns fall@4.000ns period=8.000ns})
  Path Group:             clk_out2_clk_wiz_0
  Path Type:              Setup (Max at Slow Process Corner)
  Requirement:            8.000ns  (clk_out2_clk_wiz_0 rise@8.000ns - clk_out2_clk_wiz_0 rise@0.000ns)
  Data Path Delay:        2.819ns  (logic 0.532ns (18.873%)  route 2.287ns (81.127%))
  Logic Levels:           4  (LUT3=1 LUT5=2 LUT6=1)
  Clock Path Skew:        -0.047ns (DCD - SCD + CPR)
    Destination Clock Delay (DCD):    -1.232ns = ( 6.768 - 8.000 ) 
    Source Clock Delay      (SCD):    -1.794ns
    Clock Pessimism Removal (CPR):    -0.609ns
  Clock Uncertainty:      0.064ns  ((TSJ^2 + DJ^2)^1/2) / 2 + PE
    Total System Jitter     (TSJ):    0.071ns
    Discrete Jitter          (DJ):    0.108ns
    Phase Error              (PE):    0.000ns

    Location             Delay type                Incr(ns)  Path(ns)    Netlist Resource(s)
  -------------------------------------------------------------------    -------------------
                         (clock clk_out2_clk_wiz_0 rise edge)
                                                      0.000     0.000 r  
    AE10                                              0.000     0.000 r  sys_clk_p
                         net (fo=0)                   0.000     0.000    u_clk_wiz/inst/clk_in1_p
    AE10                 IBUFDS (Prop_ibufds_I_O)     0.818     0.818 r  u_clk_wiz/inst/clkin1_ibufgds/O
                         net (fo=1, routed)           1.081     1.899    u_clk_wiz/inst/clk_in1_clk_wiz_0
    MMCME2_ADV_X1Y1      MMCME2_ADV (Prop_mmcme2_adv_CLKIN1_CLKOUT1)
                                                     -7.786    -5.887 r  u_clk_wiz/inst/mmcm_adv_inst/CLKOUT1
                         net (fo=1, routed)           2.130    -3.757    u_clk_wiz/inst/clk_out2_clk_wiz_0
    BUFGCTRL_X0Y0        BUFG (Prop_bufg_I_O)         0.093    -3.664 r  u_clk_wiz/inst/clkout2_buf/O
                         net (fo=76, routed)          1.870    -1.794    u_udp_send/C
    SLICE_X6Y43                                                       r  u_udp_send/FSM_sequential_state_reg[0]/C
  -------------------------------------------------------------------    -------------------
    SLICE_X6Y43          FDCE (Prop_fdce_C_Q)         0.259    -1.535 r  u_udp_send/FSM_sequential_state_reg[0]/Q
                         net (fo=39, routed)          0.976    -0.559    u_udp_send/state[0]
    SLICE_X7Y41          LUT3 (Prop_lut3_I0_O)        0.043    -0.516 r  u_udp_send/byte_cnt[10]_i_9/O
                         net (fo=16, routed)          0.638     0.122    u_udp_send/state_reg[0]
    SLICE_X5Y43          LUT5 (Prop_lut5_I0_O)        0.051     0.173 r  u_udp_send/tx_data[7]_i_12/O
                         net (fo=1, routed)           0.239     0.412    u_udp_send/n_0_tx_data[7]_i_12
    SLICE_X3Y43          LUT5 (Prop_lut5_I4_O)        0.136     0.548 r  u_udp_send/tx_data[7]_i_3/O
                         net (fo=1, routed)           0.232     0.781    u_udp_send/n_0_tx_data[7]_i_3
    SLICE_X3Y43          LUT6 (Prop_lut6_I0_O)        0.043     0.824 r  u_udp_send/tx_data[7]_i_1/O
                         net (fo=8, routed)           0.201     1.025    u_udp_send/tx_data0
    SLICE_X3Y42          FDRE                                         r  u_udp_send/tx_data_reg[4]/CE
  -------------------------------------------------------------------    -------------------

                         (clock clk_out2_clk_wiz_0 rise edge)
                                                      8.000     8.000 r  
    AE10                                              0.000     8.000 r  sys_clk_p
                         net (fo=0)                   0.000     8.000    u_clk_wiz/inst/clk_in1_p
    AE10                 IBUFDS (Prop_ibufds_I_O)     0.722     8.722 r  u_clk_wiz/inst/clkin1_ibufgds/O
                         net (fo=1, routed)           0.986     9.708    u_clk_wiz/inst/clk_in1_clk_wiz_0
    MMCME2_ADV_X1Y1      MMCME2_ADV (Prop_mmcme2_adv_CLKIN1_CLKOUT1)
                                                     -6.759     2.949 r  u_clk_wiz/inst/mmcm_adv_inst/CLKOUT1
                         net (fo=1, routed)           2.005     4.954    u_clk_wiz/inst/clk_out2_clk_wiz_0
    BUFGCTRL_X0Y0        BUFG (Prop_bufg_I_O)         0.083     5.037 r  u_clk_wiz/inst/clkout2_buf/O
                         net (fo=76, routed)          1.731     6.768    u_udp_send/C
    SLICE_X3Y42                                                       r  u_udp_send/tx_data_reg[4]/C
                         clock pessimism             -0.609     6.159    
                         clock uncertainty           -0.064     6.095    
    SLICE_X3Y42          FDRE (Setup_fdre_C_CE)      -0.201     5.894    u_udp_send/tx_data_reg[4]
  -------------------------------------------------------------------
                         required time                          5.894    
                         arrival time                          -1.025    
  -------------------------------------------------------------------
                         slack                                  4.869    

Slack (MET) :             4.869ns  (required time - arrival time)
  Source:                 u_udp_send/FSM_sequential_state_reg[0]/C
                            (rising edge-triggered cell FDCE clocked by clk_out2_clk_wiz_0  {rise@0.000ns fall@4.000ns period=8.000ns})
  Destination:            u_udp_send/tx_data_reg[7]/CE
                            (rising edge-triggered cell FDRE clocked by clk_out2_clk_wiz_0  {rise@0.000ns fall@4.000ns period=8.000ns})
  Path Group:             clk_out2_clk_wiz_0
  Path Type:              Setup (Max at Slow Process Corner)
  Requirement:            8.000ns  (clk_out2_clk_wiz_0 rise@8.000ns - clk_out2_clk_wiz_0 rise@0.000ns)
  Data Path Delay:        2.819ns  (logic 0.532ns (18.873%)  route 2.287ns (81.127%))
  Logic Levels:           4  (LUT3=1 LUT5=2 LUT6=1)
  Clock Path Skew:        -0.047ns (DCD - SCD + CPR)
    Destination Clock Delay (DCD):    -1.232ns = ( 6.768 - 8.000 ) 
    Source Clock Delay      (SCD):    -1.794ns
    Clock Pessimism Removal (CPR):    -0.609ns
  Clock Uncertainty:      0.064ns  ((TSJ^2 + DJ^2)^1/2) / 2 + PE
    Total System Jitter     (TSJ):    0.071ns
    Discrete Jitter          (DJ):    0.108ns
    Phase Error              (PE):    0.000ns

    Location             Delay type                Incr(ns)  Path(ns)    Netlist Resource(s)
  -------------------------------------------------------------------    -------------------
                         (clock clk_out2_clk_wiz_0 rise edge)
                                                      0.000     0.000 r  
    AE10                                              0.000     0.000 r  sys_clk_p
                         net (fo=0)                   0.000     0.000    u_clk_wiz/inst/clk_in1_p
    AE10                 IBUFDS (Prop_ibufds_I_O)     0.818     0.818 r  u_clk_wiz/inst/clkin1_ibufgds/O
                         net (fo=1, routed)           1.081     1.899    u_clk_wiz/inst/clk_in1_clk_wiz_0
    MMCME2_ADV_X1Y1      MMCME2_ADV (Prop_mmcme2_adv_CLKIN1_CLKOUT1)
                                                     -7.786    -5.887 r  u_clk_wiz/inst/mmcm_adv_inst/CLKOUT1
                         net (fo=1, routed)           2.130    -3.757    u_clk_wiz/inst/clk_out2_clk_wiz_0
    BUFGCTRL_X0Y0        BUFG (Prop_bufg_I_O)         0.093    -3.664 r  u_clk_wiz/inst/clkout2_buf/O
                         net (fo=76, routed)          1.870    -1.794    u_udp_send/C
    SLICE_X6Y43                                                       r  u_udp_send/FSM_sequential_state_reg[0]/C
  -------------------------------------------------------------------    -------------------
    SLICE_X6Y43          FDCE (Prop_fdce_C_Q)         0.259    -1.535 r  u_udp_send/FSM_sequential_state_reg[0]/Q
                         net (fo=39, routed)          0.976    -0.559    u_udp_send/state[0]
    SLICE_X7Y41          LUT3 (Prop_lut3_I0_O)        0.043    -0.516 r  u_udp_send/byte_cnt[10]_i_9/O
                         net (fo=16, routed)          0.638     0.122    u_udp_send/state_reg[0]
    SLICE_X5Y43          LUT5 (Prop_lut5_I0_O)        0.051     0.173 r  u_udp_send/tx_data[7]_i_12/O
                         net (fo=1, routed)           0.239     0.412    u_udp_send/n_0_tx_data[7]_i_12
    SLICE_X3Y43          LUT5 (Prop_lut5_I4_O)        0.136     0.548 r  u_udp_send/tx_data[7]_i_3/O
                         net (fo=1, routed)           0.232     0.781    u_udp_send/n_0_tx_data[7]_i_3
    SLICE_X3Y43          LUT6 (Prop_lut6_I0_O)        0.043     0.824 r  u_udp_send/tx_data[7]_i_1/O
                         net (fo=8, routed)           0.201     1.025    u_udp_send/tx_data0
    SLICE_X3Y42          FDRE                                         r  u_udp_send/tx_data_reg[7]/CE
  -------------------------------------------------------------------    -------------------

                         (clock clk_out2_clk_wiz_0 rise edge)
                                                      8.000     8.000 r  
    AE10                                              0.000     8.000 r  sys_clk_p
                         net (fo=0)                   0.000     8.000    u_clk_wiz/inst/clk_in1_p
    AE10                 IBUFDS (Prop_ibufds_I_O)     0.722     8.722 r  u_clk_wiz/inst/clkin1_ibufgds/O
                         net (fo=1, routed)           0.986     9.708    u_clk_wiz/inst/clk_in1_clk_wiz_0
    MMCME2_ADV_X1Y1      MMCME2_ADV (Prop_mmcme2_adv_CLKIN1_CLKOUT1)
                                                     -6.759     2.949 r  u_clk_wiz/inst/mmcm_adv_inst/CLKOUT1
                         net (fo=1, routed)           2.005     4.954    u_clk_wiz/inst/clk_out2_clk_wiz_0
    BUFGCTRL_X0Y0        BUFG (Prop_bufg_I_O)         0.083     5.037 r  u_clk_wiz/inst/clkout2_buf/O
                         net (fo=76, routed)          1.731     6.768    u_udp_send/C
    SLICE_X3Y42                                                       r  u_udp_send/tx_data_reg[7]/C
                         clock pessimism             -0.609     6.159    
                         clock uncertainty           -0.064     6.095    
    SLICE_X3Y42          FDRE (Setup_fdre_C_CE)      -0.201     5.894    u_udp_send/tx_data_reg[7]
  -------------------------------------------------------------------
                         required time                          5.894    
                         arrival time                          -1.025    
  -------------------------------------------------------------------
                         slack                                  4.869    

Slack (MET) :             5.180ns  (required time - arrival time)
  Source:                 u_udp_send/FSM_sequential_state_reg[0]/C
                            (rising edge-triggered cell FDCE clocked by clk_out2_clk_wiz_0  {rise@0.000ns fall@4.000ns period=8.000ns})
  Destination:            u_udp_send/tx_data_reg[5]/D
                            (rising edge-triggered cell FDRE clocked by clk_out2_clk_wiz_0  {rise@0.000ns fall@4.000ns period=8.000ns})
  Path Group:             clk_out2_clk_wiz_0
  Path Type:              Setup (Max at Slow Process Corner)
  Requirement:            8.000ns  (clk_out2_clk_wiz_0 rise@8.000ns - clk_out2_clk_wiz_0 rise@0.000ns)
  Data Path Delay:        2.740ns  (logic 0.431ns (15.728%)  route 2.309ns (84.272%))
  Logic Levels:           4  (LUT3=1 LUT6=3)
  Clock Path Skew:        -0.048ns (DCD - SCD + CPR)
    Destination Clock Delay (DCD):    -1.233ns = ( 6.767 - 8.000 ) 
    Source Clock Delay      (SCD):    -1.794ns
    Clock Pessimism Removal (CPR):    -0.609ns
  Clock Uncertainty:      0.064ns  ((TSJ^2 + DJ^2)^1/2) / 2 + PE
    Total System Jitter     (TSJ):    0.071ns
    Discrete Jitter          (DJ):    0.108ns
    Phase Error              (PE):    0.000ns

    Location             Delay type                Incr(ns)  Path(ns)    Netlist Resource(s)
  -------------------------------------------------------------------    -------------------
                         (clock clk_out2_clk_wiz_0 rise edge)
                                                      0.000     0.000 r  
    AE10                                              0.000     0.000 r  sys_clk_p
                         net (fo=0)                   0.000     0.000    u_clk_wiz/inst/clk_in1_p
    AE10                 IBUFDS (Prop_ibufds_I_O)     0.818     0.818 r  u_clk_wiz/inst/clkin1_ibufgds/O
                         net (fo=1, routed)           1.081     1.899    u_clk_wiz/inst/clk_in1_clk_wiz_0
    MMCME2_ADV_X1Y1      MMCME2_ADV (Prop_mmcme2_adv_CLKIN1_CLKOUT1)
                                                     -7.786    -5.887 r  u_clk_wiz/inst/mmcm_adv_inst/CLKOUT1
                         net (fo=1, routed)           2.130    -3.757    u_clk_wiz/inst/clk_out2_clk_wiz_0
    BUFGCTRL_X0Y0        BUFG (Prop_bufg_I_O)         0.093    -3.664 r  u_clk_wiz/inst/clkout2_buf/O
                         net (fo=76, routed)          1.870    -1.794    u_udp_send/C
    SLICE_X6Y43                                                       r  u_udp_send/FSM_sequential_state_reg[0]/C
  -------------------------------------------------------------------    -------------------
    SLICE_X6Y43          FDCE (Prop_fdce_C_Q)         0.259    -1.535 r  u_udp_send/FSM_sequential_state_reg[0]/Q
                         net (fo=39, routed)          0.976    -0.559    u_udp_send/state[0]
    SLICE_X7Y41          LUT3 (Prop_lut3_I0_O)        0.043    -0.516 r  u_udp_send/byte_cnt[10]_i_9/O
                         net (fo=16, routed)          0.534     0.018    u_udp_send/state_reg[0]
    SLICE_X5Y41          LUT6 (Prop_lut6_I0_O)        0.043     0.061 r  u_udp_send/tx_data[3]_i_4/O
                         net (fo=2, routed)           0.436     0.497    u_udp_send/n_0_tx_data[3]_i_4
    SLICE_X4Y41          LUT6 (Prop_lut6_I1_O)        0.043     0.540 r  u_udp_send/tx_data[5]_i_3/O
                         net (fo=1, routed)           0.363     0.903    u_udp_send/crc_inst/I1
    SLICE_X3Y41          LUT6 (Prop_lut6_I2_O)        0.043     0.946 r  u_udp_send/crc_inst/tx_data[5]_i_1/O
                         net (fo=1, routed)           0.000     0.946    u_udp_send/n_2_crc_inst
    SLICE_X3Y41          FDRE                                         r  u_udp_send/tx_data_reg[5]/D
  -------------------------------------------------------------------    -------------------

                         (clock clk_out2_clk_wiz_0 rise edge)
                                                      8.000     8.000 r  
    AE10                                              0.000     8.000 r  sys_clk_p
                         net (fo=0)                   0.000     8.000    u_clk_wiz/inst/clk_in1_p
    AE10                 IBUFDS (Prop_ibufds_I_O)     0.722     8.722 r  u_clk_wiz/inst/clkin1_ibufgds/O
                         net (fo=1, routed)           0.986     9.708    u_clk_wiz/inst/clk_in1_clk_wiz_0
    MMCME2_ADV_X1Y1      MMCME2_ADV (Prop_mmcme2_adv_CLKIN1_CLKOUT1)
                                                     -6.759     2.949 r  u_clk_wiz/inst/mmcm_adv_inst/CLKOUT1
                         net (fo=1, routed)           2.005     4.954    u_clk_wiz/inst/clk_out2_clk_wiz_0
    BUFGCTRL_X0Y0        BUFG (Prop_bufg_I_O)         0.083     5.037 r  u_clk_wiz/inst/clkout2_buf/O
                         net (fo=76, routed)          1.730     6.767    u_udp_send/C
    SLICE_X3Y41                                                       r  u_udp_send/tx_data_reg[5]/C
                         clock pessimism             -0.609     6.158    
                         clock uncertainty           -0.064     6.094    
    SLICE_X3Y41          FDRE (Setup_fdre_C_D)        0.033     6.127    u_udp_send/tx_data_reg[5]
  -------------------------------------------------------------------
                         required time                          6.127    
                         arrival time                          -0.946    
  -------------------------------------------------------------------
                         slack                                  5.180    

Slack (MET) :             5.214ns  (required time - arrival time)
  Source:                 u_udp_send/byte_cnt_reg[1]/C
                            (rising edge-triggered cell FDCE clocked by clk_out2_clk_wiz_0  {rise@0.000ns fall@4.000ns period=8.000ns})
  Destination:            u_udp_send/ram_addr_reg[2]/CE
                            (rising edge-triggered cell FDRE clocked by clk_out2_clk_wiz_0  {rise@0.000ns fall@4.000ns period=8.000ns})
  Path Group:             clk_out2_clk_wiz_0
  Path Type:              Setup (Max at Slow Process Corner)
  Requirement:            8.000ns  (clk_out2_clk_wiz_0 rise@8.000ns - clk_out2_clk_wiz_0 rise@0.000ns)
  Data Path Delay:        2.493ns  (logic 0.457ns (18.328%)  route 2.036ns (81.672%))
  Logic Levels:           3  (LUT3=1 LUT6=2)
  Clock Path Skew:        -0.027ns (DCD - SCD + CPR)
    Destination Clock Delay (DCD):    -1.234ns = ( 6.766 - 8.000 ) 
    Source Clock Delay      (SCD):    -1.793ns
    Clock Pessimism Removal (CPR):    -0.586ns
  Clock Uncertainty:      0.064ns  ((TSJ^2 + DJ^2)^1/2) / 2 + PE
    Total System Jitter     (TSJ):    0.071ns
    Discrete Jitter          (DJ):    0.108ns
    Phase Error              (PE):    0.000ns

    Location             Delay type                Incr(ns)  Path(ns)    Netlist Resource(s)
  -------------------------------------------------------------------    -------------------
                         (clock clk_out2_clk_wiz_0 rise edge)
                                                      0.000     0.000 r  
    AE10                                              0.000     0.000 r  sys_clk_p
                         net (fo=0)                   0.000     0.000    u_clk_wiz/inst/clk_in1_p
    AE10                 IBUFDS (Prop_ibufds_I_O)     0.818     0.818 r  u_clk_wiz/inst/clkin1_ibufgds/O
                         net (fo=1, routed)           1.081     1.899    u_clk_wiz/inst/clk_in1_clk_wiz_0
    MMCME2_ADV_X1Y1      MMCME2_ADV (Prop_mmcme2_adv_CLKIN1_CLKOUT1)
                                                     -7.786    -5.887 r  u_clk_wiz/inst/mmcm_adv_inst/CLKOUT1
                         net (fo=1, routed)           2.130    -3.757    u_clk_wiz/inst/clk_out2_clk_wiz_0
    BUFGCTRL_X0Y0        BUFG (Prop_bufg_I_O)         0.093    -3.664 r  u_clk_wiz/inst/clkout2_buf/O
                         net (fo=76, routed)          1.871    -1.793    u_udp_send/C
    SLICE_X4Y45                                                       r  u_udp_send/byte_cnt_reg[1]/C
  -------------------------------------------------------------------    -------------------
    SLICE_X4Y45          FDCE (Prop_fdce_C_Q)         0.223    -1.570 r  u_udp_send/byte_cnt_reg[1]/Q
                         net (fo=49, routed)          0.763    -0.807    u_udp_send/n_0_byte_cnt_reg[1]
    SLICE_X7Y42          LUT3 (Prop_lut3_I2_O)        0.054    -0.753 f  u_udp_send/ram_addr[10]_i_4/O
                         net (fo=1, routed)           0.350    -0.403    u_udp_send/n_0_ram_addr[10]_i_4
    SLICE_X4Y43          LUT6 (Prop_lut6_I0_O)        0.137    -0.266 r  u_udp_send/ram_addr[10]_i_3/O
                         net (fo=3, routed)           0.345     0.079    u_udp_send/n_0_ram_addr[10]_i_3
    SLICE_X6Y44          LUT6 (Prop_lut6_I1_O)        0.043     0.122 r  u_udp_send/ram_addr[10]_i_1/O
                         net (fo=11, routed)          0.579     0.700    u_udp_send/ram_addr0
    SLICE_X7Y41          FDRE                                         r  u_udp_send/ram_addr_reg[2]/CE
  -------------------------------------------------------------------    -------------------

                         (clock clk_out2_clk_wiz_0 rise edge)
                                                      8.000     8.000 r  
    AE10                                              0.000     8.000 r  sys_clk_p
                         net (fo=0)                   0.000     8.000    u_clk_wiz/inst/clk_in1_p
    AE10                 IBUFDS (Prop_ibufds_I_O)     0.722     8.722 r  u_clk_wiz/inst/clkin1_ibufgds/O
                         net (fo=1, routed)           0.986     9.708    u_clk_wiz/inst/clk_in1_clk_wiz_0
    MMCME2_ADV_X1Y1      MMCME2_ADV (Prop_mmcme2_adv_CLKIN1_CLKOUT1)
                                                     -6.759     2.949 r  u_clk_wiz/inst/mmcm_adv_inst/CLKOUT1
                         net (fo=1, routed)           2.005     4.954    u_clk_wiz/inst/clk_out2_clk_wiz_0
    BUFGCTRL_X0Y0        BUFG (Prop_bufg_I_O)         0.083     5.037 r  u_clk_wiz/inst/clkout2_buf/O
                         net (fo=76, routed)          1.729     6.766    u_udp_send/C
    SLICE_X7Y41                                                       r  u_udp_send/ram_addr_reg[2]/C
                         clock pessimism             -0.586     6.180    
                         clock uncertainty           -0.064     6.116    
    SLICE_X7Y41          FDRE (Setup_fdre_C_CE)      -0.201     5.915    u_udp_send/ram_addr_reg[2]
  -------------------------------------------------------------------
                         required time                          5.915    
                         arrival time                          -0.700    
  -------------------------------------------------------------------
                         slack                                  5.214    





Min Delay Paths
--------------------------------------------------------------------------------------
Slack (MET) :             0.134ns  (arrival time - required time)
  Source:                 u_udp_send/crc_inst/crc_reg_reg[2]/C
                            (rising edge-triggered cell FDPE clocked by clk_out2_clk_wiz_0  {rise@0.000ns fall@4.000ns period=8.000ns})
  Destination:            u_udp_send/crc_inst/crc_reg_reg[10]/D
                            (rising edge-triggered cell FDPE clocked by clk_out2_clk_wiz_0  {rise@0.000ns fall@4.000ns period=8.000ns})
  Path Group:             clk_out2_clk_wiz_0
  Path Type:              Hold (Min at Fast Process Corner)
  Requirement:            0.000ns  (clk_out2_clk_wiz_0 rise@0.000ns - clk_out2_clk_wiz_0 rise@0.000ns)
  Data Path Delay:        0.206ns  (logic 0.146ns (70.853%)  route 0.060ns (29.147%))
  Logic Levels:           1  (LUT6=1)
  Clock Path Skew:        0.011ns (DCD - SCD - CPR)
    Destination Clock Delay (DCD):    -0.432ns
    Source Clock Delay      (SCD):    -0.438ns
    Clock Pessimism Removal (CPR):    -0.005ns

    Location             Delay type                Incr(ns)  Path(ns)    Netlist Resource(s)
  -------------------------------------------------------------------    -------------------
                         (clock clk_out2_clk_wiz_0 rise edge)
                                                      0.000     0.000 r  
    AE10                                              0.000     0.000 r  sys_clk_p
                         net (fo=0)                   0.000     0.000    u_clk_wiz/inst/clk_in1_p
    AE10                 IBUFDS (Prop_ibufds_I_O)     0.354     0.354 r  u_clk_wiz/inst/clkin1_ibufgds/O
                         net (fo=1, routed)           0.503     0.857    u_clk_wiz/inst/clk_in1_clk_wiz_0
    MMCME2_ADV_X1Y1      MMCME2_ADV (Prop_mmcme2_adv_CLKIN1_CLKOUT1)
                                                     -3.040    -2.183 r  u_clk_wiz/inst/mmcm_adv_inst/CLKOUT1
                         net (fo=1, routed)           0.940    -1.243    u_clk_wiz/inst/clk_out2_clk_wiz_0
    BUFGCTRL_X0Y0        BUFG (Prop_bufg_I_O)         0.026    -1.217 r  u_clk_wiz/inst/clkout2_buf/O
                         net (fo=76, routed)          0.779    -0.438    u_udp_send/crc_inst/C
    SLICE_X2Y40                                                       r  u_udp_send/crc_inst/crc_reg_reg[2]/C
  -------------------------------------------------------------------    -------------------
    SLICE_X2Y40          FDPE (Prop_fdpe_C_Q)         0.118    -0.320 r  u_udp_send/crc_inst/crc_reg_reg[2]/Q
                         net (fo=2, routed)           0.060    -0.260    u_udp_send/crc_inst/p_17_in
    SLICE_X3Y40          LUT6 (Prop_lut6_I4_O)        0.028    -0.232 r  u_udp_send/crc_inst/crc_reg[10]_i_1/O
                         net (fo=1, routed)           0.000    -0.232    u_udp_send/crc_inst/p_38_out[10]
    SLICE_X3Y40          FDPE                                         r  u_udp_send/crc_inst/crc_reg_reg[10]/D
  -------------------------------------------------------------------    -------------------

                         (clock clk_out2_clk_wiz_0 rise edge)
                                                      0.000     0.000 r  
    AE10                                              0.000     0.000 r  sys_clk_p
                         net (fo=0)                   0.000     0.000    u_clk_wiz/inst/clk_in1_p
    AE10                 IBUFDS (Prop_ibufds_I_O)     0.432     0.432 r  u_clk_wiz/inst/clkin1_ibufgds/O
                         net (fo=1, routed)           0.553     0.985    u_clk_wiz/inst/clk_in1_clk_wiz_0
    MMCME2_ADV_X1Y1      MMCME2_ADV (Prop_mmcme2_adv_CLKIN1_CLKOUT1)
                                                     -3.493    -2.508 r  u_clk_wiz/inst/mmcm_adv_inst/CLKOUT1
                         net (fo=1, routed)           1.007    -1.501    u_clk_wiz/inst/clk_out2_clk_wiz_0
    BUFGCTRL_X0Y0        BUFG (Prop_bufg_I_O)         0.030    -1.471 r  u_clk_wiz/inst/clkout2_buf/O
                         net (fo=76, routed)          1.039    -0.432    u_udp_send/crc_inst/C
    SLICE_X3Y40                                                       r  u_udp_send/crc_inst/crc_reg_reg[10]/C
                         clock pessimism              0.005    -0.427    
    SLICE_X3Y40          FDPE (Hold_fdpe_C_D)         0.061    -0.366    u_udp_send/crc_inst/crc_reg_reg[10]
  -------------------------------------------------------------------
                         required time                          0.366    
                         arrival time                          -0.232    
  -------------------------------------------------------------------
                         slack                                  0.134    

Slack (MET) :             0.145ns  (arrival time - required time)
  Source:                 u_udp_send/byte_cnt_reg[9]/C
                            (rising edge-triggered cell FDCE clocked by clk_out2_clk_wiz_0  {rise@0.000ns fall@4.000ns period=8.000ns})
  Destination:            u_udp_send/ram_addr_reg[9]/D
                            (rising edge-triggered cell FDRE clocked by clk_out2_clk_wiz_0  {rise@0.000ns fall@4.000ns period=8.000ns})
  Path Group:             clk_out2_clk_wiz_0
  Path Type:              Hold (Min at Fast Process Corner)
  Requirement:            0.000ns  (clk_out2_clk_wiz_0 rise@0.000ns - clk_out2_clk_wiz_0 rise@0.000ns)
  Data Path Delay:        0.246ns  (logic 0.128ns (52.045%)  route 0.118ns (47.955%))
  Logic Levels:           1  (LUT6=1)
  Clock Path Skew:        0.014ns (DCD - SCD - CPR)
    Destination Clock Delay (DCD):    -0.432ns
    Source Clock Delay      (SCD):    -0.438ns
    Clock Pessimism Removal (CPR):    -0.008ns

    Location             Delay type                Incr(ns)  Path(ns)    Netlist Resource(s)
  -------------------------------------------------------------------    -------------------
                         (clock clk_out2_clk_wiz_0 rise edge)
                                                      0.000     0.000 r  
    AE10                                              0.000     0.000 r  sys_clk_p
                         net (fo=0)                   0.000     0.000    u_clk_wiz/inst/clk_in1_p
    AE10                 IBUFDS (Prop_ibufds_I_O)     0.354     0.354 r  u_clk_wiz/inst/clkin1_ibufgds/O
                         net (fo=1, routed)           0.503     0.857    u_clk_wiz/inst/clk_in1_clk_wiz_0
    MMCME2_ADV_X1Y1      MMCME2_ADV (Prop_mmcme2_adv_CLKIN1_CLKOUT1)
                                                     -3.040    -2.183 r  u_clk_wiz/inst/mmcm_adv_inst/CLKOUT1
                         net (fo=1, routed)           0.940    -1.243    u_clk_wiz/inst/clk_out2_clk_wiz_0
    BUFGCTRL_X0Y0        BUFG (Prop_bufg_I_O)         0.026    -1.217 r  u_clk_wiz/inst/clkout2_buf/O
                         net (fo=76, routed)          0.779    -0.438    u_udp_send/C
    SLICE_X5Y45                                                       r  u_udp_send/byte_cnt_reg[9]/C
  -------------------------------------------------------------------    -------------------
    SLICE_X5Y45          FDCE (Prop_fdce_C_Q)         0.100    -0.338 r  u_udp_send/byte_cnt_reg[9]/Q
                         net (fo=7, routed)           0.118    -0.220    u_udp_send/n_0_byte_cnt_reg[9]
    SLICE_X6Y44          LUT6 (Prop_lut6_I1_O)        0.028    -0.192 r  u_udp_send/ram_addr[9]_i_1/O
                         net (fo=1, routed)           0.000    -0.192    u_udp_send/n_0_ram_addr[9]_i_1
    SLICE_X6Y44          FDRE                                         r  u_udp_send/ram_addr_reg[9]/D
  -------------------------------------------------------------------    -------------------

                         (clock clk_out2_clk_wiz_0 rise edge)
                                                      0.000     0.000 r  
    AE10                                              0.000     0.000 r  sys_clk_p
                         net (fo=0)                   0.000     0.000    u_clk_wiz/inst/clk_in1_p
    AE10                 IBUFDS (Prop_ibufds_I_O)     0.432     0.432 r  u_clk_wiz/inst/clkin1_ibufgds/O
                         net (fo=1, routed)           0.553     0.985    u_clk_wiz/inst/clk_in1_clk_wiz_0
    MMCME2_ADV_X1Y1      MMCME2_ADV (Prop_mmcme2_adv_CLKIN1_CLKOUT1)
                                                     -3.493    -2.508 r  u_clk_wiz/inst/mmcm_adv_inst/CLKOUT1
                         net (fo=1, routed)           1.007    -1.501    u_clk_wiz/inst/clk_out2_clk_wiz_0
    BUFGCTRL_X0Y0        BUFG (Prop_bufg_I_O)         0.030    -1.471 r  u_clk_wiz/inst/clkout2_buf/O
                         net (fo=76, routed)          1.039    -0.432    u_udp_send/C
    SLICE_X6Y44                                                       r  u_udp_send/ram_addr_reg[9]/C
                         clock pessimism              0.008    -0.424    
    SLICE_X6Y44          FDRE (Hold_fdre_C_D)         0.087    -0.337    u_udp_send/ram_addr_reg[9]
  -------------------------------------------------------------------
                         required time                          0.337    
                         arrival time                          -0.192    
  -------------------------------------------------------------------
                         slack                                  0.145    

Slack (MET) :             0.149ns  (arrival time - required time)
  Source:                 u_udp_send/crc_inst/crc_reg_reg[25]/C
                            (rising edge-triggered cell FDPE clocked by clk_out2_clk_wiz_0  {rise@0.000ns fall@4.000ns period=8.000ns})
  Destination:            u_udp_send/crc_inst/crc_reg_reg[2]/D
                            (rising edge-triggered cell FDPE clocked by clk_out2_clk_wiz_0  {rise@0.000ns fall@4.000ns period=8.000ns})
  Path Group:             clk_out2_clk_wiz_0
  Path Type:              Hold (Min at Fast Process Corner)
  Requirement:            0.000ns  (clk_out2_clk_wiz_0 rise@0.000ns - clk_out2_clk_wiz_0 rise@0.000ns)
  Data Path Delay:        0.236ns  (logic 0.171ns (72.392%)  route 0.065ns (27.608%))
  Logic Levels:           1  (LUT6=1)
  Clock Path Skew:        0.000ns (DCD - SCD - CPR)
    Destination Clock Delay (DCD):    -0.432ns
    Source Clock Delay      (SCD):    -0.438ns
    Clock Pessimism Removal (CPR):    0.006ns

    Location             Delay type                Incr(ns)  Path(ns)    Netlist Resource(s)
  -------------------------------------------------------------------    -------------------
                         (clock clk_out2_clk_wiz_0 rise edge)
                                                      0.000     0.000 r  
    AE10                                              0.000     0.000 r  sys_clk_p
                         net (fo=0)                   0.000     0.000    u_clk_wiz/inst/clk_in1_p
    AE10                 IBUFDS (Prop_ibufds_I_O)     0.354     0.354 r  u_clk_wiz/inst/clkin1_ibufgds/O
                         net (fo=1, routed)           0.503     0.857    u_clk_wiz/inst/clk_in1_clk_wiz_0
    MMCME2_ADV_X1Y1      MMCME2_ADV (Prop_mmcme2_adv_CLKIN1_CLKOUT1)
                                                     -3.040    -2.183 r  u_clk_wiz/inst/mmcm_adv_inst/CLKOUT1
                         net (fo=1, routed)           0.940    -1.243    u_clk_wiz/inst/clk_out2_clk_wiz_0
    BUFGCTRL_X0Y0        BUFG (Prop_bufg_I_O)         0.026    -1.217 r  u_clk_wiz/inst/clkout2_buf/O
                         net (fo=76, routed)          0.779    -0.438    u_udp_send/crc_inst/C
    SLICE_X2Y40                                                       r  u_udp_send/crc_inst/crc_reg_reg[25]/C
  -------------------------------------------------------------------    -------------------
    SLICE_X2Y40          FDPE (Prop_fdpe_C_Q)         0.107    -0.331 r  u_udp_send/crc_inst/crc_reg_reg[25]/Q
                         net (fo=10, routed)          0.065    -0.266    u_udp_send/crc_inst/p_4_in
    SLICE_X2Y40          LUT6 (Prop_lut6_I1_O)        0.064    -0.202 r  u_udp_send/crc_inst/crc_reg[2]_i_1/O
                         net (fo=1, routed)           0.000    -0.202    u_udp_send/crc_inst/p_38_out[2]
    SLICE_X2Y40          FDPE                                         r  u_udp_send/crc_inst/crc_reg_reg[2]/D
  -------------------------------------------------------------------    -------------------

                         (clock clk_out2_clk_wiz_0 rise edge)
                                                      0.000     0.000 r  
    AE10                                              0.000     0.000 r  sys_clk_p
                         net (fo=0)                   0.000     0.000    u_clk_wiz/inst/clk_in1_p
    AE10                 IBUFDS (Prop_ibufds_I_O)     0.432     0.432 r  u_clk_wiz/inst/clkin1_ibufgds/O
                         net (fo=1, routed)           0.553     0.985    u_clk_wiz/inst/clk_in1_clk_wiz_0
    MMCME2_ADV_X1Y1      MMCME2_ADV (Prop_mmcme2_adv_CLKIN1_CLKOUT1)
                                                     -3.493    -2.508 r  u_clk_wiz/inst/mmcm_adv_inst/CLKOUT1
                         net (fo=1, routed)           1.007    -1.501    u_clk_wiz/inst/clk_out2_clk_wiz_0
    BUFGCTRL_X0Y0        BUFG (Prop_bufg_I_O)         0.030    -1.471 r  u_clk_wiz/inst/clkout2_buf/O
                         net (fo=76, routed)          1.039    -0.432    u_udp_send/crc_inst/C
    SLICE_X2Y40                                                       r  u_udp_send/crc_inst/crc_reg_reg[2]/C
                         clock pessimism             -0.006    -0.438    
    SLICE_X2Y40          FDPE (Hold_fdpe_C_D)         0.087    -0.351    u_udp_send/crc_inst/crc_reg_reg[2]
  -------------------------------------------------------------------
                         required time                          0.351    
                         arrival time                          -0.202    
  -------------------------------------------------------------------
                         slack                                  0.149    

Slack (MET) :             0.152ns  (arrival time - required time)
  Source:                 u_udp_send/ram_addr_reg[4]/C
                            (rising edge-triggered cell FDRE clocked by clk_out2_clk_wiz_0  {rise@0.000ns fall@4.000ns period=8.000ns})
  Destination:            ram_data_reg[3]/D
                            (rising edge-triggered cell FDRE clocked by clk_out2_clk_wiz_0  {rise@0.000ns fall@4.000ns period=8.000ns})
  Path Group:             clk_out2_clk_wiz_0
  Path Type:              Hold (Min at Fast Process Corner)
  Requirement:            0.000ns  (clk_out2_clk_wiz_0 rise@0.000ns - clk_out2_clk_wiz_0 rise@0.000ns)
  Data Path Delay:        0.253ns  (logic 0.128ns (50.668%)  route 0.125ns (49.332%))
  Logic Levels:           1  (LUT5=1)
  Clock Path Skew:        0.014ns (DCD - SCD - CPR)
    Destination Clock Delay (DCD):    -0.433ns
    Source Clock Delay      (SCD):    -0.439ns
    Clock Pessimism Removal (CPR):    -0.008ns

    Location             Delay type                Incr(ns)  Path(ns)    Netlist Resource(s)
  -------------------------------------------------------------------    -------------------
                         (clock clk_out2_clk_wiz_0 rise edge)
                                                      0.000     0.000 r  
    AE10                                              0.000     0.000 r  sys_clk_p
                         net (fo=0)                   0.000     0.000    u_clk_wiz/inst/clk_in1_p
    AE10                 IBUFDS (Prop_ibufds_I_O)     0.354     0.354 r  u_clk_wiz/inst/clkin1_ibufgds/O
                         net (fo=1, routed)           0.503     0.857    u_clk_wiz/inst/clk_in1_clk_wiz_0
    MMCME2_ADV_X1Y1      MMCME2_ADV (Prop_mmcme2_adv_CLKIN1_CLKOUT1)
                                                     -3.040    -2.183 r  u_clk_wiz/inst/mmcm_adv_inst/CLKOUT1
                         net (fo=1, routed)           0.940    -1.243    u_clk_wiz/inst/clk_out2_clk_wiz_0
    BUFGCTRL_X0Y0        BUFG (Prop_bufg_I_O)         0.026    -1.217 r  u_clk_wiz/inst/clkout2_buf/O
                         net (fo=76, routed)          0.778    -0.439    u_udp_send/C
    SLICE_X7Y41                                                       r  u_udp_send/ram_addr_reg[4]/C
  -------------------------------------------------------------------    -------------------
    SLICE_X7Y41          FDRE (Prop_fdre_C_Q)         0.100    -0.339 r  u_udp_send/ram_addr_reg[4]/Q
                         net (fo=8, routed)           0.125    -0.215    u_udp_send/n_0_ram_addr_reg[4]
    SLICE_X6Y40          LUT5 (Prop_lut5_I4_O)        0.028    -0.187 r  u_udp_send/g0_b3/O
                         net (fo=1, routed)           0.000    -0.187    n_13_u_udp_send
    SLICE_X6Y40          FDRE                                         r  ram_data_reg[3]/D
  -------------------------------------------------------------------    -------------------

                         (clock clk_out2_clk_wiz_0 rise edge)
                                                      0.000     0.000 r  
    AE10                                              0.000     0.000 r  sys_clk_p
                         net (fo=0)                   0.000     0.000    u_clk_wiz/inst/clk_in1_p
    AE10                 IBUFDS (Prop_ibufds_I_O)     0.432     0.432 r  u_clk_wiz/inst/clkin1_ibufgds/O
                         net (fo=1, routed)           0.553     0.985    u_clk_wiz/inst/clk_in1_clk_wiz_0
    MMCME2_ADV_X1Y1      MMCME2_ADV (Prop_mmcme2_adv_CLKIN1_CLKOUT1)
                                                     -3.493    -2.508 r  u_clk_wiz/inst/mmcm_adv_inst/CLKOUT1
                         net (fo=1, routed)           1.007    -1.501    u_clk_wiz/inst/clk_out2_clk_wiz_0
    BUFGCTRL_X0Y0        BUFG (Prop_bufg_I_O)         0.030    -1.471 r  u_clk_wiz/inst/clkout2_buf/O
                         net (fo=76, routed)          1.038    -0.433    C
    SLICE_X6Y40                                                       r  ram_data_reg[3]/C
                         clock pessimism              0.008    -0.425    
    SLICE_X6Y40          FDRE (Hold_fdre_C_D)         0.087    -0.338    ram_data_reg[3]
  -------------------------------------------------------------------
                         required time                          0.338    
                         arrival time                          -0.187    
  -------------------------------------------------------------------
                         slack                                  0.152    

Slack (MET) :             0.159ns  (arrival time - required time)
  Source:                 u_udp_send/crc_inst/crc_reg_reg[19]/C
                            (rising edge-triggered cell FDPE clocked by clk_out2_clk_wiz_0  {rise@0.000ns fall@4.000ns period=8.000ns})
  Destination:            u_udp_send/crc_inst/crc_reg_reg[27]/D
                            (rising edge-triggered cell FDPE clocked by clk_out2_clk_wiz_0  {rise@0.000ns fall@4.000ns period=8.000ns})
  Path Group:             clk_out2_clk_wiz_0
  Path Type:              Hold (Min at Fast Process Corner)
  Requirement:            0.000ns  (clk_out2_clk_wiz_0 rise@0.000ns - clk_out2_clk_wiz_0 rise@0.000ns)
  Data Path Delay:        0.257ns  (logic 0.128ns (49.780%)  route 0.129ns (50.220%))
  Logic Levels:           1  (LUT5=1)
  Clock Path Skew:        0.011ns (DCD - SCD - CPR)
    Destination Clock Delay (DCD):    -0.432ns
    Source Clock Delay      (SCD):    -0.438ns
    Clock Pessimism Removal (CPR):    -0.005ns

    Location             Delay type                Incr(ns)  Path(ns)    Netlist Resource(s)
  -------------------------------------------------------------------    -------------------
                         (clock clk_out2_clk_wiz_0 rise edge)
                                                      0.000     0.000 r  
    AE10                                              0.000     0.000 r  sys_clk_p
                         net (fo=0)                   0.000     0.000    u_clk_wiz/inst/clk_in1_p
    AE10                 IBUFDS (Prop_ibufds_I_O)     0.354     0.354 r  u_clk_wiz/inst/clkin1_ibufgds/O
                         net (fo=1, routed)           0.503     0.857    u_clk_wiz/inst/clk_in1_clk_wiz_0
    MMCME2_ADV_X1Y1      MMCME2_ADV (Prop_mmcme2_adv_CLKIN1_CLKOUT1)
                                                     -3.040    -2.183 r  u_clk_wiz/inst/mmcm_adv_inst/CLKOUT1
                         net (fo=1, routed)           0.940    -1.243    u_clk_wiz/inst/clk_out2_clk_wiz_0
    BUFGCTRL_X0Y0        BUFG (Prop_bufg_I_O)         0.026    -1.217 r  u_clk_wiz/inst/clkout2_buf/O
                         net (fo=76, routed)          0.779    -0.438    u_udp_send/crc_inst/C
    SLICE_X3Y40                                                       r  u_udp_send/crc_inst/crc_reg_reg[19]/C
  -------------------------------------------------------------------    -------------------
    SLICE_X3Y40          FDPE (Prop_fdpe_C_Q)         0.100    -0.338 r  u_udp_send/crc_inst/crc_reg_reg[19]/Q
                         net (fo=2, routed)           0.129    -0.209    u_udp_send/crc_inst/p_34_in
    SLICE_X2Y40          LUT5 (Prop_lut5_I2_O)        0.028    -0.181 r  u_udp_send/crc_inst/crc_reg[27]_i_1/O
                         net (fo=1, routed)           0.000    -0.181    u_udp_send/crc_inst/p_38_out[27]
    SLICE_X2Y40          FDPE                                         r  u_udp_send/crc_inst/crc_reg_reg[27]/D
  -------------------------------------------------------------------    -------------------

                         (clock clk_out2_clk_wiz_0 rise edge)
                                                      0.000     0.000 r  
    AE10                                              0.000     0.000 r  sys_clk_p
                         net (fo=0)                   0.000     0.000    u_clk_wiz/inst/clk_in1_p
    AE10                 IBUFDS (Prop_ibufds_I_O)     0.432     0.432 r  u_clk_wiz/inst/clkin1_ibufgds/O
                         net (fo=1, routed)           0.553     0.985    u_clk_wiz/inst/clk_in1_clk_wiz_0
    MMCME2_ADV_X1Y1      MMCME2_ADV (Prop_mmcme2_adv_CLKIN1_CLKOUT1)
                                                     -3.493    -2.508 r  u_clk_wiz/inst/mmcm_adv_inst/CLKOUT1
                         net (fo=1, routed)           1.007    -1.501    u_clk_wiz/inst/clk_out2_clk_wiz_0
    BUFGCTRL_X0Y0        BUFG (Prop_bufg_I_O)         0.030    -1.471 r  u_clk_wiz/inst/clkout2_buf/O
                         net (fo=76, routed)          1.039    -0.432    u_udp_send/crc_inst/C
    SLICE_X2Y40                                                       r  u_udp_send/crc_inst/crc_reg_reg[27]/C
                         clock pessimism              0.005    -0.427    
    SLICE_X2Y40          FDPE (Hold_fdpe_C_D)         0.087    -0.340    u_udp_send/crc_inst/crc_reg_reg[27]
  -------------------------------------------------------------------
                         required time                          0.340    
                         arrival time                          -0.181    
  -------------------------------------------------------------------
                         slack                                  0.159    

Slack (MET) :             0.163ns  (arrival time - required time)
  Source:                 u_udp_send/tx_data_reg[3]/C
                            (rising edge-triggered cell FDRE clocked by clk_out2_clk_wiz_0  {rise@0.000ns fall@4.000ns period=8.000ns})
  Destination:            u_udp_send/crc_inst/crc_reg_reg[9]/D
                            (rising edge-triggered cell FDPE clocked by clk_out2_clk_wiz_0  {rise@0.000ns fall@4.000ns period=8.000ns})
  Path Group:             clk_out2_clk_wiz_0
  Path Type:              Hold (Min at Fast Process Corner)
  Requirement:            0.000ns  (clk_out2_clk_wiz_0 rise@0.000ns - clk_out2_clk_wiz_0 rise@0.000ns)
  Data Path Delay:        0.264ns  (logic 0.146ns (55.329%)  route 0.118ns (44.671%))
  Logic Levels:           1  (LUT6=1)
  Clock Path Skew:        0.014ns (DCD - SCD - CPR)
    Destination Clock Delay (DCD):    -0.432ns
    Source Clock Delay      (SCD):    -0.438ns
    Clock Pessimism Removal (CPR):    -0.008ns

    Location             Delay type                Incr(ns)  Path(ns)    Netlist Resource(s)
  -------------------------------------------------------------------    -------------------
                         (clock clk_out2_clk_wiz_0 rise edge)
                                                      0.000     0.000 r  
    AE10                                              0.000     0.000 r  sys_clk_p
                         net (fo=0)                   0.000     0.000    u_clk_wiz/inst/clk_in1_p
    AE10                 IBUFDS (Prop_ibufds_I_O)     0.354     0.354 r  u_clk_wiz/inst/clkin1_ibufgds/O
                         net (fo=1, routed)           0.503     0.857    u_clk_wiz/inst/clk_in1_clk_wiz_0
    MMCME2_ADV_X1Y1      MMCME2_ADV (Prop_mmcme2_adv_CLKIN1_CLKOUT1)
                                                     -3.040    -2.183 r  u_clk_wiz/inst/mmcm_adv_inst/CLKOUT1
                         net (fo=1, routed)           0.940    -1.243    u_clk_wiz/inst/clk_out2_clk_wiz_0
    BUFGCTRL_X0Y0        BUFG (Prop_bufg_I_O)         0.026    -1.217 r  u_clk_wiz/inst/clkout2_buf/O
                         net (fo=76, routed)          0.779    -0.438    u_udp_send/C
    SLICE_X2Y42                                                       r  u_udp_send/tx_data_reg[3]/C
  -------------------------------------------------------------------    -------------------
    SLICE_X2Y42          FDRE (Prop_fdre_C_Q)         0.118    -0.320 r  u_udp_send/tx_data_reg[3]/Q
                         net (fo=12, routed)          0.118    -0.202    u_udp_send/crc_inst/I15[3]
    SLICE_X2Y41          LUT6 (Prop_lut6_I3_O)        0.028    -0.174 r  u_udp_send/crc_inst/crc_reg[9]_i_1/O
                         net (fo=1, routed)           0.000    -0.174    u_udp_send/crc_inst/p_38_out[9]
    SLICE_X2Y41          FDPE                                         r  u_udp_send/crc_inst/crc_reg_reg[9]/D
  -------------------------------------------------------------------    -------------------

                         (clock clk_out2_clk_wiz_0 rise edge)
                                                      0.000     0.000 r  
    AE10                                              0.000     0.000 r  sys_clk_p
                         net (fo=0)                   0.000     0.000    u_clk_wiz/inst/clk_in1_p
    AE10                 IBUFDS (Prop_ibufds_I_O)     0.432     0.432 r  u_clk_wiz/inst/clkin1_ibufgds/O
                         net (fo=1, routed)           0.553     0.985    u_clk_wiz/inst/clk_in1_clk_wiz_0
    MMCME2_ADV_X1Y1      MMCME2_ADV (Prop_mmcme2_adv_CLKIN1_CLKOUT1)
                                                     -3.493    -2.508 r  u_clk_wiz/inst/mmcm_adv_inst/CLKOUT1
                         net (fo=1, routed)           1.007    -1.501    u_clk_wiz/inst/clk_out2_clk_wiz_0
    BUFGCTRL_X0Y0        BUFG (Prop_bufg_I_O)         0.030    -1.471 r  u_clk_wiz/inst/clkout2_buf/O
                         net (fo=76, routed)          1.039    -0.432    u_udp_send/crc_inst/C
    SLICE_X2Y41                                                       r  u_udp_send/crc_inst/crc_reg_reg[9]/C
                         clock pessimism              0.008    -0.424    
    SLICE_X2Y41          FDPE (Hold_fdpe_C_D)         0.087    -0.337    u_udp_send/crc_inst/crc_reg_reg[9]
  -------------------------------------------------------------------
                         required time                          0.337    
                         arrival time                          -0.174    
  -------------------------------------------------------------------
                         slack                                  0.163    

Slack (MET) :             0.168ns  (arrival time - required time)
  Source:                 u_udp_send/tx_data_reg[6]/C
                            (rising edge-triggered cell FDRE clocked by clk_out2_clk_wiz_0  {rise@0.000ns fall@4.000ns period=8.000ns})
  Destination:            u_udp_send/crc_inst/crc_reg_reg[23]/D
                            (rising edge-triggered cell FDPE clocked by clk_out2_clk_wiz_0  {rise@0.000ns fall@4.000ns period=8.000ns})
  Path Group:             clk_out2_clk_wiz_0
  Path Type:              Hold (Min at Fast Process Corner)
  Requirement:            0.000ns  (clk_out2_clk_wiz_0 rise@0.000ns - clk_out2_clk_wiz_0 rise@0.000ns)
  Data Path Delay:        0.266ns  (logic 0.128ns (48.169%)  route 0.138ns (51.831%))
  Logic Levels:           1  (LUT4=1)
  Clock Path Skew:        0.011ns (DCD - SCD - CPR)
    Destination Clock Delay (DCD):    -0.432ns
    Source Clock Delay      (SCD):    -0.438ns
    Clock Pessimism Removal (CPR):    -0.005ns

    Location             Delay type                Incr(ns)  Path(ns)    Netlist Resource(s)
  -------------------------------------------------------------------    -------------------
                         (clock clk_out2_clk_wiz_0 rise edge)
                                                      0.000     0.000 r  
    AE10                                              0.000     0.000 r  sys_clk_p
                         net (fo=0)                   0.000     0.000    u_clk_wiz/inst/clk_in1_p
    AE10                 IBUFDS (Prop_ibufds_I_O)     0.354     0.354 r  u_clk_wiz/inst/clkin1_ibufgds/O
                         net (fo=1, routed)           0.503     0.857    u_clk_wiz/inst/clk_in1_clk_wiz_0
    MMCME2_ADV_X1Y1      MMCME2_ADV (Prop_mmcme2_adv_CLKIN1_CLKOUT1)
                                                     -3.040    -2.183 r  u_clk_wiz/inst/mmcm_adv_inst/CLKOUT1
                         net (fo=1, routed)           0.940    -1.243    u_clk_wiz/inst/clk_out2_clk_wiz_0
    BUFGCTRL_X0Y0        BUFG (Prop_bufg_I_O)         0.026    -1.217 r  u_clk_wiz/inst/clkout2_buf/O
                         net (fo=76, routed)          0.779    -0.438    u_udp_send/C
    SLICE_X3Y41                                                       r  u_udp_send/tx_data_reg[6]/C
  -------------------------------------------------------------------    -------------------
    SLICE_X3Y41          FDRE (Prop_fdre_C_Q)         0.100    -0.338 r  u_udp_send/tx_data_reg[6]/Q
                         net (fo=10, routed)          0.138    -0.200    u_udp_send/crc_inst/I15[6]
    SLICE_X2Y41          LUT4 (Prop_lut4_I1_O)        0.028    -0.172 r  u_udp_send/crc_inst/crc_reg[23]_i_1/O
                         net (fo=1, routed)           0.000    -0.172    u_udp_send/crc_inst/p_38_out[23]
    SLICE_X2Y41          FDPE                                         r  u_udp_send/crc_inst/crc_reg_reg[23]/D
  -------------------------------------------------------------------    -------------------

                         (clock clk_out2_clk_wiz_0 rise edge)
                                                      0.000     0.000 r  
    AE10                                              0.000     0.000 r  sys_clk_p
                         net (fo=0)                   0.000     0.000    u_clk_wiz/inst/clk_in1_p
    AE10                 IBUFDS (Prop_ibufds_I_O)     0.432     0.432 r  u_clk_wiz/inst/clkin1_ibufgds/O
                         net (fo=1, routed)           0.553     0.985    u_clk_wiz/inst/clk_in1_clk_wiz_0
    MMCME2_ADV_X1Y1      MMCME2_ADV (Prop_mmcme2_adv_CLKIN1_CLKOUT1)
                                                     -3.493    -2.508 r  u_clk_wiz/inst/mmcm_adv_inst/CLKOUT1
                         net (fo=1, routed)           1.007    -1.501    u_clk_wiz/inst/clk_out2_clk_wiz_0
    BUFGCTRL_X0Y0        BUFG (Prop_bufg_I_O)         0.030    -1.471 r  u_clk_wiz/inst/clkout2_buf/O
                         net (fo=76, routed)          1.039    -0.432    u_udp_send/crc_inst/C
    SLICE_X2Y41                                                       r  u_udp_send/crc_inst/crc_reg_reg[23]/C
                         clock pessimism              0.005    -0.427    
    SLICE_X2Y41          FDPE (Hold_fdpe_C_D)         0.087    -0.340    u_udp_send/crc_inst/crc_reg_reg[23]
  -------------------------------------------------------------------
                         required time                          0.340    
                         arrival time                          -0.172    
  -------------------------------------------------------------------
                         slack                                  0.168    

Slack (MET) :             0.171ns  (arrival time - required time)
  Source:                 u_udp_send/ram_addr_reg[3]/C
                            (rising edge-triggered cell FDRE clocked by clk_out2_clk_wiz_0  {rise@0.000ns fall@4.000ns period=8.000ns})
  Destination:            ram_data_reg[6]/D
                            (rising edge-triggered cell FDRE clocked by clk_out2_clk_wiz_0  {rise@0.000ns fall@4.000ns period=8.000ns})
  Path Group:             clk_out2_clk_wiz_0
  Path Type:              Hold (Min at Fast Process Corner)
  Requirement:            0.000ns  (clk_out2_clk_wiz_0 rise@0.000ns - clk_out2_clk_wiz_0 rise@0.000ns)
  Data Path Delay:        0.278ns  (logic 0.129ns (46.479%)  route 0.149ns (53.521%))
  Logic Levels:           1  (LUT5=1)
  Clock Path Skew:        0.011ns (DCD - SCD - CPR)
    Destination Clock Delay (DCD):    -0.433ns
    Source Clock Delay      (SCD):    -0.439ns
    Clock Pessimism Removal (CPR):    -0.005ns

    Location             Delay type                Incr(ns)  Path(ns)    Netlist Resource(s)
  -------------------------------------------------------------------    -------------------
                         (clock clk_out2_clk_wiz_0 rise edge)
                                                      0.000     0.000 r  
    AE10                                              0.000     0.000 r  sys_clk_p
                         net (fo=0)                   0.000     0.000    u_clk_wiz/inst/clk_in1_p
    AE10                 IBUFDS (Prop_ibufds_I_O)     0.354     0.354 r  u_clk_wiz/inst/clkin1_ibufgds/O
                         net (fo=1, routed)           0.503     0.857    u_clk_wiz/inst/clk_in1_clk_wiz_0
    MMCME2_ADV_X1Y1      MMCME2_ADV (Prop_mmcme2_adv_CLKIN1_CLKOUT1)
                                                     -3.040    -2.183 r  u_clk_wiz/inst/mmcm_adv_inst/CLKOUT1
                         net (fo=1, routed)           0.940    -1.243    u_clk_wiz/inst/clk_out2_clk_wiz_0
    BUFGCTRL_X0Y0        BUFG (Prop_bufg_I_O)         0.026    -1.217 r  u_clk_wiz/inst/clkout2_buf/O
                         net (fo=76, routed)          0.778    -0.439    u_udp_send/C
    SLICE_X7Y41                                                       r  u_udp_send/ram_addr_reg[3]/C
  -------------------------------------------------------------------    -------------------
    SLICE_X7Y41          FDRE (Prop_fdre_C_Q)         0.100    -0.339 r  u_udp_send/ram_addr_reg[3]/Q
                         net (fo=8, routed)           0.149    -0.191    u_udp_send/n_0_ram_addr_reg[3]
    SLICE_X6Y41          LUT5 (Prop_lut5_I3_O)        0.029    -0.162 r  u_udp_send/g0_b6/O
                         net (fo=1, routed)           0.000    -0.162    n_10_u_udp_send
    SLICE_X6Y41          FDRE                                         r  ram_data_reg[6]/D
  -------------------------------------------------------------------    -------------------

                         (clock clk_out2_clk_wiz_0 rise edge)
                                                      0.000     0.000 r  
    AE10                                              0.000     0.000 r  sys_clk_p
                         net (fo=0)                   0.000     0.000    u_clk_wiz/inst/clk_in1_p
    AE10                 IBUFDS (Prop_ibufds_I_O)     0.432     0.432 r  u_clk_wiz/inst/clkin1_ibufgds/O
                         net (fo=1, routed)           0.553     0.985    u_clk_wiz/inst/clk_in1_clk_wiz_0
    MMCME2_ADV_X1Y1      MMCME2_ADV (Prop_mmcme2_adv_CLKIN1_CLKOUT1)
                                                     -3.493    -2.508 r  u_clk_wiz/inst/mmcm_adv_inst/CLKOUT1
                         net (fo=1, routed)           1.007    -1.501    u_clk_wiz/inst/clk_out2_clk_wiz_0
    BUFGCTRL_X0Y0        BUFG (Prop_bufg_I_O)         0.030    -1.471 r  u_clk_wiz/inst/clkout2_buf/O
                         net (fo=76, routed)          1.038    -0.433    C
    SLICE_X6Y41                                                       r  ram_data_reg[6]/C
                         clock pessimism              0.005    -0.428    
    SLICE_X6Y41          FDRE (Hold_fdre_C_D)         0.096    -0.332    ram_data_reg[6]
  -------------------------------------------------------------------
                         required time                          0.332    
                         arrival time                          -0.162    
  -------------------------------------------------------------------
                         slack                                  0.171    

Slack (MET) :             0.171ns  (arrival time - required time)
  Source:                 u_udp_send/tx_data_reg[0]/C
                            (rising edge-triggered cell FDRE clocked by clk_out2_clk_wiz_0  {rise@0.000ns fall@4.000ns period=8.000ns})
  Destination:            u_udp_send/crc_inst/crc_reg_reg[15]/D
                            (rising edge-triggered cell FDPE clocked by clk_out2_clk_wiz_0  {rise@0.000ns fall@4.000ns period=8.000ns})
  Path Group:             clk_out2_clk_wiz_0
  Path Type:              Hold (Min at Fast Process Corner)
  Requirement:            0.000ns  (clk_out2_clk_wiz_0 rise@0.000ns - clk_out2_clk_wiz_0 rise@0.000ns)
  Data Path Delay:        0.264ns  (logic 0.128ns (48.413%)  route 0.136ns (51.587%))
  Logic Levels:           1  (LUT6=1)
  Clock Path Skew:        0.033ns (DCD - SCD - CPR)
    Destination Clock Delay (DCD):    -0.432ns
    Source Clock Delay      (SCD):    -0.439ns
    Clock Pessimism Removal (CPR):    -0.026ns

    Location             Delay type                Incr(ns)  Path(ns)    Netlist Resource(s)
  -------------------------------------------------------------------    -------------------
                         (clock clk_out2_clk_wiz_0 rise edge)
                                                      0.000     0.000 r  
    AE10                                              0.000     0.000 r  sys_clk_p
                         net (fo=0)                   0.000     0.000    u_clk_wiz/inst/clk_in1_p
    AE10                 IBUFDS (Prop_ibufds_I_O)     0.354     0.354 r  u_clk_wiz/inst/clkin1_ibufgds/O
                         net (fo=1, routed)           0.503     0.857    u_clk_wiz/inst/clk_in1_clk_wiz_0
    MMCME2_ADV_X1Y1      MMCME2_ADV (Prop_mmcme2_adv_CLKIN1_CLKOUT1)
                                                     -3.040    -2.183 r  u_clk_wiz/inst/mmcm_adv_inst/CLKOUT1
                         net (fo=1, routed)           0.940    -1.243    u_clk_wiz/inst/clk_out2_clk_wiz_0
    BUFGCTRL_X0Y0        BUFG (Prop_bufg_I_O)         0.026    -1.217 r  u_clk_wiz/inst/clkout2_buf/O
                         net (fo=76, routed)          0.778    -0.439    u_udp_send/C
    SLICE_X5Y42                                                       r  u_udp_send/tx_data_reg[0]/C
  -------------------------------------------------------------------    -------------------
    SLICE_X5Y42          FDRE (Prop_fdre_C_Q)         0.100    -0.339 r  u_udp_send/tx_data_reg[0]/Q
                         net (fo=11, routed)          0.136    -0.203    u_udp_send/crc_inst/I15[0]
    SLICE_X1Y42          LUT6 (Prop_lut6_I2_O)        0.028    -0.175 r  u_udp_send/crc_inst/crc_reg[15]_i_1/O
                         net (fo=1, routed)           0.000    -0.175    u_udp_send/crc_inst/p_38_out[15]
    SLICE_X1Y42          FDPE                                         r  u_udp_send/crc_inst/crc_reg_reg[15]/D
  -------------------------------------------------------------------    -------------------

                         (clock clk_out2_clk_wiz_0 rise edge)
                                                      0.000     0.000 r  
    AE10                                              0.000     0.000 r  sys_clk_p
                         net (fo=0)                   0.000     0.000    u_clk_wiz/inst/clk_in1_p
    AE10                 IBUFDS (Prop_ibufds_I_O)     0.432     0.432 r  u_clk_wiz/inst/clkin1_ibufgds/O
                         net (fo=1, routed)           0.553     0.985    u_clk_wiz/inst/clk_in1_clk_wiz_0
    MMCME2_ADV_X1Y1      MMCME2_ADV (Prop_mmcme2_adv_CLKIN1_CLKOUT1)
                                                     -3.493    -2.508 r  u_clk_wiz/inst/mmcm_adv_inst/CLKOUT1
                         net (fo=1, routed)           1.007    -1.501    u_clk_wiz/inst/clk_out2_clk_wiz_0
    BUFGCTRL_X0Y0        BUFG (Prop_bufg_I_O)         0.030    -1.471 r  u_clk_wiz/inst/clkout2_buf/O
                         net (fo=76, routed)          1.039    -0.432    u_udp_send/crc_inst/C
    SLICE_X1Y42                                                       r  u_udp_send/crc_inst/crc_reg_reg[15]/C
                         clock pessimism              0.026    -0.406    
    SLICE_X1Y42          FDPE (Hold_fdpe_C_D)         0.060    -0.346    u_udp_send/crc_inst/crc_reg_reg[15]
  -------------------------------------------------------------------
                         required time                          0.346    
                         arrival time                          -0.175    
  -------------------------------------------------------------------
                         slack                                  0.171    

Slack (MET) :             0.173ns  (arrival time - required time)
  Source:                 u_udp_send/ram_addr_reg[4]/C
                            (rising edge-triggered cell FDRE clocked by clk_out2_clk_wiz_0  {rise@0.000ns fall@4.000ns period=8.000ns})
  Destination:            ram_data_reg[4]/D
                            (rising edge-triggered cell FDRE clocked by clk_out2_clk_wiz_0  {rise@0.000ns fall@4.000ns period=8.000ns})
  Path Group:             clk_out2_clk_wiz_0
  Path Type:              Hold (Min at Fast Process Corner)
  Requirement:            0.000ns  (clk_out2_clk_wiz_0 rise@0.000ns - clk_out2_clk_wiz_0 rise@0.000ns)
  Data Path Delay:        0.280ns  (logic 0.130ns (46.505%)  route 0.150ns (53.495%))
  Logic Levels:           1  (LUT5=1)
  Clock Path Skew:        0.011ns (DCD - SCD - CPR)
    Destination Clock Delay (DCD):    -0.433ns
    Source Clock Delay      (SCD):    -0.439ns
    Clock Pessimism Removal (CPR):    -0.005ns

    Location             Delay type                Incr(ns)  Path(ns)    Netlist Resource(s)
  -------------------------------------------------------------------    -------------------
                         (clock clk_out2_clk_wiz_0 rise edge)
                                                      0.000     0.000 r  
    AE10                                              0.000     0.000 r  sys_clk_p
                         net (fo=0)                   0.000     0.000    u_clk_wiz/inst/clk_in1_p
    AE10                 IBUFDS (Prop_ibufds_I_O)     0.354     0.354 r  u_clk_wiz/inst/clkin1_ibufgds/O
                         net (fo=1, routed)           0.503     0.857    u_clk_wiz/inst/clk_in1_clk_wiz_0
    MMCME2_ADV_X1Y1      MMCME2_ADV (Prop_mmcme2_adv_CLKIN1_CLKOUT1)
                                                     -3.040    -2.183 r  u_clk_wiz/inst/mmcm_adv_inst/CLKOUT1
                         net (fo=1, routed)           0.940    -1.243    u_clk_wiz/inst/clk_out2_clk_wiz_0
    BUFGCTRL_X0Y0        BUFG (Prop_bufg_I_O)         0.026    -1.217 r  u_clk_wiz/inst/clkout2_buf/O
                         net (fo=76, routed)          0.778    -0.439    u_udp_send/C
    SLICE_X7Y41                                                       r  u_udp_send/ram_addr_reg[4]/C
  -------------------------------------------------------------------    -------------------
    SLICE_X7Y41          FDRE (Prop_fdre_C_Q)         0.100    -0.339 r  u_udp_send/ram_addr_reg[4]/Q
                         net (fo=8, routed)           0.150    -0.190    u_udp_send/n_0_ram_addr_reg[4]
    SLICE_X6Y41          LUT5 (Prop_lut5_I4_O)        0.030    -0.160 r  u_udp_send/g0_b4/O
                         net (fo=1, routed)           0.000    -0.160    n_12_u_udp_send
    SLICE_X6Y41          FDRE                                         r  ram_data_reg[4]/D
  -------------------------------------------------------------------    -------------------

                         (clock clk_out2_clk_wiz_0 rise edge)
                                                      0.000     0.000 r  
    AE10                                              0.000     0.000 r  sys_clk_p
                         net (fo=0)                   0.000     0.000    u_clk_wiz/inst/clk_in1_p
    AE10                 IBUFDS (Prop_ibufds_I_O)     0.432     0.432 r  u_clk_wiz/inst/clkin1_ibufgds/O
                         net (fo=1, routed)           0.553     0.985    u_clk_wiz/inst/clk_in1_clk_wiz_0
    MMCME2_ADV_X1Y1      MMCME2_ADV (Prop_mmcme2_adv_CLKIN1_CLKOUT1)
                                                     -3.493    -2.508 r  u_clk_wiz/inst/mmcm_adv_inst/CLKOUT1
                         net (fo=1, routed)           1.007    -1.501    u_clk_wiz/inst/clk_out2_clk_wiz_0
    BUFGCTRL_X0Y0        BUFG (Prop_bufg_I_O)         0.030    -1.471 r  u_clk_wiz/inst/clkout2_buf/O
                         net (fo=76, routed)          1.038    -0.433    C
    SLICE_X6Y41                                                       r  ram_data_reg[4]/C
                         clock pessimism              0.005    -0.428    
    SLICE_X6Y41          FDRE (Hold_fdre_C_D)         0.096    -0.332    ram_data_reg[4]
  -------------------------------------------------------------------
                         required time                          0.332    
                         arrival time                          -0.160    
  -------------------------------------------------------------------
                         slack                                  0.173    





Pulse Width Checks
--------------------------------------------------------------------------------------
Clock Name:         clk_out2_clk_wiz_0
Waveform:           { 0 4 }
Period:             8.000
Sources:            { u_clk_wiz/inst/mmcm_adv_inst/CLKOUT1 }

Check Type        Corner  Lib Pin             Reference Pin  Required  Actual  Slack    Location         Pin                                    
Min Period        n/a     BUFG/I              n/a            1.408     8.000   6.591    BUFGCTRL_X0Y0    u_clk_wiz/inst/clkout2_buf/I           
Min Period        n/a     MMCME2_ADV/CLKOUT1  n/a            1.071     8.000   6.929    MMCME2_ADV_X1Y1  u_clk_wiz/inst/mmcm_adv_inst/CLKOUT1   
Min Period        n/a     ODDR/C              n/a            1.070     8.000   6.930    OLOGIC_X0Y164    ODDR_gtxc/C                            
Min Period        n/a     FDRE/C              n/a            0.750     8.000   7.250    SLICE_X6Y41      ram_data_reg[4]/C                      
Min Period        n/a     FDSE/C              n/a            0.750     8.000   7.250    SLICE_X6Y41      ram_data_reg[5]/C                      
Min Period        n/a     FDRE/C              n/a            0.750     8.000   7.250    SLICE_X6Y41      ram_data_reg[6]/C                      
Min Period        n/a     FDPE/C              n/a            0.750     8.000   7.250    SLICE_X0Y41      u_udp_send/crc_inst/crc_reg_reg[0]/C   
Min Period        n/a     FDPE/C              n/a            0.750     8.000   7.250    SLICE_X0Y41      u_udp_send/crc_inst/crc_reg_reg[1]/C   
Min Period        n/a     FDPE/C              n/a            0.750     8.000   7.250    SLICE_X3Y40      u_udp_send/crc_inst/crc_reg_reg[21]/C  
Min Period        n/a     FDPE/C              n/a            0.750     8.000   7.250    SLICE_X1Y41      u_udp_send/crc_inst/crc_reg_reg[22]/C  
Max Period        n/a     MMCME2_ADV/CLKOUT1  n/a            213.360   8.000   205.360  MMCME2_ADV_X1Y1  u_clk_wiz/inst/mmcm_adv_inst/CLKOUT1   
Low Pulse Width   Slow    FDRE/C              n/a            0.400     4.000   3.600    SLICE_X6Y41      ram_data_reg[4]/C                      
Low Pulse Width   Slow    FDSE/C              n/a            0.400     4.000   3.600    SLICE_X6Y41      ram_data_reg[5]/C                      
Low Pulse Width   Slow    FDRE/C              n/a            0.400     4.000   3.600    SLICE_X6Y41      ram_data_reg[6]/C                      
Low Pulse Width   Slow    FDPE/C              n/a            0.400     4.000   3.600    SLICE_X0Y41      u_udp_send/crc_inst/crc_reg_reg[0]/C   
Low Pulse Width   Fast    FDPE/C              n/a            0.400     4.000   3.600    SLICE_X0Y41      u_udp_send/crc_inst/crc_reg_reg[0]/C   
Low Pulse Width   Slow    FDPE/C              n/a            0.400     4.000   3.600    SLICE_X0Y41      u_udp_send/crc_inst/crc_reg_reg[1]/C   
Low Pulse Width   Fast    FDPE/C              n/a            0.400     4.000   3.600    SLICE_X0Y41      u_udp_send/crc_inst/crc_reg_reg[1]/C   
Low Pulse Width   Slow    FDPE/C              n/a            0.400     4.000   3.600    SLICE_X3Y40      u_udp_send/crc_inst/crc_reg_reg[21]/C  
Low Pulse Width   Fast    FDPE/C              n/a            0.400     4.000   3.600    SLICE_X3Y40      u_udp_send/crc_inst/crc_reg_reg[21]/C  
Low Pulse Width   Slow    FDPE/C              n/a            0.400     4.000   3.600    SLICE_X1Y41      u_udp_send/crc_inst/crc_reg_reg[22]/C  
High Pulse Width  Slow    FDRE/C              n/a            0.350     4.000   3.650    SLICE_X6Y41      ram_data_reg[0]/C                      
High Pulse Width  Fast    FDRE/C              n/a            0.350     4.000   3.650    SLICE_X6Y41      ram_data_reg[0]/C                      
High Pulse Width  Slow    FDRE/C              n/a            0.350     4.000   3.650    SLICE_X6Y41      ram_data_reg[1]/C                      
High Pulse Width  Fast    FDRE/C              n/a            0.350     4.000   3.650    SLICE_X6Y41      ram_data_reg[1]/C                      
High Pulse Width  Slow    FDRE/C              n/a            0.350     4.000   3.650    SLICE_X6Y41      ram_data_reg[2]/C                      
High Pulse Width  Fast    FDRE/C              n/a            0.350     4.000   3.650    SLICE_X6Y41      ram_data_reg[2]/C                      
High Pulse Width  Slow    FDRE/C              n/a            0.350     4.000   3.650    SLICE_X6Y40      ram_data_reg[3]/C                      
High Pulse Width  Fast    FDRE/C              n/a            0.350     4.000   3.650    SLICE_X6Y40      ram_data_reg[3]/C                      
High Pulse Width  Slow    FDRE/C              n/a            0.350     4.000   3.650    SLICE_X6Y41      ram_data_reg[4]/C                      
High Pulse Width  Fast    FDRE/C              n/a            0.350     4.000   3.650    SLICE_X6Y41      ram_data_reg[4]/C                      



---------------------------------------------------------------------------------------------------
From Clock:  clkfbout_clk_wiz_0
  To Clock:  clkfbout_clk_wiz_0

Setup :           NA  Failing Endpoints,  Worst Slack           NA  ,  Total Violation           NA
Hold  :           NA  Failing Endpoints,  Worst Slack           NA  ,  Total Violation           NA
PW    :            0  Failing Endpoints,  Worst Slack        3.592ns,  Total Violation        0.000ns
---------------------------------------------------------------------------------------------------


Pulse Width Checks
--------------------------------------------------------------------------------------
Clock Name:         clkfbout_clk_wiz_0
Waveform:           { 0 2.5 }
Period:             5.000
Sources:            { u_clk_wiz/inst/mmcm_adv_inst/CLKFBOUT }

Check Type  Corner  Lib Pin              Reference Pin  Required  Actual  Slack    Location         Pin                                    
Min Period  n/a     BUFG/I               n/a            1.408     5.000   3.592    BUFGCTRL_X0Y2    u_clk_wiz/inst/clkf_buf/I              
Min Period  n/a     MMCME2_ADV/CLKFBIN   n/a            1.071     5.000   3.929    MMCME2_ADV_X1Y1  u_clk_wiz/inst/mmcm_adv_inst/CLKFBIN   
Min Period  n/a     MMCME2_ADV/CLKFBOUT  n/a            1.071     5.000   3.929    MMCME2_ADV_X1Y1  u_clk_wiz/inst/mmcm_adv_inst/CLKFBOUT  
Max Period  n/a     MMCME2_ADV/CLKFBIN   n/a            100.000   5.000   95.000   MMCME2_ADV_X1Y1  u_clk_wiz/inst/mmcm_adv_inst/CLKFBIN   
Max Period  n/a     MMCME2_ADV/CLKFBOUT  n/a            213.360   5.000   208.360  MMCME2_ADV_X1Y1  u_clk_wiz/inst/mmcm_adv_inst/CLKFBOUT  



---------------------------------------------------------------------------------------------------
Path Group:  **async_default**
From Clock:  clk_out2_clk_wiz_0
  To Clock:  clk_out2_clk_wiz_0

Setup :            0  Failing Endpoints,  Worst Slack        6.629ns,  Total Violation        0.000ns
Hold  :            0  Failing Endpoints,  Worst Slack        0.481ns,  Total Violation        0.000ns
---------------------------------------------------------------------------------------------------


Max Delay Paths
--------------------------------------------------------------------------------------
Slack (MET) :             6.629ns  (required time - arrival time)
  Source:                 u_udp_send/crc_rst_reg/C
                            (rising edge-triggered cell FDPE clocked by clk_out2_clk_wiz_0  {rise@0.000ns fall@4.000ns period=8.000ns})
  Destination:            u_udp_send/crc_inst/crc_reg_reg[27]/PRE
                            (recovery check against rising-edge clock clk_out2_clk_wiz_0  {rise@0.000ns fall@4.000ns period=8.000ns})
  Path Group:             **async_default**
  Path Type:              Recovery (Max at Slow Process Corner)
  Requirement:            8.000ns  (clk_out2_clk_wiz_0 rise@8.000ns - clk_out2_clk_wiz_0 rise@0.000ns)
  Data Path Delay:        1.093ns  (logic 0.223ns (20.403%)  route 0.870ns (79.597%))
  Logic Levels:           0  
  Clock Path Skew:        -0.027ns (DCD - SCD + CPR)
    Destination Clock Delay (DCD):    -1.233ns = ( 6.767 - 8.000 ) 
    Source Clock Delay      (SCD):    -1.791ns
    Clock Pessimism Removal (CPR):    -0.585ns
  Clock Uncertainty:      0.064ns  ((TSJ^2 + DJ^2)^1/2) / 2 + PE
    Total System Jitter     (TSJ):    0.071ns
    Discrete Jitter          (DJ):    0.108ns
    Phase Error              (PE):    0.000ns

    Location             Delay type                Incr(ns)  Path(ns)    Netlist Resource(s)
  -------------------------------------------------------------------    -------------------
                         (clock clk_out2_clk_wiz_0 rise edge)
                                                      0.000     0.000 r  
    AE10                                              0.000     0.000 r  sys_clk_p
                         net (fo=0)                   0.000     0.000    u_clk_wiz/inst/clk_in1_p
    AE10                 IBUFDS (Prop_ibufds_I_O)     0.818     0.818 r  u_clk_wiz/inst/clkin1_ibufgds/O
                         net (fo=1, routed)           1.081     1.899    u_clk_wiz/inst/clk_in1_clk_wiz_0
    MMCME2_ADV_X1Y1      MMCME2_ADV (Prop_mmcme2_adv_CLKIN1_CLKOUT1)
                                                     -7.786    -5.887 r  u_clk_wiz/inst/mmcm_adv_inst/CLKOUT1
                         net (fo=1, routed)           2.130    -3.757    u_clk_wiz/inst/clk_out2_clk_wiz_0
    BUFGCTRL_X0Y0        BUFG (Prop_bufg_I_O)         0.093    -3.664 r  u_clk_wiz/inst/clkout2_buf/O
                         net (fo=76, routed)          1.873    -1.791    u_udp_send/C
    SLICE_X1Y44                                                       r  u_udp_send/crc_rst_reg/C
  -------------------------------------------------------------------    -------------------
    SLICE_X1Y44          FDPE (Prop_fdpe_C_Q)         0.223    -1.568 f  u_udp_send/crc_rst_reg/Q
                         net (fo=33, routed)          0.870    -0.698    u_udp_send/crc_inst/AS[0]
    SLICE_X2Y40          FDPE                                         f  u_udp_send/crc_inst/crc_reg_reg[27]/PRE
  -------------------------------------------------------------------    -------------------

                         (clock clk_out2_clk_wiz_0 rise edge)
                                                      8.000     8.000 r  
    AE10                                              0.000     8.000 r  sys_clk_p
                         net (fo=0)                   0.000     8.000    u_clk_wiz/inst/clk_in1_p
    AE10                 IBUFDS (Prop_ibufds_I_O)     0.722     8.722 r  u_clk_wiz/inst/clkin1_ibufgds/O
                         net (fo=1, routed)           0.986     9.708    u_clk_wiz/inst/clk_in1_clk_wiz_0
    MMCME2_ADV_X1Y1      MMCME2_ADV (Prop_mmcme2_adv_CLKIN1_CLKOUT1)
                                                     -6.759     2.949 r  u_clk_wiz/inst/mmcm_adv_inst/CLKOUT1
                         net (fo=1, routed)           2.005     4.954    u_clk_wiz/inst/clk_out2_clk_wiz_0
    BUFGCTRL_X0Y0        BUFG (Prop_bufg_I_O)         0.083     5.037 r  u_clk_wiz/inst/clkout2_buf/O
                         net (fo=76, routed)          1.730     6.767    u_udp_send/crc_inst/C
    SLICE_X2Y40                                                       r  u_udp_send/crc_inst/crc_reg_reg[27]/C
                         clock pessimism             -0.585     6.182    
                         clock uncertainty           -0.064     6.118    
    SLICE_X2Y40          FDPE (Recov_fdpe_C_PRE)     -0.187     5.931    u_udp_send/crc_inst/crc_reg_reg[27]
  -------------------------------------------------------------------
                         required time                          5.931    
                         arrival time                           0.698    
  -------------------------------------------------------------------
                         slack                                  6.629    

Slack (MET) :             6.629ns  (required time - arrival time)
  Source:                 u_udp_send/crc_rst_reg/C
                            (rising edge-triggered cell FDPE clocked by clk_out2_clk_wiz_0  {rise@0.000ns fall@4.000ns period=8.000ns})
  Destination:            u_udp_send/crc_inst/crc_reg_reg[2]/PRE
                            (recovery check against rising-edge clock clk_out2_clk_wiz_0  {rise@0.000ns fall@4.000ns period=8.000ns})
  Path Group:             **async_default**
  Path Type:              Recovery (Max at Slow Process Corner)
  Requirement:            8.000ns  (clk_out2_clk_wiz_0 rise@8.000ns - clk_out2_clk_wiz_0 rise@0.000ns)
  Data Path Delay:        1.093ns  (logic 0.223ns (20.403%)  route 0.870ns (79.597%))
  Logic Levels:           0  
  Clock Path Skew:        -0.027ns (DCD - SCD + CPR)
    Destination Clock Delay (DCD):    -1.233ns = ( 6.767 - 8.000 ) 
    Source Clock Delay      (SCD):    -1.791ns
    Clock Pessimism Removal (CPR):    -0.585ns
  Clock Uncertainty:      0.064ns  ((TSJ^2 + DJ^2)^1/2) / 2 + PE
    Total System Jitter     (TSJ):    0.071ns
    Discrete Jitter          (DJ):    0.108ns
    Phase Error              (PE):    0.000ns

    Location             Delay type                Incr(ns)  Path(ns)    Netlist Resource(s)
  -------------------------------------------------------------------    -------------------
                         (clock clk_out2_clk_wiz_0 rise edge)
                                                      0.000     0.000 r  
    AE10                                              0.000     0.000 r  sys_clk_p
                         net (fo=0)                   0.000     0.000    u_clk_wiz/inst/clk_in1_p
    AE10                 IBUFDS (Prop_ibufds_I_O)     0.818     0.818 r  u_clk_wiz/inst/clkin1_ibufgds/O
                         net (fo=1, routed)           1.081     1.899    u_clk_wiz/inst/clk_in1_clk_wiz_0
    MMCME2_ADV_X1Y1      MMCME2_ADV (Prop_mmcme2_adv_CLKIN1_CLKOUT1)
                                                     -7.786    -5.887 r  u_clk_wiz/inst/mmcm_adv_inst/CLKOUT1
                         net (fo=1, routed)           2.130    -3.757    u_clk_wiz/inst/clk_out2_clk_wiz_0
    BUFGCTRL_X0Y0        BUFG (Prop_bufg_I_O)         0.093    -3.664 r  u_clk_wiz/inst/clkout2_buf/O
                         net (fo=76, routed)          1.873    -1.791    u_udp_send/C
    SLICE_X1Y44                                                       r  u_udp_send/crc_rst_reg/C
  -------------------------------------------------------------------    -------------------
    SLICE_X1Y44          FDPE (Prop_fdpe_C_Q)         0.223    -1.568 f  u_udp_send/crc_rst_reg/Q
                         net (fo=33, routed)          0.870    -0.698    u_udp_send/crc_inst/AS[0]
    SLICE_X2Y40          FDPE                                         f  u_udp_send/crc_inst/crc_reg_reg[2]/PRE
  -------------------------------------------------------------------    -------------------

                         (clock clk_out2_clk_wiz_0 rise edge)
                                                      8.000     8.000 r  
    AE10                                              0.000     8.000 r  sys_clk_p
                         net (fo=0)                   0.000     8.000    u_clk_wiz/inst/clk_in1_p
    AE10                 IBUFDS (Prop_ibufds_I_O)     0.722     8.722 r  u_clk_wiz/inst/clkin1_ibufgds/O
                         net (fo=1, routed)           0.986     9.708    u_clk_wiz/inst/clk_in1_clk_wiz_0
    MMCME2_ADV_X1Y1      MMCME2_ADV (Prop_mmcme2_adv_CLKIN1_CLKOUT1)
                                                     -6.759     2.949 r  u_clk_wiz/inst/mmcm_adv_inst/CLKOUT1
                         net (fo=1, routed)           2.005     4.954    u_clk_wiz/inst/clk_out2_clk_wiz_0
    BUFGCTRL_X0Y0        BUFG (Prop_bufg_I_O)         0.083     5.037 r  u_clk_wiz/inst/clkout2_buf/O
                         net (fo=76, routed)          1.730     6.767    u_udp_send/crc_inst/C
    SLICE_X2Y40                                                       r  u_udp_send/crc_inst/crc_reg_reg[2]/C
                         clock pessimism             -0.585     6.182    
                         clock uncertainty           -0.064     6.118    
    SLICE_X2Y40          FDPE (Recov_fdpe_C_PRE)     -0.187     5.931    u_udp_send/crc_inst/crc_reg_reg[2]
  -------------------------------------------------------------------
                         required time                          5.931    
                         arrival time                           0.698    
  -------------------------------------------------------------------
                         slack                                  6.629    

Slack (MET) :             6.629ns  (required time - arrival time)
  Source:                 u_udp_send/crc_rst_reg/C
                            (rising edge-triggered cell FDPE clocked by clk_out2_clk_wiz_0  {rise@0.000ns fall@4.000ns period=8.000ns})
  Destination:            u_udp_send/crc_inst/crc_reg_reg[3]/PRE
                            (recovery check against rising-edge clock clk_out2_clk_wiz_0  {rise@0.000ns fall@4.000ns period=8.000ns})
  Path Group:             **async_default**
  Path Type:              Recovery (Max at Slow Process Corner)
  Requirement:            8.000ns  (clk_out2_clk_wiz_0 rise@8.000ns - clk_out2_clk_wiz_0 rise@0.000ns)
  Data Path Delay:        1.093ns  (logic 0.223ns (20.403%)  route 0.870ns (79.597%))
  Logic Levels:           0  
  Clock Path Skew:        -0.027ns (DCD - SCD + CPR)
    Destination Clock Delay (DCD):    -1.233ns = ( 6.767 - 8.000 ) 
    Source Clock Delay      (SCD):    -1.791ns
    Clock Pessimism Removal (CPR):    -0.585ns
  Clock Uncertainty:      0.064ns  ((TSJ^2 + DJ^2)^1/2) / 2 + PE
    Total System Jitter     (TSJ):    0.071ns
    Discrete Jitter          (DJ):    0.108ns
    Phase Error              (PE):    0.000ns

    Location             Delay type                Incr(ns)  Path(ns)    Netlist Resource(s)
  -------------------------------------------------------------------    -------------------
                         (clock clk_out2_clk_wiz_0 rise edge)
                                                      0.000     0.000 r  
    AE10                                              0.000     0.000 r  sys_clk_p
                         net (fo=0)                   0.000     0.000    u_clk_wiz/inst/clk_in1_p
    AE10                 IBUFDS (Prop_ibufds_I_O)     0.818     0.818 r  u_clk_wiz/inst/clkin1_ibufgds/O
                         net (fo=1, routed)           1.081     1.899    u_clk_wiz/inst/clk_in1_clk_wiz_0
    MMCME2_ADV_X1Y1      MMCME2_ADV (Prop_mmcme2_adv_CLKIN1_CLKOUT1)
                                                     -7.786    -5.887 r  u_clk_wiz/inst/mmcm_adv_inst/CLKOUT1
                         net (fo=1, routed)           2.130    -3.757    u_clk_wiz/inst/clk_out2_clk_wiz_0
    BUFGCTRL_X0Y0        BUFG (Prop_bufg_I_O)         0.093    -3.664 r  u_clk_wiz/inst/clkout2_buf/O
                         net (fo=76, routed)          1.873    -1.791    u_udp_send/C
    SLICE_X1Y44                                                       r  u_udp_send/crc_rst_reg/C
  -------------------------------------------------------------------    -------------------
    SLICE_X1Y44          FDPE (Prop_fdpe_C_Q)         0.223    -1.568 f  u_udp_send/crc_rst_reg/Q
                         net (fo=33, routed)          0.870    -0.698    u_udp_send/crc_inst/AS[0]
    SLICE_X2Y40          FDPE                                         f  u_udp_send/crc_inst/crc_reg_reg[3]/PRE
  -------------------------------------------------------------------    -------------------

                         (clock clk_out2_clk_wiz_0 rise edge)
                                                      8.000     8.000 r  
    AE10                                              0.000     8.000 r  sys_clk_p
                         net (fo=0)                   0.000     8.000    u_clk_wiz/inst/clk_in1_p
    AE10                 IBUFDS (Prop_ibufds_I_O)     0.722     8.722 r  u_clk_wiz/inst/clkin1_ibufgds/O
                         net (fo=1, routed)           0.986     9.708    u_clk_wiz/inst/clk_in1_clk_wiz_0
    MMCME2_ADV_X1Y1      MMCME2_ADV (Prop_mmcme2_adv_CLKIN1_CLKOUT1)
                                                     -6.759     2.949 r  u_clk_wiz/inst/mmcm_adv_inst/CLKOUT1
                         net (fo=1, routed)           2.005     4.954    u_clk_wiz/inst/clk_out2_clk_wiz_0
    BUFGCTRL_X0Y0        BUFG (Prop_bufg_I_O)         0.083     5.037 r  u_clk_wiz/inst/clkout2_buf/O
                         net (fo=76, routed)          1.730     6.767    u_udp_send/crc_inst/C
    SLICE_X2Y40                                                       r  u_udp_send/crc_inst/crc_reg_reg[3]/C
                         clock pessimism             -0.585     6.182    
                         clock uncertainty           -0.064     6.118    
    SLICE_X2Y40          FDPE (Recov_fdpe_C_PRE)     -0.187     5.931    u_udp_send/crc_inst/crc_reg_reg[3]
  -------------------------------------------------------------------
                         required time                          5.931    
                         arrival time                           0.698    
  -------------------------------------------------------------------
                         slack                                  6.629    

Slack (MET) :             6.638ns  (required time - arrival time)
  Source:                 u_udp_send/crc_rst_reg/C
                            (rising edge-triggered cell FDPE clocked by clk_out2_clk_wiz_0  {rise@0.000ns fall@4.000ns period=8.000ns})
  Destination:            u_udp_send/crc_inst/crc_reg_reg[10]/PRE
                            (recovery check against rising-edge clock clk_out2_clk_wiz_0  {rise@0.000ns fall@4.000ns period=8.000ns})
  Path Group:             **async_default**
  Path Type:              Recovery (Max at Slow Process Corner)
  Requirement:            8.000ns  (clk_out2_clk_wiz_0 rise@8.000ns - clk_out2_clk_wiz_0 rise@0.000ns)
  Data Path Delay:        1.093ns  (logic 0.223ns (20.403%)  route 0.870ns (79.597%))
  Logic Levels:           0  
  Clock Path Skew:        -0.027ns (DCD - SCD + CPR)
    Destination Clock Delay (DCD):    -1.233ns = ( 6.767 - 8.000 ) 
    Source Clock Delay      (SCD):    -1.791ns
    Clock Pessimism Removal (CPR):    -0.585ns
  Clock Uncertainty:      0.064ns  ((TSJ^2 + DJ^2)^1/2) / 2 + PE
    Total System Jitter     (TSJ):    0.071ns
    Discrete Jitter          (DJ):    0.108ns
    Phase Error              (PE):    0.000ns

    Location             Delay type                Incr(ns)  Path(ns)    Netlist Resource(s)
  -------------------------------------------------------------------    -------------------
                         (clock clk_out2_clk_wiz_0 rise edge)
                                                      0.000     0.000 r  
    AE10                                              0.000     0.000 r  sys_clk_p
                         net (fo=0)                   0.000     0.000    u_clk_wiz/inst/clk_in1_p
    AE10                 IBUFDS (Prop_ibufds_I_O)     0.818     0.818 r  u_clk_wiz/inst/clkin1_ibufgds/O
                         net (fo=1, routed)           1.081     1.899    u_clk_wiz/inst/clk_in1_clk_wiz_0
    MMCME2_ADV_X1Y1      MMCME2_ADV (Prop_mmcme2_adv_CLKIN1_CLKOUT1)
                                                     -7.786    -5.887 r  u_clk_wiz/inst/mmcm_adv_inst/CLKOUT1
                         net (fo=1, routed)           2.130    -3.757    u_clk_wiz/inst/clk_out2_clk_wiz_0
    BUFGCTRL_X0Y0        BUFG (Prop_bufg_I_O)         0.093    -3.664 r  u_clk_wiz/inst/clkout2_buf/O
                         net (fo=76, routed)          1.873    -1.791    u_udp_send/C
    SLICE_X1Y44                                                       r  u_udp_send/crc_rst_reg/C
  -------------------------------------------------------------------    -------------------
    SLICE_X1Y44          FDPE (Prop_fdpe_C_Q)         0.223    -1.568 f  u_udp_send/crc_rst_reg/Q
                         net (fo=33, routed)          0.870    -0.698    u_udp_send/crc_inst/AS[0]
    SLICE_X3Y40          FDPE                                         f  u_udp_send/crc_inst/crc_reg_reg[10]/PRE
  -------------------------------------------------------------------    -------------------

                         (clock clk_out2_clk_wiz_0 rise edge)
                                                      8.000     8.000 r  
    AE10                                              0.000     8.000 r  sys_clk_p
                         net (fo=0)                   0.000     8.000    u_clk_wiz/inst/clk_in1_p
    AE10                 IBUFDS (Prop_ibufds_I_O)     0.722     8.722 r  u_clk_wiz/inst/clkin1_ibufgds/O
                         net (fo=1, routed)           0.986     9.708    u_clk_wiz/inst/clk_in1_clk_wiz_0
    MMCME2_ADV_X1Y1      MMCME2_ADV (Prop_mmcme2_adv_CLKIN1_CLKOUT1)
                                                     -6.759     2.949 r  u_clk_wiz/inst/mmcm_adv_inst/CLKOUT1
                         net (fo=1, routed)           2.005     4.954    u_clk_wiz/inst/clk_out2_clk_wiz_0
    BUFGCTRL_X0Y0        BUFG (Prop_bufg_I_O)         0.083     5.037 r  u_clk_wiz/inst/clkout2_buf/O
                         net (fo=76, routed)          1.730     6.767    u_udp_send/crc_inst/C
    SLICE_X3Y40                                                       r  u_udp_send/crc_inst/crc_reg_reg[10]/C
                         clock pessimism             -0.585     6.182    
                         clock uncertainty           -0.064     6.118    
    SLICE_X3Y40          FDPE (Recov_fdpe_C_PRE)     -0.178     5.940    u_udp_send/crc_inst/crc_reg_reg[10]
  -------------------------------------------------------------------
                         required time                          5.940    
                         arrival time                           0.698    
  -------------------------------------------------------------------
                         slack                                  6.638    

Slack (MET) :             6.638ns  (required time - arrival time)
  Source:                 u_udp_send/crc_rst_reg/C
                            (rising edge-triggered cell FDPE clocked by clk_out2_clk_wiz_0  {rise@0.000ns fall@4.000ns period=8.000ns})
  Destination:            u_udp_send/crc_inst/crc_reg_reg[18]/PRE
                            (recovery check against rising-edge clock clk_out2_clk_wiz_0  {rise@0.000ns fall@4.000ns period=8.000ns})
  Path Group:             **async_default**
  Path Type:              Recovery (Max at Slow Process Corner)
  Requirement:            8.000ns  (clk_out2_clk_wiz_0 rise@8.000ns - clk_out2_clk_wiz_0 rise@0.000ns)
  Data Path Delay:        1.093ns  (logic 0.223ns (20.403%)  route 0.870ns (79.597%))
  Logic Levels:           0  
  Clock Path Skew:        -0.027ns (DCD - SCD + CPR)
    Destination Clock Delay (DCD):    -1.233ns = ( 6.767 - 8.000 ) 
    Source Clock Delay      (SCD):    -1.791ns
    Clock Pessimism Removal (CPR):    -0.585ns
  Clock Uncertainty:      0.064ns  ((TSJ^2 + DJ^2)^1/2) / 2 + PE
    Total System Jitter     (TSJ):    0.071ns
    Discrete Jitter          (DJ):    0.108ns
    Phase Error              (PE):    0.000ns

    Location             Delay type                Incr(ns)  Path(ns)    Netlist Resource(s)
  -------------------------------------------------------------------    -------------------
                         (clock clk_out2_clk_wiz_0 rise edge)
                                                      0.000     0.000 r  
    AE10                                              0.000     0.000 r  sys_clk_p
                         net (fo=0)                   0.000     0.000    u_clk_wiz/inst/clk_in1_p
    AE10                 IBUFDS (Prop_ibufds_I_O)     0.818     0.818 r  u_clk_wiz/inst/clkin1_ibufgds/O
                         net (fo=1, routed)           1.081     1.899    u_clk_wiz/inst/clk_in1_clk_wiz_0
    MMCME2_ADV_X1Y1      MMCME2_ADV (Prop_mmcme2_adv_CLKIN1_CLKOUT1)
                                                     -7.786    -5.887 r  u_clk_wiz/inst/mmcm_adv_inst/CLKOUT1
                         net (fo=1, routed)           2.130    -3.757    u_clk_wiz/inst/clk_out2_clk_wiz_0
    BUFGCTRL_X0Y0        BUFG (Prop_bufg_I_O)         0.093    -3.664 r  u_clk_wiz/inst/clkout2_buf/O
                         net (fo=76, routed)          1.873    -1.791    u_udp_send/C
    SLICE_X1Y44                                                       r  u_udp_send/crc_rst_reg/C
  -------------------------------------------------------------------    -------------------
    SLICE_X1Y44          FDPE (Prop_fdpe_C_Q)         0.223    -1.568 f  u_udp_send/crc_rst_reg/Q
                         net (fo=33, routed)          0.870    -0.698    u_udp_send/crc_inst/AS[0]
    SLICE_X3Y40          FDPE                                         f  u_udp_send/crc_inst/crc_reg_reg[18]/PRE
  -------------------------------------------------------------------    -------------------

                         (clock clk_out2_clk_wiz_0 rise edge)
                                                      8.000     8.000 r  
    AE10                                              0.000     8.000 r  sys_clk_p
                         net (fo=0)                   0.000     8.000    u_clk_wiz/inst/clk_in1_p
    AE10                 IBUFDS (Prop_ibufds_I_O)     0.722     8.722 r  u_clk_wiz/inst/clkin1_ibufgds/O
                         net (fo=1, routed)           0.986     9.708    u_clk_wiz/inst/clk_in1_clk_wiz_0
    MMCME2_ADV_X1Y1      MMCME2_ADV (Prop_mmcme2_adv_CLKIN1_CLKOUT1)
                                                     -6.759     2.949 r  u_clk_wiz/inst/mmcm_adv_inst/CLKOUT1
                         net (fo=1, routed)           2.005     4.954    u_clk_wiz/inst/clk_out2_clk_wiz_0
    BUFGCTRL_X0Y0        BUFG (Prop_bufg_I_O)         0.083     5.037 r  u_clk_wiz/inst/clkout2_buf/O
                         net (fo=76, routed)          1.730     6.767    u_udp_send/crc_inst/C
    SLICE_X3Y40                                                       r  u_udp_send/crc_inst/crc_reg_reg[18]/C
                         clock pessimism             -0.585     6.182    
                         clock uncertainty           -0.064     6.118    
    SLICE_X3Y40          FDPE (Recov_fdpe_C_PRE)     -0.178     5.940    u_udp_send/crc_inst/crc_reg_reg[18]
  -------------------------------------------------------------------
                         required time                          5.940    
                         arrival time                           0.698    
  -------------------------------------------------------------------
                         slack                                  6.638    

Slack (MET) :             6.638ns  (required time - arrival time)
  Source:                 u_udp_send/crc_rst_reg/C
                            (rising edge-triggered cell FDPE clocked by clk_out2_clk_wiz_0  {rise@0.000ns fall@4.000ns period=8.000ns})
  Destination:            u_udp_send/crc_inst/crc_reg_reg[19]/PRE
                            (recovery check against rising-edge clock clk_out2_clk_wiz_0  {rise@0.000ns fall@4.000ns period=8.000ns})
  Path Group:             **async_default**
  Path Type:              Recovery (Max at Slow Process Corner)
  Requirement:            8.000ns  (clk_out2_clk_wiz_0 rise@8.000ns - clk_out2_clk_wiz_0 rise@0.000ns)
  Data Path Delay:        1.093ns  (logic 0.223ns (20.403%)  route 0.870ns (79.597%))
  Logic Levels:           0  
  Clock Path Skew:        -0.027ns (DCD - SCD + CPR)
    Destination Clock Delay (DCD):    -1.233ns = ( 6.767 - 8.000 ) 
    Source Clock Delay      (SCD):    -1.791ns
    Clock Pessimism Removal (CPR):    -0.585ns
  Clock Uncertainty:      0.064ns  ((TSJ^2 + DJ^2)^1/2) / 2 + PE
    Total System Jitter     (TSJ):    0.071ns
    Discrete Jitter          (DJ):    0.108ns
    Phase Error              (PE):    0.000ns

    Location             Delay type                Incr(ns)  Path(ns)    Netlist Resource(s)
  -------------------------------------------------------------------    -------------------
                         (clock clk_out2_clk_wiz_0 rise edge)
                                                      0.000     0.000 r  
    AE10                                              0.000     0.000 r  sys_clk_p
                         net (fo=0)                   0.000     0.000    u_clk_wiz/inst/clk_in1_p
    AE10                 IBUFDS (Prop_ibufds_I_O)     0.818     0.818 r  u_clk_wiz/inst/clkin1_ibufgds/O
                         net (fo=1, routed)           1.081     1.899    u_clk_wiz/inst/clk_in1_clk_wiz_0
    MMCME2_ADV_X1Y1      MMCME2_ADV (Prop_mmcme2_adv_CLKIN1_CLKOUT1)
                                                     -7.786    -5.887 r  u_clk_wiz/inst/mmcm_adv_inst/CLKOUT1
                         net (fo=1, routed)           2.130    -3.757    u_clk_wiz/inst/clk_out2_clk_wiz_0
    BUFGCTRL_X0Y0        BUFG (Prop_bufg_I_O)         0.093    -3.664 r  u_clk_wiz/inst/clkout2_buf/O
                         net (fo=76, routed)          1.873    -1.791    u_udp_send/C
    SLICE_X1Y44                                                       r  u_udp_send/crc_rst_reg/C
  -------------------------------------------------------------------    -------------------
    SLICE_X1Y44          FDPE (Prop_fdpe_C_Q)         0.223    -1.568 f  u_udp_send/crc_rst_reg/Q
                         net (fo=33, routed)          0.870    -0.698    u_udp_send/crc_inst/AS[0]
    SLICE_X3Y40          FDPE                                         f  u_udp_send/crc_inst/crc_reg_reg[19]/PRE
  -------------------------------------------------------------------    -------------------

                         (clock clk_out2_clk_wiz_0 rise edge)
                                                      8.000     8.000 r  
    AE10                                              0.000     8.000 r  sys_clk_p
                         net (fo=0)                   0.000     8.000    u_clk_wiz/inst/clk_in1_p
    AE10                 IBUFDS (Prop_ibufds_I_O)     0.722     8.722 r  u_clk_wiz/inst/clkin1_ibufgds/O
                         net (fo=1, routed)           0.986     9.708    u_clk_wiz/inst/clk_in1_clk_wiz_0
    MMCME2_ADV_X1Y1      MMCME2_ADV (Prop_mmcme2_adv_CLKIN1_CLKOUT1)
                                                     -6.759     2.949 r  u_clk_wiz/inst/mmcm_adv_inst/CLKOUT1
                         net (fo=1, routed)           2.005     4.954    u_clk_wiz/inst/clk_out2_clk_wiz_0
    BUFGCTRL_X0Y0        BUFG (Prop_bufg_I_O)         0.083     5.037 r  u_clk_wiz/inst/clkout2_buf/O
                         net (fo=76, routed)          1.730     6.767    u_udp_send/crc_inst/C
    SLICE_X3Y40                                                       r  u_udp_send/crc_inst/crc_reg_reg[19]/C
                         clock pessimism             -0.585     6.182    
                         clock uncertainty           -0.064     6.118    
    SLICE_X3Y40          FDPE (Recov_fdpe_C_PRE)     -0.178     5.940    u_udp_send/crc_inst/crc_reg_reg[19]
  -------------------------------------------------------------------
                         required time                          5.940    
                         arrival time                           0.698    
  -------------------------------------------------------------------
                         slack                                  6.638    

Slack (MET) :             6.638ns  (required time - arrival time)
  Source:                 u_udp_send/crc_rst_reg/C
                            (rising edge-triggered cell FDPE clocked by clk_out2_clk_wiz_0  {rise@0.000ns fall@4.000ns period=8.000ns})
  Destination:            u_udp_send/crc_inst/crc_reg_reg[21]/PRE
                            (recovery check against rising-edge clock clk_out2_clk_wiz_0  {rise@0.000ns fall@4.000ns period=8.000ns})
  Path Group:             **async_default**
  Path Type:              Recovery (Max at Slow Process Corner)
  Requirement:            8.000ns  (clk_out2_clk_wiz_0 rise@8.000ns - clk_out2_clk_wiz_0 rise@0.000ns)
  Data Path Delay:        1.093ns  (logic 0.223ns (20.403%)  route 0.870ns (79.597%))
  Logic Levels:           0  
  Clock Path Skew:        -0.027ns (DCD - SCD + CPR)
    Destination Clock Delay (DCD):    -1.233ns = ( 6.767 - 8.000 ) 
    Source Clock Delay      (SCD):    -1.791ns
    Clock Pessimism Removal (CPR):    -0.585ns
  Clock Uncertainty:      0.064ns  ((TSJ^2 + DJ^2)^1/2) / 2 + PE
    Total System Jitter     (TSJ):    0.071ns
    Discrete Jitter          (DJ):    0.108ns
    Phase Error              (PE):    0.000ns

    Location             Delay type                Incr(ns)  Path(ns)    Netlist Resource(s)
  -------------------------------------------------------------------    -------------------
                         (clock clk_out2_clk_wiz_0 rise edge)
                                                      0.000     0.000 r  
    AE10                                              0.000     0.000 r  sys_clk_p
                         net (fo=0)                   0.000     0.000    u_clk_wiz/inst/clk_in1_p
    AE10                 IBUFDS (Prop_ibufds_I_O)     0.818     0.818 r  u_clk_wiz/inst/clkin1_ibufgds/O
                         net (fo=1, routed)           1.081     1.899    u_clk_wiz/inst/clk_in1_clk_wiz_0
    MMCME2_ADV_X1Y1      MMCME2_ADV (Prop_mmcme2_adv_CLKIN1_CLKOUT1)
                                                     -7.786    -5.887 r  u_clk_wiz/inst/mmcm_adv_inst/CLKOUT1
                         net (fo=1, routed)           2.130    -3.757    u_clk_wiz/inst/clk_out2_clk_wiz_0
    BUFGCTRL_X0Y0        BUFG (Prop_bufg_I_O)         0.093    -3.664 r  u_clk_wiz/inst/clkout2_buf/O
                         net (fo=76, routed)          1.873    -1.791    u_udp_send/C
    SLICE_X1Y44                                                       r  u_udp_send/crc_rst_reg/C
  -------------------------------------------------------------------    -------------------
    SLICE_X1Y44          FDPE (Prop_fdpe_C_Q)         0.223    -1.568 f  u_udp_send/crc_rst_reg/Q
                         net (fo=33, routed)          0.870    -0.698    u_udp_send/crc_inst/AS[0]
    SLICE_X3Y40          FDPE                                         f  u_udp_send/crc_inst/crc_reg_reg[21]/PRE
  -------------------------------------------------------------------    -------------------

                         (clock clk_out2_clk_wiz_0 rise edge)
                                                      8.000     8.000 r  
    AE10                                              0.000     8.000 r  sys_clk_p
                         net (fo=0)                   0.000     8.000    u_clk_wiz/inst/clk_in1_p
    AE10                 IBUFDS (Prop_ibufds_I_O)     0.722     8.722 r  u_clk_wiz/inst/clkin1_ibufgds/O
                         net (fo=1, routed)           0.986     9.708    u_clk_wiz/inst/clk_in1_clk_wiz_0
    MMCME2_ADV_X1Y1      MMCME2_ADV (Prop_mmcme2_adv_CLKIN1_CLKOUT1)
                                                     -6.759     2.949 r  u_clk_wiz/inst/mmcm_adv_inst/CLKOUT1
                         net (fo=1, routed)           2.005     4.954    u_clk_wiz/inst/clk_out2_clk_wiz_0
    BUFGCTRL_X0Y0        BUFG (Prop_bufg_I_O)         0.083     5.037 r  u_clk_wiz/inst/clkout2_buf/O
                         net (fo=76, routed)          1.730     6.767    u_udp_send/crc_inst/C
    SLICE_X3Y40                                                       r  u_udp_send/crc_inst/crc_reg_reg[21]/C
                         clock pessimism             -0.585     6.182    
                         clock uncertainty           -0.064     6.118    
    SLICE_X3Y40          FDPE (Recov_fdpe_C_PRE)     -0.178     5.940    u_udp_send/crc_inst/crc_reg_reg[21]
  -------------------------------------------------------------------
                         required time                          5.940    
                         arrival time                           0.698    
  -------------------------------------------------------------------
                         slack                                  6.638    

Slack (MET) :             6.662ns  (required time - arrival time)
  Source:                 u_udp_send/crc_rst_reg/C
                            (rising edge-triggered cell FDPE clocked by clk_out2_clk_wiz_0  {rise@0.000ns fall@4.000ns period=8.000ns})
  Destination:            u_udp_send/crc_inst/crc_reg_reg[25]/PRE
                            (recovery check against rising-edge clock clk_out2_clk_wiz_0  {rise@0.000ns fall@4.000ns period=8.000ns})
  Path Group:             **async_default**
  Path Type:              Recovery (Max at Slow Process Corner)
  Requirement:            8.000ns  (clk_out2_clk_wiz_0 rise@8.000ns - clk_out2_clk_wiz_0 rise@0.000ns)
  Data Path Delay:        1.093ns  (logic 0.223ns (20.403%)  route 0.870ns (79.597%))
  Logic Levels:           0  
  Clock Path Skew:        -0.027ns (DCD - SCD + CPR)
    Destination Clock Delay (DCD):    -1.233ns = ( 6.767 - 8.000 ) 
    Source Clock Delay      (SCD):    -1.791ns
    Clock Pessimism Removal (CPR):    -0.585ns
  Clock Uncertainty:      0.064ns  ((TSJ^2 + DJ^2)^1/2) / 2 + PE
    Total System Jitter     (TSJ):    0.071ns
    Discrete Jitter          (DJ):    0.108ns
    Phase Error              (PE):    0.000ns

    Location             Delay type                Incr(ns)  Path(ns)    Netlist Resource(s)
  -------------------------------------------------------------------    -------------------
                         (clock clk_out2_clk_wiz_0 rise edge)
                                                      0.000     0.000 r  
    AE10                                              0.000     0.000 r  sys_clk_p
                         net (fo=0)                   0.000     0.000    u_clk_wiz/inst/clk_in1_p
    AE10                 IBUFDS (Prop_ibufds_I_O)     0.818     0.818 r  u_clk_wiz/inst/clkin1_ibufgds/O
                         net (fo=1, routed)           1.081     1.899    u_clk_wiz/inst/clk_in1_clk_wiz_0
    MMCME2_ADV_X1Y1      MMCME2_ADV (Prop_mmcme2_adv_CLKIN1_CLKOUT1)
                                                     -7.786    -5.887 r  u_clk_wiz/inst/mmcm_adv_inst/CLKOUT1
                         net (fo=1, routed)           2.130    -3.757    u_clk_wiz/inst/clk_out2_clk_wiz_0
    BUFGCTRL_X0Y0        BUFG (Prop_bufg_I_O)         0.093    -3.664 r  u_clk_wiz/inst/clkout2_buf/O
                         net (fo=76, routed)          1.873    -1.791    u_udp_send/C
    SLICE_X1Y44                                                       r  u_udp_send/crc_rst_reg/C
  -------------------------------------------------------------------    -------------------
    SLICE_X1Y44          FDPE (Prop_fdpe_C_Q)         0.223    -1.568 f  u_udp_send/crc_rst_reg/Q
                         net (fo=33, routed)          0.870    -0.698    u_udp_send/crc_inst/AS[0]
    SLICE_X2Y40          FDPE                                         f  u_udp_send/crc_inst/crc_reg_reg[25]/PRE
  -------------------------------------------------------------------    -------------------

                         (clock clk_out2_clk_wiz_0 rise edge)
                                                      8.000     8.000 r  
    AE10                                              0.000     8.000 r  sys_clk_p
                         net (fo=0)                   0.000     8.000    u_clk_wiz/inst/clk_in1_p
    AE10                 IBUFDS (Prop_ibufds_I_O)     0.722     8.722 r  u_clk_wiz/inst/clkin1_ibufgds/O
                         net (fo=1, routed)           0.986     9.708    u_clk_wiz/inst/clk_in1_clk_wiz_0
    MMCME2_ADV_X1Y1      MMCME2_ADV (Prop_mmcme2_adv_CLKIN1_CLKOUT1)
                                                     -6.759     2.949 r  u_clk_wiz/inst/mmcm_adv_inst/CLKOUT1
                         net (fo=1, routed)           2.005     4.954    u_clk_wiz/inst/clk_out2_clk_wiz_0
    BUFGCTRL_X0Y0        BUFG (Prop_bufg_I_O)         0.083     5.037 r  u_clk_wiz/inst/clkout2_buf/O
                         net (fo=76, routed)          1.730     6.767    u_udp_send/crc_inst/C
    SLICE_X2Y40                                                       r  u_udp_send/crc_inst/crc_reg_reg[25]/C
                         clock pessimism             -0.585     6.182    
                         clock uncertainty           -0.064     6.118    
    SLICE_X2Y40          FDPE (Recov_fdpe_C_PRE)     -0.154     5.964    u_udp_send/crc_inst/crc_reg_reg[25]
  -------------------------------------------------------------------
                         required time                          5.964    
                         arrival time                           0.698    
  -------------------------------------------------------------------
                         slack                                  6.662    

Slack (MET) :             6.718ns  (required time - arrival time)
  Source:                 u_udp_send/crc_rst_reg/C
                            (rising edge-triggered cell FDPE clocked by clk_out2_clk_wiz_0  {rise@0.000ns fall@4.000ns period=8.000ns})
  Destination:            u_udp_send/crc_inst/crc_reg_reg[12]/PRE
                            (recovery check against rising-edge clock clk_out2_clk_wiz_0  {rise@0.000ns fall@4.000ns period=8.000ns})
  Path Group:             **async_default**
  Path Type:              Recovery (Max at Slow Process Corner)
  Requirement:            8.000ns  (clk_out2_clk_wiz_0 rise@8.000ns - clk_out2_clk_wiz_0 rise@0.000ns)
  Data Path Delay:        1.003ns  (logic 0.223ns (22.230%)  route 0.780ns (77.770%))
  Logic Levels:           0  
  Clock Path Skew:        -0.028ns (DCD - SCD + CPR)
    Destination Clock Delay (DCD):    -1.234ns = ( 6.766 - 8.000 ) 
    Source Clock Delay      (SCD):    -1.791ns
    Clock Pessimism Removal (CPR):    -0.585ns
  Clock Uncertainty:      0.064ns  ((TSJ^2 + DJ^2)^1/2) / 2 + PE
    Total System Jitter     (TSJ):    0.071ns
    Discrete Jitter          (DJ):    0.108ns
    Phase Error              (PE):    0.000ns

    Location             Delay type                Incr(ns)  Path(ns)    Netlist Resource(s)
  -------------------------------------------------------------------    -------------------
                         (clock clk_out2_clk_wiz_0 rise edge)
                                                      0.000     0.000 r  
    AE10                                              0.000     0.000 r  sys_clk_p
                         net (fo=0)                   0.000     0.000    u_clk_wiz/inst/clk_in1_p
    AE10                 IBUFDS (Prop_ibufds_I_O)     0.818     0.818 r  u_clk_wiz/inst/clkin1_ibufgds/O
                         net (fo=1, routed)           1.081     1.899    u_clk_wiz/inst/clk_in1_clk_wiz_0
    MMCME2_ADV_X1Y1      MMCME2_ADV (Prop_mmcme2_adv_CLKIN1_CLKOUT1)
                                                     -7.786    -5.887 r  u_clk_wiz/inst/mmcm_adv_inst/CLKOUT1
                         net (fo=1, routed)           2.130    -3.757    u_clk_wiz/inst/clk_out2_clk_wiz_0
    BUFGCTRL_X0Y0        BUFG (Prop_bufg_I_O)         0.093    -3.664 r  u_clk_wiz/inst/clkout2_buf/O
                         net (fo=76, routed)          1.873    -1.791    u_udp_send/C
    SLICE_X1Y44                                                       r  u_udp_send/crc_rst_reg/C
  -------------------------------------------------------------------    -------------------
    SLICE_X1Y44          FDPE (Prop_fdpe_C_Q)         0.223    -1.568 f  u_udp_send/crc_rst_reg/Q
                         net (fo=33, routed)          0.780    -0.788    u_udp_send/crc_inst/AS[0]
    SLICE_X2Y39          FDPE                                         f  u_udp_send/crc_inst/crc_reg_reg[12]/PRE
  -------------------------------------------------------------------    -------------------

                         (clock clk_out2_clk_wiz_0 rise edge)
                                                      8.000     8.000 r  
    AE10                                              0.000     8.000 r  sys_clk_p
                         net (fo=0)                   0.000     8.000    u_clk_wiz/inst/clk_in1_p
    AE10                 IBUFDS (Prop_ibufds_I_O)     0.722     8.722 r  u_clk_wiz/inst/clkin1_ibufgds/O
                         net (fo=1, routed)           0.986     9.708    u_clk_wiz/inst/clk_in1_clk_wiz_0
    MMCME2_ADV_X1Y1      MMCME2_ADV (Prop_mmcme2_adv_CLKIN1_CLKOUT1)
                                                     -6.759     2.949 r  u_clk_wiz/inst/mmcm_adv_inst/CLKOUT1
                         net (fo=1, routed)           2.005     4.954    u_clk_wiz/inst/clk_out2_clk_wiz_0
    BUFGCTRL_X0Y0        BUFG (Prop_bufg_I_O)         0.083     5.037 r  u_clk_wiz/inst/clkout2_buf/O
                         net (fo=76, routed)          1.729     6.766    u_udp_send/crc_inst/C
    SLICE_X2Y39                                                       r  u_udp_send/crc_inst/crc_reg_reg[12]/C
                         clock pessimism             -0.585     6.181    
                         clock uncertainty           -0.064     6.117    
    SLICE_X2Y39          FDPE (Recov_fdpe_C_PRE)     -0.187     5.930    u_udp_send/crc_inst/crc_reg_reg[12]
  -------------------------------------------------------------------
                         required time                          5.930    
                         arrival time                           0.788    
  -------------------------------------------------------------------
                         slack                                  6.718    

Slack (MET) :             6.718ns  (required time - arrival time)
  Source:                 u_udp_send/crc_rst_reg/C
                            (rising edge-triggered cell FDPE clocked by clk_out2_clk_wiz_0  {rise@0.000ns fall@4.000ns period=8.000ns})
  Destination:            u_udp_send/crc_inst/crc_reg_reg[26]/PRE
                            (recovery check against rising-edge clock clk_out2_clk_wiz_0  {rise@0.000ns fall@4.000ns period=8.000ns})
  Path Group:             **async_default**
  Path Type:              Recovery (Max at Slow Process Corner)
  Requirement:            8.000ns  (clk_out2_clk_wiz_0 rise@8.000ns - clk_out2_clk_wiz_0 rise@0.000ns)
  Data Path Delay:        1.003ns  (logic 0.223ns (22.230%)  route 0.780ns (77.770%))
  Logic Levels:           0  
  Clock Path Skew:        -0.028ns (DCD - SCD + CPR)
    Destination Clock Delay (DCD):    -1.234ns = ( 6.766 - 8.000 ) 
    Source Clock Delay      (SCD):    -1.791ns
    Clock Pessimism Removal (CPR):    -0.585ns
  Clock Uncertainty:      0.064ns  ((TSJ^2 + DJ^2)^1/2) / 2 + PE
    Total System Jitter     (TSJ):    0.071ns
    Discrete Jitter          (DJ):    0.108ns
    Phase Error              (PE):    0.000ns

    Location             Delay type                Incr(ns)  Path(ns)    Netlist Resource(s)
  -------------------------------------------------------------------    -------------------
                         (clock clk_out2_clk_wiz_0 rise edge)
                                                      0.000     0.000 r  
    AE10                                              0.000     0.000 r  sys_clk_p
                         net (fo=0)                   0.000     0.000    u_clk_wiz/inst/clk_in1_p
    AE10                 IBUFDS (Prop_ibufds_I_O)     0.818     0.818 r  u_clk_wiz/inst/clkin1_ibufgds/O
                         net (fo=1, routed)           1.081     1.899    u_clk_wiz/inst/clk_in1_clk_wiz_0
    MMCME2_ADV_X1Y1      MMCME2_ADV (Prop_mmcme2_adv_CLKIN1_CLKOUT1)
                                                     -7.786    -5.887 r  u_clk_wiz/inst/mmcm_adv_inst/CLKOUT1
                         net (fo=1, routed)           2.130    -3.757    u_clk_wiz/inst/clk_out2_clk_wiz_0
    BUFGCTRL_X0Y0        BUFG (Prop_bufg_I_O)         0.093    -3.664 r  u_clk_wiz/inst/clkout2_buf/O
                         net (fo=76, routed)          1.873    -1.791    u_udp_send/C
    SLICE_X1Y44                                                       r  u_udp_send/crc_rst_reg/C
  -------------------------------------------------------------------    -------------------
    SLICE_X1Y44          FDPE (Prop_fdpe_C_Q)         0.223    -1.568 f  u_udp_send/crc_rst_reg/Q
                         net (fo=33, routed)          0.780    -0.788    u_udp_send/crc_inst/AS[0]
    SLICE_X2Y39          FDPE                                         f  u_udp_send/crc_inst/crc_reg_reg[26]/PRE
  -------------------------------------------------------------------    -------------------

                         (clock clk_out2_clk_wiz_0 rise edge)
                                                      8.000     8.000 r  
    AE10                                              0.000     8.000 r  sys_clk_p
                         net (fo=0)                   0.000     8.000    u_clk_wiz/inst/clk_in1_p
    AE10                 IBUFDS (Prop_ibufds_I_O)     0.722     8.722 r  u_clk_wiz/inst/clkin1_ibufgds/O
                         net (fo=1, routed)           0.986     9.708    u_clk_wiz/inst/clk_in1_clk_wiz_0
    MMCME2_ADV_X1Y1      MMCME2_ADV (Prop_mmcme2_adv_CLKIN1_CLKOUT1)
                                                     -6.759     2.949 r  u_clk_wiz/inst/mmcm_adv_inst/CLKOUT1
                         net (fo=1, routed)           2.005     4.954    u_clk_wiz/inst/clk_out2_clk_wiz_0
    BUFGCTRL_X0Y0        BUFG (Prop_bufg_I_O)         0.083     5.037 r  u_clk_wiz/inst/clkout2_buf/O
                         net (fo=76, routed)          1.729     6.766    u_udp_send/crc_inst/C
    SLICE_X2Y39                                                       r  u_udp_send/crc_inst/crc_reg_reg[26]/C
                         clock pessimism             -0.585     6.181    
                         clock uncertainty           -0.064     6.117    
    SLICE_X2Y39          FDPE (Recov_fdpe_C_PRE)     -0.187     5.930    u_udp_send/crc_inst/crc_reg_reg[26]
  -------------------------------------------------------------------
                         required time                          5.930    
                         arrival time                           0.788    
  -------------------------------------------------------------------
                         slack                                  6.718    





Min Delay Paths
--------------------------------------------------------------------------------------
Slack (MET) :             0.481ns  (arrival time - required time)
  Source:                 u_udp_send/crc_rst_reg/C
                            (rising edge-triggered cell FDPE clocked by clk_out2_clk_wiz_0  {rise@0.000ns fall@4.000ns period=8.000ns})
  Destination:            u_udp_send/crc_inst/crc_reg_reg[15]/PRE
                            (removal check against rising-edge clock clk_out2_clk_wiz_0  {rise@0.000ns fall@4.000ns period=8.000ns})
  Path Group:             **async_default**
  Path Type:              Removal (Min at Fast Process Corner)
  Requirement:            0.000ns  (clk_out2_clk_wiz_0 rise@0.000ns - clk_out2_clk_wiz_0 rise@0.000ns)
  Data Path Delay:        0.422ns  (logic 0.100ns (23.715%)  route 0.322ns (76.285%))
  Logic Levels:           0  
  Clock Path Skew:        0.013ns (DCD - SCD - CPR)
    Destination Clock Delay (DCD):    -0.432ns
    Source Clock Delay      (SCD):    -0.437ns
    Clock Pessimism Removal (CPR):    -0.008ns

    Location             Delay type                Incr(ns)  Path(ns)    Netlist Resource(s)
  -------------------------------------------------------------------    -------------------
                         (clock clk_out2_clk_wiz_0 rise edge)
                                                      0.000     0.000 r  
    AE10                                              0.000     0.000 r  sys_clk_p
                         net (fo=0)                   0.000     0.000    u_clk_wiz/inst/clk_in1_p
    AE10                 IBUFDS (Prop_ibufds_I_O)     0.354     0.354 r  u_clk_wiz/inst/clkin1_ibufgds/O
                         net (fo=1, routed)           0.503     0.857    u_clk_wiz/inst/clk_in1_clk_wiz_0
    MMCME2_ADV_X1Y1      MMCME2_ADV (Prop_mmcme2_adv_CLKIN1_CLKOUT1)
                                                     -3.040    -2.183 r  u_clk_wiz/inst/mmcm_adv_inst/CLKOUT1
                         net (fo=1, routed)           0.940    -1.243    u_clk_wiz/inst/clk_out2_clk_wiz_0
    BUFGCTRL_X0Y0        BUFG (Prop_bufg_I_O)         0.026    -1.217 r  u_clk_wiz/inst/clkout2_buf/O
                         net (fo=76, routed)          0.780    -0.437    u_udp_send/C
    SLICE_X1Y44                                                       r  u_udp_send/crc_rst_reg/C
  -------------------------------------------------------------------    -------------------
    SLICE_X1Y44          FDPE (Prop_fdpe_C_Q)         0.100    -0.337 f  u_udp_send/crc_rst_reg/Q
                         net (fo=33, routed)          0.322    -0.016    u_udp_send/crc_inst/AS[0]
    SLICE_X1Y42          FDPE                                         f  u_udp_send/crc_inst/crc_reg_reg[15]/PRE
  -------------------------------------------------------------------    -------------------

                         (clock clk_out2_clk_wiz_0 rise edge)
                                                      0.000     0.000 r  
    AE10                                              0.000     0.000 r  sys_clk_p
                         net (fo=0)                   0.000     0.000    u_clk_wiz/inst/clk_in1_p
    AE10                 IBUFDS (Prop_ibufds_I_O)     0.432     0.432 r  u_clk_wiz/inst/clkin1_ibufgds/O
                         net (fo=1, routed)           0.553     0.985    u_clk_wiz/inst/clk_in1_clk_wiz_0
    MMCME2_ADV_X1Y1      MMCME2_ADV (Prop_mmcme2_adv_CLKIN1_CLKOUT1)
                                                     -3.493    -2.508 r  u_clk_wiz/inst/mmcm_adv_inst/CLKOUT1
                         net (fo=1, routed)           1.007    -1.501    u_clk_wiz/inst/clk_out2_clk_wiz_0
    BUFGCTRL_X0Y0        BUFG (Prop_bufg_I_O)         0.030    -1.471 r  u_clk_wiz/inst/clkout2_buf/O
                         net (fo=76, routed)          1.039    -0.432    u_udp_send/crc_inst/C
    SLICE_X1Y42                                                       r  u_udp_send/crc_inst/crc_reg_reg[15]/C
                         clock pessimism              0.008    -0.424    
    SLICE_X1Y42          FDPE (Remov_fdpe_C_PRE)     -0.072    -0.496    u_udp_send/crc_inst/crc_reg_reg[15]
  -------------------------------------------------------------------
                         required time                          0.496    
                         arrival time                          -0.016    
  -------------------------------------------------------------------
                         slack                                  0.481    

Slack (MET) :             0.481ns  (arrival time - required time)
  Source:                 u_udp_send/crc_rst_reg/C
                            (rising edge-triggered cell FDPE clocked by clk_out2_clk_wiz_0  {rise@0.000ns fall@4.000ns period=8.000ns})
  Destination:            u_udp_send/crc_inst/crc_reg_reg[31]/PRE
                            (removal check against rising-edge clock clk_out2_clk_wiz_0  {rise@0.000ns fall@4.000ns period=8.000ns})
  Path Group:             **async_default**
  Path Type:              Removal (Min at Fast Process Corner)
  Requirement:            0.000ns  (clk_out2_clk_wiz_0 rise@0.000ns - clk_out2_clk_wiz_0 rise@0.000ns)
  Data Path Delay:        0.422ns  (logic 0.100ns (23.715%)  route 0.322ns (76.285%))
  Logic Levels:           0  
  Clock Path Skew:        0.013ns (DCD - SCD - CPR)
    Destination Clock Delay (DCD):    -0.432ns
    Source Clock Delay      (SCD):    -0.437ns
    Clock Pessimism Removal (CPR):    -0.008ns

    Location             Delay type                Incr(ns)  Path(ns)    Netlist Resource(s)
  -------------------------------------------------------------------    -------------------
                         (clock clk_out2_clk_wiz_0 rise edge)
                                                      0.000     0.000 r  
    AE10                                              0.000     0.000 r  sys_clk_p
                         net (fo=0)                   0.000     0.000    u_clk_wiz/inst/clk_in1_p
    AE10                 IBUFDS (Prop_ibufds_I_O)     0.354     0.354 r  u_clk_wiz/inst/clkin1_ibufgds/O
                         net (fo=1, routed)           0.503     0.857    u_clk_wiz/inst/clk_in1_clk_wiz_0
    MMCME2_ADV_X1Y1      MMCME2_ADV (Prop_mmcme2_adv_CLKIN1_CLKOUT1)
                                                     -3.040    -2.183 r  u_clk_wiz/inst/mmcm_adv_inst/CLKOUT1
                         net (fo=1, routed)           0.940    -1.243    u_clk_wiz/inst/clk_out2_clk_wiz_0
    BUFGCTRL_X0Y0        BUFG (Prop_bufg_I_O)         0.026    -1.217 r  u_clk_wiz/inst/clkout2_buf/O
                         net (fo=76, routed)          0.780    -0.437    u_udp_send/C
    SLICE_X1Y44                                                       r  u_udp_send/crc_rst_reg/C
  -------------------------------------------------------------------    -------------------
    SLICE_X1Y44          FDPE (Prop_fdpe_C_Q)         0.100    -0.337 f  u_udp_send/crc_rst_reg/Q
                         net (fo=33, routed)          0.322    -0.016    u_udp_send/crc_inst/AS[0]
    SLICE_X1Y42          FDPE                                         f  u_udp_send/crc_inst/crc_reg_reg[31]/PRE
  -------------------------------------------------------------------    -------------------

                         (clock clk_out2_clk_wiz_0 rise edge)
                                                      0.000     0.000 r  
    AE10                                              0.000     0.000 r  sys_clk_p
                         net (fo=0)                   0.000     0.000    u_clk_wiz/inst/clk_in1_p
    AE10                 IBUFDS (Prop_ibufds_I_O)     0.432     0.432 r  u_clk_wiz/inst/clkin1_ibufgds/O
                         net (fo=1, routed)           0.553     0.985    u_clk_wiz/inst/clk_in1_clk_wiz_0
    MMCME2_ADV_X1Y1      MMCME2_ADV (Prop_mmcme2_adv_CLKIN1_CLKOUT1)
                                                     -3.493    -2.508 r  u_clk_wiz/inst/mmcm_adv_inst/CLKOUT1
                         net (fo=1, routed)           1.007    -1.501    u_clk_wiz/inst/clk_out2_clk_wiz_0
    BUFGCTRL_X0Y0        BUFG (Prop_bufg_I_O)         0.030    -1.471 r  u_clk_wiz/inst/clkout2_buf/O
                         net (fo=76, routed)          1.039    -0.432    u_udp_send/crc_inst/C
    SLICE_X1Y42                                                       r  u_udp_send/crc_inst/crc_reg_reg[31]/C
                         clock pessimism              0.008    -0.424    
    SLICE_X1Y42          FDPE (Remov_fdpe_C_PRE)     -0.072    -0.496    u_udp_send/crc_inst/crc_reg_reg[31]
  -------------------------------------------------------------------
                         required time                          0.496    
                         arrival time                          -0.016    
  -------------------------------------------------------------------
                         slack                                  0.481    

Slack (MET) :             0.483ns  (arrival time - required time)
  Source:                 u_udp_send/crc_rst_reg/C
                            (rising edge-triggered cell FDPE clocked by clk_out2_clk_wiz_0  {rise@0.000ns fall@4.000ns period=8.000ns})
  Destination:            u_udp_send/crc_inst/crc_reg_reg[16]/PRE
                            (removal check against rising-edge clock clk_out2_clk_wiz_0  {rise@0.000ns fall@4.000ns period=8.000ns})
  Path Group:             **async_default**
  Path Type:              Removal (Min at Fast Process Corner)
  Requirement:            0.000ns  (clk_out2_clk_wiz_0 rise@0.000ns - clk_out2_clk_wiz_0 rise@0.000ns)
  Data Path Delay:        0.424ns  (logic 0.100ns (23.598%)  route 0.324ns (76.402%))
  Logic Levels:           0  
  Clock Path Skew:        0.013ns (DCD - SCD - CPR)
    Destination Clock Delay (DCD):    -0.432ns
    Source Clock Delay      (SCD):    -0.437ns
    Clock Pessimism Removal (CPR):    -0.008ns

    Location             Delay type                Incr(ns)  Path(ns)    Netlist Resource(s)
  -------------------------------------------------------------------    -------------------
                         (clock clk_out2_clk_wiz_0 rise edge)
                                                      0.000     0.000 r  
    AE10                                              0.000     0.000 r  sys_clk_p
                         net (fo=0)                   0.000     0.000    u_clk_wiz/inst/clk_in1_p
    AE10                 IBUFDS (Prop_ibufds_I_O)     0.354     0.354 r  u_clk_wiz/inst/clkin1_ibufgds/O
                         net (fo=1, routed)           0.503     0.857    u_clk_wiz/inst/clk_in1_clk_wiz_0
    MMCME2_ADV_X1Y1      MMCME2_ADV (Prop_mmcme2_adv_CLKIN1_CLKOUT1)
                                                     -3.040    -2.183 r  u_clk_wiz/inst/mmcm_adv_inst/CLKOUT1
                         net (fo=1, routed)           0.940    -1.243    u_clk_wiz/inst/clk_out2_clk_wiz_0
    BUFGCTRL_X0Y0        BUFG (Prop_bufg_I_O)         0.026    -1.217 r  u_clk_wiz/inst/clkout2_buf/O
                         net (fo=76, routed)          0.780    -0.437    u_udp_send/C
    SLICE_X1Y44                                                       r  u_udp_send/crc_rst_reg/C
  -------------------------------------------------------------------    -------------------
    SLICE_X1Y44          FDPE (Prop_fdpe_C_Q)         0.100    -0.337 f  u_udp_send/crc_rst_reg/Q
                         net (fo=33, routed)          0.324    -0.013    u_udp_send/crc_inst/AS[0]
    SLICE_X0Y42          FDPE                                         f  u_udp_send/crc_inst/crc_reg_reg[16]/PRE
  -------------------------------------------------------------------    -------------------

                         (clock clk_out2_clk_wiz_0 rise edge)
                                                      0.000     0.000 r  
    AE10                                              0.000     0.000 r  sys_clk_p
                         net (fo=0)                   0.000     0.000    u_clk_wiz/inst/clk_in1_p
    AE10                 IBUFDS (Prop_ibufds_I_O)     0.432     0.432 r  u_clk_wiz/inst/clkin1_ibufgds/O
                         net (fo=1, routed)           0.553     0.985    u_clk_wiz/inst/clk_in1_clk_wiz_0
    MMCME2_ADV_X1Y1      MMCME2_ADV (Prop_mmcme2_adv_CLKIN1_CLKOUT1)
                                                     -3.493    -2.508 r  u_clk_wiz/inst/mmcm_adv_inst/CLKOUT1
                         net (fo=1, routed)           1.007    -1.501    u_clk_wiz/inst/clk_out2_clk_wiz_0
    BUFGCTRL_X0Y0        BUFG (Prop_bufg_I_O)         0.030    -1.471 r  u_clk_wiz/inst/clkout2_buf/O
                         net (fo=76, routed)          1.039    -0.432    u_udp_send/crc_inst/C
    SLICE_X0Y42                                                       r  u_udp_send/crc_inst/crc_reg_reg[16]/C
                         clock pessimism              0.008    -0.424    
    SLICE_X0Y42          FDPE (Remov_fdpe_C_PRE)     -0.072    -0.496    u_udp_send/crc_inst/crc_reg_reg[16]
  -------------------------------------------------------------------
                         required time                          0.496    
                         arrival time                          -0.013    
  -------------------------------------------------------------------
                         slack                                  0.483    

Slack (MET) :             0.494ns  (arrival time - required time)
  Source:                 u_udp_send/crc_rst_reg/C
                            (rising edge-triggered cell FDPE clocked by clk_out2_clk_wiz_0  {rise@0.000ns fall@4.000ns period=8.000ns})
  Destination:            u_udp_send/crc_inst/crc_reg_reg[23]/PRE
                            (removal check against rising-edge clock clk_out2_clk_wiz_0  {rise@0.000ns fall@4.000ns period=8.000ns})
  Path Group:             **async_default**
  Path Type:              Removal (Min at Fast Process Corner)
  Requirement:            0.000ns  (clk_out2_clk_wiz_0 rise@0.000ns - clk_out2_clk_wiz_0 rise@0.000ns)
  Data Path Delay:        0.455ns  (logic 0.100ns (21.979%)  route 0.355ns (78.021%))
  Logic Levels:           0  
  Clock Path Skew:        0.013ns (DCD - SCD - CPR)
    Destination Clock Delay (DCD):    -0.432ns
    Source Clock Delay      (SCD):    -0.437ns
    Clock Pessimism Removal (CPR):    -0.008ns

    Location             Delay type                Incr(ns)  Path(ns)    Netlist Resource(s)
  -------------------------------------------------------------------    -------------------
                         (clock clk_out2_clk_wiz_0 rise edge)
                                                      0.000     0.000 r  
    AE10                                              0.000     0.000 r  sys_clk_p
                         net (fo=0)                   0.000     0.000    u_clk_wiz/inst/clk_in1_p
    AE10                 IBUFDS (Prop_ibufds_I_O)     0.354     0.354 r  u_clk_wiz/inst/clkin1_ibufgds/O
                         net (fo=1, routed)           0.503     0.857    u_clk_wiz/inst/clk_in1_clk_wiz_0
    MMCME2_ADV_X1Y1      MMCME2_ADV (Prop_mmcme2_adv_CLKIN1_CLKOUT1)
                                                     -3.040    -2.183 r  u_clk_wiz/inst/mmcm_adv_inst/CLKOUT1
                         net (fo=1, routed)           0.940    -1.243    u_clk_wiz/inst/clk_out2_clk_wiz_0
    BUFGCTRL_X0Y0        BUFG (Prop_bufg_I_O)         0.026    -1.217 r  u_clk_wiz/inst/clkout2_buf/O
                         net (fo=76, routed)          0.780    -0.437    u_udp_send/C
    SLICE_X1Y44                                                       r  u_udp_send/crc_rst_reg/C
  -------------------------------------------------------------------    -------------------
    SLICE_X1Y44          FDPE (Prop_fdpe_C_Q)         0.100    -0.337 f  u_udp_send/crc_rst_reg/Q
                         net (fo=33, routed)          0.355     0.018    u_udp_send/crc_inst/AS[0]
    SLICE_X2Y41          FDPE                                         f  u_udp_send/crc_inst/crc_reg_reg[23]/PRE
  -------------------------------------------------------------------    -------------------

                         (clock clk_out2_clk_wiz_0 rise edge)
                                                      0.000     0.000 r  
    AE10                                              0.000     0.000 r  sys_clk_p
                         net (fo=0)                   0.000     0.000    u_clk_wiz/inst/clk_in1_p
    AE10                 IBUFDS (Prop_ibufds_I_O)     0.432     0.432 r  u_clk_wiz/inst/clkin1_ibufgds/O
                         net (fo=1, routed)           0.553     0.985    u_clk_wiz/inst/clk_in1_clk_wiz_0
    MMCME2_ADV_X1Y1      MMCME2_ADV (Prop_mmcme2_adv_CLKIN1_CLKOUT1)
                                                     -3.493    -2.508 r  u_clk_wiz/inst/mmcm_adv_inst/CLKOUT1
                         net (fo=1, routed)           1.007    -1.501    u_clk_wiz/inst/clk_out2_clk_wiz_0
    BUFGCTRL_X0Y0        BUFG (Prop_bufg_I_O)         0.030    -1.471 r  u_clk_wiz/inst/clkout2_buf/O
                         net (fo=76, routed)          1.039    -0.432    u_udp_send/crc_inst/C
    SLICE_X2Y41                                                       r  u_udp_send/crc_inst/crc_reg_reg[23]/C
                         clock pessimism              0.008    -0.424    
    SLICE_X2Y41          FDPE (Remov_fdpe_C_PRE)     -0.052    -0.476    u_udp_send/crc_inst/crc_reg_reg[23]
  -------------------------------------------------------------------
                         required time                          0.476    
                         arrival time                           0.018    
  -------------------------------------------------------------------
                         slack                                  0.494    

Slack (MET) :             0.494ns  (arrival time - required time)
  Source:                 u_udp_send/crc_rst_reg/C
                            (rising edge-triggered cell FDPE clocked by clk_out2_clk_wiz_0  {rise@0.000ns fall@4.000ns period=8.000ns})
  Destination:            u_udp_send/crc_inst/crc_reg_reg[7]/PRE
                            (removal check against rising-edge clock clk_out2_clk_wiz_0  {rise@0.000ns fall@4.000ns period=8.000ns})
  Path Group:             **async_default**
  Path Type:              Removal (Min at Fast Process Corner)
  Requirement:            0.000ns  (clk_out2_clk_wiz_0 rise@0.000ns - clk_out2_clk_wiz_0 rise@0.000ns)
  Data Path Delay:        0.455ns  (logic 0.100ns (21.979%)  route 0.355ns (78.021%))
  Logic Levels:           0  
  Clock Path Skew:        0.013ns (DCD - SCD - CPR)
    Destination Clock Delay (DCD):    -0.432ns
    Source Clock Delay      (SCD):    -0.437ns
    Clock Pessimism Removal (CPR):    -0.008ns

    Location             Delay type                Incr(ns)  Path(ns)    Netlist Resource(s)
  -------------------------------------------------------------------    -------------------
                         (clock clk_out2_clk_wiz_0 rise edge)
                                                      0.000     0.000 r  
    AE10                                              0.000     0.000 r  sys_clk_p
                         net (fo=0)                   0.000     0.000    u_clk_wiz/inst/clk_in1_p
    AE10                 IBUFDS (Prop_ibufds_I_O)     0.354     0.354 r  u_clk_wiz/inst/clkin1_ibufgds/O
                         net (fo=1, routed)           0.503     0.857    u_clk_wiz/inst/clk_in1_clk_wiz_0
    MMCME2_ADV_X1Y1      MMCME2_ADV (Prop_mmcme2_adv_CLKIN1_CLKOUT1)
                                                     -3.040    -2.183 r  u_clk_wiz/inst/mmcm_adv_inst/CLKOUT1
                         net (fo=1, routed)           0.940    -1.243    u_clk_wiz/inst/clk_out2_clk_wiz_0
    BUFGCTRL_X0Y0        BUFG (Prop_bufg_I_O)         0.026    -1.217 r  u_clk_wiz/inst/clkout2_buf/O
                         net (fo=76, routed)          0.780    -0.437    u_udp_send/C
    SLICE_X1Y44                                                       r  u_udp_send/crc_rst_reg/C
  -------------------------------------------------------------------    -------------------
    SLICE_X1Y44          FDPE (Prop_fdpe_C_Q)         0.100    -0.337 f  u_udp_send/crc_rst_reg/Q
                         net (fo=33, routed)          0.355     0.018    u_udp_send/crc_inst/AS[0]
    SLICE_X2Y41          FDPE                                         f  u_udp_send/crc_inst/crc_reg_reg[7]/PRE
  -------------------------------------------------------------------    -------------------

                         (clock clk_out2_clk_wiz_0 rise edge)
                                                      0.000     0.000 r  
    AE10                                              0.000     0.000 r  sys_clk_p
                         net (fo=0)                   0.000     0.000    u_clk_wiz/inst/clk_in1_p
    AE10                 IBUFDS (Prop_ibufds_I_O)     0.432     0.432 r  u_clk_wiz/inst/clkin1_ibufgds/O
                         net (fo=1, routed)           0.553     0.985    u_clk_wiz/inst/clk_in1_clk_wiz_0
    MMCME2_ADV_X1Y1      MMCME2_ADV (Prop_mmcme2_adv_CLKIN1_CLKOUT1)
                                                     -3.493    -2.508 r  u_clk_wiz/inst/mmcm_adv_inst/CLKOUT1
                         net (fo=1, routed)           1.007    -1.501    u_clk_wiz/inst/clk_out2_clk_wiz_0
    BUFGCTRL_X0Y0        BUFG (Prop_bufg_I_O)         0.030    -1.471 r  u_clk_wiz/inst/clkout2_buf/O
                         net (fo=76, routed)          1.039    -0.432    u_udp_send/crc_inst/C
    SLICE_X2Y41                                                       r  u_udp_send/crc_inst/crc_reg_reg[7]/C
                         clock pessimism              0.008    -0.424    
    SLICE_X2Y41          FDPE (Remov_fdpe_C_PRE)     -0.052    -0.476    u_udp_send/crc_inst/crc_reg_reg[7]
  -------------------------------------------------------------------
                         required time                          0.476    
                         arrival time                           0.018    
  -------------------------------------------------------------------
                         slack                                  0.494    

Slack (MET) :             0.494ns  (arrival time - required time)
  Source:                 u_udp_send/crc_rst_reg/C
                            (rising edge-triggered cell FDPE clocked by clk_out2_clk_wiz_0  {rise@0.000ns fall@4.000ns period=8.000ns})
  Destination:            u_udp_send/crc_inst/crc_reg_reg[9]/PRE
                            (removal check against rising-edge clock clk_out2_clk_wiz_0  {rise@0.000ns fall@4.000ns period=8.000ns})
  Path Group:             **async_default**
  Path Type:              Removal (Min at Fast Process Corner)
  Requirement:            0.000ns  (clk_out2_clk_wiz_0 rise@0.000ns - clk_out2_clk_wiz_0 rise@0.000ns)
  Data Path Delay:        0.455ns  (logic 0.100ns (21.979%)  route 0.355ns (78.021%))
  Logic Levels:           0  
  Clock Path Skew:        0.013ns (DCD - SCD - CPR)
    Destination Clock Delay (DCD):    -0.432ns
    Source Clock Delay      (SCD):    -0.437ns
    Clock Pessimism Removal (CPR):    -0.008ns

    Location             Delay type                Incr(ns)  Path(ns)    Netlist Resource(s)
  -------------------------------------------------------------------    -------------------
                         (clock clk_out2_clk_wiz_0 rise edge)
                                                      0.000     0.000 r  
    AE10                                              0.000     0.000 r  sys_clk_p
                         net (fo=0)                   0.000     0.000    u_clk_wiz/inst/clk_in1_p
    AE10                 IBUFDS (Prop_ibufds_I_O)     0.354     0.354 r  u_clk_wiz/inst/clkin1_ibufgds/O
                         net (fo=1, routed)           0.503     0.857    u_clk_wiz/inst/clk_in1_clk_wiz_0
    MMCME2_ADV_X1Y1      MMCME2_ADV (Prop_mmcme2_adv_CLKIN1_CLKOUT1)
                                                     -3.040    -2.183 r  u_clk_wiz/inst/mmcm_adv_inst/CLKOUT1
                         net (fo=1, routed)           0.940    -1.243    u_clk_wiz/inst/clk_out2_clk_wiz_0
    BUFGCTRL_X0Y0        BUFG (Prop_bufg_I_O)         0.026    -1.217 r  u_clk_wiz/inst/clkout2_buf/O
                         net (fo=76, routed)          0.780    -0.437    u_udp_send/C
    SLICE_X1Y44                                                       r  u_udp_send/crc_rst_reg/C
  -------------------------------------------------------------------    -------------------
    SLICE_X1Y44          FDPE (Prop_fdpe_C_Q)         0.100    -0.337 f  u_udp_send/crc_rst_reg/Q
                         net (fo=33, routed)          0.355     0.018    u_udp_send/crc_inst/AS[0]
    SLICE_X2Y41          FDPE                                         f  u_udp_send/crc_inst/crc_reg_reg[9]/PRE
  -------------------------------------------------------------------    -------------------

                         (clock clk_out2_clk_wiz_0 rise edge)
                                                      0.000     0.000 r  
    AE10                                              0.000     0.000 r  sys_clk_p
                         net (fo=0)                   0.000     0.000    u_clk_wiz/inst/clk_in1_p
    AE10                 IBUFDS (Prop_ibufds_I_O)     0.432     0.432 r  u_clk_wiz/inst/clkin1_ibufgds/O
                         net (fo=1, routed)           0.553     0.985    u_clk_wiz/inst/clk_in1_clk_wiz_0
    MMCME2_ADV_X1Y1      MMCME2_ADV (Prop_mmcme2_adv_CLKIN1_CLKOUT1)
                                                     -3.493    -2.508 r  u_clk_wiz/inst/mmcm_adv_inst/CLKOUT1
                         net (fo=1, routed)           1.007    -1.501    u_clk_wiz/inst/clk_out2_clk_wiz_0
    BUFGCTRL_X0Y0        BUFG (Prop_bufg_I_O)         0.030    -1.471 r  u_clk_wiz/inst/clkout2_buf/O
                         net (fo=76, routed)          1.039    -0.432    u_udp_send/crc_inst/C
    SLICE_X2Y41                                                       r  u_udp_send/crc_inst/crc_reg_reg[9]/C
                         clock pessimism              0.008    -0.424    
    SLICE_X2Y41          FDPE (Remov_fdpe_C_PRE)     -0.052    -0.476    u_udp_send/crc_inst/crc_reg_reg[9]
  -------------------------------------------------------------------
                         required time                          0.476    
                         arrival time                           0.018    
  -------------------------------------------------------------------
                         slack                                  0.494    

Slack (MET) :             0.526ns  (arrival time - required time)
  Source:                 u_udp_send/crc_rst_reg/C
                            (rising edge-triggered cell FDPE clocked by clk_out2_clk_wiz_0  {rise@0.000ns fall@4.000ns period=8.000ns})
  Destination:            u_udp_send/crc_inst/crc_reg_reg[22]/PRE
                            (removal check against rising-edge clock clk_out2_clk_wiz_0  {rise@0.000ns fall@4.000ns period=8.000ns})
  Path Group:             **async_default**
  Path Type:              Removal (Min at Fast Process Corner)
  Requirement:            0.000ns  (clk_out2_clk_wiz_0 rise@0.000ns - clk_out2_clk_wiz_0 rise@0.000ns)
  Data Path Delay:        0.467ns  (logic 0.100ns (21.424%)  route 0.367ns (78.576%))
  Logic Levels:           0  
  Clock Path Skew:        0.013ns (DCD - SCD - CPR)
    Destination Clock Delay (DCD):    -0.432ns
    Source Clock Delay      (SCD):    -0.437ns
    Clock Pessimism Removal (CPR):    -0.008ns

    Location             Delay type                Incr(ns)  Path(ns)    Netlist Resource(s)
  -------------------------------------------------------------------    -------------------
                         (clock clk_out2_clk_wiz_0 rise edge)
                                                      0.000     0.000 r  
    AE10                                              0.000     0.000 r  sys_clk_p
                         net (fo=0)                   0.000     0.000    u_clk_wiz/inst/clk_in1_p
    AE10                 IBUFDS (Prop_ibufds_I_O)     0.354     0.354 r  u_clk_wiz/inst/clkin1_ibufgds/O
                         net (fo=1, routed)           0.503     0.857    u_clk_wiz/inst/clk_in1_clk_wiz_0
    MMCME2_ADV_X1Y1      MMCME2_ADV (Prop_mmcme2_adv_CLKIN1_CLKOUT1)
                                                     -3.040    -2.183 r  u_clk_wiz/inst/mmcm_adv_inst/CLKOUT1
                         net (fo=1, routed)           0.940    -1.243    u_clk_wiz/inst/clk_out2_clk_wiz_0
    BUFGCTRL_X0Y0        BUFG (Prop_bufg_I_O)         0.026    -1.217 r  u_clk_wiz/inst/clkout2_buf/O
                         net (fo=76, routed)          0.780    -0.437    u_udp_send/C
    SLICE_X1Y44                                                       r  u_udp_send/crc_rst_reg/C
  -------------------------------------------------------------------    -------------------
    SLICE_X1Y44          FDPE (Prop_fdpe_C_Q)         0.100    -0.337 f  u_udp_send/crc_rst_reg/Q
                         net (fo=33, routed)          0.367     0.030    u_udp_send/crc_inst/AS[0]
    SLICE_X1Y41          FDPE                                         f  u_udp_send/crc_inst/crc_reg_reg[22]/PRE
  -------------------------------------------------------------------    -------------------

                         (clock clk_out2_clk_wiz_0 rise edge)
                                                      0.000     0.000 r  
    AE10                                              0.000     0.000 r  sys_clk_p
                         net (fo=0)                   0.000     0.000    u_clk_wiz/inst/clk_in1_p
    AE10                 IBUFDS (Prop_ibufds_I_O)     0.432     0.432 r  u_clk_wiz/inst/clkin1_ibufgds/O
                         net (fo=1, routed)           0.553     0.985    u_clk_wiz/inst/clk_in1_clk_wiz_0
    MMCME2_ADV_X1Y1      MMCME2_ADV (Prop_mmcme2_adv_CLKIN1_CLKOUT1)
                                                     -3.493    -2.508 r  u_clk_wiz/inst/mmcm_adv_inst/CLKOUT1
                         net (fo=1, routed)           1.007    -1.501    u_clk_wiz/inst/clk_out2_clk_wiz_0
    BUFGCTRL_X0Y0        BUFG (Prop_bufg_I_O)         0.030    -1.471 r  u_clk_wiz/inst/clkout2_buf/O
                         net (fo=76, routed)          1.039    -0.432    u_udp_send/crc_inst/C
    SLICE_X1Y41                                                       r  u_udp_send/crc_inst/crc_reg_reg[22]/C
                         clock pessimism              0.008    -0.424    
    SLICE_X1Y41          FDPE (Remov_fdpe_C_PRE)     -0.072    -0.496    u_udp_send/crc_inst/crc_reg_reg[22]
  -------------------------------------------------------------------
                         required time                          0.496    
                         arrival time                           0.030    
  -------------------------------------------------------------------
                         slack                                  0.526    

Slack (MET) :             0.526ns  (arrival time - required time)
  Source:                 u_udp_send/crc_rst_reg/C
                            (rising edge-triggered cell FDPE clocked by clk_out2_clk_wiz_0  {rise@0.000ns fall@4.000ns period=8.000ns})
  Destination:            u_udp_send/crc_inst/crc_reg_reg[24]/PRE
                            (removal check against rising-edge clock clk_out2_clk_wiz_0  {rise@0.000ns fall@4.000ns period=8.000ns})
  Path Group:             **async_default**
  Path Type:              Removal (Min at Fast Process Corner)
  Requirement:            0.000ns  (clk_out2_clk_wiz_0 rise@0.000ns - clk_out2_clk_wiz_0 rise@0.000ns)
  Data Path Delay:        0.467ns  (logic 0.100ns (21.424%)  route 0.367ns (78.576%))
  Logic Levels:           0  
  Clock Path Skew:        0.013ns (DCD - SCD - CPR)
    Destination Clock Delay (DCD):    -0.432ns
    Source Clock Delay      (SCD):    -0.437ns
    Clock Pessimism Removal (CPR):    -0.008ns

    Location             Delay type                Incr(ns)  Path(ns)    Netlist Resource(s)
  -------------------------------------------------------------------    -------------------
                         (clock clk_out2_clk_wiz_0 rise edge)
                                                      0.000     0.000 r  
    AE10                                              0.000     0.000 r  sys_clk_p
                         net (fo=0)                   0.000     0.000    u_clk_wiz/inst/clk_in1_p
    AE10                 IBUFDS (Prop_ibufds_I_O)     0.354     0.354 r  u_clk_wiz/inst/clkin1_ibufgds/O
                         net (fo=1, routed)           0.503     0.857    u_clk_wiz/inst/clk_in1_clk_wiz_0
    MMCME2_ADV_X1Y1      MMCME2_ADV (Prop_mmcme2_adv_CLKIN1_CLKOUT1)
                                                     -3.040    -2.183 r  u_clk_wiz/inst/mmcm_adv_inst/CLKOUT1
                         net (fo=1, routed)           0.940    -1.243    u_clk_wiz/inst/clk_out2_clk_wiz_0
    BUFGCTRL_X0Y0        BUFG (Prop_bufg_I_O)         0.026    -1.217 r  u_clk_wiz/inst/clkout2_buf/O
                         net (fo=76, routed)          0.780    -0.437    u_udp_send/C
    SLICE_X1Y44                                                       r  u_udp_send/crc_rst_reg/C
  -------------------------------------------------------------------    -------------------
    SLICE_X1Y44          FDPE (Prop_fdpe_C_Q)         0.100    -0.337 f  u_udp_send/crc_rst_reg/Q
                         net (fo=33, routed)          0.367     0.030    u_udp_send/crc_inst/AS[0]
    SLICE_X1Y41          FDPE                                         f  u_udp_send/crc_inst/crc_reg_reg[24]/PRE
  -------------------------------------------------------------------    -------------------

                         (clock clk_out2_clk_wiz_0 rise edge)
                                                      0.000     0.000 r  
    AE10                                              0.000     0.000 r  sys_clk_p
                         net (fo=0)                   0.000     0.000    u_clk_wiz/inst/clk_in1_p
    AE10                 IBUFDS (Prop_ibufds_I_O)     0.432     0.432 r  u_clk_wiz/inst/clkin1_ibufgds/O
                         net (fo=1, routed)           0.553     0.985    u_clk_wiz/inst/clk_in1_clk_wiz_0
    MMCME2_ADV_X1Y1      MMCME2_ADV (Prop_mmcme2_adv_CLKIN1_CLKOUT1)
                                                     -3.493    -2.508 r  u_clk_wiz/inst/mmcm_adv_inst/CLKOUT1
                         net (fo=1, routed)           1.007    -1.501    u_clk_wiz/inst/clk_out2_clk_wiz_0
    BUFGCTRL_X0Y0        BUFG (Prop_bufg_I_O)         0.030    -1.471 r  u_clk_wiz/inst/clkout2_buf/O
                         net (fo=76, routed)          1.039    -0.432    u_udp_send/crc_inst/C
    SLICE_X1Y41                                                       r  u_udp_send/crc_inst/crc_reg_reg[24]/C
                         clock pessimism              0.008    -0.424    
    SLICE_X1Y41          FDPE (Remov_fdpe_C_PRE)     -0.072    -0.496    u_udp_send/crc_inst/crc_reg_reg[24]
  -------------------------------------------------------------------
                         required time                          0.496    
                         arrival time                           0.030    
  -------------------------------------------------------------------
                         slack                                  0.526    

Slack (MET) :             0.526ns  (arrival time - required time)
  Source:                 u_udp_send/crc_rst_reg/C
                            (rising edge-triggered cell FDPE clocked by clk_out2_clk_wiz_0  {rise@0.000ns fall@4.000ns period=8.000ns})
  Destination:            u_udp_send/crc_inst/crc_reg_reg[28]/PRE
                            (removal check against rising-edge clock clk_out2_clk_wiz_0  {rise@0.000ns fall@4.000ns period=8.000ns})
  Path Group:             **async_default**
  Path Type:              Removal (Min at Fast Process Corner)
  Requirement:            0.000ns  (clk_out2_clk_wiz_0 rise@0.000ns - clk_out2_clk_wiz_0 rise@0.000ns)
  Data Path Delay:        0.467ns  (logic 0.100ns (21.424%)  route 0.367ns (78.576%))
  Logic Levels:           0  
  Clock Path Skew:        0.013ns (DCD - SCD - CPR)
    Destination Clock Delay (DCD):    -0.432ns
    Source Clock Delay      (SCD):    -0.437ns
    Clock Pessimism Removal (CPR):    -0.008ns

    Location             Delay type                Incr(ns)  Path(ns)    Netlist Resource(s)
  -------------------------------------------------------------------    -------------------
                         (clock clk_out2_clk_wiz_0 rise edge)
                                                      0.000     0.000 r  
    AE10                                              0.000     0.000 r  sys_clk_p
                         net (fo=0)                   0.000     0.000    u_clk_wiz/inst/clk_in1_p
    AE10                 IBUFDS (Prop_ibufds_I_O)     0.354     0.354 r  u_clk_wiz/inst/clkin1_ibufgds/O
                         net (fo=1, routed)           0.503     0.857    u_clk_wiz/inst/clk_in1_clk_wiz_0
    MMCME2_ADV_X1Y1      MMCME2_ADV (Prop_mmcme2_adv_CLKIN1_CLKOUT1)
                                                     -3.040    -2.183 r  u_clk_wiz/inst/mmcm_adv_inst/CLKOUT1
                         net (fo=1, routed)           0.940    -1.243    u_clk_wiz/inst/clk_out2_clk_wiz_0
    BUFGCTRL_X0Y0        BUFG (Prop_bufg_I_O)         0.026    -1.217 r  u_clk_wiz/inst/clkout2_buf/O
                         net (fo=76, routed)          0.780    -0.437    u_udp_send/C
    SLICE_X1Y44                                                       r  u_udp_send/crc_rst_reg/C
  -------------------------------------------------------------------    -------------------
    SLICE_X1Y44          FDPE (Prop_fdpe_C_Q)         0.100    -0.337 f  u_udp_send/crc_rst_reg/Q
                         net (fo=33, routed)          0.367     0.030    u_udp_send/crc_inst/AS[0]
    SLICE_X1Y41          FDPE                                         f  u_udp_send/crc_inst/crc_reg_reg[28]/PRE
  -------------------------------------------------------------------    -------------------

                         (clock clk_out2_clk_wiz_0 rise edge)
                                                      0.000     0.000 r  
    AE10                                              0.000     0.000 r  sys_clk_p
                         net (fo=0)                   0.000     0.000    u_clk_wiz/inst/clk_in1_p
    AE10                 IBUFDS (Prop_ibufds_I_O)     0.432     0.432 r  u_clk_wiz/inst/clkin1_ibufgds/O
                         net (fo=1, routed)           0.553     0.985    u_clk_wiz/inst/clk_in1_clk_wiz_0
    MMCME2_ADV_X1Y1      MMCME2_ADV (Prop_mmcme2_adv_CLKIN1_CLKOUT1)
                                                     -3.493    -2.508 r  u_clk_wiz/inst/mmcm_adv_inst/CLKOUT1
                         net (fo=1, routed)           1.007    -1.501    u_clk_wiz/inst/clk_out2_clk_wiz_0
    BUFGCTRL_X0Y0        BUFG (Prop_bufg_I_O)         0.030    -1.471 r  u_clk_wiz/inst/clkout2_buf/O
                         net (fo=76, routed)          1.039    -0.432    u_udp_send/crc_inst/C
    SLICE_X1Y41                                                       r  u_udp_send/crc_inst/crc_reg_reg[28]/C
                         clock pessimism              0.008    -0.424    
    SLICE_X1Y41          FDPE (Remov_fdpe_C_PRE)     -0.072    -0.496    u_udp_send/crc_inst/crc_reg_reg[28]
  -------------------------------------------------------------------
                         required time                          0.496    
                         arrival time                           0.030    
  -------------------------------------------------------------------
                         slack                                  0.526    

Slack (MET) :             0.526ns  (arrival time - required time)
  Source:                 u_udp_send/crc_rst_reg/C
                            (rising edge-triggered cell FDPE clocked by clk_out2_clk_wiz_0  {rise@0.000ns fall@4.000ns period=8.000ns})
  Destination:            u_udp_send/crc_inst/crc_reg_reg[30]/PRE
                            (removal check against rising-edge clock clk_out2_clk_wiz_0  {rise@0.000ns fall@4.000ns period=8.000ns})
  Path Group:             **async_default**
  Path Type:              Removal (Min at Fast Process Corner)
  Requirement:            0.000ns  (clk_out2_clk_wiz_0 rise@0.000ns - clk_out2_clk_wiz_0 rise@0.000ns)
  Data Path Delay:        0.467ns  (logic 0.100ns (21.424%)  route 0.367ns (78.576%))
  Logic Levels:           0  
  Clock Path Skew:        0.013ns (DCD - SCD - CPR)
    Destination Clock Delay (DCD):    -0.432ns
    Source Clock Delay      (SCD):    -0.437ns
    Clock Pessimism Removal (CPR):    -0.008ns

    Location             Delay type                Incr(ns)  Path(ns)    Netlist Resource(s)
  -------------------------------------------------------------------    -------------------
                         (clock clk_out2_clk_wiz_0 rise edge)
                                                      0.000     0.000 r  
    AE10                                              0.000     0.000 r  sys_clk_p
                         net (fo=0)                   0.000     0.000    u_clk_wiz/inst/clk_in1_p
    AE10                 IBUFDS (Prop_ibufds_I_O)     0.354     0.354 r  u_clk_wiz/inst/clkin1_ibufgds/O
                         net (fo=1, routed)           0.503     0.857    u_clk_wiz/inst/clk_in1_clk_wiz_0
    MMCME2_ADV_X1Y1      MMCME2_ADV (Prop_mmcme2_adv_CLKIN1_CLKOUT1)
                                                     -3.040    -2.183 r  u_clk_wiz/inst/mmcm_adv_inst/CLKOUT1
                         net (fo=1, routed)           0.940    -1.243    u_clk_wiz/inst/clk_out2_clk_wiz_0
    BUFGCTRL_X0Y0        BUFG (Prop_bufg_I_O)         0.026    -1.217 r  u_clk_wiz/inst/clkout2_buf/O
                         net (fo=76, routed)          0.780    -0.437    u_udp_send/C
    SLICE_X1Y44                                                       r  u_udp_send/crc_rst_reg/C
  -------------------------------------------------------------------    -------------------
    SLICE_X1Y44          FDPE (Prop_fdpe_C_Q)         0.100    -0.337 f  u_udp_send/crc_rst_reg/Q
                         net (fo=33, routed)          0.367     0.030    u_udp_send/crc_inst/AS[0]
    SLICE_X1Y41          FDPE                                         f  u_udp_send/crc_inst/crc_reg_reg[30]/PRE
  -------------------------------------------------------------------    -------------------

                         (clock clk_out2_clk_wiz_0 rise edge)
                                                      0.000     0.000 r  
    AE10                                              0.000     0.000 r  sys_clk_p
                         net (fo=0)                   0.000     0.000    u_clk_wiz/inst/clk_in1_p
    AE10                 IBUFDS (Prop_ibufds_I_O)     0.432     0.432 r  u_clk_wiz/inst/clkin1_ibufgds/O
                         net (fo=1, routed)           0.553     0.985    u_clk_wiz/inst/clk_in1_clk_wiz_0
    MMCME2_ADV_X1Y1      MMCME2_ADV (Prop_mmcme2_adv_CLKIN1_CLKOUT1)
                                                     -3.493    -2.508 r  u_clk_wiz/inst/mmcm_adv_inst/CLKOUT1
                         net (fo=1, routed)           1.007    -1.501    u_clk_wiz/inst/clk_out2_clk_wiz_0
    BUFGCTRL_X0Y0        BUFG (Prop_bufg_I_O)         0.030    -1.471 r  u_clk_wiz/inst/clkout2_buf/O
                         net (fo=76, routed)          1.039    -0.432    u_udp_send/crc_inst/C
    SLICE_X1Y41                                                       r  u_udp_send/crc_inst/crc_reg_reg[30]/C
                         clock pessimism              0.008    -0.424    
    SLICE_X1Y41          FDPE (Remov_fdpe_C_PRE)     -0.072    -0.496    u_udp_send/crc_inst/crc_reg_reg[30]
  -------------------------------------------------------------------
                         required time                          0.496    
                         arrival time                           0.030    
  -------------------------------------------------------------------
                         slack                                  0.526    





