Copyright 1986-2014 Xilinx, Inc. All Rights Reserved.
--------------------------------------------------------------------------------------------------------------------------------------------------------------
| Tool Version      : Vivado v.2014.4_AR65813_AR64601_AR63880_AR63479_AR62969_(AR63524_AR64594) (win64) Build 0 Tue May 19 17:22:27 MDT 2015
| Date              : Mon Jul 20 02:52:19 2026
| Host              : DESKTOP-1F6RSOD running 64-bit major release  (build 9200)
| Command           : report_timing_summary -warn_on_violation -max_paths 10 -file uart_top_timing_summary_routed.rpt -rpx uart_top_timing_summary_routed.rpx
| Design            : uart_top
| Device            : 7k325t-ffg900
| Speed File        : -2  PRODUCTION 1.12 2014-09-11
| Temperature Grade : C
--------------------------------------------------------------------------------------------------------------------------------------------------------------

Timing Summary Report

------------------------------------------------------------------------------------------------
| Timer Settings
| --------------
------------------------------------------------------------------------------------------------

  Enable Multi Corner Analysis               :  Yes
  Enable Pessimism Removal                   :  Yes
  Pessimism Removal Resolution               :  Nearest Common Node
  Enable Input Delay Default Clock           :  No
  Enable Preset / Clear Arcs                 :  No
  Disable Flight Delays                      :  No

  Corner  Analyze    Analyze    
  Name    Max Paths  Min Paths  
  ------  ---------  ---------  
  Slow    Yes        Yes        
  Fast    Yes        Yes        



check_timing report

Table of Contents
-----------------
1. checking no_clock
2. checking constant_clock
3. checking pulse_width_clock
4. checking unconstrained_internal_endpoints
5. checking no_input_delay
6. checking no_output_delay
7. checking multiple_clock
8. checking generated_clocks
9. checking loops
10. checking partial_input_delay
11. checking partial_output_delay
12. checking unexpandable_clocks
13. checking latch_loops

1. checking no_clock
--------------------
 There are 0 register/latch pins with no clock.


2. checking constant_clock
--------------------------
 There are 0 register/latch pins with constant_clock.


3. checking pulse_width_clock
-----------------------------
 There are 0 register/latch pins which need pulse_width check


4. checking unconstrained_internal_endpoints
--------------------------------------------
 There are 0 pins that are not constrained for maximum delay.

 There are 0 pins that are not constrained for maximum delay due to constant clock.


5. checking no_input_delay
--------------------------
 There are 2 input ports with no input delay specified. (HIGH)

 There are 0 input ports with no input delay but user has a false path constraint.


6. checking no_output_delay
---------------------------
 There are 10 ports with no output delay specified. (HIGH)

 There are 0 ports with no output delay but user has a false path constraint

 There are 0 ports with no output delay but with a timing clock defined on it or propagating through it


7. checking multiple_clock
--------------------------
 There are 0 register/latch pins with multiple clocks.


8. checking generated_clocks
----------------------------
 There are 0 generated clocks that are not connected to a clock source.


9. checking loops
-----------------
 There are 0 combinational loops in the design.


10. checking partial_input_delay
--------------------------------
 There are 0 input ports with partial input delay specified.


11. checking partial_output_delay
---------------------------------
 There are 0 ports with partial output delay specified.


12. checking unexpandable_clocks
--------------------------------
 There are 0 unexpandable clock pairs.


13. checking latch_loops
------------------------
 There are 0 combinational latch loops in the design through latch input



------------------------------------------------------------------------------------------------
| Design Timing Summary
| ---------------------
------------------------------------------------------------------------------------------------

    WNS(ns)      TNS(ns)  TNS Failing Endpoints  TNS Total Endpoints      WHS(ns)      THS(ns)  THS Failing Endpoints  THS Total Endpoints     WPWS(ns)     TPWS(ns)  TPWS Failing Endpoints  TPWS Total Endpoints  
    -------      -------  ---------------------  -------------------      -------      -------  ---------------------  -------------------     --------     --------  ----------------------  --------------------  
     17.343        0.000                      0                 2660        0.042        0.000                      0                 2620        1.100        0.000                       0                  1343  


All user specified timing constraints are met.


------------------------------------------------------------------------------------------------
| Clock Summary
| -------------
------------------------------------------------------------------------------------------------

Clock                                                      Waveform(ns)         Period(ns)      Frequency(MHz)
-----                                                      ------------         ----------      --------------
dbg_hub/inst/bscan_inst/SERIES7_BSCAN.bscan_inst/DRCK      {0.000 15.000}       30.000          33.333          
  dbg_hub/inst/bscan_inst/SERIES7_BSCAN.bscan_inst/UPDATE  {0.000 30.000}       60.000          16.667          
sys_clk_pin                                                {0.000 2.500}        5.000           200.000         
  clk_32M_clk_wiz_0_1                                      {0.000 15.625}       31.250          32.000          
  clk_50M_clk_wiz_0_1                                      {0.000 10.000}       20.000          50.000          
  clkfbout_clk_wiz_0_1                                     {0.000 2.500}        5.000           200.000         


------------------------------------------------------------------------------------------------
| Intra Clock Table
| -----------------
------------------------------------------------------------------------------------------------

Clock                                                          WNS(ns)      TNS(ns)  TNS Failing Endpoints  TNS Total Endpoints      WHS(ns)      THS(ns)  THS Failing Endpoints  THS Total Endpoints     WPWS(ns)     TPWS(ns)  TPWS Failing Endpoints  TPWS Total Endpoints  
-----                                                          -------      -------  ---------------------  -------------------      -------      -------  ---------------------  -------------------     --------     --------  ----------------------  --------------------  
dbg_hub/inst/bscan_inst/SERIES7_BSCAN.bscan_inst/DRCK           26.422        0.000                      0                  913        0.042        0.000                      0                  913       14.232        0.000                       0                   458  
  dbg_hub/inst/bscan_inst/SERIES7_BSCAN.bscan_inst/UPDATE       59.146        0.000                      0                    1        0.370        0.000                      0                    1       29.650        0.000                       0                     2  
sys_clk_pin                                                                                                                                                                                                  1.100        0.000                       0                     1  
  clk_32M_clk_wiz_0_1                                           27.501        0.000                      0                 1054        0.102        0.000                      0                 1054       14.857        0.000                       0                   641  
  clk_50M_clk_wiz_0_1                                           17.343        0.000                      0                  333        0.120        0.000                      0                  333        9.600        0.000                       0                   238  
  clkfbout_clk_wiz_0_1                                                                                                                                                                                       3.592        0.000                       0                     3  


------------------------------------------------------------------------------------------------
| Inter Clock Table
| -----------------
------------------------------------------------------------------------------------------------

From Clock                                               To Clock                                                     WNS(ns)      TNS(ns)  TNS Failing Endpoints  TNS Total Endpoints      WHS(ns)      THS(ns)  THS Failing Endpoints  THS Total Endpoints  
----------                                               --------                                                     -------      -------  ---------------------  -------------------      -------      -------  ---------------------  -------------------  
dbg_hub/inst/bscan_inst/SERIES7_BSCAN.bscan_inst/UPDATE  dbg_hub/inst/bscan_inst/SERIES7_BSCAN.bscan_inst/DRCK         58.058        0.000                      0                   18       29.784        0.000                      0                   18  
clk_50M_clk_wiz_0_1                                      clk_32M_clk_wiz_0_1                                           19.220        0.000                      0                   20                                                                        
clk_32M_clk_wiz_0_1                                      clk_50M_clk_wiz_0_1                                           30.536        0.000                      0                   20                                                                        


------------------------------------------------------------------------------------------------
| Other Path Groups Table
| -----------------------
------------------------------------------------------------------------------------------------

Path Group                                             From Clock                                             To Clock                                                   WNS(ns)      TNS(ns)  TNS Failing Endpoints  TNS Total Endpoints      WHS(ns)      THS(ns)  THS Failing Endpoints  THS Total Endpoints  
----------                                             ----------                                             --------                                                   -------      -------  ---------------------  -------------------      -------      -------  ---------------------  -------------------  
**async_default**                                      clk_32M_clk_wiz_0_1                                    clk_32M_clk_wiz_0_1                                         29.140        0.000                      0                  113        0.232        0.000                      0                  113  
**async_default**                                      clk_50M_clk_wiz_0_1                                    clk_50M_clk_wiz_0_1                                         17.922        0.000                      0                   90        0.290        0.000                      0                   90  
**async_default**                                      dbg_hub/inst/bscan_inst/SERIES7_BSCAN.bscan_inst/DRCK  dbg_hub/inst/bscan_inst/SERIES7_BSCAN.bscan_inst/DRCK       27.064        0.000                      0                   98        0.248        0.000                      0                   98  


------------------------------------------------------------------------------------------------
| Timing Details
| --------------
------------------------------------------------------------------------------------------------


---------------------------------------------------------------------------------------------------
From Clock:  dbg_hub/inst/bscan_inst/SERIES7_BSCAN.bscan_inst/DRCK
  To Clock:  dbg_hub/inst/bscan_inst/SERIES7_BSCAN.bscan_inst/DRCK

Setup :            0  Failing Endpoints,  Worst Slack       26.422ns,  Total Violation        0.000ns
Hold  :            0  Failing Endpoints,  Worst Slack        0.042ns,  Total Violation        0.000ns
PW    :            0  Failing Endpoints,  Worst Slack       14.232ns,  Total Violation        0.000ns
---------------------------------------------------------------------------------------------------


Max Delay Paths
--------------------------------------------------------------------------------------
Slack (MET) :             26.422ns  (required time - arrival time)
  Source:                 dbg_hub/inst/U_ICON/U_SYNC/SYNC_reg/C
                            (rising edge-triggered cell FDRE clocked by dbg_hub/inst/bscan_inst/SERIES7_BSCAN.bscan_inst/DRCK  {rise@0.000ns fall@15.000ns period=30.000ns})
  Destination:            dbg_hub/inst/UUT_MASTER/U_ICON_INTERFACE/U_CMD6_WR/U_WR_FIFO/SUBCORE_FIFO.xsdbm_v1_0_wrfifo_inst/inst_fifo_gen/gconvfifo.rf/grf.rf/gntv_or_sync_fifo.mem/gdm.dm/RAM_reg_0_15_6_11/RAMA/WE
                            (rising edge-triggered cell RAMD32 clocked by dbg_hub/inst/bscan_inst/SERIES7_BSCAN.bscan_inst/DRCK  {rise@0.000ns fall@15.000ns period=30.000ns})
  Path Group:             dbg_hub/inst/bscan_inst/SERIES7_BSCAN.bscan_inst/DRCK
  Path Type:              Setup (Max at Slow Process Corner)
  Requirement:            30.000ns  (dbg_hub/inst/bscan_inst/SERIES7_BSCAN.bscan_inst/DRCK rise@30.000ns - dbg_hub/inst/bscan_inst/SERIES7_BSCAN.bscan_inst/DRCK rise@0.000ns)
  Data Path Delay:        3.252ns  (logic 0.496ns (15.252%)  route 2.756ns (84.748%))
  Logic Levels:           4  (LUT2=2 LUT6=2)
  Clock Path Skew:        0.012ns (DCD - SCD + CPR)
    Destination Clock Delay (DCD):    4.187ns = ( 34.187 - 30.000 ) 
    Source Clock Delay      (SCD):    4.742ns
    Clock Pessimism Removal (CPR):    0.567ns
  Clock Uncertainty:      0.035ns  ((TSJ^2 + TIJ^2)^1/2 + DJ) / 2 + PE
    Total System Jitter     (TSJ):    0.071ns
    Total Input Jitter      (TIJ):    0.000ns
    Discrete Jitter          (DJ):    0.000ns
    Phase Error              (PE):    0.000ns

    Location             Delay type                Incr(ns)  Path(ns)    Netlist Resource(s)
  -------------------------------------------------------------------    -------------------
                         (clock dbg_hub/inst/bscan_inst/SERIES7_BSCAN.bscan_inst/DRCK rise edge)
                                                      0.000     0.000 r  
    BSCAN_X0Y0           BSCANE2                      0.000     0.000 r  dbg_hub/inst/bscan_inst/SERIES7_BSCAN.bscan_inst/DRCK
                         net (fo=1, routed)           3.009     3.009    dbg_hub/inst/DRCK
    BUFGCTRL_X0Y1        BUFG (Prop_bufg_I_O)         0.093     3.102 r  dbg_hub/inst/u_bufg_icon/O
                         net (fo=457, routed)         1.640     4.742    dbg_hub/inst/U_ICON/U_SYNC/CLK
    SLICE_X17Y61                                                      r  dbg_hub/inst/U_ICON/U_SYNC/SYNC_reg/C
  -------------------------------------------------------------------    -------------------
    SLICE_X17Y61         FDRE (Prop_fdre_C_Q)         0.223     4.965 r  dbg_hub/inst/U_ICON/U_SYNC/SYNC_reg/Q
                         net (fo=3, routed)           0.467     5.432    dbg_hub/inst/U_ICON/U_SYNC/iSYNC
    SLICE_X14Y61         LUT2 (Prop_lut2_I0_O)        0.043     5.475 r  dbg_hub/inst/U_ICON/U_SYNC/LC_STAT_INIT_SLV[127]_i_2/O
                         net (fo=9, routed)           0.652     6.127    dbg_hub/inst/U_ICON/U_CMD/p_103_in
    SLICE_X9Y60          LUT6 (Prop_lut6_I1_O)        0.043     6.170 r  dbg_hub/inst/U_ICON/U_CMD/shift_reg_in[15]_i_2/O
                         net (fo=7, routed)           0.896     7.066    dbg_hub/inst/U_ICON/U_CMD/I3[1]
    SLICE_X5Y58          LUT2 (Prop_lut2_I0_O)        0.051     7.117 r  dbg_hub/inst/U_ICON/U_CMD/shift_reg_in[15]_i_1/O
                         net (fo=18, routed)          0.197     7.314    dbg_hub/inst/UUT_MASTER/U_ICON_INTERFACE/U_CMD6_WR/U_WR_FIFO/SUBCORE_FIFO.xsdbm_v1_0_wrfifo_inst/inst_fifo_gen/gconvfifo.rf/grf.rf/gntv_or_sync_fifo.gl0.wr/gwas.wsts/I5[0]
    SLICE_X3Y58          LUT6 (Prop_lut6_I0_O)        0.136     7.450 r  dbg_hub/inst/UUT_MASTER/U_ICON_INTERFACE/U_CMD6_WR/U_WR_FIFO/SUBCORE_FIFO.xsdbm_v1_0_wrfifo_inst/inst_fifo_gen/gconvfifo.rf/grf.rf/gntv_or_sync_fifo.gl0.wr/gwas.wsts/gic0.gc0.count_d1[3]_i_1/O
                         net (fo=37, routed)          0.544     7.994    dbg_hub/inst/UUT_MASTER/U_ICON_INTERFACE/U_CMD6_WR/U_WR_FIFO/SUBCORE_FIFO.xsdbm_v1_0_wrfifo_inst/inst_fifo_gen/gconvfifo.rf/grf.rf/gntv_or_sync_fifo.mem/gdm.dm/RAM_reg_0_15_6_11/WE
    SLICE_X2Y54          RAMD32                                       r  dbg_hub/inst/UUT_MASTER/U_ICON_INTERFACE/U_CMD6_WR/U_WR_FIFO/SUBCORE_FIFO.xsdbm_v1_0_wrfifo_inst/inst_fifo_gen/gconvfifo.rf/grf.rf/gntv_or_sync_fifo.mem/gdm.dm/RAM_reg_0_15_6_11/RAMA/WE
  -------------------------------------------------------------------    -------------------

                         (clock dbg_hub/inst/bscan_inst/SERIES7_BSCAN.bscan_inst/DRCK rise edge)
                                                     30.000    30.000 r  
    BSCAN_X0Y0           BSCANE2                      0.000    30.000 r  dbg_hub/inst/bscan_inst/SERIES7_BSCAN.bscan_inst/DRCK
                         net (fo=1, routed)           2.542    32.542    dbg_hub/inst/DRCK
    BUFGCTRL_X0Y1        BUFG (Prop_bufg_I_O)         0.083    32.625 r  dbg_hub/inst/u_bufg_icon/O
                         net (fo=457, routed)         1.562    34.187    dbg_hub/inst/UUT_MASTER/U_ICON_INTERFACE/U_CMD6_WR/U_WR_FIFO/SUBCORE_FIFO.xsdbm_v1_0_wrfifo_inst/inst_fifo_gen/gconvfifo.rf/grf.rf/gntv_or_sync_fifo.mem/gdm.dm/RAM_reg_0_15_6_11/WCLK
    SLICE_X2Y54                                                       r  dbg_hub/inst/UUT_MASTER/U_ICON_INTERFACE/U_CMD6_WR/U_WR_FIFO/SUBCORE_FIFO.xsdbm_v1_0_wrfifo_inst/inst_fifo_gen/gconvfifo.rf/grf.rf/gntv_or_sync_fifo.mem/gdm.dm/RAM_reg_0_15_6_11/RAMA/CLK
                         clock pessimism              0.567    34.754    
                         clock uncertainty           -0.035    34.719    
    SLICE_X2Y54          RAMD32 (Setup_ramd32_CLK_WE)
                                                     -0.303    34.416    dbg_hub/inst/UUT_MASTER/U_ICON_INTERFACE/U_CMD6_WR/U_WR_FIFO/SUBCORE_FIFO.xsdbm_v1_0_wrfifo_inst/inst_fifo_gen/gconvfifo.rf/grf.rf/gntv_or_sync_fifo.mem/gdm.dm/RAM_reg_0_15_6_11/RAMA
  -------------------------------------------------------------------
                         required time                         34.416    
                         arrival time                          -7.994    
  -------------------------------------------------------------------
                         slack                                 26.422    

Slack (MET) :             26.422ns  (required time - arrival time)
  Source:                 dbg_hub/inst/U_ICON/U_SYNC/SYNC_reg/C
                            (rising edge-triggered cell FDRE clocked by dbg_hub/inst/bscan_inst/SERIES7_BSCAN.bscan_inst/DRCK  {rise@0.000ns fall@15.000ns period=30.000ns})
  Destination:            dbg_hub/inst/UUT_MASTER/U_ICON_INTERFACE/U_CMD6_WR/U_WR_FIFO/SUBCORE_FIFO.xsdbm_v1_0_wrfifo_inst/inst_fifo_gen/gconvfifo.rf/grf.rf/gntv_or_sync_fifo.mem/gdm.dm/RAM_reg_0_15_6_11/RAMA_D1/WE
                            (rising edge-triggered cell RAMD32 clocked by dbg_hub/inst/bscan_inst/SERIES7_BSCAN.bscan_inst/DRCK  {rise@0.000ns fall@15.000ns period=30.000ns})
  Path Group:             dbg_hub/inst/bscan_inst/SERIES7_BSCAN.bscan_inst/DRCK
  Path Type:              Setup (Max at Slow Process Corner)
  Requirement:            30.000ns  (dbg_hub/inst/bscan_inst/SERIES7_BSCAN.bscan_inst/DRCK rise@30.000ns - dbg_hub/inst/bscan_inst/SERIES7_BSCAN.bscan_inst/DRCK rise@0.000ns)
  Data Path Delay:        3.252ns  (logic 0.496ns (15.252%)  route 2.756ns (84.748%))
  Logic Levels:           4  (LUT2=2 LUT6=2)
  Clock Path Skew:        0.012ns (DCD - SCD + CPR)
    Destination Clock Delay (DCD):    4.187ns = ( 34.187 - 30.000 ) 
    Source Clock Delay      (SCD):    4.742ns
    Clock Pessimism Removal (CPR):    0.567ns
  Clock Uncertainty:      0.035ns  ((TSJ^2 + TIJ^2)^1/2 + DJ) / 2 + PE
    Total System Jitter     (TSJ):    0.071ns
    Total Input Jitter      (TIJ):    0.000ns
    Discrete Jitter          (DJ):    0.000ns
    Phase Error              (PE):    0.000ns

    Location             Delay type                Incr(ns)  Path(ns)    Netlist Resource(s)
  -------------------------------------------------------------------    -------------------
                         (clock dbg_hub/inst/bscan_inst/SERIES7_BSCAN.bscan_inst/DRCK rise edge)
                                                      0.000     0.000 r  
    BSCAN_X0Y0           BSCANE2                      0.000     0.000 r  dbg_hub/inst/bscan_inst/SERIES7_BSCAN.bscan_inst/DRCK
                         net (fo=1, routed)           3.009     3.009    dbg_hub/inst/DRCK
    BUFGCTRL_X0Y1        BUFG (Prop_bufg_I_O)         0.093     3.102 r  dbg_hub/inst/u_bufg_icon/O
                         net (fo=457, routed)         1.640     4.742    dbg_hub/inst/U_ICON/U_SYNC/CLK
    SLICE_X17Y61                                                      r  dbg_hub/inst/U_ICON/U_SYNC/SYNC_reg/C
  -------------------------------------------------------------------    -------------------
    SLICE_X17Y61         FDRE (Prop_fdre_C_Q)         0.223     4.965 r  dbg_hub/inst/U_ICON/U_SYNC/SYNC_reg/Q
                         net (fo=3, routed)           0.467     5.432    dbg_hub/inst/U_ICON/U_SYNC/iSYNC
    SLICE_X14Y61         LUT2 (Prop_lut2_I0_O)        0.043     5.475 r  dbg_hub/inst/U_ICON/U_SYNC/LC_STAT_INIT_SLV[127]_i_2/O
                         net (fo=9, routed)           0.652     6.127    dbg_hub/inst/U_ICON/U_CMD/p_103_in
    SLICE_X9Y60          LUT6 (Prop_lut6_I1_O)        0.043     6.170 r  dbg_hub/inst/U_ICON/U_CMD/shift_reg_in[15]_i_2/O
                         net (fo=7, routed)           0.896     7.066    dbg_hub/inst/U_ICON/U_CMD/I3[1]
    SLICE_X5Y58          LUT2 (Prop_lut2_I0_O)        0.051     7.117 r  dbg_hub/inst/U_ICON/U_CMD/shift_reg_in[15]_i_1/O
                         net (fo=18, routed)          0.197     7.314    dbg_hub/inst/UUT_MASTER/U_ICON_INTERFACE/U_CMD6_WR/U_WR_FIFO/SUBCORE_FIFO.xsdbm_v1_0_wrfifo_inst/inst_fifo_gen/gconvfifo.rf/grf.rf/gntv_or_sync_fifo.gl0.wr/gwas.wsts/I5[0]
    SLICE_X3Y58          LUT6 (Prop_lut6_I0_O)        0.136     7.450 r  dbg_hub/inst/UUT_MASTER/U_ICON_INTERFACE/U_CMD6_WR/U_WR_FIFO/SUBCORE_FIFO.xsdbm_v1_0_wrfifo_inst/inst_fifo_gen/gconvfifo.rf/grf.rf/gntv_or_sync_fifo.gl0.wr/gwas.wsts/gic0.gc0.count_d1[3]_i_1/O
                         net (fo=37, routed)          0.544     7.994    dbg_hub/inst/UUT_MASTER/U_ICON_INTERFACE/U_CMD6_WR/U_WR_FIFO/SUBCORE_FIFO.xsdbm_v1_0_wrfifo_inst/inst_fifo_gen/gconvfifo.rf/grf.rf/gntv_or_sync_fifo.mem/gdm.dm/RAM_reg_0_15_6_11/WE
    SLICE_X2Y54          RAMD32                                       r  dbg_hub/inst/UUT_MASTER/U_ICON_INTERFACE/U_CMD6_WR/U_WR_FIFO/SUBCORE_FIFO.xsdbm_v1_0_wrfifo_inst/inst_fifo_gen/gconvfifo.rf/grf.rf/gntv_or_sync_fifo.mem/gdm.dm/RAM_reg_0_15_6_11/RAMA_D1/WE
  -------------------------------------------------------------------    -------------------

                         (clock dbg_hub/inst/bscan_inst/SERIES7_BSCAN.bscan_inst/DRCK rise edge)
                                                     30.000    30.000 r  
    BSCAN_X0Y0           BSCANE2                      0.000    30.000 r  dbg_hub/inst/bscan_inst/SERIES7_BSCAN.bscan_inst/DRCK
                         net (fo=1, routed)           2.542    32.542    dbg_hub/inst/DRCK
    BUFGCTRL_X0Y1        BUFG (Prop_bufg_I_O)         0.083    32.625 r  dbg_hub/inst/u_bufg_icon/O
                         net (fo=457, routed)         1.562    34.187    dbg_hub/inst/UUT_MASTER/U_ICON_INTERFACE/U_CMD6_WR/U_WR_FIFO/SUBCORE_FIFO.xsdbm_v1_0_wrfifo_inst/inst_fifo_gen/gconvfifo.rf/grf.rf/gntv_or_sync_fifo.mem/gdm.dm/RAM_reg_0_15_6_11/WCLK
    SLICE_X2Y54                                                       r  dbg_hub/inst/UUT_MASTER/U_ICON_INTERFACE/U_CMD6_WR/U_WR_FIFO/SUBCORE_FIFO.xsdbm_v1_0_wrfifo_inst/inst_fifo_gen/gconvfifo.rf/grf.rf/gntv_or_sync_fifo.mem/gdm.dm/RAM_reg_0_15_6_11/RAMA_D1/CLK
                         clock pessimism              0.567    34.754    
                         clock uncertainty           -0.035    34.719    
    SLICE_X2Y54          RAMD32 (Setup_ramd32_CLK_WE)
                                                     -0.303    34.416    dbg_hub/inst/UUT_MASTER/U_ICON_INTERFACE/U_CMD6_WR/U_WR_FIFO/SUBCORE_FIFO.xsdbm_v1_0_wrfifo_inst/inst_fifo_gen/gconvfifo.rf/grf.rf/gntv_or_sync_fifo.mem/gdm.dm/RAM_reg_0_15_6_11/RAMA_D1
  -------------------------------------------------------------------
                         required time                         34.416    
                         arrival time                          -7.994    
  -------------------------------------------------------------------
                         slack                                 26.422    

Slack (MET) :             26.422ns  (required time - arrival time)
  Source:                 dbg_hub/inst/U_ICON/U_SYNC/SYNC_reg/C
                            (rising edge-triggered cell FDRE clocked by dbg_hub/inst/bscan_inst/SERIES7_BSCAN.bscan_inst/DRCK  {rise@0.000ns fall@15.000ns period=30.000ns})
  Destination:            dbg_hub/inst/UUT_MASTER/U_ICON_INTERFACE/U_CMD6_WR/U_WR_FIFO/SUBCORE_FIFO.xsdbm_v1_0_wrfifo_inst/inst_fifo_gen/gconvfifo.rf/grf.rf/gntv_or_sync_fifo.mem/gdm.dm/RAM_reg_0_15_6_11/RAMB/WE
                            (rising edge-triggered cell RAMD32 clocked by dbg_hub/inst/bscan_inst/SERIES7_BSCAN.bscan_inst/DRCK  {rise@0.000ns fall@15.000ns period=30.000ns})
  Path Group:             dbg_hub/inst/bscan_inst/SERIES7_BSCAN.bscan_inst/DRCK
  Path Type:              Setup (Max at Slow Process Corner)
  Requirement:            30.000ns  (dbg_hub/inst/bscan_inst/SERIES7_BSCAN.bscan_inst/DRCK rise@30.000ns - dbg_hub/inst/bscan_inst/SERIES7_BSCAN.bscan_inst/DRCK rise@0.000ns)
  Data Path Delay:        3.252ns  (logic 0.496ns (15.252%)  route 2.756ns (84.748%))
  Logic Levels:           4  (LUT2=2 LUT6=2)
  Clock Path Skew:        0.012ns (DCD - SCD + CPR)
    Destination Clock Delay (DCD):    4.187ns = ( 34.187 - 30.000 ) 
    Source Clock Delay      (SCD):    4.742ns
    Clock Pessimism Removal (CPR):    0.567ns
  Clock Uncertainty:      0.035ns  ((TSJ^2 + TIJ^2)^1/2 + DJ) / 2 + PE
    Total System Jitter     (TSJ):    0.071ns
    Total Input Jitter      (TIJ):    0.000ns
    Discrete Jitter          (DJ):    0.000ns
    Phase Error              (PE):    0.000ns

    Location             Delay type                Incr(ns)  Path(ns)    Netlist Resource(s)
  -------------------------------------------------------------------    -------------------
                         (clock dbg_hub/inst/bscan_inst/SERIES7_BSCAN.bscan_inst/DRCK rise edge)
                                                      0.000     0.000 r  
    BSCAN_X0Y0           BSCANE2                      0.000     0.000 r  dbg_hub/inst/bscan_inst/SERIES7_BSCAN.bscan_inst/DRCK
                         net (fo=1, routed)           3.009     3.009    dbg_hub/inst/DRCK
    BUFGCTRL_X0Y1        BUFG (Prop_bufg_I_O)         0.093     3.102 r  dbg_hub/inst/u_bufg_icon/O
                         net (fo=457, routed)         1.640     4.742    dbg_hub/inst/U_ICON/U_SYNC/CLK
    SLICE_X17Y61                                                      r  dbg_hub/inst/U_ICON/U_SYNC/SYNC_reg/C
  -------------------------------------------------------------------    -------------------
    SLICE_X17Y61         FDRE (Prop_fdre_C_Q)         0.223     4.965 r  dbg_hub/inst/U_ICON/U_SYNC/SYNC_reg/Q
                         net (fo=3, routed)           0.467     5.432    dbg_hub/inst/U_ICON/U_SYNC/iSYNC
    SLICE_X14Y61         LUT2 (Prop_lut2_I0_O)        0.043     5.475 r  dbg_hub/inst/U_ICON/U_SYNC/LC_STAT_INIT_SLV[127]_i_2/O
                         net (fo=9, routed)           0.652     6.127    dbg_hub/inst/U_ICON/U_CMD/p_103_in
    SLICE_X9Y60          LUT6 (Prop_lut6_I1_O)        0.043     6.170 r  dbg_hub/inst/U_ICON/U_CMD/shift_reg_in[15]_i_2/O
                         net (fo=7, routed)           0.896     7.066    dbg_hub/inst/U_ICON/U_CMD/I3[1]
    SLICE_X5Y58          LUT2 (Prop_lut2_I0_O)        0.051     7.117 r  dbg_hub/inst/U_ICON/U_CMD/shift_reg_in[15]_i_1/O
                         net (fo=18, routed)          0.197     7.314    dbg_hub/inst/UUT_MASTER/U_ICON_INTERFACE/U_CMD6_WR/U_WR_FIFO/SUBCORE_FIFO.xsdbm_v1_0_wrfifo_inst/inst_fifo_gen/gconvfifo.rf/grf.rf/gntv_or_sync_fifo.gl0.wr/gwas.wsts/I5[0]
    SLICE_X3Y58          LUT6 (Prop_lut6_I0_O)        0.136     7.450 r  dbg_hub/inst/UUT_MASTER/U_ICON_INTERFACE/U_CMD6_WR/U_WR_FIFO/SUBCORE_FIFO.xsdbm_v1_0_wrfifo_inst/inst_fifo_gen/gconvfifo.rf/grf.rf/gntv_or_sync_fifo.gl0.wr/gwas.wsts/gic0.gc0.count_d1[3]_i_1/O
                         net (fo=37, routed)          0.544     7.994    dbg_hub/inst/UUT_MASTER/U_ICON_INTERFACE/U_CMD6_WR/U_WR_FIFO/SUBCORE_FIFO.xsdbm_v1_0_wrfifo_inst/inst_fifo_gen/gconvfifo.rf/grf.rf/gntv_or_sync_fifo.mem/gdm.dm/RAM_reg_0_15_6_11/WE
    SLICE_X2Y54          RAMD32                                       r  dbg_hub/inst/UUT_MASTER/U_ICON_INTERFACE/U_CMD6_WR/U_WR_FIFO/SUBCORE_FIFO.xsdbm_v1_0_wrfifo_inst/inst_fifo_gen/gconvfifo.rf/grf.rf/gntv_or_sync_fifo.mem/gdm.dm/RAM_reg_0_15_6_11/RAMB/WE
  -------------------------------------------------------------------    -------------------

                         (clock dbg_hub/inst/bscan_inst/SERIES7_BSCAN.bscan_inst/DRCK rise edge)
                                                     30.000    30.000 r  
    BSCAN_X0Y0           BSCANE2                      0.000    30.000 r  dbg_hub/inst/bscan_inst/SERIES7_BSCAN.bscan_inst/DRCK
                         net (fo=1, routed)           2.542    32.542    dbg_hub/inst/DRCK
    BUFGCTRL_X0Y1        BUFG (Prop_bufg_I_O)         0.083    32.625 r  dbg_hub/inst/u_bufg_icon/O
                         net (fo=457, routed)         1.562    34.187    dbg_hub/inst/UUT_MASTER/U_ICON_INTERFACE/U_CMD6_WR/U_WR_FIFO/SUBCORE_FIFO.xsdbm_v1_0_wrfifo_inst/inst_fifo_gen/gconvfifo.rf/grf.rf/gntv_or_sync_fifo.mem/gdm.dm/RAM_reg_0_15_6_11/WCLK
    SLICE_X2Y54                                                       r  dbg_hub/inst/UUT_MASTER/U_ICON_INTERFACE/U_CMD6_WR/U_WR_FIFO/SUBCORE_FIFO.xsdbm_v1_0_wrfifo_inst/inst_fifo_gen/gconvfifo.rf/grf.rf/gntv_or_sync_fifo.mem/gdm.dm/RAM_reg_0_15_6_11/RAMB/CLK
                         clock pessimism              0.567    34.754    
                         clock uncertainty           -0.035    34.719    
    SLICE_X2Y54          RAMD32 (Setup_ramd32_CLK_WE)
                                                     -0.303    34.416    dbg_hub/inst/UUT_MASTER/U_ICON_INTERFACE/U_CMD6_WR/U_WR_FIFO/SUBCORE_FIFO.xsdbm_v1_0_wrfifo_inst/inst_fifo_gen/gconvfifo.rf/grf.rf/gntv_or_sync_fifo.mem/gdm.dm/RAM_reg_0_15_6_11/RAMB
  -------------------------------------------------------------------
                         required time                         34.416    
                         arrival time                          -7.994    
  -------------------------------------------------------------------
                         slack                                 26.422    

Slack (MET) :             26.422ns  (required time - arrival time)
  Source:                 dbg_hub/inst/U_ICON/U_SYNC/SYNC_reg/C
                            (rising edge-triggered cell FDRE clocked by dbg_hub/inst/bscan_inst/SERIES7_BSCAN.bscan_inst/DRCK  {rise@0.000ns fall@15.000ns period=30.000ns})
  Destination:            dbg_hub/inst/UUT_MASTER/U_ICON_INTERFACE/U_CMD6_WR/U_WR_FIFO/SUBCORE_FIFO.xsdbm_v1_0_wrfifo_inst/inst_fifo_gen/gconvfifo.rf/grf.rf/gntv_or_sync_fifo.mem/gdm.dm/RAM_reg_0_15_6_11/RAMB_D1/WE
                            (rising edge-triggered cell RAMD32 clocked by dbg_hub/inst/bscan_inst/SERIES7_BSCAN.bscan_inst/DRCK  {rise@0.000ns fall@15.000ns period=30.000ns})
  Path Group:             dbg_hub/inst/bscan_inst/SERIES7_BSCAN.bscan_inst/DRCK
  Path Type:              Setup (Max at Slow Process Corner)
  Requirement:            30.000ns  (dbg_hub/inst/bscan_inst/SERIES7_BSCAN.bscan_inst/DRCK rise@30.000ns - dbg_hub/inst/bscan_inst/SERIES7_BSCAN.bscan_inst/DRCK rise@0.000ns)
  Data Path Delay:        3.252ns  (logic 0.496ns (15.252%)  route 2.756ns (84.748%))
  Logic Levels:           4  (LUT2=2 LUT6=2)
  Clock Path Skew:        0.012ns (DCD - SCD + CPR)
    Destination Clock Delay (DCD):    4.187ns = ( 34.187 - 30.000 ) 
    Source Clock Delay      (SCD):    4.742ns
    Clock Pessimism Removal (CPR):    0.567ns
  Clock Uncertainty:      0.035ns  ((TSJ^2 + TIJ^2)^1/2 + DJ) / 2 + PE
    Total System Jitter     (TSJ):    0.071ns
    Total Input Jitter      (TIJ):    0.000ns
    Discrete Jitter          (DJ):    0.000ns
    Phase Error              (PE):    0.000ns

    Location             Delay type                Incr(ns)  Path(ns)    Netlist Resource(s)
  -------------------------------------------------------------------    -------------------
                         (clock dbg_hub/inst/bscan_inst/SERIES7_BSCAN.bscan_inst/DRCK rise edge)
                                                      0.000     0.000 r  
    BSCAN_X0Y0           BSCANE2                      0.000     0.000 r  dbg_hub/inst/bscan_inst/SERIES7_BSCAN.bscan_inst/DRCK
                         net (fo=1, routed)           3.009     3.009    dbg_hub/inst/DRCK
    BUFGCTRL_X0Y1        BUFG (Prop_bufg_I_O)         0.093     3.102 r  dbg_hub/inst/u_bufg_icon/O
                         net (fo=457, routed)         1.640     4.742    dbg_hub/inst/U_ICON/U_SYNC/CLK
    SLICE_X17Y61                                                      r  dbg_hub/inst/U_ICON/U_SYNC/SYNC_reg/C
  -------------------------------------------------------------------    -------------------
    SLICE_X17Y61         FDRE (Prop_fdre_C_Q)         0.223     4.965 r  dbg_hub/inst/U_ICON/U_SYNC/SYNC_reg/Q
                         net (fo=3, routed)           0.467     5.432    dbg_hub/inst/U_ICON/U_SYNC/iSYNC
    SLICE_X14Y61         LUT2 (Prop_lut2_I0_O)        0.043     5.475 r  dbg_hub/inst/U_ICON/U_SYNC/LC_STAT_INIT_SLV[127]_i_2/O
                         net (fo=9, routed)           0.652     6.127    dbg_hub/inst/U_ICON/U_CMD/p_103_in
    SLICE_X9Y60          LUT6 (Prop_lut6_I1_O)        0.043     6.170 r  dbg_hub/inst/U_ICON/U_CMD/shift_reg_in[15]_i_2/O
                         net (fo=7, routed)           0.896     7.066    dbg_hub/inst/U_ICON/U_CMD/I3[1]
    SLICE_X5Y58          LUT2 (Prop_lut2_I0_O)        0.051     7.117 r  dbg_hub/inst/U_ICON/U_CMD/shift_reg_in[15]_i_1/O
                         net (fo=18, routed)          0.197     7.314    dbg_hub/inst/UUT_MASTER/U_ICON_INTERFACE/U_CMD6_WR/U_WR_FIFO/SUBCORE_FIFO.xsdbm_v1_0_wrfifo_inst/inst_fifo_gen/gconvfifo.rf/grf.rf/gntv_or_sync_fifo.gl0.wr/gwas.wsts/I5[0]
    SLICE_X3Y58          LUT6 (Prop_lut6_I0_O)        0.136     7.450 r  dbg_hub/inst/UUT_MASTER/U_ICON_INTERFACE/U_CMD6_WR/U_WR_FIFO/SUBCORE_FIFO.xsdbm_v1_0_wrfifo_inst/inst_fifo_gen/gconvfifo.rf/grf.rf/gntv_or_sync_fifo.gl0.wr/gwas.wsts/gic0.gc0.count_d1[3]_i_1/O
                         net (fo=37, routed)          0.544     7.994    dbg_hub/inst/UUT_MASTER/U_ICON_INTERFACE/U_CMD6_WR/U_WR_FIFO/SUBCORE_FIFO.xsdbm_v1_0_wrfifo_inst/inst_fifo_gen/gconvfifo.rf/grf.rf/gntv_or_sync_fifo.mem/gdm.dm/RAM_reg_0_15_6_11/WE
    SLICE_X2Y54          RAMD32                                       r  dbg_hub/inst/UUT_MASTER/U_ICON_INTERFACE/U_CMD6_WR/U_WR_FIFO/SUBCORE_FIFO.xsdbm_v1_0_wrfifo_inst/inst_fifo_gen/gconvfifo.rf/grf.rf/gntv_or_sync_fifo.mem/gdm.dm/RAM_reg_0_15_6_11/RAMB_D1/WE
  -------------------------------------------------------------------    -------------------

                         (clock dbg_hub/inst/bscan_inst/SERIES7_BSCAN.bscan_inst/DRCK rise edge)
                                                     30.000    30.000 r  
    BSCAN_X0Y0           BSCANE2                      0.000    30.000 r  dbg_hub/inst/bscan_inst/SERIES7_BSCAN.bscan_inst/DRCK
                         net (fo=1, routed)           2.542    32.542    dbg_hub/inst/DRCK
    BUFGCTRL_X0Y1        BUFG (Prop_bufg_I_O)         0.083    32.625 r  dbg_hub/inst/u_bufg_icon/O
                         net (fo=457, routed)         1.562    34.187    dbg_hub/inst/UUT_MASTER/U_ICON_INTERFACE/U_CMD6_WR/U_WR_FIFO/SUBCORE_FIFO.xsdbm_v1_0_wrfifo_inst/inst_fifo_gen/gconvfifo.rf/grf.rf/gntv_or_sync_fifo.mem/gdm.dm/RAM_reg_0_15_6_11/WCLK
    SLICE_X2Y54                                                       r  dbg_hub/inst/UUT_MASTER/U_ICON_INTERFACE/U_CMD6_WR/U_WR_FIFO/SUBCORE_FIFO.xsdbm_v1_0_wrfifo_inst/inst_fifo_gen/gconvfifo.rf/grf.rf/gntv_or_sync_fifo.mem/gdm.dm/RAM_reg_0_15_6_11/RAMB_D1/CLK
                         clock pessimism              0.567    34.754    
                         clock uncertainty           -0.035    34.719    
    SLICE_X2Y54          RAMD32 (Setup_ramd32_CLK_WE)
                                                     -0.303    34.416    dbg_hub/inst/UUT_MASTER/U_ICON_INTERFACE/U_CMD6_WR/U_WR_FIFO/SUBCORE_FIFO.xsdbm_v1_0_wrfifo_inst/inst_fifo_gen/gconvfifo.rf/grf.rf/gntv_or_sync_fifo.mem/gdm.dm/RAM_reg_0_15_6_11/RAMB_D1
  -------------------------------------------------------------------
                         required time                         34.416    
                         arrival time                          -7.994    
  -------------------------------------------------------------------
                         slack                                 26.422    

Slack (MET) :             26.422ns  (required time - arrival time)
  Source:                 dbg_hub/inst/U_ICON/U_SYNC/SYNC_reg/C
                            (rising edge-triggered cell FDRE clocked by dbg_hub/inst/bscan_inst/SERIES7_BSCAN.bscan_inst/DRCK  {rise@0.000ns fall@15.000ns period=30.000ns})
  Destination:            dbg_hub/inst/UUT_MASTER/U_ICON_INTERFACE/U_CMD6_WR/U_WR_FIFO/SUBCORE_FIFO.xsdbm_v1_0_wrfifo_inst/inst_fifo_gen/gconvfifo.rf/grf.rf/gntv_or_sync_fifo.mem/gdm.dm/RAM_reg_0_15_6_11/RAMC/WE
                            (rising edge-triggered cell RAMD32 clocked by dbg_hub/inst/bscan_inst/SERIES7_BSCAN.bscan_inst/DRCK  {rise@0.000ns fall@15.000ns period=30.000ns})
  Path Group:             dbg_hub/inst/bscan_inst/SERIES7_BSCAN.bscan_inst/DRCK
  Path Type:              Setup (Max at Slow Process Corner)
  Requirement:            30.000ns  (dbg_hub/inst/bscan_inst/SERIES7_BSCAN.bscan_inst/DRCK rise@30.000ns - dbg_hub/inst/bscan_inst/SERIES7_BSCAN.bscan_inst/DRCK rise@0.000ns)
  Data Path Delay:        3.252ns  (logic 0.496ns (15.252%)  route 2.756ns (84.748%))
  Logic Levels:           4  (LUT2=2 LUT6=2)
  Clock Path Skew:        0.012ns (DCD - SCD + CPR)
    Destination Clock Delay (DCD):    4.187ns = ( 34.187 - 30.000 ) 
    Source Clock Delay      (SCD):    4.742ns
    Clock Pessimism Removal (CPR):    0.567ns
  Clock Uncertainty:      0.035ns  ((TSJ^2 + TIJ^2)^1/2 + DJ) / 2 + PE
    Total System Jitter     (TSJ):    0.071ns
    Total Input Jitter      (TIJ):    0.000ns
    Discrete Jitter          (DJ):    0.000ns
    Phase Error              (PE):    0.000ns

    Location             Delay type                Incr(ns)  Path(ns)    Netlist Resource(s)
  -------------------------------------------------------------------    -------------------
                         (clock dbg_hub/inst/bscan_inst/SERIES7_BSCAN.bscan_inst/DRCK rise edge)
                                                      0.000     0.000 r  
    BSCAN_X0Y0           BSCANE2                      0.000     0.000 r  dbg_hub/inst/bscan_inst/SERIES7_BSCAN.bscan_inst/DRCK
                         net (fo=1, routed)           3.009     3.009    dbg_hub/inst/DRCK
    BUFGCTRL_X0Y1        BUFG (Prop_bufg_I_O)         0.093     3.102 r  dbg_hub/inst/u_bufg_icon/O
                         net (fo=457, routed)         1.640     4.742    dbg_hub/inst/U_ICON/U_SYNC/CLK
    SLICE_X17Y61                                                      r  dbg_hub/inst/U_ICON/U_SYNC/SYNC_reg/C
  -------------------------------------------------------------------    -------------------
    SLICE_X17Y61         FDRE (Prop_fdre_C_Q)         0.223     4.965 r  dbg_hub/inst/U_ICON/U_SYNC/SYNC_reg/Q
                         net (fo=3, routed)           0.467     5.432    dbg_hub/inst/U_ICON/U_SYNC/iSYNC
    SLICE_X14Y61         LUT2 (Prop_lut2_I0_O)        0.043     5.475 r  dbg_hub/inst/U_ICON/U_SYNC/LC_STAT_INIT_SLV[127]_i_2/O
                         net (fo=9, routed)           0.652     6.127    dbg_hub/inst/U_ICON/U_CMD/p_103_in
    SLICE_X9Y60          LUT6 (Prop_lut6_I1_O)        0.043     6.170 r  dbg_hub/inst/U_ICON/U_CMD/shift_reg_in[15]_i_2/O
                         net (fo=7, routed)           0.896     7.066    dbg_hub/inst/U_ICON/U_CMD/I3[1]
    SLICE_X5Y58          LUT2 (Prop_lut2_I0_O)        0.051     7.117 r  dbg_hub/inst/U_ICON/U_CMD/shift_reg_in[15]_i_1/O
                         net (fo=18, routed)          0.197     7.314    dbg_hub/inst/UUT_MASTER/U_ICON_INTERFACE/U_CMD6_WR/U_WR_FIFO/SUBCORE_FIFO.xsdbm_v1_0_wrfifo_inst/inst_fifo_gen/gconvfifo.rf/grf.rf/gntv_or_sync_fifo.gl0.wr/gwas.wsts/I5[0]
    SLICE_X3Y58          LUT6 (Prop_lut6_I0_O)        0.136     7.450 r  dbg_hub/inst/UUT_MASTER/U_ICON_INTERFACE/U_CMD6_WR/U_WR_FIFO/SUBCORE_FIFO.xsdbm_v1_0_wrfifo_inst/inst_fifo_gen/gconvfifo.rf/grf.rf/gntv_or_sync_fifo.gl0.wr/gwas.wsts/gic0.gc0.count_d1[3]_i_1/O
                         net (fo=37, routed)          0.544     7.994    dbg_hub/inst/UUT_MASTER/U_ICON_INTERFACE/U_CMD6_WR/U_WR_FIFO/SUBCORE_FIFO.xsdbm_v1_0_wrfifo_inst/inst_fifo_gen/gconvfifo.rf/grf.rf/gntv_or_sync_fifo.mem/gdm.dm/RAM_reg_0_15_6_11/WE
    SLICE_X2Y54          RAMD32                                       r  dbg_hub/inst/UUT_MASTER/U_ICON_INTERFACE/U_CMD6_WR/U_WR_FIFO/SUBCORE_FIFO.xsdbm_v1_0_wrfifo_inst/inst_fifo_gen/gconvfifo.rf/grf.rf/gntv_or_sync_fifo.mem/gdm.dm/RAM_reg_0_15_6_11/RAMC/WE
  -------------------------------------------------------------------    -------------------

                         (clock dbg_hub/inst/bscan_inst/SERIES7_BSCAN.bscan_inst/DRCK rise edge)
                                                     30.000    30.000 r  
    BSCAN_X0Y0           BSCANE2                      0.000    30.000 r  dbg_hub/inst/bscan_inst/SERIES7_BSCAN.bscan_inst/DRCK
                         net (fo=1, routed)           2.542    32.542    dbg_hub/inst/DRCK
    BUFGCTRL_X0Y1        BUFG (Prop_bufg_I_O)         0.083    32.625 r  dbg_hub/inst/u_bufg_icon/O
                         net (fo=457, routed)         1.562    34.187    dbg_hub/inst/UUT_MASTER/U_ICON_INTERFACE/U_CMD6_WR/U_WR_FIFO/SUBCORE_FIFO.xsdbm_v1_0_wrfifo_inst/inst_fifo_gen/gconvfifo.rf/grf.rf/gntv_or_sync_fifo.mem/gdm.dm/RAM_reg_0_15_6_11/WCLK
    SLICE_X2Y54                                                       r  dbg_hub/inst/UUT_MASTER/U_ICON_INTERFACE/U_CMD6_WR/U_WR_FIFO/SUBCORE_FIFO.xsdbm_v1_0_wrfifo_inst/inst_fifo_gen/gconvfifo.rf/grf.rf/gntv_or_sync_fifo.mem/gdm.dm/RAM_reg_0_15_6_11/RAMC/CLK
                         clock pessimism              0.567    34.754    
                         clock uncertainty           -0.035    34.719    
    SLICE_X2Y54          RAMD32 (Setup_ramd32_CLK_WE)
                                                     -0.303    34.416    dbg_hub/inst/UUT_MASTER/U_ICON_INTERFACE/U_CMD6_WR/U_WR_FIFO/SUBCORE_FIFO.xsdbm_v1_0_wrfifo_inst/inst_fifo_gen/gconvfifo.rf/grf.rf/gntv_or_sync_fifo.mem/gdm.dm/RAM_reg_0_15_6_11/RAMC
  -------------------------------------------------------------------
                         required time                         34.416    
                         arrival time                          -7.994    
  -------------------------------------------------------------------
                         slack                                 26.422    

Slack (MET) :             26.422ns  (required time - arrival time)
  Source:                 dbg_hub/inst/U_ICON/U_SYNC/SYNC_reg/C
                            (rising edge-triggered cell FDRE clocked by dbg_hub/inst/bscan_inst/SERIES7_BSCAN.bscan_inst/DRCK  {rise@0.000ns fall@15.000ns period=30.000ns})
  Destination:            dbg_hub/inst/UUT_MASTER/U_ICON_INTERFACE/U_CMD6_WR/U_WR_FIFO/SUBCORE_FIFO.xsdbm_v1_0_wrfifo_inst/inst_fifo_gen/gconvfifo.rf/grf.rf/gntv_or_sync_fifo.mem/gdm.dm/RAM_reg_0_15_6_11/RAMC_D1/WE
                            (rising edge-triggered cell RAMD32 clocked by dbg_hub/inst/bscan_inst/SERIES7_BSCAN.bscan_inst/DRCK  {rise@0.000ns fall@15.000ns period=30.000ns})
  Path Group:             dbg_hub/inst/bscan_inst/SERIES7_BSCAN.bscan_inst/DRCK
  Path Type:              Setup (Max at Slow Process Corner)
  Requirement:            30.000ns  (dbg_hub/inst/bscan_inst/SERIES7_BSCAN.bscan_inst/DRCK rise@30.000ns - dbg_hub/inst/bscan_inst/SERIES7_BSCAN.bscan_inst/DRCK rise@0.000ns)
  Data Path Delay:        3.252ns  (logic 0.496ns (15.252%)  route 2.756ns (84.748%))
  Logic Levels:           4  (LUT2=2 LUT6=2)
  Clock Path Skew:        0.012ns (DCD - SCD + CPR)
    Destination Clock Delay (DCD):    4.187ns = ( 34.187 - 30.000 ) 
    Source Clock Delay      (SCD):    4.742ns
    Clock Pessimism Removal (CPR):    0.567ns
  Clock Uncertainty:      0.035ns  ((TSJ^2 + TIJ^2)^1/2 + DJ) / 2 + PE
    Total System Jitter     (TSJ):    0.071ns
    Total Input Jitter      (TIJ):    0.000ns
    Discrete Jitter          (DJ):    0.000ns
    Phase Error              (PE):    0.000ns

    Location             Delay type                Incr(ns)  Path(ns)    Netlist Resource(s)
  -------------------------------------------------------------------    -------------------
                         (clock dbg_hub/inst/bscan_inst/SERIES7_BSCAN.bscan_inst/DRCK rise edge)
                                                      0.000     0.000 r  
    BSCAN_X0Y0           BSCANE2                      0.000     0.000 r  dbg_hub/inst/bscan_inst/SERIES7_BSCAN.bscan_inst/DRCK
                         net (fo=1, routed)           3.009     3.009    dbg_hub/inst/DRCK
    BUFGCTRL_X0Y1        BUFG (Prop_bufg_I_O)         0.093     3.102 r  dbg_hub/inst/u_bufg_icon/O
                         net (fo=457, routed)         1.640     4.742    dbg_hub/inst/U_ICON/U_SYNC/CLK
    SLICE_X17Y61                                                      r  dbg_hub/inst/U_ICON/U_SYNC/SYNC_reg/C
  -------------------------------------------------------------------    -------------------
    SLICE_X17Y61         FDRE (Prop_fdre_C_Q)         0.223     4.965 r  dbg_hub/inst/U_ICON/U_SYNC/SYNC_reg/Q
                         net (fo=3, routed)           0.467     5.432    dbg_hub/inst/U_ICON/U_SYNC/iSYNC
    SLICE_X14Y61         LUT2 (Prop_lut2_I0_O)        0.043     5.475 r  dbg_hub/inst/U_ICON/U_SYNC/LC_STAT_INIT_SLV[127]_i_2/O
                         net (fo=9, routed)           0.652     6.127    dbg_hub/inst/U_ICON/U_CMD/p_103_in
    SLICE_X9Y60          LUT6 (Prop_lut6_I1_O)        0.043     6.170 r  dbg_hub/inst/U_ICON/U_CMD/shift_reg_in[15]_i_2/O
                         net (fo=7, routed)           0.896     7.066    dbg_hub/inst/U_ICON/U_CMD/I3[1]
    SLICE_X5Y58          LUT2 (Prop_lut2_I0_O)        0.051     7.117 r  dbg_hub/inst/U_ICON/U_CMD/shift_reg_in[15]_i_1/O
                         net (fo=18, routed)          0.197     7.314    dbg_hub/inst/UUT_MASTER/U_ICON_INTERFACE/U_CMD6_WR/U_WR_FIFO/SUBCORE_FIFO.xsdbm_v1_0_wrfifo_inst/inst_fifo_gen/gconvfifo.rf/grf.rf/gntv_or_sync_fifo.gl0.wr/gwas.wsts/I5[0]
    SLICE_X3Y58          LUT6 (Prop_lut6_I0_O)        0.136     7.450 r  dbg_hub/inst/UUT_MASTER/U_ICON_INTERFACE/U_CMD6_WR/U_WR_FIFO/SUBCORE_FIFO.xsdbm_v1_0_wrfifo_inst/inst_fifo_gen/gconvfifo.rf/grf.rf/gntv_or_sync_fifo.gl0.wr/gwas.wsts/gic0.gc0.count_d1[3]_i_1/O
                         net (fo=37, routed)          0.544     7.994    dbg_hub/inst/UUT_MASTER/U_ICON_INTERFACE/U_CMD6_WR/U_WR_FIFO/SUBCORE_FIFO.xsdbm_v1_0_wrfifo_inst/inst_fifo_gen/gconvfifo.rf/grf.rf/gntv_or_sync_fifo.mem/gdm.dm/RAM_reg_0_15_6_11/WE
    SLICE_X2Y54          RAMD32                                       r  dbg_hub/inst/UUT_MASTER/U_ICON_INTERFACE/U_CMD6_WR/U_WR_FIFO/SUBCORE_FIFO.xsdbm_v1_0_wrfifo_inst/inst_fifo_gen/gconvfifo.rf/grf.rf/gntv_or_sync_fifo.mem/gdm.dm/RAM_reg_0_15_6_11/RAMC_D1/WE
  -------------------------------------------------------------------    -------------------

                         (clock dbg_hub/inst/bscan_inst/SERIES7_BSCAN.bscan_inst/DRCK rise edge)
                                                     30.000    30.000 r  
    BSCAN_X0Y0           BSCANE2                      0.000    30.000 r  dbg_hub/inst/bscan_inst/SERIES7_BSCAN.bscan_inst/DRCK
                         net (fo=1, routed)           2.542    32.542    dbg_hub/inst/DRCK
    BUFGCTRL_X0Y1        BUFG (Prop_bufg_I_O)         0.083    32.625 r  dbg_hub/inst/u_bufg_icon/O
                         net (fo=457, routed)         1.562    34.187    dbg_hub/inst/UUT_MASTER/U_ICON_INTERFACE/U_CMD6_WR/U_WR_FIFO/SUBCORE_FIFO.xsdbm_v1_0_wrfifo_inst/inst_fifo_gen/gconvfifo.rf/grf.rf/gntv_or_sync_fifo.mem/gdm.dm/RAM_reg_0_15_6_11/WCLK
    SLICE_X2Y54                                                       r  dbg_hub/inst/UUT_MASTER/U_ICON_INTERFACE/U_CMD6_WR/U_WR_FIFO/SUBCORE_FIFO.xsdbm_v1_0_wrfifo_inst/inst_fifo_gen/gconvfifo.rf/grf.rf/gntv_or_sync_fifo.mem/gdm.dm/RAM_reg_0_15_6_11/RAMC_D1/CLK
                         clock pessimism              0.567    34.754    
                         clock uncertainty           -0.035    34.719    
    SLICE_X2Y54          RAMD32 (Setup_ramd32_CLK_WE)
                                                     -0.303    34.416    dbg_hub/inst/UUT_MASTER/U_ICON_INTERFACE/U_CMD6_WR/U_WR_FIFO/SUBCORE_FIFO.xsdbm_v1_0_wrfifo_inst/inst_fifo_gen/gconvfifo.rf/grf.rf/gntv_or_sync_fifo.mem/gdm.dm/RAM_reg_0_15_6_11/RAMC_D1
  -------------------------------------------------------------------
                         required time                         34.416    
                         arrival time                          -7.994    
  -------------------------------------------------------------------
                         slack                                 26.422    

Slack (MET) :             26.422ns  (required time - arrival time)
  Source:                 dbg_hub/inst/U_ICON/U_SYNC/SYNC_reg/C
                            (rising edge-triggered cell FDRE clocked by dbg_hub/inst/bscan_inst/SERIES7_BSCAN.bscan_inst/DRCK  {rise@0.000ns fall@15.000ns period=30.000ns})
  Destination:            dbg_hub/inst/UUT_MASTER/U_ICON_INTERFACE/U_CMD6_WR/U_WR_FIFO/SUBCORE_FIFO.xsdbm_v1_0_wrfifo_inst/inst_fifo_gen/gconvfifo.rf/grf.rf/gntv_or_sync_fifo.mem/gdm.dm/RAM_reg_0_15_6_11/RAMD/WE
                            (rising edge-triggered cell RAMS32 clocked by dbg_hub/inst/bscan_inst/SERIES7_BSCAN.bscan_inst/DRCK  {rise@0.000ns fall@15.000ns period=30.000ns})
  Path Group:             dbg_hub/inst/bscan_inst/SERIES7_BSCAN.bscan_inst/DRCK
  Path Type:              Setup (Max at Slow Process Corner)
  Requirement:            30.000ns  (dbg_hub/inst/bscan_inst/SERIES7_BSCAN.bscan_inst/DRCK rise@30.000ns - dbg_hub/inst/bscan_inst/SERIES7_BSCAN.bscan_inst/DRCK rise@0.000ns)
  Data Path Delay:        3.252ns  (logic 0.496ns (15.252%)  route 2.756ns (84.748%))
  Logic Levels:           4  (LUT2=2 LUT6=2)
  Clock Path Skew:        0.012ns (DCD - SCD + CPR)
    Destination Clock Delay (DCD):    4.187ns = ( 34.187 - 30.000 ) 
    Source Clock Delay      (SCD):    4.742ns
    Clock Pessimism Removal (CPR):    0.567ns
  Clock Uncertainty:      0.035ns  ((TSJ^2 + TIJ^2)^1/2 + DJ) / 2 + PE
    Total System Jitter     (TSJ):    0.071ns
    Total Input Jitter      (TIJ):    0.000ns
    Discrete Jitter          (DJ):    0.000ns
    Phase Error              (PE):    0.000ns

    Location             Delay type                Incr(ns)  Path(ns)    Netlist Resource(s)
  -------------------------------------------------------------------    -------------------
                         (clock dbg_hub/inst/bscan_inst/SERIES7_BSCAN.bscan_inst/DRCK rise edge)
                                                      0.000     0.000 r  
    BSCAN_X0Y0           BSCANE2                      0.000     0.000 r  dbg_hub/inst/bscan_inst/SERIES7_BSCAN.bscan_inst/DRCK
                         net (fo=1, routed)           3.009     3.009    dbg_hub/inst/DRCK
    BUFGCTRL_X0Y1        BUFG (Prop_bufg_I_O)         0.093     3.102 r  dbg_hub/inst/u_bufg_icon/O
                         net (fo=457, routed)         1.640     4.742    dbg_hub/inst/U_ICON/U_SYNC/CLK
    SLICE_X17Y61                                                      r  dbg_hub/inst/U_ICON/U_SYNC/SYNC_reg/C
  -------------------------------------------------------------------    -------------------
    SLICE_X17Y61         FDRE (Prop_fdre_C_Q)         0.223     4.965 r  dbg_hub/inst/U_ICON/U_SYNC/SYNC_reg/Q
                         net (fo=3, routed)           0.467     5.432    dbg_hub/inst/U_ICON/U_SYNC/iSYNC
    SLICE_X14Y61         LUT2 (Prop_lut2_I0_O)        0.043     5.475 r  dbg_hub/inst/U_ICON/U_SYNC/LC_STAT_INIT_SLV[127]_i_2/O
                         net (fo=9, routed)           0.652     6.127    dbg_hub/inst/U_ICON/U_CMD/p_103_in
    SLICE_X9Y60          LUT6 (Prop_lut6_I1_O)        0.043     6.170 r  dbg_hub/inst/U_ICON/U_CMD/shift_reg_in[15]_i_2/O
                         net (fo=7, routed)           0.896     7.066    dbg_hub/inst/U_ICON/U_CMD/I3[1]
    SLICE_X5Y58          LUT2 (Prop_lut2_I0_O)        0.051     7.117 r  dbg_hub/inst/U_ICON/U_CMD/shift_reg_in[15]_i_1/O
                         net (fo=18, routed)          0.197     7.314    dbg_hub/inst/UUT_MASTER/U_ICON_INTERFACE/U_CMD6_WR/U_WR_FIFO/SUBCORE_FIFO.xsdbm_v1_0_wrfifo_inst/inst_fifo_gen/gconvfifo.rf/grf.rf/gntv_or_sync_fifo.gl0.wr/gwas.wsts/I5[0]
    SLICE_X3Y58          LUT6 (Prop_lut6_I0_O)        0.136     7.450 r  dbg_hub/inst/UUT_MASTER/U_ICON_INTERFACE/U_CMD6_WR/U_WR_FIFO/SUBCORE_FIFO.xsdbm_v1_0_wrfifo_inst/inst_fifo_gen/gconvfifo.rf/grf.rf/gntv_or_sync_fifo.gl0.wr/gwas.wsts/gic0.gc0.count_d1[3]_i_1/O
                         net (fo=37, routed)          0.544     7.994    dbg_hub/inst/UUT_MASTER/U_ICON_INTERFACE/U_CMD6_WR/U_WR_FIFO/SUBCORE_FIFO.xsdbm_v1_0_wrfifo_inst/inst_fifo_gen/gconvfifo.rf/grf.rf/gntv_or_sync_fifo.mem/gdm.dm/RAM_reg_0_15_6_11/WE
    SLICE_X2Y54          RAMS32                                       r  dbg_hub/inst/UUT_MASTER/U_ICON_INTERFACE/U_CMD6_WR/U_WR_FIFO/SUBCORE_FIFO.xsdbm_v1_0_wrfifo_inst/inst_fifo_gen/gconvfifo.rf/grf.rf/gntv_or_sync_fifo.mem/gdm.dm/RAM_reg_0_15_6_11/RAMD/WE
  -------------------------------------------------------------------    -------------------

                         (clock dbg_hub/inst/bscan_inst/SERIES7_BSCAN.bscan_inst/DRCK rise edge)
                                                     30.000    30.000 r  
    BSCAN_X0Y0           BSCANE2                      0.000    30.000 r  dbg_hub/inst/bscan_inst/SERIES7_BSCAN.bscan_inst/DRCK
                         net (fo=1, routed)           2.542    32.542    dbg_hub/inst/DRCK
    BUFGCTRL_X0Y1        BUFG (Prop_bufg_I_O)         0.083    32.625 r  dbg_hub/inst/u_bufg_icon/O
                         net (fo=457, routed)         1.562    34.187    dbg_hub/inst/UUT_MASTER/U_ICON_INTERFACE/U_CMD6_WR/U_WR_FIFO/SUBCORE_FIFO.xsdbm_v1_0_wrfifo_inst/inst_fifo_gen/gconvfifo.rf/grf.rf/gntv_or_sync_fifo.mem/gdm.dm/RAM_reg_0_15_6_11/WCLK
    SLICE_X2Y54                                                       r  dbg_hub/inst/UUT_MASTER/U_ICON_INTERFACE/U_CMD6_WR/U_WR_FIFO/SUBCORE_FIFO.xsdbm_v1_0_wrfifo_inst/inst_fifo_gen/gconvfifo.rf/grf.rf/gntv_or_sync_fifo.mem/gdm.dm/RAM_reg_0_15_6_11/RAMD/CLK
                         clock pessimism              0.567    34.754    
                         clock uncertainty           -0.035    34.719    
    SLICE_X2Y54          RAMS32 (Setup_rams32_CLK_WE)
                                                     -0.303    34.416    dbg_hub/inst/UUT_MASTER/U_ICON_INTERFACE/U_CMD6_WR/U_WR_FIFO/SUBCORE_FIFO.xsdbm_v1_0_wrfifo_inst/inst_fifo_gen/gconvfifo.rf/grf.rf/gntv_or_sync_fifo.mem/gdm.dm/RAM_reg_0_15_6_11/RAMD
  -------------------------------------------------------------------
                         required time                         34.416    
                         arrival time                          -7.994    
  -------------------------------------------------------------------
                         slack                                 26.422    

Slack (MET) :             26.422ns  (required time - arrival time)
  Source:                 dbg_hub/inst/U_ICON/U_SYNC/SYNC_reg/C
                            (rising edge-triggered cell FDRE clocked by dbg_hub/inst/bscan_inst/SERIES7_BSCAN.bscan_inst/DRCK  {rise@0.000ns fall@15.000ns period=30.000ns})
  Destination:            dbg_hub/inst/UUT_MASTER/U_ICON_INTERFACE/U_CMD6_WR/U_WR_FIFO/SUBCORE_FIFO.xsdbm_v1_0_wrfifo_inst/inst_fifo_gen/gconvfifo.rf/grf.rf/gntv_or_sync_fifo.mem/gdm.dm/RAM_reg_0_15_6_11/RAMD_D1/WE
                            (rising edge-triggered cell RAMS32 clocked by dbg_hub/inst/bscan_inst/SERIES7_BSCAN.bscan_inst/DRCK  {rise@0.000ns fall@15.000ns period=30.000ns})
  Path Group:             dbg_hub/inst/bscan_inst/SERIES7_BSCAN.bscan_inst/DRCK
  Path Type:              Setup (Max at Slow Process Corner)
  Requirement:            30.000ns  (dbg_hub/inst/bscan_inst/SERIES7_BSCAN.bscan_inst/DRCK rise@30.000ns - dbg_hub/inst/bscan_inst/SERIES7_BSCAN.bscan_inst/DRCK rise@0.000ns)
  Data Path Delay:        3.252ns  (logic 0.496ns (15.252%)  route 2.756ns (84.748%))
  Logic Levels:           4  (LUT2=2 LUT6=2)
  Clock Path Skew:        0.012ns (DCD - SCD + CPR)
    Destination Clock Delay (DCD):    4.187ns = ( 34.187 - 30.000 ) 
    Source Clock Delay      (SCD):    4.742ns
    Clock Pessimism Removal (CPR):    0.567ns
  Clock Uncertainty:      0.035ns  ((TSJ^2 + TIJ^2)^1/2 + DJ) / 2 + PE
    Total System Jitter     (TSJ):    0.071ns
    Total Input Jitter      (TIJ):    0.000ns
    Discrete Jitter          (DJ):    0.000ns
    Phase Error              (PE):    0.000ns

    Location             Delay type                Incr(ns)  Path(ns)    Netlist Resource(s)
  -------------------------------------------------------------------    -------------------
                         (clock dbg_hub/inst/bscan_inst/SERIES7_BSCAN.bscan_inst/DRCK rise edge)
                                                      0.000     0.000 r  
    BSCAN_X0Y0           BSCANE2                      0.000     0.000 r  dbg_hub/inst/bscan_inst/SERIES7_BSCAN.bscan_inst/DRCK
                         net (fo=1, routed)           3.009     3.009    dbg_hub/inst/DRCK
    BUFGCTRL_X0Y1        BUFG (Prop_bufg_I_O)         0.093     3.102 r  dbg_hub/inst/u_bufg_icon/O
                         net (fo=457, routed)         1.640     4.742    dbg_hub/inst/U_ICON/U_SYNC/CLK
    SLICE_X17Y61                                                      r  dbg_hub/inst/U_ICON/U_SYNC/SYNC_reg/C
  -------------------------------------------------------------------    -------------------
    SLICE_X17Y61         FDRE (Prop_fdre_C_Q)         0.223     4.965 r  dbg_hub/inst/U_ICON/U_SYNC/SYNC_reg/Q
                         net (fo=3, routed)           0.467     5.432    dbg_hub/inst/U_ICON/U_SYNC/iSYNC
    SLICE_X14Y61         LUT2 (Prop_lut2_I0_O)        0.043     5.475 r  dbg_hub/inst/U_ICON/U_SYNC/LC_STAT_INIT_SLV[127]_i_2/O
                         net (fo=9, routed)           0.652     6.127    dbg_hub/inst/U_ICON/U_CMD/p_103_in
    SLICE_X9Y60          LUT6 (Prop_lut6_I1_O)        0.043     6.170 r  dbg_hub/inst/U_ICON/U_CMD/shift_reg_in[15]_i_2/O
                         net (fo=7, routed)           0.896     7.066    dbg_hub/inst/U_ICON/U_CMD/I3[1]
    SLICE_X5Y58          LUT2 (Prop_lut2_I0_O)        0.051     7.117 r  dbg_hub/inst/U_ICON/U_CMD/shift_reg_in[15]_i_1/O
                         net (fo=18, routed)          0.197     7.314    dbg_hub/inst/UUT_MASTER/U_ICON_INTERFACE/U_CMD6_WR/U_WR_FIFO/SUBCORE_FIFO.xsdbm_v1_0_wrfifo_inst/inst_fifo_gen/gconvfifo.rf/grf.rf/gntv_or_sync_fifo.gl0.wr/gwas.wsts/I5[0]
    SLICE_X3Y58          LUT6 (Prop_lut6_I0_O)        0.136     7.450 r  dbg_hub/inst/UUT_MASTER/U_ICON_INTERFACE/U_CMD6_WR/U_WR_FIFO/SUBCORE_FIFO.xsdbm_v1_0_wrfifo_inst/inst_fifo_gen/gconvfifo.rf/grf.rf/gntv_or_sync_fifo.gl0.wr/gwas.wsts/gic0.gc0.count_d1[3]_i_1/O
                         net (fo=37, routed)          0.544     7.994    dbg_hub/inst/UUT_MASTER/U_ICON_INTERFACE/U_CMD6_WR/U_WR_FIFO/SUBCORE_FIFO.xsdbm_v1_0_wrfifo_inst/inst_fifo_gen/gconvfifo.rf/grf.rf/gntv_or_sync_fifo.mem/gdm.dm/RAM_reg_0_15_6_11/WE
    SLICE_X2Y54          RAMS32                                       r  dbg_hub/inst/UUT_MASTER/U_ICON_INTERFACE/U_CMD6_WR/U_WR_FIFO/SUBCORE_FIFO.xsdbm_v1_0_wrfifo_inst/inst_fifo_gen/gconvfifo.rf/grf.rf/gntv_or_sync_fifo.mem/gdm.dm/RAM_reg_0_15_6_11/RAMD_D1/WE
  -------------------------------------------------------------------    -------------------

                         (clock dbg_hub/inst/bscan_inst/SERIES7_BSCAN.bscan_inst/DRCK rise edge)
                                                     30.000    30.000 r  
    BSCAN_X0Y0           BSCANE2                      0.000    30.000 r  dbg_hub/inst/bscan_inst/SERIES7_BSCAN.bscan_inst/DRCK
                         net (fo=1, routed)           2.542    32.542    dbg_hub/inst/DRCK
    BUFGCTRL_X0Y1        BUFG (Prop_bufg_I_O)         0.083    32.625 r  dbg_hub/inst/u_bufg_icon/O
                         net (fo=457, routed)         1.562    34.187    dbg_hub/inst/UUT_MASTER/U_ICON_INTERFACE/U_CMD6_WR/U_WR_FIFO/SUBCORE_FIFO.xsdbm_v1_0_wrfifo_inst/inst_fifo_gen/gconvfifo.rf/grf.rf/gntv_or_sync_fifo.mem/gdm.dm/RAM_reg_0_15_6_11/WCLK
    SLICE_X2Y54                                                       r  dbg_hub/inst/UUT_MASTER/U_ICON_INTERFACE/U_CMD6_WR/U_WR_FIFO/SUBCORE_FIFO.xsdbm_v1_0_wrfifo_inst/inst_fifo_gen/gconvfifo.rf/grf.rf/gntv_or_sync_fifo.mem/gdm.dm/RAM_reg_0_15_6_11/RAMD_D1/CLK
                         clock pessimism              0.567    34.754    
                         clock uncertainty           -0.035    34.719    
    SLICE_X2Y54          RAMS32 (Setup_rams32_CLK_WE)
                                                     -0.303    34.416    dbg_hub/inst/UUT_MASTER/U_ICON_INTERFACE/U_CMD6_WR/U_WR_FIFO/SUBCORE_FIFO.xsdbm_v1_0_wrfifo_inst/inst_fifo_gen/gconvfifo.rf/grf.rf/gntv_or_sync_fifo.mem/gdm.dm/RAM_reg_0_15_6_11/RAMD_D1
  -------------------------------------------------------------------
                         required time                         34.416    
                         arrival time                          -7.994    
  -------------------------------------------------------------------
                         slack                                 26.422    

Slack (MET) :             26.579ns  (required time - arrival time)
  Source:                 dbg_hub/inst/U_ICON/U_SYNC/SYNC_reg/C
                            (rising edge-triggered cell FDRE clocked by dbg_hub/inst/bscan_inst/SERIES7_BSCAN.bscan_inst/DRCK  {rise@0.000ns fall@15.000ns period=30.000ns})
  Destination:            dbg_hub/inst/UUT_MASTER/U_ICON_INTERFACE/U_CMD6_WR/U_WR_FIFO/SUBCORE_FIFO.xsdbm_v1_0_wrfifo_inst/inst_fifo_gen/gconvfifo.rf/grf.rf/gntv_or_sync_fifo.mem/gdm.dm/RAM_reg_0_15_0_5/RAMA/WE
                            (rising edge-triggered cell RAMD32 clocked by dbg_hub/inst/bscan_inst/SERIES7_BSCAN.bscan_inst/DRCK  {rise@0.000ns fall@15.000ns period=30.000ns})
  Path Group:             dbg_hub/inst/bscan_inst/SERIES7_BSCAN.bscan_inst/DRCK
  Path Type:              Setup (Max at Slow Process Corner)
  Requirement:            30.000ns  (dbg_hub/inst/bscan_inst/SERIES7_BSCAN.bscan_inst/DRCK rise@30.000ns - dbg_hub/inst/bscan_inst/SERIES7_BSCAN.bscan_inst/DRCK rise@0.000ns)
  Data Path Delay:        3.095ns  (logic 0.496ns (16.025%)  route 2.599ns (83.975%))
  Logic Levels:           4  (LUT2=2 LUT6=2)
  Clock Path Skew:        0.012ns (DCD - SCD + CPR)
    Destination Clock Delay (DCD):    4.187ns = ( 34.187 - 30.000 ) 
    Source Clock Delay      (SCD):    4.742ns
    Clock Pessimism Removal (CPR):    0.567ns
  Clock Uncertainty:      0.035ns  ((TSJ^2 + TIJ^2)^1/2 + DJ) / 2 + PE
    Total System Jitter     (TSJ):    0.071ns
    Total Input Jitter      (TIJ):    0.000ns
    Discrete Jitter          (DJ):    0.000ns
    Phase Error              (PE):    0.000ns

    Location             Delay type                Incr(ns)  Path(ns)    Netlist Resource(s)
  -------------------------------------------------------------------    -------------------
                         (clock dbg_hub/inst/bscan_inst/SERIES7_BSCAN.bscan_inst/DRCK rise edge)
                                                      0.000     0.000 r  
    BSCAN_X0Y0           BSCANE2                      0.000     0.000 r  dbg_hub/inst/bscan_inst/SERIES7_BSCAN.bscan_inst/DRCK
                         net (fo=1, routed)           3.009     3.009    dbg_hub/inst/DRCK
    BUFGCTRL_X0Y1        BUFG (Prop_bufg_I_O)         0.093     3.102 r  dbg_hub/inst/u_bufg_icon/O
                         net (fo=457, routed)         1.640     4.742    dbg_hub/inst/U_ICON/U_SYNC/CLK
    SLICE_X17Y61                                                      r  dbg_hub/inst/U_ICON/U_SYNC/SYNC_reg/C
  -------------------------------------------------------------------    -------------------
    SLICE_X17Y61         FDRE (Prop_fdre_C_Q)         0.223     4.965 r  dbg_hub/inst/U_ICON/U_SYNC/SYNC_reg/Q
                         net (fo=3, routed)           0.467     5.432    dbg_hub/inst/U_ICON/U_SYNC/iSYNC
    SLICE_X14Y61         LUT2 (Prop_lut2_I0_O)        0.043     5.475 r  dbg_hub/inst/U_ICON/U_SYNC/LC_STAT_INIT_SLV[127]_i_2/O
                         net (fo=9, routed)           0.652     6.127    dbg_hub/inst/U_ICON/U_CMD/p_103_in
    SLICE_X9Y60          LUT6 (Prop_lut6_I1_O)        0.043     6.170 r  dbg_hub/inst/U_ICON/U_CMD/shift_reg_in[15]_i_2/O
                         net (fo=7, routed)           0.896     7.066    dbg_hub/inst/U_ICON/U_CMD/I3[1]
    SLICE_X5Y58          LUT2 (Prop_lut2_I0_O)        0.051     7.117 r  dbg_hub/inst/U_ICON/U_CMD/shift_reg_in[15]_i_1/O
                         net (fo=18, routed)          0.197     7.314    dbg_hub/inst/UUT_MASTER/U_ICON_INTERFACE/U_CMD6_WR/U_WR_FIFO/SUBCORE_FIFO.xsdbm_v1_0_wrfifo_inst/inst_fifo_gen/gconvfifo.rf/grf.rf/gntv_or_sync_fifo.gl0.wr/gwas.wsts/I5[0]
    SLICE_X3Y58          LUT6 (Prop_lut6_I0_O)        0.136     7.450 r  dbg_hub/inst/UUT_MASTER/U_ICON_INTERFACE/U_CMD6_WR/U_WR_FIFO/SUBCORE_FIFO.xsdbm_v1_0_wrfifo_inst/inst_fifo_gen/gconvfifo.rf/grf.rf/gntv_or_sync_fifo.gl0.wr/gwas.wsts/gic0.gc0.count_d1[3]_i_1/O
                         net (fo=37, routed)          0.387     7.837    dbg_hub/inst/UUT_MASTER/U_ICON_INTERFACE/U_CMD6_WR/U_WR_FIFO/SUBCORE_FIFO.xsdbm_v1_0_wrfifo_inst/inst_fifo_gen/gconvfifo.rf/grf.rf/gntv_or_sync_fifo.mem/gdm.dm/RAM_reg_0_15_0_5/WE
    SLICE_X2Y55          RAMD32                                       r  dbg_hub/inst/UUT_MASTER/U_ICON_INTERFACE/U_CMD6_WR/U_WR_FIFO/SUBCORE_FIFO.xsdbm_v1_0_wrfifo_inst/inst_fifo_gen/gconvfifo.rf/grf.rf/gntv_or_sync_fifo.mem/gdm.dm/RAM_reg_0_15_0_5/RAMA/WE
  -------------------------------------------------------------------    -------------------

                         (clock dbg_hub/inst/bscan_inst/SERIES7_BSCAN.bscan_inst/DRCK rise edge)
                                                     30.000    30.000 r  
    BSCAN_X0Y0           BSCANE2                      0.000    30.000 r  dbg_hub/inst/bscan_inst/SERIES7_BSCAN.bscan_inst/DRCK
                         net (fo=1, routed)           2.542    32.542    dbg_hub/inst/DRCK
    BUFGCTRL_X0Y1        BUFG (Prop_bufg_I_O)         0.083    32.625 r  dbg_hub/inst/u_bufg_icon/O
                         net (fo=457, routed)         1.562    34.187    dbg_hub/inst/UUT_MASTER/U_ICON_INTERFACE/U_CMD6_WR/U_WR_FIFO/SUBCORE_FIFO.xsdbm_v1_0_wrfifo_inst/inst_fifo_gen/gconvfifo.rf/grf.rf/gntv_or_sync_fifo.mem/gdm.dm/RAM_reg_0_15_0_5/WCLK
    SLICE_X2Y55                                                       r  dbg_hub/inst/UUT_MASTER/U_ICON_INTERFACE/U_CMD6_WR/U_WR_FIFO/SUBCORE_FIFO.xsdbm_v1_0_wrfifo_inst/inst_fifo_gen/gconvfifo.rf/grf.rf/gntv_or_sync_fifo.mem/gdm.dm/RAM_reg_0_15_0_5/RAMA/CLK
                         clock pessimism              0.567    34.754    
                         clock uncertainty           -0.035    34.719    
    SLICE_X2Y55          RAMD32 (Setup_ramd32_CLK_WE)
                                                     -0.303    34.416    dbg_hub/inst/UUT_MASTER/U_ICON_INTERFACE/U_CMD6_WR/U_WR_FIFO/SUBCORE_FIFO.xsdbm_v1_0_wrfifo_inst/inst_fifo_gen/gconvfifo.rf/grf.rf/gntv_or_sync_fifo.mem/gdm.dm/RAM_reg_0_15_0_5/RAMA
  -------------------------------------------------------------------
                         required time                         34.416    
                         arrival time                          -7.837    
  -------------------------------------------------------------------
                         slack                                 26.579    

Slack (MET) :             26.579ns  (required time - arrival time)
  Source:                 dbg_hub/inst/U_ICON/U_SYNC/SYNC_reg/C
                            (rising edge-triggered cell FDRE clocked by dbg_hub/inst/bscan_inst/SERIES7_BSCAN.bscan_inst/DRCK  {rise@0.000ns fall@15.000ns period=30.000ns})
  Destination:            dbg_hub/inst/UUT_MASTER/U_ICON_INTERFACE/U_CMD6_WR/U_WR_FIFO/SUBCORE_FIFO.xsdbm_v1_0_wrfifo_inst/inst_fifo_gen/gconvfifo.rf/grf.rf/gntv_or_sync_fifo.mem/gdm.dm/RAM_reg_0_15_0_5/RAMA_D1/WE
                            (rising edge-triggered cell RAMD32 clocked by dbg_hub/inst/bscan_inst/SERIES7_BSCAN.bscan_inst/DRCK  {rise@0.000ns fall@15.000ns period=30.000ns})
  Path Group:             dbg_hub/inst/bscan_inst/SERIES7_BSCAN.bscan_inst/DRCK
  Path Type:              Setup (Max at Slow Process Corner)
  Requirement:            30.000ns  (dbg_hub/inst/bscan_inst/SERIES7_BSCAN.bscan_inst/DRCK rise@30.000ns - dbg_hub/inst/bscan_inst/SERIES7_BSCAN.bscan_inst/DRCK rise@0.000ns)
  Data Path Delay:        3.095ns  (logic 0.496ns (16.025%)  route 2.599ns (83.975%))
  Logic Levels:           4  (LUT2=2 LUT6=2)
  Clock Path Skew:        0.012ns (DCD - SCD + CPR)
    Destination Clock Delay (DCD):    4.187ns = ( 34.187 - 30.000 ) 
    Source Clock Delay      (SCD):    4.742ns
    Clock Pessimism Removal (CPR):    0.567ns
  Clock Uncertainty:      0.035ns  ((TSJ^2 + TIJ^2)^1/2 + DJ) / 2 + PE
    Total System Jitter     (TSJ):    0.071ns
    Total Input Jitter      (TIJ):    0.000ns
    Discrete Jitter          (DJ):    0.000ns
    Phase Error              (PE):    0.000ns

    Location             Delay type                Incr(ns)  Path(ns)    Netlist Resource(s)
  -------------------------------------------------------------------    -------------------
                         (clock dbg_hub/inst/bscan_inst/SERIES7_BSCAN.bscan_inst/DRCK rise edge)
                                                      0.000     0.000 r  
    BSCAN_X0Y0           BSCANE2                      0.000     0.000 r  dbg_hub/inst/bscan_inst/SERIES7_BSCAN.bscan_inst/DRCK
                         net (fo=1, routed)           3.009     3.009    dbg_hub/inst/DRCK
    BUFGCTRL_X0Y1        BUFG (Prop_bufg_I_O)         0.093     3.102 r  dbg_hub/inst/u_bufg_icon/O
                         net (fo=457, routed)         1.640     4.742    dbg_hub/inst/U_ICON/U_SYNC/CLK
    SLICE_X17Y61                                                      r  dbg_hub/inst/U_ICON/U_SYNC/SYNC_reg/C
  -------------------------------------------------------------------    -------------------
    SLICE_X17Y61         FDRE (Prop_fdre_C_Q)         0.223     4.965 r  dbg_hub/inst/U_ICON/U_SYNC/SYNC_reg/Q
                         net (fo=3, routed)           0.467     5.432    dbg_hub/inst/U_ICON/U_SYNC/iSYNC
    SLICE_X14Y61         LUT2 (Prop_lut2_I0_O)        0.043     5.475 r  dbg_hub/inst/U_ICON/U_SYNC/LC_STAT_INIT_SLV[127]_i_2/O
                         net (fo=9, routed)           0.652     6.127    dbg_hub/inst/U_ICON/U_CMD/p_103_in
    SLICE_X9Y60          LUT6 (Prop_lut6_I1_O)        0.043     6.170 r  dbg_hub/inst/U_ICON/U_CMD/shift_reg_in[15]_i_2/O
                         net (fo=7, routed)           0.896     7.066    dbg_hub/inst/U_ICON/U_CMD/I3[1]
    SLICE_X5Y58          LUT2 (Prop_lut2_I0_O)        0.051     7.117 r  dbg_hub/inst/U_ICON/U_CMD/shift_reg_in[15]_i_1/O
                         net (fo=18, routed)          0.197     7.314    dbg_hub/inst/UUT_MASTER/U_ICON_INTERFACE/U_CMD6_WR/U_WR_FIFO/SUBCORE_FIFO.xsdbm_v1_0_wrfifo_inst/inst_fifo_gen/gconvfifo.rf/grf.rf/gntv_or_sync_fifo.gl0.wr/gwas.wsts/I5[0]
    SLICE_X3Y58          LUT6 (Prop_lut6_I0_O)        0.136     7.450 r  dbg_hub/inst/UUT_MASTER/U_ICON_INTERFACE/U_CMD6_WR/U_WR_FIFO/SUBCORE_FIFO.xsdbm_v1_0_wrfifo_inst/inst_fifo_gen/gconvfifo.rf/grf.rf/gntv_or_sync_fifo.gl0.wr/gwas.wsts/gic0.gc0.count_d1[3]_i_1/O
                         net (fo=37, routed)          0.387     7.837    dbg_hub/inst/UUT_MASTER/U_ICON_INTERFACE/U_CMD6_WR/U_WR_FIFO/SUBCORE_FIFO.xsdbm_v1_0_wrfifo_inst/inst_fifo_gen/gconvfifo.rf/grf.rf/gntv_or_sync_fifo.mem/gdm.dm/RAM_reg_0_15_0_5/WE
    SLICE_X2Y55          RAMD32                                       r  dbg_hub/inst/UUT_MASTER/U_ICON_INTERFACE/U_CMD6_WR/U_WR_FIFO/SUBCORE_FIFO.xsdbm_v1_0_wrfifo_inst/inst_fifo_gen/gconvfifo.rf/grf.rf/gntv_or_sync_fifo.mem/gdm.dm/RAM_reg_0_15_0_5/RAMA_D1/WE
  -------------------------------------------------------------------    -------------------

                         (clock dbg_hub/inst/bscan_inst/SERIES7_BSCAN.bscan_inst/DRCK rise edge)
                                                     30.000    30.000 r  
    BSCAN_X0Y0           BSCANE2                      0.000    30.000 r  dbg_hub/inst/bscan_inst/SERIES7_BSCAN.bscan_inst/DRCK
                         net (fo=1, routed)           2.542    32.542    dbg_hub/inst/DRCK
    BUFGCTRL_X0Y1        BUFG (Prop_bufg_I_O)         0.083    32.625 r  dbg_hub/inst/u_bufg_icon/O
                         net (fo=457, routed)         1.562    34.187    dbg_hub/inst/UUT_MASTER/U_ICON_INTERFACE/U_CMD6_WR/U_WR_FIFO/SUBCORE_FIFO.xsdbm_v1_0_wrfifo_inst/inst_fifo_gen/gconvfifo.rf/grf.rf/gntv_or_sync_fifo.mem/gdm.dm/RAM_reg_0_15_0_5/WCLK
    SLICE_X2Y55                                                       r  dbg_hub/inst/UUT_MASTER/U_ICON_INTERFACE/U_CMD6_WR/U_WR_FIFO/SUBCORE_FIFO.xsdbm_v1_0_wrfifo_inst/inst_fifo_gen/gconvfifo.rf/grf.rf/gntv_or_sync_fifo.mem/gdm.dm/RAM_reg_0_15_0_5/RAMA_D1/CLK
                         clock pessimism              0.567    34.754    
                         clock uncertainty           -0.035    34.719    
    SLICE_X2Y55          RAMD32 (Setup_ramd32_CLK_WE)
                                                     -0.303    34.416    dbg_hub/inst/UUT_MASTER/U_ICON_INTERFACE/U_CMD6_WR/U_WR_FIFO/SUBCORE_FIFO.xsdbm_v1_0_wrfifo_inst/inst_fifo_gen/gconvfifo.rf/grf.rf/gntv_or_sync_fifo.mem/gdm.dm/RAM_reg_0_15_0_5/RAMA_D1
  -------------------------------------------------------------------
                         required time                         34.416    
                         arrival time                          -7.837    
  -------------------------------------------------------------------
                         slack                                 26.579    





Min Delay Paths
--------------------------------------------------------------------------------------
Slack (MET) :             0.042ns  (arrival time - required time)
  Source:                 dbg_hub/inst/UUT_MASTER/U_ICON_INTERFACE/U_CMD6_WR/shift_reg_in_reg[15]/C
                            (rising edge-triggered cell FDCE clocked by dbg_hub/inst/bscan_inst/SERIES7_BSCAN.bscan_inst/DRCK  {rise@0.000ns fall@15.000ns period=30.000ns})
  Destination:            dbg_hub/inst/UUT_MASTER/U_ICON_INTERFACE/U_CMD6_WR/U_WR_FIFO/SUBCORE_FIFO.xsdbm_v1_0_wrfifo_inst/inst_fifo_gen/gconvfifo.rf/grf.rf/gntv_or_sync_fifo.mem/gdm.dm/RAM_reg_0_15_12_15/RAMB/I
                            (rising edge-triggered cell RAMD32 clocked by dbg_hub/inst/bscan_inst/SERIES7_BSCAN.bscan_inst/DRCK  {rise@0.000ns fall@15.000ns period=30.000ns})
  Path Group:             dbg_hub/inst/bscan_inst/SERIES7_BSCAN.bscan_inst/DRCK
  Path Type:              Hold (Min at Fast Process Corner)
  Requirement:            0.000ns  (dbg_hub/inst/bscan_inst/SERIES7_BSCAN.bscan_inst/DRCK rise@0.000ns - dbg_hub/inst/bscan_inst/SERIES7_BSCAN.bscan_inst/DRCK rise@0.000ns)
  Data Path Delay:        0.207ns  (logic 0.100ns (48.203%)  route 0.107ns (51.797%))
  Logic Levels:           0  
  Clock Path Skew:        0.033ns (DCD - SCD - CPR)
    Destination Clock Delay (DCD):    2.876ns
    Source Clock Delay      (SCD):    2.351ns
    Clock Pessimism Removal (CPR):    0.492ns

    Location             Delay type                Incr(ns)  Path(ns)    Netlist Resource(s)
  -------------------------------------------------------------------    -------------------
                         (clock dbg_hub/inst/bscan_inst/SERIES7_BSCAN.bscan_inst/DRCK rise edge)
                                                      0.000     0.000 r  
    BSCAN_X0Y0           BSCANE2                      0.000     0.000 r  dbg_hub/inst/bscan_inst/SERIES7_BSCAN.bscan_inst/DRCK
                         net (fo=1, routed)           1.598     1.598    dbg_hub/inst/DRCK
    BUFGCTRL_X0Y1        BUFG (Prop_bufg_I_O)         0.026     1.624 r  dbg_hub/inst/u_bufg_icon/O
                         net (fo=457, routed)         0.727     2.351    dbg_hub/inst/UUT_MASTER/U_ICON_INTERFACE/U_CMD6_WR/idrck
    SLICE_X5Y56                                                       r  dbg_hub/inst/UUT_MASTER/U_ICON_INTERFACE/U_CMD6_WR/shift_reg_in_reg[15]/C
  -------------------------------------------------------------------    -------------------
    SLICE_X5Y56          FDCE (Prop_fdce_C_Q)         0.100     2.451 r  dbg_hub/inst/UUT_MASTER/U_ICON_INTERFACE/U_CMD6_WR/shift_reg_in_reg[15]/Q
                         net (fo=2, routed)           0.107     2.558    dbg_hub/inst/UUT_MASTER/U_ICON_INTERFACE/U_CMD6_WR/U_WR_FIFO/SUBCORE_FIFO.xsdbm_v1_0_wrfifo_inst/inst_fifo_gen/gconvfifo.rf/grf.rf/gntv_or_sync_fifo.mem/gdm.dm/RAM_reg_0_15_12_15/DIB0
    SLICE_X2Y56          RAMD32                                       r  dbg_hub/inst/UUT_MASTER/U_ICON_INTERFACE/U_CMD6_WR/U_WR_FIFO/SUBCORE_FIFO.xsdbm_v1_0_wrfifo_inst/inst_fifo_gen/gconvfifo.rf/grf.rf/gntv_or_sync_fifo.mem/gdm.dm/RAM_reg_0_15_12_15/RAMB/I
  -------------------------------------------------------------------    -------------------

                         (clock dbg_hub/inst/bscan_inst/SERIES7_BSCAN.bscan_inst/DRCK rise edge)
                                                      0.000     0.000 r  
    BSCAN_X0Y0           BSCANE2                      0.000     0.000 r  dbg_hub/inst/bscan_inst/SERIES7_BSCAN.bscan_inst/DRCK
                         net (fo=1, routed)           1.878     1.878    dbg_hub/inst/DRCK
    BUFGCTRL_X0Y1        BUFG (Prop_bufg_I_O)         0.030     1.908 r  dbg_hub/inst/u_bufg_icon/O
                         net (fo=457, routed)         0.968     2.876    dbg_hub/inst/UUT_MASTER/U_ICON_INTERFACE/U_CMD6_WR/U_WR_FIFO/SUBCORE_FIFO.xsdbm_v1_0_wrfifo_inst/inst_fifo_gen/gconvfifo.rf/grf.rf/gntv_or_sync_fifo.mem/gdm.dm/RAM_reg_0_15_12_15/WCLK
    SLICE_X2Y56                                                       r  dbg_hub/inst/UUT_MASTER/U_ICON_INTERFACE/U_CMD6_WR/U_WR_FIFO/SUBCORE_FIFO.xsdbm_v1_0_wrfifo_inst/inst_fifo_gen/gconvfifo.rf/grf.rf/gntv_or_sync_fifo.mem/gdm.dm/RAM_reg_0_15_12_15/RAMB/CLK
                         clock pessimism             -0.492     2.384    
    SLICE_X2Y56          RAMD32 (Hold_ramd32_CLK_I)
                                                      0.132     2.516    dbg_hub/inst/UUT_MASTER/U_ICON_INTERFACE/U_CMD6_WR/U_WR_FIFO/SUBCORE_FIFO.xsdbm_v1_0_wrfifo_inst/inst_fifo_gen/gconvfifo.rf/grf.rf/gntv_or_sync_fifo.mem/gdm.dm/RAM_reg_0_15_12_15/RAMB
  -------------------------------------------------------------------
                         required time                         -2.516    
                         arrival time                           2.558    
  -------------------------------------------------------------------
                         slack                                  0.042    

Slack (MET) :             0.057ns  (arrival time - required time)
  Source:                 dbg_hub/inst/UUT_MASTER/U_ICON_INTERFACE/U_CMD6_WR/shift_reg_in_reg[11]/C
                            (rising edge-triggered cell FDCE clocked by dbg_hub/inst/bscan_inst/SERIES7_BSCAN.bscan_inst/DRCK  {rise@0.000ns fall@15.000ns period=30.000ns})
  Destination:            dbg_hub/inst/UUT_MASTER/U_ICON_INTERFACE/U_CMD6_WR/U_WR_FIFO/SUBCORE_FIFO.xsdbm_v1_0_wrfifo_inst/inst_fifo_gen/gconvfifo.rf/grf.rf/gntv_or_sync_fifo.mem/gdm.dm/RAM_reg_0_15_6_11/RAMC/I
                            (rising edge-triggered cell RAMD32 clocked by dbg_hub/inst/bscan_inst/SERIES7_BSCAN.bscan_inst/DRCK  {rise@0.000ns fall@15.000ns period=30.000ns})
  Path Group:             dbg_hub/inst/bscan_inst/SERIES7_BSCAN.bscan_inst/DRCK
  Path Type:              Hold (Min at Fast Process Corner)
  Requirement:            0.000ns  (dbg_hub/inst/bscan_inst/SERIES7_BSCAN.bscan_inst/DRCK rise@0.000ns - dbg_hub/inst/bscan_inst/SERIES7_BSCAN.bscan_inst/DRCK rise@0.000ns)
  Data Path Delay:        0.200ns  (logic 0.100ns (50.059%)  route 0.100ns (49.941%))
  Logic Levels:           0  
  Clock Path Skew:        0.014ns (DCD - SCD - CPR)
    Destination Clock Delay (DCD):    2.876ns
    Source Clock Delay      (SCD):    2.352ns
    Clock Pessimism Removal (CPR):    0.510ns

    Location             Delay type                Incr(ns)  Path(ns)    Netlist Resource(s)
  -------------------------------------------------------------------    -------------------
                         (clock dbg_hub/inst/bscan_inst/SERIES7_BSCAN.bscan_inst/DRCK rise edge)
                                                      0.000     0.000 r  
    BSCAN_X0Y0           BSCANE2                      0.000     0.000 r  dbg_hub/inst/bscan_inst/SERIES7_BSCAN.bscan_inst/DRCK
                         net (fo=1, routed)           1.598     1.598    dbg_hub/inst/DRCK
    BUFGCTRL_X0Y1        BUFG (Prop_bufg_I_O)         0.026     1.624 r  dbg_hub/inst/u_bufg_icon/O
                         net (fo=457, routed)         0.728     2.352    dbg_hub/inst/UUT_MASTER/U_ICON_INTERFACE/U_CMD6_WR/idrck
    SLICE_X3Y55                                                       r  dbg_hub/inst/UUT_MASTER/U_ICON_INTERFACE/U_CMD6_WR/shift_reg_in_reg[11]/C
  -------------------------------------------------------------------    -------------------
    SLICE_X3Y55          FDCE (Prop_fdce_C_Q)         0.100     2.452 r  dbg_hub/inst/UUT_MASTER/U_ICON_INTERFACE/U_CMD6_WR/shift_reg_in_reg[11]/Q
                         net (fo=2, routed)           0.100     2.552    dbg_hub/inst/UUT_MASTER/U_ICON_INTERFACE/U_CMD6_WR/U_WR_FIFO/SUBCORE_FIFO.xsdbm_v1_0_wrfifo_inst/inst_fifo_gen/gconvfifo.rf/grf.rf/gntv_or_sync_fifo.mem/gdm.dm/RAM_reg_0_15_6_11/DIC0
    SLICE_X2Y54          RAMD32                                       r  dbg_hub/inst/UUT_MASTER/U_ICON_INTERFACE/U_CMD6_WR/U_WR_FIFO/SUBCORE_FIFO.xsdbm_v1_0_wrfifo_inst/inst_fifo_gen/gconvfifo.rf/grf.rf/gntv_or_sync_fifo.mem/gdm.dm/RAM_reg_0_15_6_11/RAMC/I
  -------------------------------------------------------------------    -------------------

                         (clock dbg_hub/inst/bscan_inst/SERIES7_BSCAN.bscan_inst/DRCK rise edge)
                                                      0.000     0.000 r  
    BSCAN_X0Y0           BSCANE2                      0.000     0.000 r  dbg_hub/inst/bscan_inst/SERIES7_BSCAN.bscan_inst/DRCK
                         net (fo=1, routed)           1.878     1.878    dbg_hub/inst/DRCK
    BUFGCTRL_X0Y1        BUFG (Prop_bufg_I_O)         0.030     1.908 r  dbg_hub/inst/u_bufg_icon/O
                         net (fo=457, routed)         0.968     2.876    dbg_hub/inst/UUT_MASTER/U_ICON_INTERFACE/U_CMD6_WR/U_WR_FIFO/SUBCORE_FIFO.xsdbm_v1_0_wrfifo_inst/inst_fifo_gen/gconvfifo.rf/grf.rf/gntv_or_sync_fifo.mem/gdm.dm/RAM_reg_0_15_6_11/WCLK
    SLICE_X2Y54                                                       r  dbg_hub/inst/UUT_MASTER/U_ICON_INTERFACE/U_CMD6_WR/U_WR_FIFO/SUBCORE_FIFO.xsdbm_v1_0_wrfifo_inst/inst_fifo_gen/gconvfifo.rf/grf.rf/gntv_or_sync_fifo.mem/gdm.dm/RAM_reg_0_15_6_11/RAMC/CLK
                         clock pessimism             -0.510     2.366    
    SLICE_X2Y54          RAMD32 (Hold_ramd32_CLK_I)
                                                      0.129     2.495    dbg_hub/inst/UUT_MASTER/U_ICON_INTERFACE/U_CMD6_WR/U_WR_FIFO/SUBCORE_FIFO.xsdbm_v1_0_wrfifo_inst/inst_fifo_gen/gconvfifo.rf/grf.rf/gntv_or_sync_fifo.mem/gdm.dm/RAM_reg_0_15_6_11/RAMC
  -------------------------------------------------------------------
                         required time                         -2.495    
                         arrival time                           2.552    
  -------------------------------------------------------------------
                         slack                                  0.057    

Slack (MET) :             0.069ns  (arrival time - required time)
  Source:                 dbg_hub/inst/UUT_MASTER/U_ICON_INTERFACE/U_CMD6_WR/shift_reg_in_reg[14]/C
                            (rising edge-triggered cell FDCE clocked by dbg_hub/inst/bscan_inst/SERIES7_BSCAN.bscan_inst/DRCK  {rise@0.000ns fall@15.000ns period=30.000ns})
  Destination:            dbg_hub/inst/UUT_MASTER/U_ICON_INTERFACE/U_CMD6_WR/U_WR_FIFO/SUBCORE_FIFO.xsdbm_v1_0_wrfifo_inst/inst_fifo_gen/gconvfifo.rf/grf.rf/gntv_or_sync_fifo.mem/gdm.dm/RAM_reg_0_15_12_15/RAMA_D1/I
                            (rising edge-triggered cell RAMD32 clocked by dbg_hub/inst/bscan_inst/SERIES7_BSCAN.bscan_inst/DRCK  {rise@0.000ns fall@15.000ns period=30.000ns})
  Path Group:             dbg_hub/inst/bscan_inst/SERIES7_BSCAN.bscan_inst/DRCK
  Path Type:              Hold (Min at Fast Process Corner)
  Requirement:            0.000ns  (dbg_hub/inst/bscan_inst/SERIES7_BSCAN.bscan_inst/DRCK rise@0.000ns - dbg_hub/inst/bscan_inst/SERIES7_BSCAN.bscan_inst/DRCK rise@0.000ns)
  Data Path Delay:        0.210ns  (logic 0.100ns (47.542%)  route 0.110ns (52.458%))
  Logic Levels:           0  
  Clock Path Skew:        0.033ns (DCD - SCD - CPR)
    Destination Clock Delay (DCD):    2.876ns
    Source Clock Delay      (SCD):    2.351ns
    Clock Pessimism Removal (CPR):    0.492ns

    Location             Delay type                Incr(ns)  Path(ns)    Netlist Resource(s)
  -------------------------------------------------------------------    -------------------
                         (clock dbg_hub/inst/bscan_inst/SERIES7_BSCAN.bscan_inst/DRCK rise edge)
                                                      0.000     0.000 r  
    BSCAN_X0Y0           BSCANE2                      0.000     0.000 r  dbg_hub/inst/bscan_inst/SERIES7_BSCAN.bscan_inst/DRCK
                         net (fo=1, routed)           1.598     1.598    dbg_hub/inst/DRCK
    BUFGCTRL_X0Y1        BUFG (Prop_bufg_I_O)         0.026     1.624 r  dbg_hub/inst/u_bufg_icon/O
                         net (fo=457, routed)         0.727     2.351    dbg_hub/inst/UUT_MASTER/U_ICON_INTERFACE/U_CMD6_WR/idrck
    SLICE_X5Y56                                                       r  dbg_hub/inst/UUT_MASTER/U_ICON_INTERFACE/U_CMD6_WR/shift_reg_in_reg[14]/C
  -------------------------------------------------------------------    -------------------
    SLICE_X5Y56          FDCE (Prop_fdce_C_Q)         0.100     2.451 r  dbg_hub/inst/UUT_MASTER/U_ICON_INTERFACE/U_CMD6_WR/shift_reg_in_reg[14]/Q
                         net (fo=2, routed)           0.110     2.561    dbg_hub/inst/UUT_MASTER/U_ICON_INTERFACE/U_CMD6_WR/U_WR_FIFO/SUBCORE_FIFO.xsdbm_v1_0_wrfifo_inst/inst_fifo_gen/gconvfifo.rf/grf.rf/gntv_or_sync_fifo.mem/gdm.dm/RAM_reg_0_15_12_15/DIA1
    SLICE_X2Y56          RAMD32                                       r  dbg_hub/inst/UUT_MASTER/U_ICON_INTERFACE/U_CMD6_WR/U_WR_FIFO/SUBCORE_FIFO.xsdbm_v1_0_wrfifo_inst/inst_fifo_gen/gconvfifo.rf/grf.rf/gntv_or_sync_fifo.mem/gdm.dm/RAM_reg_0_15_12_15/RAMA_D1/I
  -------------------------------------------------------------------    -------------------

                         (clock dbg_hub/inst/bscan_inst/SERIES7_BSCAN.bscan_inst/DRCK rise edge)
                                                      0.000     0.000 r  
    BSCAN_X0Y0           BSCANE2                      0.000     0.000 r  dbg_hub/inst/bscan_inst/SERIES7_BSCAN.bscan_inst/DRCK
                         net (fo=1, routed)           1.878     1.878    dbg_hub/inst/DRCK
    BUFGCTRL_X0Y1        BUFG (Prop_bufg_I_O)         0.030     1.908 r  dbg_hub/inst/u_bufg_icon/O
                         net (fo=457, routed)         0.968     2.876    dbg_hub/inst/UUT_MASTER/U_ICON_INTERFACE/U_CMD6_WR/U_WR_FIFO/SUBCORE_FIFO.xsdbm_v1_0_wrfifo_inst/inst_fifo_gen/gconvfifo.rf/grf.rf/gntv_or_sync_fifo.mem/gdm.dm/RAM_reg_0_15_12_15/WCLK
    SLICE_X2Y56                                                       r  dbg_hub/inst/UUT_MASTER/U_ICON_INTERFACE/U_CMD6_WR/U_WR_FIFO/SUBCORE_FIFO.xsdbm_v1_0_wrfifo_inst/inst_fifo_gen/gconvfifo.rf/grf.rf/gntv_or_sync_fifo.mem/gdm.dm/RAM_reg_0_15_12_15/RAMA_D1/CLK
                         clock pessimism             -0.492     2.384    
    SLICE_X2Y56          RAMD32 (Hold_ramd32_CLK_I)
                                                      0.108     2.492    dbg_hub/inst/UUT_MASTER/U_ICON_INTERFACE/U_CMD6_WR/U_WR_FIFO/SUBCORE_FIFO.xsdbm_v1_0_wrfifo_inst/inst_fifo_gen/gconvfifo.rf/grf.rf/gntv_or_sync_fifo.mem/gdm.dm/RAM_reg_0_15_12_15/RAMA_D1
  -------------------------------------------------------------------
                         required time                         -2.492    
                         arrival time                           2.561    
  -------------------------------------------------------------------
                         slack                                  0.069    

Slack (MET) :             0.075ns  (arrival time - required time)
  Source:                 dbg_hub/inst/UUT_MASTER/U_ICON_INTERFACE/U_CMD6_WR/U_WR_FIFO/SUBCORE_FIFO.xsdbm_v1_0_wrfifo_inst/inst_fifo_gen/gconvfifo.rf/grf.rf/gntv_or_sync_fifo.gl0.wr/wpntr/gic0.gc0.count_d2_reg[3]/C
                            (rising edge-triggered cell FDCE clocked by dbg_hub/inst/bscan_inst/SERIES7_BSCAN.bscan_inst/DRCK  {rise@0.000ns fall@15.000ns period=30.000ns})
  Destination:            dbg_hub/inst/UUT_MASTER/U_ICON_INTERFACE/U_CMD6_WR/U_WR_FIFO/SUBCORE_FIFO.xsdbm_v1_0_wrfifo_inst/inst_fifo_gen/gconvfifo.rf/grf.rf/gntv_or_sync_fifo.mem/gdm.dm/RAM_reg_0_15_0_5/RAMA/WADR3
                            (rising edge-triggered cell RAMD32 clocked by dbg_hub/inst/bscan_inst/SERIES7_BSCAN.bscan_inst/DRCK  {rise@0.000ns fall@15.000ns period=30.000ns})
  Path Group:             dbg_hub/inst/bscan_inst/SERIES7_BSCAN.bscan_inst/DRCK
  Path Type:              Hold (Min at Fast Process Corner)
  Requirement:            0.000ns  (dbg_hub/inst/bscan_inst/SERIES7_BSCAN.bscan_inst/DRCK rise@0.000ns - dbg_hub/inst/bscan_inst/SERIES7_BSCAN.bscan_inst/DRCK rise@0.000ns)
  Data Path Delay:        0.276ns  (logic 0.091ns (32.945%)  route 0.185ns (67.055%))
  Logic Levels:           0  
  Clock Path Skew:        0.014ns (DCD - SCD - CPR)
    Destination Clock Delay (DCD):    2.876ns
    Source Clock Delay      (SCD):    2.352ns
    Clock Pessimism Removal (CPR):    0.510ns

    Location             Delay type                Incr(ns)  Path(ns)    Netlist Resource(s)
  -------------------------------------------------------------------    -------------------
                         (clock dbg_hub/inst/bscan_inst/SERIES7_BSCAN.bscan_inst/DRCK rise edge)
                                                      0.000     0.000 r  
    BSCAN_X0Y0           BSCANE2                      0.000     0.000 r  dbg_hub/inst/bscan_inst/SERIES7_BSCAN.bscan_inst/DRCK
                         net (fo=1, routed)           1.598     1.598    dbg_hub/inst/DRCK
    BUFGCTRL_X0Y1        BUFG (Prop_bufg_I_O)         0.026     1.624 r  dbg_hub/inst/u_bufg_icon/O
                         net (fo=457, routed)         0.728     2.352    dbg_hub/inst/UUT_MASTER/U_ICON_INTERFACE/U_CMD6_WR/U_WR_FIFO/SUBCORE_FIFO.xsdbm_v1_0_wrfifo_inst/inst_fifo_gen/gconvfifo.rf/grf.rf/gntv_or_sync_fifo.gl0.wr/wpntr/idrck
    SLICE_X1Y56                                                       r  dbg_hub/inst/UUT_MASTER/U_ICON_INTERFACE/U_CMD6_WR/U_WR_FIFO/SUBCORE_FIFO.xsdbm_v1_0_wrfifo_inst/inst_fifo_gen/gconvfifo.rf/grf.rf/gntv_or_sync_fifo.gl0.wr/wpntr/gic0.gc0.count_d2_reg[3]/C
  -------------------------------------------------------------------    -------------------
    SLICE_X1Y56          FDCE (Prop_fdce_C_Q)         0.091     2.443 r  dbg_hub/inst/UUT_MASTER/U_ICON_INTERFACE/U_CMD6_WR/U_WR_FIFO/SUBCORE_FIFO.xsdbm_v1_0_wrfifo_inst/inst_fifo_gen/gconvfifo.rf/grf.rf/gntv_or_sync_fifo.gl0.wr/wpntr/gic0.gc0.count_d2_reg[3]/Q
                         net (fo=26, routed)          0.185     2.628    dbg_hub/inst/UUT_MASTER/U_ICON_INTERFACE/U_CMD6_WR/U_WR_FIFO/SUBCORE_FIFO.xsdbm_v1_0_wrfifo_inst/inst_fifo_gen/gconvfifo.rf/grf.rf/gntv_or_sync_fifo.mem/gdm.dm/RAM_reg_0_15_0_5/ADDRD3
    SLICE_X2Y55          RAMD32                                       r  dbg_hub/inst/UUT_MASTER/U_ICON_INTERFACE/U_CMD6_WR/U_WR_FIFO/SUBCORE_FIFO.xsdbm_v1_0_wrfifo_inst/inst_fifo_gen/gconvfifo.rf/grf.rf/gntv_or_sync_fifo.mem/gdm.dm/RAM_reg_0_15_0_5/RAMA/WADR3
  -------------------------------------------------------------------    -------------------

                         (clock dbg_hub/inst/bscan_inst/SERIES7_BSCAN.bscan_inst/DRCK rise edge)
                                                      0.000     0.000 r  
    BSCAN_X0Y0           BSCANE2                      0.000     0.000 r  dbg_hub/inst/bscan_inst/SERIES7_BSCAN.bscan_inst/DRCK
                         net (fo=1, routed)           1.878     1.878    dbg_hub/inst/DRCK
    BUFGCTRL_X0Y1        BUFG (Prop_bufg_I_O)         0.030     1.908 r  dbg_hub/inst/u_bufg_icon/O
                         net (fo=457, routed)         0.968     2.876    dbg_hub/inst/UUT_MASTER/U_ICON_INTERFACE/U_CMD6_WR/U_WR_FIFO/SUBCORE_FIFO.xsdbm_v1_0_wrfifo_inst/inst_fifo_gen/gconvfifo.rf/grf.rf/gntv_or_sync_fifo.mem/gdm.dm/RAM_reg_0_15_0_5/WCLK
    SLICE_X2Y55                                                       r  dbg_hub/inst/UUT_MASTER/U_ICON_INTERFACE/U_CMD6_WR/U_WR_FIFO/SUBCORE_FIFO.xsdbm_v1_0_wrfifo_inst/inst_fifo_gen/gconvfifo.rf/grf.rf/gntv_or_sync_fifo.mem/gdm.dm/RAM_reg_0_15_0_5/RAMA/CLK
                         clock pessimism             -0.510     2.366    
    SLICE_X2Y55          RAMD32 (Hold_ramd32_CLK_WADR3)
                                                      0.187     2.553    dbg_hub/inst/UUT_MASTER/U_ICON_INTERFACE/U_CMD6_WR/U_WR_FIFO/SUBCORE_FIFO.xsdbm_v1_0_wrfifo_inst/inst_fifo_gen/gconvfifo.rf/grf.rf/gntv_or_sync_fifo.mem/gdm.dm/RAM_reg_0_15_0_5/RAMA
  -------------------------------------------------------------------
                         required time                         -2.553    
                         arrival time                           2.628    
  -------------------------------------------------------------------
                         slack                                  0.075    

Slack (MET) :             0.075ns  (arrival time - required time)
  Source:                 dbg_hub/inst/UUT_MASTER/U_ICON_INTERFACE/U_CMD6_WR/U_WR_FIFO/SUBCORE_FIFO.xsdbm_v1_0_wrfifo_inst/inst_fifo_gen/gconvfifo.rf/grf.rf/gntv_or_sync_fifo.gl0.wr/wpntr/gic0.gc0.count_d2_reg[3]/C
                            (rising edge-triggered cell FDCE clocked by dbg_hub/inst/bscan_inst/SERIES7_BSCAN.bscan_inst/DRCK  {rise@0.000ns fall@15.000ns period=30.000ns})
  Destination:            dbg_hub/inst/UUT_MASTER/U_ICON_INTERFACE/U_CMD6_WR/U_WR_FIFO/SUBCORE_FIFO.xsdbm_v1_0_wrfifo_inst/inst_fifo_gen/gconvfifo.rf/grf.rf/gntv_or_sync_fifo.mem/gdm.dm/RAM_reg_0_15_0_5/RAMA_D1/WADR3
                            (rising edge-triggered cell RAMD32 clocked by dbg_hub/inst/bscan_inst/SERIES7_BSCAN.bscan_inst/DRCK  {rise@0.000ns fall@15.000ns period=30.000ns})
  Path Group:             dbg_hub/inst/bscan_inst/SERIES7_BSCAN.bscan_inst/DRCK
  Path Type:              Hold (Min at Fast Process Corner)
  Requirement:            0.000ns  (dbg_hub/inst/bscan_inst/SERIES7_BSCAN.bscan_inst/DRCK rise@0.000ns - dbg_hub/inst/bscan_inst/SERIES7_BSCAN.bscan_inst/DRCK rise@0.000ns)
  Data Path Delay:        0.276ns  (logic 0.091ns (32.945%)  route 0.185ns (67.055%))
  Logic Levels:           0  
  Clock Path Skew:        0.014ns (DCD - SCD - CPR)
    Destination Clock Delay (DCD):    2.876ns
    Source Clock Delay      (SCD):    2.352ns
    Clock Pessimism Removal (CPR):    0.510ns

    Location             Delay type                Incr(ns)  Path(ns)    Netlist Resource(s)
  -------------------------------------------------------------------    -------------------
                         (clock dbg_hub/inst/bscan_inst/SERIES7_BSCAN.bscan_inst/DRCK rise edge)
                                                      0.000     0.000 r  
    BSCAN_X0Y0           BSCANE2                      0.000     0.000 r  dbg_hub/inst/bscan_inst/SERIES7_BSCAN.bscan_inst/DRCK
                         net (fo=1, routed)           1.598     1.598    dbg_hub/inst/DRCK
    BUFGCTRL_X0Y1        BUFG (Prop_bufg_I_O)         0.026     1.624 r  dbg_hub/inst/u_bufg_icon/O
                         net (fo=457, routed)         0.728     2.352    dbg_hub/inst/UUT_MASTER/U_ICON_INTERFACE/U_CMD6_WR/U_WR_FIFO/SUBCORE_FIFO.xsdbm_v1_0_wrfifo_inst/inst_fifo_gen/gconvfifo.rf/grf.rf/gntv_or_sync_fifo.gl0.wr/wpntr/idrck
    SLICE_X1Y56                                                       r  dbg_hub/inst/UUT_MASTER/U_ICON_INTERFACE/U_CMD6_WR/U_WR_FIFO/SUBCORE_FIFO.xsdbm_v1_0_wrfifo_inst/inst_fifo_gen/gconvfifo.rf/grf.rf/gntv_or_sync_fifo.gl0.wr/wpntr/gic0.gc0.count_d2_reg[3]/C
  -------------------------------------------------------------------    -------------------
    SLICE_X1Y56          FDCE (Prop_fdce_C_Q)         0.091     2.443 r  dbg_hub/inst/UUT_MASTER/U_ICON_INTERFACE/U_CMD6_WR/U_WR_FIFO/SUBCORE_FIFO.xsdbm_v1_0_wrfifo_inst/inst_fifo_gen/gconvfifo.rf/grf.rf/gntv_or_sync_fifo.gl0.wr/wpntr/gic0.gc0.count_d2_reg[3]/Q
                         net (fo=26, routed)          0.185     2.628    dbg_hub/inst/UUT_MASTER/U_ICON_INTERFACE/U_CMD6_WR/U_WR_FIFO/SUBCORE_FIFO.xsdbm_v1_0_wrfifo_inst/inst_fifo_gen/gconvfifo.rf/grf.rf/gntv_or_sync_fifo.mem/gdm.dm/RAM_reg_0_15_0_5/ADDRD3
    SLICE_X2Y55          RAMD32                                       r  dbg_hub/inst/UUT_MASTER/U_ICON_INTERFACE/U_CMD6_WR/U_WR_FIFO/SUBCORE_FIFO.xsdbm_v1_0_wrfifo_inst/inst_fifo_gen/gconvfifo.rf/grf.rf/gntv_or_sync_fifo.mem/gdm.dm/RAM_reg_0_15_0_5/RAMA_D1/WADR3
  -------------------------------------------------------------------    -------------------

                         (clock dbg_hub/inst/bscan_inst/SERIES7_BSCAN.bscan_inst/DRCK rise edge)
                                                      0.000     0.000 r  
    BSCAN_X0Y0           BSCANE2                      0.000     0.000 r  dbg_hub/inst/bscan_inst/SERIES7_BSCAN.bscan_inst/DRCK
                         net (fo=1, routed)           1.878     1.878    dbg_hub/inst/DRCK
    BUFGCTRL_X0Y1        BUFG (Prop_bufg_I_O)         0.030     1.908 r  dbg_hub/inst/u_bufg_icon/O
                         net (fo=457, routed)         0.968     2.876    dbg_hub/inst/UUT_MASTER/U_ICON_INTERFACE/U_CMD6_WR/U_WR_FIFO/SUBCORE_FIFO.xsdbm_v1_0_wrfifo_inst/inst_fifo_gen/gconvfifo.rf/grf.rf/gntv_or_sync_fifo.mem/gdm.dm/RAM_reg_0_15_0_5/WCLK
    SLICE_X2Y55                                                       r  dbg_hub/inst/UUT_MASTER/U_ICON_INTERFACE/U_CMD6_WR/U_WR_FIFO/SUBCORE_FIFO.xsdbm_v1_0_wrfifo_inst/inst_fifo_gen/gconvfifo.rf/grf.rf/gntv_or_sync_fifo.mem/gdm.dm/RAM_reg_0_15_0_5/RAMA_D1/CLK
                         clock pessimism             -0.510     2.366    
    SLICE_X2Y55          RAMD32 (Hold_ramd32_CLK_WADR3)
                                                      0.187     2.553    dbg_hub/inst/UUT_MASTER/U_ICON_INTERFACE/U_CMD6_WR/U_WR_FIFO/SUBCORE_FIFO.xsdbm_v1_0_wrfifo_inst/inst_fifo_gen/gconvfifo.rf/grf.rf/gntv_or_sync_fifo.mem/gdm.dm/RAM_reg_0_15_0_5/RAMA_D1
  -------------------------------------------------------------------
                         required time                         -2.553    
                         arrival time                           2.628    
  -------------------------------------------------------------------
                         slack                                  0.075    

Slack (MET) :             0.075ns  (arrival time - required time)
  Source:                 dbg_hub/inst/UUT_MASTER/U_ICON_INTERFACE/U_CMD6_WR/U_WR_FIFO/SUBCORE_FIFO.xsdbm_v1_0_wrfifo_inst/inst_fifo_gen/gconvfifo.rf/grf.rf/gntv_or_sync_fifo.gl0.wr/wpntr/gic0.gc0.count_d2_reg[3]/C
                            (rising edge-triggered cell FDCE clocked by dbg_hub/inst/bscan_inst/SERIES7_BSCAN.bscan_inst/DRCK  {rise@0.000ns fall@15.000ns period=30.000ns})
  Destination:            dbg_hub/inst/UUT_MASTER/U_ICON_INTERFACE/U_CMD6_WR/U_WR_FIFO/SUBCORE_FIFO.xsdbm_v1_0_wrfifo_inst/inst_fifo_gen/gconvfifo.rf/grf.rf/gntv_or_sync_fifo.mem/gdm.dm/RAM_reg_0_15_0_5/RAMB/WADR3
                            (rising edge-triggered cell RAMD32 clocked by dbg_hub/inst/bscan_inst/SERIES7_BSCAN.bscan_inst/DRCK  {rise@0.000ns fall@15.000ns period=30.000ns})
  Path Group:             dbg_hub/inst/bscan_inst/SERIES7_BSCAN.bscan_inst/DRCK
  Path Type:              Hold (Min at Fast Process Corner)
  Requirement:            0.000ns  (dbg_hub/inst/bscan_inst/SERIES7_BSCAN.bscan_inst/DRCK rise@0.000ns - dbg_hub/inst/bscan_inst/SERIES7_BSCAN.bscan_inst/DRCK rise@0.000ns)
  Data Path Delay:        0.276ns  (logic 0.091ns (32.945%)  route 0.185ns (67.055%))
  Logic Levels:           0  
  Clock Path Skew:        0.014ns (DCD - SCD - CPR)
    Destination Clock Delay (DCD):    2.876ns
    Source Clock Delay      (SCD):    2.352ns
    Clock Pessimism Removal (CPR):    0.510ns

    Location             Delay type                Incr(ns)  Path(ns)    Netlist Resource(s)
  -------------------------------------------------------------------    -------------------
                         (clock dbg_hub/inst/bscan_inst/SERIES7_BSCAN.bscan_inst/DRCK rise edge)
                                                      0.000     0.000 r  
    BSCAN_X0Y0           BSCANE2                      0.000     0.000 r  dbg_hub/inst/bscan_inst/SERIES7_BSCAN.bscan_inst/DRCK
                         net (fo=1, routed)           1.598     1.598    dbg_hub/inst/DRCK
    BUFGCTRL_X0Y1        BUFG (Prop_bufg_I_O)         0.026     1.624 r  dbg_hub/inst/u_bufg_icon/O
                         net (fo=457, routed)         0.728     2.352    dbg_hub/inst/UUT_MASTER/U_ICON_INTERFACE/U_CMD6_WR/U_WR_FIFO/SUBCORE_FIFO.xsdbm_v1_0_wrfifo_inst/inst_fifo_gen/gconvfifo.rf/grf.rf/gntv_or_sync_fifo.gl0.wr/wpntr/idrck
    SLICE_X1Y56                                                       r  dbg_hub/inst/UUT_MASTER/U_ICON_INTERFACE/U_CMD6_WR/U_WR_FIFO/SUBCORE_FIFO.xsdbm_v1_0_wrfifo_inst/inst_fifo_gen/gconvfifo.rf/grf.rf/gntv_or_sync_fifo.gl0.wr/wpntr/gic0.gc0.count_d2_reg[3]/C
  -------------------------------------------------------------------    -------------------
    SLICE_X1Y56          FDCE (Prop_fdce_C_Q)         0.091     2.443 r  dbg_hub/inst/UUT_MASTER/U_ICON_INTERFACE/U_CMD6_WR/U_WR_FIFO/SUBCORE_FIFO.xsdbm_v1_0_wrfifo_inst/inst_fifo_gen/gconvfifo.rf/grf.rf/gntv_or_sync_fifo.gl0.wr/wpntr/gic0.gc0.count_d2_reg[3]/Q
                         net (fo=26, routed)          0.185     2.628    dbg_hub/inst/UUT_MASTER/U_ICON_INTERFACE/U_CMD6_WR/U_WR_FIFO/SUBCORE_FIFO.xsdbm_v1_0_wrfifo_inst/inst_fifo_gen/gconvfifo.rf/grf.rf/gntv_or_sync_fifo.mem/gdm.dm/RAM_reg_0_15_0_5/ADDRD3
    SLICE_X2Y55          RAMD32                                       r  dbg_hub/inst/UUT_MASTER/U_ICON_INTERFACE/U_CMD6_WR/U_WR_FIFO/SUBCORE_FIFO.xsdbm_v1_0_wrfifo_inst/inst_fifo_gen/gconvfifo.rf/grf.rf/gntv_or_sync_fifo.mem/gdm.dm/RAM_reg_0_15_0_5/RAMB/WADR3
  -------------------------------------------------------------------    -------------------

                         (clock dbg_hub/inst/bscan_inst/SERIES7_BSCAN.bscan_inst/DRCK rise edge)
                                                      0.000     0.000 r  
    BSCAN_X0Y0           BSCANE2                      0.000     0.000 r  dbg_hub/inst/bscan_inst/SERIES7_BSCAN.bscan_inst/DRCK
                         net (fo=1, routed)           1.878     1.878    dbg_hub/inst/DRCK
    BUFGCTRL_X0Y1        BUFG (Prop_bufg_I_O)         0.030     1.908 r  dbg_hub/inst/u_bufg_icon/O
                         net (fo=457, routed)         0.968     2.876    dbg_hub/inst/UUT_MASTER/U_ICON_INTERFACE/U_CMD6_WR/U_WR_FIFO/SUBCORE_FIFO.xsdbm_v1_0_wrfifo_inst/inst_fifo_gen/gconvfifo.rf/grf.rf/gntv_or_sync_fifo.mem/gdm.dm/RAM_reg_0_15_0_5/WCLK
    SLICE_X2Y55                                                       r  dbg_hub/inst/UUT_MASTER/U_ICON_INTERFACE/U_CMD6_WR/U_WR_FIFO/SUBCORE_FIFO.xsdbm_v1_0_wrfifo_inst/inst_fifo_gen/gconvfifo.rf/grf.rf/gntv_or_sync_fifo.mem/gdm.dm/RAM_reg_0_15_0_5/RAMB/CLK
                         clock pessimism             -0.510     2.366    
    SLICE_X2Y55          RAMD32 (Hold_ramd32_CLK_WADR3)
                                                      0.187     2.553    dbg_hub/inst/UUT_MASTER/U_ICON_INTERFACE/U_CMD6_WR/U_WR_FIFO/SUBCORE_FIFO.xsdbm_v1_0_wrfifo_inst/inst_fifo_gen/gconvfifo.rf/grf.rf/gntv_or_sync_fifo.mem/gdm.dm/RAM_reg_0_15_0_5/RAMB
  -------------------------------------------------------------------
                         required time                         -2.553    
                         arrival time                           2.628    
  -------------------------------------------------------------------
                         slack                                  0.075    

Slack (MET) :             0.075ns  (arrival time - required time)
  Source:                 dbg_hub/inst/UUT_MASTER/U_ICON_INTERFACE/U_CMD6_WR/U_WR_FIFO/SUBCORE_FIFO.xsdbm_v1_0_wrfifo_inst/inst_fifo_gen/gconvfifo.rf/grf.rf/gntv_or_sync_fifo.gl0.wr/wpntr/gic0.gc0.count_d2_reg[3]/C
                            (rising edge-triggered cell FDCE clocked by dbg_hub/inst/bscan_inst/SERIES7_BSCAN.bscan_inst/DRCK  {rise@0.000ns fall@15.000ns period=30.000ns})
  Destination:            dbg_hub/inst/UUT_MASTER/U_ICON_INTERFACE/U_CMD6_WR/U_WR_FIFO/SUBCORE_FIFO.xsdbm_v1_0_wrfifo_inst/inst_fifo_gen/gconvfifo.rf/grf.rf/gntv_or_sync_fifo.mem/gdm.dm/RAM_reg_0_15_0_5/RAMB_D1/WADR3
                            (rising edge-triggered cell RAMD32 clocked by dbg_hub/inst/bscan_inst/SERIES7_BSCAN.bscan_inst/DRCK  {rise@0.000ns fall@15.000ns period=30.000ns})
  Path Group:             dbg_hub/inst/bscan_inst/SERIES7_BSCAN.bscan_inst/DRCK
  Path Type:              Hold (Min at Fast Process Corner)
  Requirement:            0.000ns  (dbg_hub/inst/bscan_inst/SERIES7_BSCAN.bscan_inst/DRCK rise@0.000ns - dbg_hub/inst/bscan_inst/SERIES7_BSCAN.bscan_inst/DRCK rise@0.000ns)
  Data Path Delay:        0.276ns  (logic 0.091ns (32.945%)  route 0.185ns (67.055%))
  Logic Levels:           0  
  Clock Path Skew:        0.014ns (DCD - SCD - CPR)
    Destination Clock Delay (DCD):    2.876ns
    Source Clock Delay      (SCD):    2.352ns
    Clock Pessimism Removal (CPR):    0.510ns

    Location             Delay type                Incr(ns)  Path(ns)    Netlist Resource(s)
  -------------------------------------------------------------------    -------------------
                         (clock dbg_hub/inst/bscan_inst/SERIES7_BSCAN.bscan_inst/DRCK rise edge)
                                                      0.000     0.000 r  
    BSCAN_X0Y0           BSCANE2                      0.000     0.000 r  dbg_hub/inst/bscan_inst/SERIES7_BSCAN.bscan_inst/DRCK
                         net (fo=1, routed)           1.598     1.598    dbg_hub/inst/DRCK
    BUFGCTRL_X0Y1        BUFG (Prop_bufg_I_O)         0.026     1.624 r  dbg_hub/inst/u_bufg_icon/O
                         net (fo=457, routed)         0.728     2.352    dbg_hub/inst/UUT_MASTER/U_ICON_INTERFACE/U_CMD6_WR/U_WR_FIFO/SUBCORE_FIFO.xsdbm_v1_0_wrfifo_inst/inst_fifo_gen/gconvfifo.rf/grf.rf/gntv_or_sync_fifo.gl0.wr/wpntr/idrck
    SLICE_X1Y56                                                       r  dbg_hub/inst/UUT_MASTER/U_ICON_INTERFACE/U_CMD6_WR/U_WR_FIFO/SUBCORE_FIFO.xsdbm_v1_0_wrfifo_inst/inst_fifo_gen/gconvfifo.rf/grf.rf/gntv_or_sync_fifo.gl0.wr/wpntr/gic0.gc0.count_d2_reg[3]/C
  -------------------------------------------------------------------    -------------------
    SLICE_X1Y56          FDCE (Prop_fdce_C_Q)         0.091     2.443 r  dbg_hub/inst/UUT_MASTER/U_ICON_INTERFACE/U_CMD6_WR/U_WR_FIFO/SUBCORE_FIFO.xsdbm_v1_0_wrfifo_inst/inst_fifo_gen/gconvfifo.rf/grf.rf/gntv_or_sync_fifo.gl0.wr/wpntr/gic0.gc0.count_d2_reg[3]/Q
                         net (fo=26, routed)          0.185     2.628    dbg_hub/inst/UUT_MASTER/U_ICON_INTERFACE/U_CMD6_WR/U_WR_FIFO/SUBCORE_FIFO.xsdbm_v1_0_wrfifo_inst/inst_fifo_gen/gconvfifo.rf/grf.rf/gntv_or_sync_fifo.mem/gdm.dm/RAM_reg_0_15_0_5/ADDRD3
    SLICE_X2Y55          RAMD32                                       r  dbg_hub/inst/UUT_MASTER/U_ICON_INTERFACE/U_CMD6_WR/U_WR_FIFO/SUBCORE_FIFO.xsdbm_v1_0_wrfifo_inst/inst_fifo_gen/gconvfifo.rf/grf.rf/gntv_or_sync_fifo.mem/gdm.dm/RAM_reg_0_15_0_5/RAMB_D1/WADR3
  -------------------------------------------------------------------    -------------------

                         (clock dbg_hub/inst/bscan_inst/SERIES7_BSCAN.bscan_inst/DRCK rise edge)
                                                      0.000     0.000 r  
    BSCAN_X0Y0           BSCANE2                      0.000     0.000 r  dbg_hub/inst/bscan_inst/SERIES7_BSCAN.bscan_inst/DRCK
                         net (fo=1, routed)           1.878     1.878    dbg_hub/inst/DRCK
    BUFGCTRL_X0Y1        BUFG (Prop_bufg_I_O)         0.030     1.908 r  dbg_hub/inst/u_bufg_icon/O
                         net (fo=457, routed)         0.968     2.876    dbg_hub/inst/UUT_MASTER/U_ICON_INTERFACE/U_CMD6_WR/U_WR_FIFO/SUBCORE_FIFO.xsdbm_v1_0_wrfifo_inst/inst_fifo_gen/gconvfifo.rf/grf.rf/gntv_or_sync_fifo.mem/gdm.dm/RAM_reg_0_15_0_5/WCLK
    SLICE_X2Y55                                                       r  dbg_hub/inst/UUT_MASTER/U_ICON_INTERFACE/U_CMD6_WR/U_WR_FIFO/SUBCORE_FIFO.xsdbm_v1_0_wrfifo_inst/inst_fifo_gen/gconvfifo.rf/grf.rf/gntv_or_sync_fifo.mem/gdm.dm/RAM_reg_0_15_0_5/RAMB_D1/CLK
                         clock pessimism             -0.510     2.366    
    SLICE_X2Y55          RAMD32 (Hold_ramd32_CLK_WADR3)
                                                      0.187     2.553    dbg_hub/inst/UUT_MASTER/U_ICON_INTERFACE/U_CMD6_WR/U_WR_FIFO/SUBCORE_FIFO.xsdbm_v1_0_wrfifo_inst/inst_fifo_gen/gconvfifo.rf/grf.rf/gntv_or_sync_fifo.mem/gdm.dm/RAM_reg_0_15_0_5/RAMB_D1
  -------------------------------------------------------------------
                         required time                         -2.553    
                         arrival time                           2.628    
  -------------------------------------------------------------------
                         slack                                  0.075    

Slack (MET) :             0.075ns  (arrival time - required time)
  Source:                 dbg_hub/inst/UUT_MASTER/U_ICON_INTERFACE/U_CMD6_WR/U_WR_FIFO/SUBCORE_FIFO.xsdbm_v1_0_wrfifo_inst/inst_fifo_gen/gconvfifo.rf/grf.rf/gntv_or_sync_fifo.gl0.wr/wpntr/gic0.gc0.count_d2_reg[3]/C
                            (rising edge-triggered cell FDCE clocked by dbg_hub/inst/bscan_inst/SERIES7_BSCAN.bscan_inst/DRCK  {rise@0.000ns fall@15.000ns period=30.000ns})
  Destination:            dbg_hub/inst/UUT_MASTER/U_ICON_INTERFACE/U_CMD6_WR/U_WR_FIFO/SUBCORE_FIFO.xsdbm_v1_0_wrfifo_inst/inst_fifo_gen/gconvfifo.rf/grf.rf/gntv_or_sync_fifo.mem/gdm.dm/RAM_reg_0_15_0_5/RAMC/WADR3
                            (rising edge-triggered cell RAMD32 clocked by dbg_hub/inst/bscan_inst/SERIES7_BSCAN.bscan_inst/DRCK  {rise@0.000ns fall@15.000ns period=30.000ns})
  Path Group:             dbg_hub/inst/bscan_inst/SERIES7_BSCAN.bscan_inst/DRCK
  Path Type:              Hold (Min at Fast Process Corner)
  Requirement:            0.000ns  (dbg_hub/inst/bscan_inst/SERIES7_BSCAN.bscan_inst/DRCK rise@0.000ns - dbg_hub/inst/bscan_inst/SERIES7_BSCAN.bscan_inst/DRCK rise@0.000ns)
  Data Path Delay:        0.276ns  (logic 0.091ns (32.945%)  route 0.185ns (67.055%))
  Logic Levels:           0  
  Clock Path Skew:        0.014ns (DCD - SCD - CPR)
    Destination Clock Delay (DCD):    2.876ns
    Source Clock Delay      (SCD):    2.352ns
    Clock Pessimism Removal (CPR):    0.510ns

    Location             Delay type                Incr(ns)  Path(ns)    Netlist Resource(s)
  -------------------------------------------------------------------    -------------------
                         (clock dbg_hub/inst/bscan_inst/SERIES7_BSCAN.bscan_inst/DRCK rise edge)
                                                      0.000     0.000 r  
    BSCAN_X0Y0           BSCANE2                      0.000     0.000 r  dbg_hub/inst/bscan_inst/SERIES7_BSCAN.bscan_inst/DRCK
                         net (fo=1, routed)           1.598     1.598    dbg_hub/inst/DRCK
    BUFGCTRL_X0Y1        BUFG (Prop_bufg_I_O)         0.026     1.624 r  dbg_hub/inst/u_bufg_icon/O
                         net (fo=457, routed)         0.728     2.352    dbg_hub/inst/UUT_MASTER/U_ICON_INTERFACE/U_CMD6_WR/U_WR_FIFO/SUBCORE_FIFO.xsdbm_v1_0_wrfifo_inst/inst_fifo_gen/gconvfifo.rf/grf.rf/gntv_or_sync_fifo.gl0.wr/wpntr/idrck
    SLICE_X1Y56                                                       r  dbg_hub/inst/UUT_MASTER/U_ICON_INTERFACE/U_CMD6_WR/U_WR_FIFO/SUBCORE_FIFO.xsdbm_v1_0_wrfifo_inst/inst_fifo_gen/gconvfifo.rf/grf.rf/gntv_or_sync_fifo.gl0.wr/wpntr/gic0.gc0.count_d2_reg[3]/C
  -------------------------------------------------------------------    -------------------
    SLICE_X1Y56          FDCE (Prop_fdce_C_Q)         0.091     2.443 r  dbg_hub/inst/UUT_MASTER/U_ICON_INTERFACE/U_CMD6_WR/U_WR_FIFO/SUBCORE_FIFO.xsdbm_v1_0_wrfifo_inst/inst_fifo_gen/gconvfifo.rf/grf.rf/gntv_or_sync_fifo.gl0.wr/wpntr/gic0.gc0.count_d2_reg[3]/Q
                         net (fo=26, routed)          0.185     2.628    dbg_hub/inst/UUT_MASTER/U_ICON_INTERFACE/U_CMD6_WR/U_WR_FIFO/SUBCORE_FIFO.xsdbm_v1_0_wrfifo_inst/inst_fifo_gen/gconvfifo.rf/grf.rf/gntv_or_sync_fifo.mem/gdm.dm/RAM_reg_0_15_0_5/ADDRD3
    SLICE_X2Y55          RAMD32                                       r  dbg_hub/inst/UUT_MASTER/U_ICON_INTERFACE/U_CMD6_WR/U_WR_FIFO/SUBCORE_FIFO.xsdbm_v1_0_wrfifo_inst/inst_fifo_gen/gconvfifo.rf/grf.rf/gntv_or_sync_fifo.mem/gdm.dm/RAM_reg_0_15_0_5/RAMC/WADR3
  -------------------------------------------------------------------    -------------------

                         (clock dbg_hub/inst/bscan_inst/SERIES7_BSCAN.bscan_inst/DRCK rise edge)
                                                      0.000     0.000 r  
    BSCAN_X0Y0           BSCANE2                      0.000     0.000 r  dbg_hub/inst/bscan_inst/SERIES7_BSCAN.bscan_inst/DRCK
                         net (fo=1, routed)           1.878     1.878    dbg_hub/inst/DRCK
    BUFGCTRL_X0Y1        BUFG (Prop_bufg_I_O)         0.030     1.908 r  dbg_hub/inst/u_bufg_icon/O
                         net (fo=457, routed)         0.968     2.876    dbg_hub/inst/UUT_MASTER/U_ICON_INTERFACE/U_CMD6_WR/U_WR_FIFO/SUBCORE_FIFO.xsdbm_v1_0_wrfifo_inst/inst_fifo_gen/gconvfifo.rf/grf.rf/gntv_or_sync_fifo.mem/gdm.dm/RAM_reg_0_15_0_5/WCLK
    SLICE_X2Y55                                                       r  dbg_hub/inst/UUT_MASTER/U_ICON_INTERFACE/U_CMD6_WR/U_WR_FIFO/SUBCORE_FIFO.xsdbm_v1_0_wrfifo_inst/inst_fifo_gen/gconvfifo.rf/grf.rf/gntv_or_sync_fifo.mem/gdm.dm/RAM_reg_0_15_0_5/RAMC/CLK
                         clock pessimism             -0.510     2.366    
    SLICE_X2Y55          RAMD32 (Hold_ramd32_CLK_WADR3)
                                                      0.187     2.553    dbg_hub/inst/UUT_MASTER/U_ICON_INTERFACE/U_CMD6_WR/U_WR_FIFO/SUBCORE_FIFO.xsdbm_v1_0_wrfifo_inst/inst_fifo_gen/gconvfifo.rf/grf.rf/gntv_or_sync_fifo.mem/gdm.dm/RAM_reg_0_15_0_5/RAMC
  -------------------------------------------------------------------
                         required time                         -2.553    
                         arrival time                           2.628    
  -------------------------------------------------------------------
                         slack                                  0.075    

Slack (MET) :             0.075ns  (arrival time - required time)
  Source:                 dbg_hub/inst/UUT_MASTER/U_ICON_INTERFACE/U_CMD6_WR/U_WR_FIFO/SUBCORE_FIFO.xsdbm_v1_0_wrfifo_inst/inst_fifo_gen/gconvfifo.rf/grf.rf/gntv_or_sync_fifo.gl0.wr/wpntr/gic0.gc0.count_d2_reg[3]/C
                            (rising edge-triggered cell FDCE clocked by dbg_hub/inst/bscan_inst/SERIES7_BSCAN.bscan_inst/DRCK  {rise@0.000ns fall@15.000ns period=30.000ns})
  Destination:            dbg_hub/inst/UUT_MASTER/U_ICON_INTERFACE/U_CMD6_WR/U_WR_FIFO/SUBCORE_FIFO.xsdbm_v1_0_wrfifo_inst/inst_fifo_gen/gconvfifo.rf/grf.rf/gntv_or_sync_fifo.mem/gdm.dm/RAM_reg_0_15_0_5/RAMC_D1/WADR3
                            (rising edge-triggered cell RAMD32 clocked by dbg_hub/inst/bscan_inst/SERIES7_BSCAN.bscan_inst/DRCK  {rise@0.000ns fall@15.000ns period=30.000ns})
  Path Group:             dbg_hub/inst/bscan_inst/SERIES7_BSCAN.bscan_inst/DRCK
  Path Type:              Hold (Min at Fast Process Corner)
  Requirement:            0.000ns  (dbg_hub/inst/bscan_inst/SERIES7_BSCAN.bscan_inst/DRCK rise@0.000ns - dbg_hub/inst/bscan_inst/SERIES7_BSCAN.bscan_inst/DRCK rise@0.000ns)
  Data Path Delay:        0.276ns  (logic 0.091ns (32.945%)  route 0.185ns (67.055%))
  Logic Levels:           0  
  Clock Path Skew:        0.014ns (DCD - SCD - CPR)
    Destination Clock Delay (DCD):    2.876ns
    Source Clock Delay      (SCD):    2.352ns
    Clock Pessimism Removal (CPR):    0.510ns

    Location             Delay type                Incr(ns)  Path(ns)    Netlist Resource(s)
  -------------------------------------------------------------------    -------------------
                         (clock dbg_hub/inst/bscan_inst/SERIES7_BSCAN.bscan_inst/DRCK rise edge)
                                                      0.000     0.000 r  
    BSCAN_X0Y0           BSCANE2                      0.000     0.000 r  dbg_hub/inst/bscan_inst/SERIES7_BSCAN.bscan_inst/DRCK
                         net (fo=1, routed)           1.598     1.598    dbg_hub/inst/DRCK
    BUFGCTRL_X0Y1        BUFG (Prop_bufg_I_O)         0.026     1.624 r  dbg_hub/inst/u_bufg_icon/O
                         net (fo=457, routed)         0.728     2.352    dbg_hub/inst/UUT_MASTER/U_ICON_INTERFACE/U_CMD6_WR/U_WR_FIFO/SUBCORE_FIFO.xsdbm_v1_0_wrfifo_inst/inst_fifo_gen/gconvfifo.rf/grf.rf/gntv_or_sync_fifo.gl0.wr/wpntr/idrck
    SLICE_X1Y56                                                       r  dbg_hub/inst/UUT_MASTER/U_ICON_INTERFACE/U_CMD6_WR/U_WR_FIFO/SUBCORE_FIFO.xsdbm_v1_0_wrfifo_inst/inst_fifo_gen/gconvfifo.rf/grf.rf/gntv_or_sync_fifo.gl0.wr/wpntr/gic0.gc0.count_d2_reg[3]/C
  -------------------------------------------------------------------    -------------------
    SLICE_X1Y56          FDCE (Prop_fdce_C_Q)         0.091     2.443 r  dbg_hub/inst/UUT_MASTER/U_ICON_INTERFACE/U_CMD6_WR/U_WR_FIFO/SUBCORE_FIFO.xsdbm_v1_0_wrfifo_inst/inst_fifo_gen/gconvfifo.rf/grf.rf/gntv_or_sync_fifo.gl0.wr/wpntr/gic0.gc0.count_d2_reg[3]/Q
                         net (fo=26, routed)          0.185     2.628    dbg_hub/inst/UUT_MASTER/U_ICON_INTERFACE/U_CMD6_WR/U_WR_FIFO/SUBCORE_FIFO.xsdbm_v1_0_wrfifo_inst/inst_fifo_gen/gconvfifo.rf/grf.rf/gntv_or_sync_fifo.mem/gdm.dm/RAM_reg_0_15_0_5/ADDRD3
    SLICE_X2Y55          RAMD32                                       r  dbg_hub/inst/UUT_MASTER/U_ICON_INTERFACE/U_CMD6_WR/U_WR_FIFO/SUBCORE_FIFO.xsdbm_v1_0_wrfifo_inst/inst_fifo_gen/gconvfifo.rf/grf.rf/gntv_or_sync_fifo.mem/gdm.dm/RAM_reg_0_15_0_5/RAMC_D1/WADR3
  -------------------------------------------------------------------    -------------------

                         (clock dbg_hub/inst/bscan_inst/SERIES7_BSCAN.bscan_inst/DRCK rise edge)
                                                      0.000     0.000 r  
    BSCAN_X0Y0           BSCANE2                      0.000     0.000 r  dbg_hub/inst/bscan_inst/SERIES7_BSCAN.bscan_inst/DRCK
                         net (fo=1, routed)           1.878     1.878    dbg_hub/inst/DRCK
    BUFGCTRL_X0Y1        BUFG (Prop_bufg_I_O)         0.030     1.908 r  dbg_hub/inst/u_bufg_icon/O
                         net (fo=457, routed)         0.968     2.876    dbg_hub/inst/UUT_MASTER/U_ICON_INTERFACE/U_CMD6_WR/U_WR_FIFO/SUBCORE_FIFO.xsdbm_v1_0_wrfifo_inst/inst_fifo_gen/gconvfifo.rf/grf.rf/gntv_or_sync_fifo.mem/gdm.dm/RAM_reg_0_15_0_5/WCLK
    SLICE_X2Y55                                                       r  dbg_hub/inst/UUT_MASTER/U_ICON_INTERFACE/U_CMD6_WR/U_WR_FIFO/SUBCORE_FIFO.xsdbm_v1_0_wrfifo_inst/inst_fifo_gen/gconvfifo.rf/grf.rf/gntv_or_sync_fifo.mem/gdm.dm/RAM_reg_0_15_0_5/RAMC_D1/CLK
                         clock pessimism             -0.510     2.366    
    SLICE_X2Y55          RAMD32 (Hold_ramd32_CLK_WADR3)
                                                      0.187     2.553    dbg_hub/inst/UUT_MASTER/U_ICON_INTERFACE/U_CMD6_WR/U_WR_FIFO/SUBCORE_FIFO.xsdbm_v1_0_wrfifo_inst/inst_fifo_gen/gconvfifo.rf/grf.rf/gntv_or_sync_fifo.mem/gdm.dm/RAM_reg_0_15_0_5/RAMC_D1
  -------------------------------------------------------------------
                         required time                         -2.553    
                         arrival time                           2.628    
  -------------------------------------------------------------------
                         slack                                  0.075    

Slack (MET) :             0.075ns  (arrival time - required time)
  Source:                 dbg_hub/inst/UUT_MASTER/U_ICON_INTERFACE/U_CMD6_WR/U_WR_FIFO/SUBCORE_FIFO.xsdbm_v1_0_wrfifo_inst/inst_fifo_gen/gconvfifo.rf/grf.rf/gntv_or_sync_fifo.gl0.wr/wpntr/gic0.gc0.count_d2_reg[3]/C
                            (rising edge-triggered cell FDCE clocked by dbg_hub/inst/bscan_inst/SERIES7_BSCAN.bscan_inst/DRCK  {rise@0.000ns fall@15.000ns period=30.000ns})
  Destination:            dbg_hub/inst/UUT_MASTER/U_ICON_INTERFACE/U_CMD6_WR/U_WR_FIFO/SUBCORE_FIFO.xsdbm_v1_0_wrfifo_inst/inst_fifo_gen/gconvfifo.rf/grf.rf/gntv_or_sync_fifo.mem/gdm.dm/RAM_reg_0_15_0_5/RAMD/ADR3
                            (rising edge-triggered cell RAMS32 clocked by dbg_hub/inst/bscan_inst/SERIES7_BSCAN.bscan_inst/DRCK  {rise@0.000ns fall@15.000ns period=30.000ns})
  Path Group:             dbg_hub/inst/bscan_inst/SERIES7_BSCAN.bscan_inst/DRCK
  Path Type:              Hold (Min at Fast Process Corner)
  Requirement:            0.000ns  (dbg_hub/inst/bscan_inst/SERIES7_BSCAN.bscan_inst/DRCK rise@0.000ns - dbg_hub/inst/bscan_inst/SERIES7_BSCAN.bscan_inst/DRCK rise@0.000ns)
  Data Path Delay:        0.276ns  (logic 0.091ns (32.945%)  route 0.185ns (67.055%))
  Logic Levels:           0  
  Clock Path Skew:        0.014ns (DCD - SCD - CPR)
    Destination Clock Delay (DCD):    2.876ns
    Source Clock Delay      (SCD):    2.352ns
    Clock Pessimism Removal (CPR):    0.510ns

    Location             Delay type                Incr(ns)  Path(ns)    Netlist Resource(s)
  -------------------------------------------------------------------    -------------------
                         (clock dbg_hub/inst/bscan_inst/SERIES7_BSCAN.bscan_inst/DRCK rise edge)
                                                      0.000     0.000 r  
    BSCAN_X0Y0           BSCANE2                      0.000     0.000 r  dbg_hub/inst/bscan_inst/SERIES7_BSCAN.bscan_inst/DRCK
                         net (fo=1, routed)           1.598     1.598    dbg_hub/inst/DRCK
    BUFGCTRL_X0Y1        BUFG (Prop_bufg_I_O)         0.026     1.624 r  dbg_hub/inst/u_bufg_icon/O
                         net (fo=457, routed)         0.728     2.352    dbg_hub/inst/UUT_MASTER/U_ICON_INTERFACE/U_CMD6_WR/U_WR_FIFO/SUBCORE_FIFO.xsdbm_v1_0_wrfifo_inst/inst_fifo_gen/gconvfifo.rf/grf.rf/gntv_or_sync_fifo.gl0.wr/wpntr/idrck
    SLICE_X1Y56                                                       r  dbg_hub/inst/UUT_MASTER/U_ICON_INTERFACE/U_CMD6_WR/U_WR_FIFO/SUBCORE_FIFO.xsdbm_v1_0_wrfifo_inst/inst_fifo_gen/gconvfifo.rf/grf.rf/gntv_or_sync_fifo.gl0.wr/wpntr/gic0.gc0.count_d2_reg[3]/C
  -------------------------------------------------------------------    -------------------
    SLICE_X1Y56          FDCE (Prop_fdce_C_Q)         0.091     2.443 r  dbg_hub/inst/UUT_MASTER/U_ICON_INTERFACE/U_CMD6_WR/U_WR_FIFO/SUBCORE_FIFO.xsdbm_v1_0_wrfifo_inst/inst_fifo_gen/gconvfifo.rf/grf.rf/gntv_or_sync_fifo.gl0.wr/wpntr/gic0.gc0.count_d2_reg[3]/Q
                         net (fo=26, routed)          0.185     2.628    dbg_hub/inst/UUT_MASTER/U_ICON_INTERFACE/U_CMD6_WR/U_WR_FIFO/SUBCORE_FIFO.xsdbm_v1_0_wrfifo_inst/inst_fifo_gen/gconvfifo.rf/grf.rf/gntv_or_sync_fifo.mem/gdm.dm/RAM_reg_0_15_0_5/ADDRD3
    SLICE_X2Y55          RAMS32                                       r  dbg_hub/inst/UUT_MASTER/U_ICON_INTERFACE/U_CMD6_WR/U_WR_FIFO/SUBCORE_FIFO.xsdbm_v1_0_wrfifo_inst/inst_fifo_gen/gconvfifo.rf/grf.rf/gntv_or_sync_fifo.mem/gdm.dm/RAM_reg_0_15_0_5/RAMD/ADR3
  -------------------------------------------------------------------    -------------------

                         (clock dbg_hub/inst/bscan_inst/SERIES7_BSCAN.bscan_inst/DRCK rise edge)
                                                      0.000     0.000 r  
    BSCAN_X0Y0           BSCANE2                      0.000     0.000 r  dbg_hub/inst/bscan_inst/SERIES7_BSCAN.bscan_inst/DRCK
                         net (fo=1, routed)           1.878     1.878    dbg_hub/inst/DRCK
    BUFGCTRL_X0Y1        BUFG (Prop_bufg_I_O)         0.030     1.908 r  dbg_hub/inst/u_bufg_icon/O
                         net (fo=457, routed)         0.968     2.876    dbg_hub/inst/UUT_MASTER/U_ICON_INTERFACE/U_CMD6_WR/U_WR_FIFO/SUBCORE_FIFO.xsdbm_v1_0_wrfifo_inst/inst_fifo_gen/gconvfifo.rf/grf.rf/gntv_or_sync_fifo.mem/gdm.dm/RAM_reg_0_15_0_5/WCLK
    SLICE_X2Y55                                                       r  dbg_hub/inst/UUT_MASTER/U_ICON_INTERFACE/U_CMD6_WR/U_WR_FIFO/SUBCORE_FIFO.xsdbm_v1_0_wrfifo_inst/inst_fifo_gen/gconvfifo.rf/grf.rf/gntv_or_sync_fifo.mem/gdm.dm/RAM_reg_0_15_0_5/RAMD/CLK
                         clock pessimism             -0.510     2.366    
    SLICE_X2Y55          RAMS32 (Hold_rams32_CLK_ADR3)
                                                      0.187     2.553    dbg_hub/inst/UUT_MASTER/U_ICON_INTERFACE/U_CMD6_WR/U_WR_FIFO/SUBCORE_FIFO.xsdbm_v1_0_wrfifo_inst/inst_fifo_gen/gconvfifo.rf/grf.rf/gntv_or_sync_fifo.mem/gdm.dm/RAM_reg_0_15_0_5/RAMD
  -------------------------------------------------------------------
                         required time                         -2.553    
                         arrival time                           2.628    
  -------------------------------------------------------------------
                         slack                                  0.075    





Pulse Width Checks
--------------------------------------------------------------------------------------
Clock Name:         dbg_hub/inst/bscan_inst/SERIES7_BSCAN.bscan_inst/DRCK
Waveform:           { 0 15 }
Period:             30.000
Sources:            { dbg_hub/inst/bscan_inst/SERIES7_BSCAN.bscan_inst/DRCK }

Check Type        Corner  Lib Pin     Reference Pin  Required  Actual  Slack   Location       Pin                                                                                                                                                                                           
Min Period        n/a     BUFG/I      n/a            1.408     30.000  28.591  BUFGCTRL_X0Y1  dbg_hub/inst/u_bufg_icon/I                                                                                                                                                                    
Min Period        n/a     FDRE/C      n/a            0.750     30.000  29.250  SLICE_X8Y66    dbg_hub/inst/UUT_MASTER/U_ICON_INTERFACE/U_CMD1/shift_reg_in_reg[0]/C                                                                                                                         
Min Period        n/a     FDRE/C      n/a            0.750     30.000  29.250  SLICE_X9Y66    dbg_hub/inst/UUT_MASTER/U_ICON_INTERFACE/U_CMD2/shift_reg_in_reg[3]/C                                                                                                                         
Min Period        n/a     FDRE/C      n/a            0.750     30.000  29.250  SLICE_X11Y63   dbg_hub/inst/UUT_MASTER/U_ICON_INTERFACE/U_CMD3/shift_reg_in_reg[2]/C                                                                                                                         
Min Period        n/a     FDCE/C      n/a            0.750     30.000  29.250  SLICE_X11Y61   dbg_hub/inst/UUT_MASTER/U_ICON_INTERFACE/U_CMD4/shift_reg_in_reg[0]/C                                                                                                                         
Min Period        n/a     FDCE/C      n/a            0.750     30.000  29.250  SLICE_X11Y60   dbg_hub/inst/UUT_MASTER/U_ICON_INTERFACE/U_CMD4/shift_reg_in_reg[10]/C                                                                                                                        
Min Period        n/a     FDCE/C      n/a            0.750     30.000  29.250  SLICE_X11Y59   dbg_hub/inst/UUT_MASTER/U_ICON_INTERFACE/U_CMD4/shift_reg_in_reg[12]/C                                                                                                                        
Min Period        n/a     FDCE/C      n/a            0.750     30.000  29.250  SLICE_X11Y59   dbg_hub/inst/UUT_MASTER/U_ICON_INTERFACE/U_CMD4/shift_reg_in_reg[14]/C                                                                                                                        
Min Period        n/a     FDCE/C      n/a            0.750     30.000  29.250  SLICE_X11Y59   dbg_hub/inst/UUT_MASTER/U_ICON_INTERFACE/U_CMD4/shift_reg_in_reg[16]/C                                                                                                                        
Min Period        n/a     FDCE/C      n/a            0.750     30.000  29.250  SLICE_X11Y59   dbg_hub/inst/UUT_MASTER/U_ICON_INTERFACE/U_CMD4/shift_reg_in_reg[18]/C                                                                                                                        
Low Pulse Width   Fast    RAMD32/CLK  n/a            0.768     15.000  14.232  SLICE_X2Y55    dbg_hub/inst/UUT_MASTER/U_ICON_INTERFACE/U_CMD6_WR/U_WR_FIFO/SUBCORE_FIFO.xsdbm_v1_0_wrfifo_inst/inst_fifo_gen/gconvfifo.rf/grf.rf/gntv_or_sync_fifo.mem/gdm.dm/RAM_reg_0_15_0_5/RAMA/CLK     
Low Pulse Width   Fast    RAMD32/CLK  n/a            0.768     15.000  14.232  SLICE_X2Y55    dbg_hub/inst/UUT_MASTER/U_ICON_INTERFACE/U_CMD6_WR/U_WR_FIFO/SUBCORE_FIFO.xsdbm_v1_0_wrfifo_inst/inst_fifo_gen/gconvfifo.rf/grf.rf/gntv_or_sync_fifo.mem/gdm.dm/RAM_reg_0_15_0_5/RAMA_D1/CLK  
Low Pulse Width   Fast    RAMD32/CLK  n/a            0.768     15.000  14.232  SLICE_X2Y55    dbg_hub/inst/UUT_MASTER/U_ICON_INTERFACE/U_CMD6_WR/U_WR_FIFO/SUBCORE_FIFO.xsdbm_v1_0_wrfifo_inst/inst_fifo_gen/gconvfifo.rf/grf.rf/gntv_or_sync_fifo.mem/gdm.dm/RAM_reg_0_15_0_5/RAMB/CLK     
Low Pulse Width   Fast    RAMD32/CLK  n/a            0.768     15.000  14.232  SLICE_X2Y55    dbg_hub/inst/UUT_MASTER/U_ICON_INTERFACE/U_CMD6_WR/U_WR_FIFO/SUBCORE_FIFO.xsdbm_v1_0_wrfifo_inst/inst_fifo_gen/gconvfifo.rf/grf.rf/gntv_or_sync_fifo.mem/gdm.dm/RAM_reg_0_15_0_5/RAMB_D1/CLK  
Low Pulse Width   Fast    RAMD32/CLK  n/a            0.768     15.000  14.232  SLICE_X2Y55    dbg_hub/inst/UUT_MASTER/U_ICON_INTERFACE/U_CMD6_WR/U_WR_FIFO/SUBCORE_FIFO.xsdbm_v1_0_wrfifo_inst/inst_fifo_gen/gconvfifo.rf/grf.rf/gntv_or_sync_fifo.mem/gdm.dm/RAM_reg_0_15_0_5/RAMC/CLK     
Low Pulse Width   Fast    RAMD32/CLK  n/a            0.768     15.000  14.232  SLICE_X2Y55    dbg_hub/inst/UUT_MASTER/U_ICON_INTERFACE/U_CMD6_WR/U_WR_FIFO/SUBCORE_FIFO.xsdbm_v1_0_wrfifo_inst/inst_fifo_gen/gconvfifo.rf/grf.rf/gntv_or_sync_fifo.mem/gdm.dm/RAM_reg_0_15_0_5/RAMC_D1/CLK  
Low Pulse Width   Fast    RAMS32/CLK  n/a            0.768     15.000  14.232  SLICE_X2Y55    dbg_hub/inst/UUT_MASTER/U_ICON_INTERFACE/U_CMD6_WR/U_WR_FIFO/SUBCORE_FIFO.xsdbm_v1_0_wrfifo_inst/inst_fifo_gen/gconvfifo.rf/grf.rf/gntv_or_sync_fifo.mem/gdm.dm/RAM_reg_0_15_0_5/RAMD/CLK     
Low Pulse Width   Fast    RAMS32/CLK  n/a            0.768     15.000  14.232  SLICE_X2Y55    dbg_hub/inst/UUT_MASTER/U_ICON_INTERFACE/U_CMD6_WR/U_WR_FIFO/SUBCORE_FIFO.xsdbm_v1_0_wrfifo_inst/inst_fifo_gen/gconvfifo.rf/grf.rf/gntv_or_sync_fifo.mem/gdm.dm/RAM_reg_0_15_0_5/RAMD_D1/CLK  
Low Pulse Width   Slow    RAMD32/CLK  n/a            0.768     15.000  14.232  SLICE_X2Y56    dbg_hub/inst/UUT_MASTER/U_ICON_INTERFACE/U_CMD6_WR/U_WR_FIFO/SUBCORE_FIFO.xsdbm_v1_0_wrfifo_inst/inst_fifo_gen/gconvfifo.rf/grf.rf/gntv_or_sync_fifo.mem/gdm.dm/RAM_reg_0_15_12_15/RAMA/CLK   
Low Pulse Width   Fast    RAMD32/CLK  n/a            0.768     15.000  14.232  SLICE_X2Y56    dbg_hub/inst/UUT_MASTER/U_ICON_INTERFACE/U_CMD6_WR/U_WR_FIFO/SUBCORE_FIFO.xsdbm_v1_0_wrfifo_inst/inst_fifo_gen/gconvfifo.rf/grf.rf/gntv_or_sync_fifo.mem/gdm.dm/RAM_reg_0_15_12_15/RAMA/CLK   
High Pulse Width  Slow    RAMD32/CLK  n/a            0.768     15.000  14.232  SLICE_X2Y55    dbg_hub/inst/UUT_MASTER/U_ICON_INTERFACE/U_CMD6_WR/U_WR_FIFO/SUBCORE_FIFO.xsdbm_v1_0_wrfifo_inst/inst_fifo_gen/gconvfifo.rf/grf.rf/gntv_or_sync_fifo.mem/gdm.dm/RAM_reg_0_15_0_5/RAMA/CLK     
High Pulse Width  Fast    RAMD32/CLK  n/a            0.768     15.000  14.232  SLICE_X2Y55    dbg_hub/inst/UUT_MASTER/U_ICON_INTERFACE/U_CMD6_WR/U_WR_FIFO/SUBCORE_FIFO.xsdbm_v1_0_wrfifo_inst/inst_fifo_gen/gconvfifo.rf/grf.rf/gntv_or_sync_fifo.mem/gdm.dm/RAM_reg_0_15_0_5/RAMA/CLK     
High Pulse Width  Slow    RAMD32/CLK  n/a            0.768     15.000  14.232  SLICE_X2Y55    dbg_hub/inst/UUT_MASTER/U_ICON_INTERFACE/U_CMD6_WR/U_WR_FIFO/SUBCORE_FIFO.xsdbm_v1_0_wrfifo_inst/inst_fifo_gen/gconvfifo.rf/grf.rf/gntv_or_sync_fifo.mem/gdm.dm/RAM_reg_0_15_0_5/RAMA_D1/CLK  
High Pulse Width  Fast    RAMD32/CLK  n/a            0.768     15.000  14.232  SLICE_X2Y55    dbg_hub/inst/UUT_MASTER/U_ICON_INTERFACE/U_CMD6_WR/U_WR_FIFO/SUBCORE_FIFO.xsdbm_v1_0_wrfifo_inst/inst_fifo_gen/gconvfifo.rf/grf.rf/gntv_or_sync_fifo.mem/gdm.dm/RAM_reg_0_15_0_5/RAMA_D1/CLK  
High Pulse Width  Slow    RAMD32/CLK  n/a            0.768     15.000  14.232  SLICE_X2Y55    dbg_hub/inst/UUT_MASTER/U_ICON_INTERFACE/U_CMD6_WR/U_WR_FIFO/SUBCORE_FIFO.xsdbm_v1_0_wrfifo_inst/inst_fifo_gen/gconvfifo.rf/grf.rf/gntv_or_sync_fifo.mem/gdm.dm/RAM_reg_0_15_0_5/RAMB/CLK     
High Pulse Width  Fast    RAMD32/CLK  n/a            0.768     15.000  14.232  SLICE_X2Y55    dbg_hub/inst/UUT_MASTER/U_ICON_INTERFACE/U_CMD6_WR/U_WR_FIFO/SUBCORE_FIFO.xsdbm_v1_0_wrfifo_inst/inst_fifo_gen/gconvfifo.rf/grf.rf/gntv_or_sync_fifo.mem/gdm.dm/RAM_reg_0_15_0_5/RAMB/CLK     
High Pulse Width  Slow    RAMD32/CLK  n/a            0.768     15.000  14.232  SLICE_X2Y55    dbg_hub/inst/UUT_MASTER/U_ICON_INTERFACE/U_CMD6_WR/U_WR_FIFO/SUBCORE_FIFO.xsdbm_v1_0_wrfifo_inst/inst_fifo_gen/gconvfifo.rf/grf.rf/gntv_or_sync_fifo.mem/gdm.dm/RAM_reg_0_15_0_5/RAMB_D1/CLK  
High Pulse Width  Fast    RAMD32/CLK  n/a            0.768     15.000  14.232  SLICE_X2Y55    dbg_hub/inst/UUT_MASTER/U_ICON_INTERFACE/U_CMD6_WR/U_WR_FIFO/SUBCORE_FIFO.xsdbm_v1_0_wrfifo_inst/inst_fifo_gen/gconvfifo.rf/grf.rf/gntv_or_sync_fifo.mem/gdm.dm/RAM_reg_0_15_0_5/RAMB_D1/CLK  
High Pulse Width  Slow    RAMD32/CLK  n/a            0.768     15.000  14.232  SLICE_X2Y55    dbg_hub/inst/UUT_MASTER/U_ICON_INTERFACE/U_CMD6_WR/U_WR_FIFO/SUBCORE_FIFO.xsdbm_v1_0_wrfifo_inst/inst_fifo_gen/gconvfifo.rf/grf.rf/gntv_or_sync_fifo.mem/gdm.dm/RAM_reg_0_15_0_5/RAMC/CLK     
High Pulse Width  Fast    RAMD32/CLK  n/a            0.768     15.000  14.232  SLICE_X2Y55    dbg_hub/inst/UUT_MASTER/U_ICON_INTERFACE/U_CMD6_WR/U_WR_FIFO/SUBCORE_FIFO.xsdbm_v1_0_wrfifo_inst/inst_fifo_gen/gconvfifo.rf/grf.rf/gntv_or_sync_fifo.mem/gdm.dm/RAM_reg_0_15_0_5/RAMC/CLK     



---------------------------------------------------------------------------------------------------
From Clock:  dbg_hub/inst/bscan_inst/SERIES7_BSCAN.bscan_inst/UPDATE
  To Clock:  dbg_hub/inst/bscan_inst/SERIES7_BSCAN.bscan_inst/UPDATE

Setup :            0  Failing Endpoints,  Worst Slack       59.146ns,  Total Violation        0.000ns
Hold  :            0  Failing Endpoints,  Worst Slack        0.370ns,  Total Violation        0.000ns
PW    :            0  Failing Endpoints,  Worst Slack       29.650ns,  Total Violation        0.000ns
---------------------------------------------------------------------------------------------------


Max Delay Paths
--------------------------------------------------------------------------------------
Slack (MET) :             59.146ns  (required time - arrival time)
  Source:                 dbg_hub/inst/U_ICON/iDATA_CMD_reg/C
                            (rising edge-triggered cell FDCE clocked by dbg_hub/inst/bscan_inst/SERIES7_BSCAN.bscan_inst/UPDATE  {rise@0.000ns fall@30.000ns period=60.000ns})
  Destination:            dbg_hub/inst/U_ICON/iDATA_CMD_reg/D
                            (rising edge-triggered cell FDCE clocked by dbg_hub/inst/bscan_inst/SERIES7_BSCAN.bscan_inst/UPDATE  {rise@0.000ns fall@30.000ns period=60.000ns})
  Path Group:             dbg_hub/inst/bscan_inst/SERIES7_BSCAN.bscan_inst/UPDATE
  Path Type:              Setup (Max at Slow Process Corner)
  Requirement:            60.000ns  (dbg_hub/inst/bscan_inst/SERIES7_BSCAN.bscan_inst/UPDATE rise@60.000ns - dbg_hub/inst/bscan_inst/SERIES7_BSCAN.bscan_inst/UPDATE rise@0.000ns)
  Data Path Delay:        0.817ns  (logic 0.302ns (36.977%)  route 0.515ns (63.023%))
  Logic Levels:           1  (LUT1=1)
  Clock Path Skew:        0.000ns (DCD - SCD + CPR)
    Destination Clock Delay (DCD):    4.073ns = ( 64.073 - 60.000 ) 
    Source Clock Delay      (SCD):    4.672ns
    Clock Pessimism Removal (CPR):    0.599ns
  Clock Uncertainty:      0.035ns  ((TSJ^2 + TIJ^2)^1/2 + DJ) / 2 + PE
    Total System Jitter     (TSJ):    0.071ns
    Total Input Jitter      (TIJ):    0.000ns
    Discrete Jitter          (DJ):    0.000ns
    Phase Error              (PE):    0.000ns

    Location             Delay type                Incr(ns)  Path(ns)    Netlist Resource(s)
  -------------------------------------------------------------------    -------------------
                         (clock dbg_hub/inst/bscan_inst/SERIES7_BSCAN.bscan_inst/UPDATE rise edge)
                                                      0.000     0.000 r  
    BSCAN_X0Y0           BSCANE2                      0.000     0.000 r  dbg_hub/inst/bscan_inst/SERIES7_BSCAN.bscan_inst/UPDATE
                         net (fo=1, routed)           2.939     2.939    dbg_hub/inst/UPDATE_temp
    BUFGCTRL_X0Y3        BUFG (Prop_bufg_I_O)         0.093     3.032 r  dbg_hub/inst/u_bufg_icon_update/O
                         net (fo=1, routed)           1.640     4.672    dbg_hub/inst/U_ICON/UPDATE
    SLICE_X14Y62                                                      r  dbg_hub/inst/U_ICON/iDATA_CMD_reg/C
  -------------------------------------------------------------------    -------------------
    SLICE_X14Y62         FDCE (Prop_fdce_C_Q)         0.259     4.931 f  dbg_hub/inst/U_ICON/iDATA_CMD_reg/Q
                         net (fo=2, routed)           0.288     5.219    dbg_hub/inst/U_ICON/U_SYNC/iDATA_CMD
    SLICE_X14Y62         LUT1 (Prop_lut1_I0_O)        0.043     5.262 r  dbg_hub/inst/U_ICON/U_SYNC/iDATA_CMD_i_1/O
                         net (fo=9, routed)           0.227     5.489    dbg_hub/inst/U_ICON/n_0_U_SYNC
    SLICE_X14Y62         FDCE                                         r  dbg_hub/inst/U_ICON/iDATA_CMD_reg/D
  -------------------------------------------------------------------    -------------------

                         (clock dbg_hub/inst/bscan_inst/SERIES7_BSCAN.bscan_inst/UPDATE rise edge)
                                                     60.000    60.000 r  
    BSCAN_X0Y0           BSCANE2                      0.000    60.000 r  dbg_hub/inst/bscan_inst/SERIES7_BSCAN.bscan_inst/UPDATE
                         net (fo=1, routed)           2.487    62.487    dbg_hub/inst/UPDATE_temp
    BUFGCTRL_X0Y3        BUFG (Prop_bufg_I_O)         0.083    62.570 r  dbg_hub/inst/u_bufg_icon_update/O
                         net (fo=1, routed)           1.503    64.073    dbg_hub/inst/U_ICON/UPDATE
    SLICE_X14Y62                                                      r  dbg_hub/inst/U_ICON/iDATA_CMD_reg/C
                         clock pessimism              0.599    64.672    
                         clock uncertainty           -0.035    64.637    
    SLICE_X14Y62         FDCE (Setup_fdce_C_D)       -0.002    64.635    dbg_hub/inst/U_ICON/iDATA_CMD_reg
  -------------------------------------------------------------------
                         required time                         64.635    
                         arrival time                          -5.489    
  -------------------------------------------------------------------
                         slack                                 59.146    





Min Delay Paths
--------------------------------------------------------------------------------------
Slack (MET) :             0.370ns  (arrival time - required time)
  Source:                 dbg_hub/inst/U_ICON/iDATA_CMD_reg/C
                            (rising edge-triggered cell FDCE clocked by dbg_hub/inst/bscan_inst/SERIES7_BSCAN.bscan_inst/UPDATE  {rise@0.000ns fall@30.000ns period=60.000ns})
  Destination:            dbg_hub/inst/U_ICON/iDATA_CMD_reg/D
                            (rising edge-triggered cell FDCE clocked by dbg_hub/inst/bscan_inst/SERIES7_BSCAN.bscan_inst/UPDATE  {rise@0.000ns fall@30.000ns period=60.000ns})
  Path Group:             dbg_hub/inst/bscan_inst/SERIES7_BSCAN.bscan_inst/UPDATE
  Path Type:              Hold (Min at Fast Process Corner)
  Requirement:            0.000ns  (dbg_hub/inst/bscan_inst/SERIES7_BSCAN.bscan_inst/UPDATE rise@0.000ns - dbg_hub/inst/bscan_inst/SERIES7_BSCAN.bscan_inst/UPDATE rise@0.000ns)
  Data Path Delay:        0.407ns  (logic 0.146ns (35.897%)  route 0.261ns (64.103%))
  Logic Levels:           1  (LUT1=1)
  Clock Path Skew:        0.000ns (DCD - SCD - CPR)
    Destination Clock Delay (DCD):    2.796ns
    Source Clock Delay      (SCD):    2.278ns
    Clock Pessimism Removal (CPR):    0.518ns

    Location             Delay type                Incr(ns)  Path(ns)    Netlist Resource(s)
  -------------------------------------------------------------------    -------------------
                         (clock dbg_hub/inst/bscan_inst/SERIES7_BSCAN.bscan_inst/UPDATE rise edge)
                                                      0.000     0.000 r  
    BSCAN_X0Y0           BSCANE2                      0.000     0.000 r  dbg_hub/inst/bscan_inst/SERIES7_BSCAN.bscan_inst/UPDATE
                         net (fo=1, routed)           1.560     1.560    dbg_hub/inst/UPDATE_temp
    BUFGCTRL_X0Y3        BUFG (Prop_bufg_I_O)         0.026     1.586 r  dbg_hub/inst/u_bufg_icon_update/O
                         net (fo=1, routed)           0.692     2.278    dbg_hub/inst/U_ICON/UPDATE
    SLICE_X14Y62                                                      r  dbg_hub/inst/U_ICON/iDATA_CMD_reg/C
  -------------------------------------------------------------------    -------------------
    SLICE_X14Y62         FDCE (Prop_fdce_C_Q)         0.118     2.396 f  dbg_hub/inst/U_ICON/iDATA_CMD_reg/Q
                         net (fo=2, routed)           0.148     2.544    dbg_hub/inst/U_ICON/U_SYNC/iDATA_CMD
    SLICE_X14Y62         LUT1 (Prop_lut1_I0_O)        0.028     2.572 r  dbg_hub/inst/U_ICON/U_SYNC/iDATA_CMD_i_1/O
                         net (fo=9, routed)           0.113     2.685    dbg_hub/inst/U_ICON/n_0_U_SYNC
    SLICE_X14Y62         FDCE                                         r  dbg_hub/inst/U_ICON/iDATA_CMD_reg/D
  -------------------------------------------------------------------    -------------------

                         (clock dbg_hub/inst/bscan_inst/SERIES7_BSCAN.bscan_inst/UPDATE rise edge)
                                                      0.000     0.000 r  
    BSCAN_X0Y0           BSCANE2                      0.000     0.000 r  dbg_hub/inst/bscan_inst/SERIES7_BSCAN.bscan_inst/UPDATE
                         net (fo=1, routed)           1.834     1.834    dbg_hub/inst/UPDATE_temp
    BUFGCTRL_X0Y3        BUFG (Prop_bufg_I_O)         0.030     1.864 r  dbg_hub/inst/u_bufg_icon_update/O
                         net (fo=1, routed)           0.932     2.796    dbg_hub/inst/U_ICON/UPDATE
    SLICE_X14Y62                                                      r  dbg_hub/inst/U_ICON/iDATA_CMD_reg/C
                         clock pessimism             -0.518     2.278    
    SLICE_X14Y62         FDCE (Hold_fdce_C_D)         0.037     2.315    dbg_hub/inst/U_ICON/iDATA_CMD_reg
  -------------------------------------------------------------------
                         required time                         -2.315    
                         arrival time                           2.685    
  -------------------------------------------------------------------
                         slack                                  0.370    





Pulse Width Checks
--------------------------------------------------------------------------------------
Clock Name:         dbg_hub/inst/bscan_inst/SERIES7_BSCAN.bscan_inst/UPDATE
Waveform:           { 0 30 }
Period:             60.000
Sources:            { dbg_hub/inst/bscan_inst/SERIES7_BSCAN.bscan_inst/UPDATE }

Check Type        Corner  Lib Pin  Reference Pin  Required  Actual  Slack   Location       Pin                                  
Min Period        n/a     BUFG/I   n/a            1.408     60.000  58.591  BUFGCTRL_X0Y3  dbg_hub/inst/u_bufg_icon_update/I    
Min Period        n/a     FDCE/C   n/a            0.700     60.000  59.300  SLICE_X14Y62   dbg_hub/inst/U_ICON/iDATA_CMD_reg/C  
Low Pulse Width   Fast    FDCE/C   n/a            0.350     30.000  29.650  SLICE_X14Y62   dbg_hub/inst/U_ICON/iDATA_CMD_reg/C  
Low Pulse Width   Slow    FDCE/C   n/a            0.350     30.000  29.650  SLICE_X14Y62   dbg_hub/inst/U_ICON/iDATA_CMD_reg/C  
High Pulse Width  Slow    FDCE/C   n/a            0.350     30.000  29.650  SLICE_X14Y62   dbg_hub/inst/U_ICON/iDATA_CMD_reg/C  
High Pulse Width  Fast    FDCE/C   n/a            0.350     30.000  29.650  SLICE_X14Y62   dbg_hub/inst/U_ICON/iDATA_CMD_reg/C  



---------------------------------------------------------------------------------------------------
From Clock:  sys_clk_pin
  To Clock:  sys_clk_pin

Setup :           NA  Failing Endpoints,  Worst Slack           NA  ,  Total Violation           NA
Hold  :           NA  Failing Endpoints,  Worst Slack           NA  ,  Total Violation           NA
PW    :            0  Failing Endpoints,  Worst Slack        1.100ns,  Total Violation        0.000ns
---------------------------------------------------------------------------------------------------


Pulse Width Checks
--------------------------------------------------------------------------------------
Clock Name:         sys_clk_pin
Waveform:           { 0 2.5 }
Period:             5.000
Sources:            { sys_clk_p }

Check Type        Corner  Lib Pin            Reference Pin  Required  Actual  Slack   Location         Pin                              
Min Period        n/a     MMCME2_ADV/CLKIN1  n/a            1.071     5.000   3.929   MMCME2_ADV_X1Y1  i_pll/inst/mmcm_adv_inst/CLKIN1  
Max Period        n/a     MMCME2_ADV/CLKIN1  n/a            100.000   5.000   95.000  MMCME2_ADV_X1Y1  i_pll/inst/mmcm_adv_inst/CLKIN1  
Low Pulse Width   Fast    MMCME2_ADV/CLKIN1  n/a            1.400     2.500   1.100   MMCME2_ADV_X1Y1  i_pll/inst/mmcm_adv_inst/CLKIN1  
Low Pulse Width   Slow    MMCME2_ADV/CLKIN1  n/a            1.400     2.500   1.100   MMCME2_ADV_X1Y1  i_pll/inst/mmcm_adv_inst/CLKIN1  
High Pulse Width  Slow    MMCME2_ADV/CLKIN1  n/a            1.400     2.500   1.100   MMCME2_ADV_X1Y1  i_pll/inst/mmcm_adv_inst/CLKIN1  
High Pulse Width  Fast    MMCME2_ADV/CLKIN1  n/a            1.400     2.500   1.100   MMCME2_ADV_X1Y1  i_pll/inst/mmcm_adv_inst/CLKIN1  



---------------------------------------------------------------------------------------------------
From Clock:  clk_32M_clk_wiz_0_1
  To Clock:  clk_32M_clk_wiz_0_1

Setup :            0  Failing Endpoints,  Worst Slack       27.501ns,  Total Violation        0.000ns
Hold  :            0  Failing Endpoints,  Worst Slack        0.102ns,  Total Violation        0.000ns
PW    :            0  Failing Endpoints,  Worst Slack       14.857ns,  Total Violation        0.000ns
---------------------------------------------------------------------------------------------------


Max Delay Paths
--------------------------------------------------------------------------------------
Slack (MET) :             27.501ns  (required time - arrival time)
  Source:                 dbg_hub/inst/UUT_MASTER/U_ICON_INTERFACE/U_CMD4/ctl_reg_reg[17]/C
                            (rising edge-triggered cell FDRE clocked by clk_32M_clk_wiz_0_1  {rise@0.000ns fall@15.625ns period=31.250ns})
  Destination:            dbg_hub/inst/UUT_MASTER/U_XSDB_BUS_CONTROLLER/sl_den_r_reg[0]/D
                            (rising edge-triggered cell FDCE clocked by clk_32M_clk_wiz_0_1  {rise@0.000ns fall@15.625ns period=31.250ns})
  Path Group:             clk_32M_clk_wiz_0_1
  Path Type:              Setup (Max at Slow Process Corner)
  Requirement:            31.250ns  (clk_32M_clk_wiz_0_1 rise@31.250ns - clk_32M_clk_wiz_0_1 rise@0.000ns)
  Data Path Delay:        3.715ns  (logic 0.438ns (11.791%)  route 3.277ns (88.209%))
  Logic Levels:           5  (LUT3=1 LUT6=4)
  Clock Path Skew:        -0.021ns (DCD - SCD + CPR)
    Destination Clock Delay (DCD):    -1.458ns = ( 29.792 - 31.250 ) 
    Source Clock Delay      (SCD):    -2.022ns
    Clock Pessimism Removal (CPR):    -0.585ns
  Clock Uncertainty:      0.080ns  ((TSJ^2 + DJ^2)^1/2) / 2 + PE
    Total System Jitter     (TSJ):    0.071ns
    Discrete Jitter          (DJ):    0.143ns
    Phase Error              (PE):    0.000ns

    Location             Delay type                Incr(ns)  Path(ns)    Netlist Resource(s)
  -------------------------------------------------------------------    -------------------
                         (clock clk_32M_clk_wiz_0_1 rise edge)
                                                      0.000     0.000 r  
    AE10                                              0.000     0.000 r  sys_clk_p
                         net (fo=0)                   0.000     0.000    i_pll/inst/clk_in1_p
    AE10                 IBUFDS (Prop_ibufds_I_O)     0.818     0.818 r  i_pll/inst/clkin1_ibufgds/O
                         net (fo=1, routed)           1.081     1.899    i_pll/inst/clk_in1_clk_wiz_0
    MMCME2_ADV_X1Y1      MMCME2_ADV (Prop_mmcme2_adv_CLKIN1_CLKOUT1)
                                                     -7.786    -5.887 r  i_pll/inst/mmcm_adv_inst/CLKOUT1
                         net (fo=1, routed)           2.130    -3.757    i_pll/inst/clk_32M_clk_wiz_0
    BUFGCTRL_X0Y0        BUFG (Prop_bufg_I_O)         0.093    -3.664 r  i_pll/inst/clkout2_buf/O
                         net (fo=639, routed)         1.642    -2.022    dbg_hub/inst/UUT_MASTER/U_ICON_INTERFACE/U_CMD4/clk
    SLICE_X9Y59                                                       r  dbg_hub/inst/UUT_MASTER/U_ICON_INTERFACE/U_CMD4/ctl_reg_reg[17]/C
  -------------------------------------------------------------------    -------------------
    SLICE_X9Y59          FDRE (Prop_fdre_C_Q)         0.223    -1.799 f  dbg_hub/inst/UUT_MASTER/U_ICON_INTERFACE/U_CMD4/ctl_reg_reg[17]/Q
                         net (fo=4, routed)           0.892    -0.908    dbg_hub/inst/UUT_MASTER/U_XSDB_BUS_CONTROLLER/U_RD_ABORT_FLAG/I12[0]
    SLICE_X6Y64          LUT6 (Prop_lut6_I3_O)        0.043    -0.865 r  dbg_hub/inst/UUT_MASTER/U_XSDB_BUS_CONTROLLER/U_RD_ABORT_FLAG/current_state[2]_i_6/O
                         net (fo=1, routed)           0.259    -0.606    dbg_hub/inst/UUT_MASTER/U_XSDB_BUS_CONTROLLER/U_RD_ABORT_FLAG/n_0_current_state[2]_i_6
    SLICE_X7Y64          LUT6 (Prop_lut6_I5_O)        0.043    -0.563 r  dbg_hub/inst/UUT_MASTER/U_XSDB_BUS_CONTROLLER/U_RD_ABORT_FLAG/current_state[2]_i_2/O
                         net (fo=2, routed)           0.237    -0.326    dbg_hub/inst/UUT_MASTER/U_XSDB_BUS_CONTROLLER/U_RD_ABORT_FLAG/n_0_current_state[2]_i_2
    SLICE_X7Y65          LUT6 (Prop_lut6_I0_O)        0.043    -0.283 r  dbg_hub/inst/UUT_MASTER/U_XSDB_BUS_CONTROLLER/U_RD_ABORT_FLAG/current_state[2]_i_1/O
                         net (fo=22, routed)          1.446     1.163    dbg_hub/inst/UUT_MASTER/U_XSDB_BUS_CONTROLLER/U_TIMER/I1[1]
    SLICE_X8Y58          LUT6 (Prop_lut6_I4_O)        0.043     1.206 r  dbg_hub/inst/UUT_MASTER/U_XSDB_BUS_CONTROLLER/U_TIMER/sl_den_r[0]_i_2/O
                         net (fo=1, routed)           0.444     1.649    dbg_hub/inst/UUT_MASTER/U_XSDB_BUS_CONTROLLER/U_TIMER/sl_den_r
    SLICE_X8Y59          LUT3 (Prop_lut3_I0_O)        0.043     1.692 r  dbg_hub/inst/UUT_MASTER/U_XSDB_BUS_CONTROLLER/U_TIMER/sl_den_r[0]_i_1/O
                         net (fo=1, routed)           0.000     1.692    dbg_hub/inst/UUT_MASTER/U_XSDB_BUS_CONTROLLER/n_13_U_TIMER
    SLICE_X8Y59          FDCE                                         r  dbg_hub/inst/UUT_MASTER/U_XSDB_BUS_CONTROLLER/sl_den_r_reg[0]/D
  -------------------------------------------------------------------    -------------------

                         (clock clk_32M_clk_wiz_0_1 rise edge)
                                                     31.250    31.250 r  
    AE10                                              0.000    31.250 r  sys_clk_p
                         net (fo=0)                   0.000    31.250    i_pll/inst/clk_in1_p
    AE10                 IBUFDS (Prop_ibufds_I_O)     0.722    31.972 r  i_pll/inst/clkin1_ibufgds/O
                         net (fo=1, routed)           0.986    32.958    i_pll/inst/clk_in1_clk_wiz_0
    MMCME2_ADV_X1Y1      MMCME2_ADV (Prop_mmcme2_adv_CLKIN1_CLKOUT1)
                                                     -6.759    26.199 r  i_pll/inst/mmcm_adv_inst/CLKOUT1
                         net (fo=1, routed)           2.005    28.204    i_pll/inst/clk_32M_clk_wiz_0
    BUFGCTRL_X0Y0        BUFG (Prop_bufg_I_O)         0.083    28.287 r  i_pll/inst/clkout2_buf/O
                         net (fo=639, routed)         1.505    29.792    dbg_hub/inst/UUT_MASTER/U_XSDB_BUS_CONTROLLER/clk
    SLICE_X8Y59                                                       r  dbg_hub/inst/UUT_MASTER/U_XSDB_BUS_CONTROLLER/sl_den_r_reg[0]/C
                         clock pessimism             -0.585    29.207    
                         clock uncertainty           -0.080    29.127    
    SLICE_X8Y59          FDCE (Setup_fdce_C_D)        0.066    29.193    dbg_hub/inst/UUT_MASTER/U_XSDB_BUS_CONTROLLER/sl_den_r_reg[0]
  -------------------------------------------------------------------
                         required time                         29.193    
                         arrival time                          -1.692    
  -------------------------------------------------------------------
                         slack                                 27.501    

Slack (MET) :             27.750ns  (required time - arrival time)
  Source:                 dbg_hub/inst/UUT_MASTER/U_ICON_INTERFACE/U_CMD4/ctl_reg_reg[17]/C
                            (rising edge-triggered cell FDRE clocked by clk_32M_clk_wiz_0_1  {rise@0.000ns fall@15.625ns period=31.250ns})
  Destination:            dbg_hub/inst/UUT_MASTER/U_XSDB_BUS_CONTROLLER/sl_rst_r_reg[0]/D
                            (rising edge-triggered cell FDCE clocked by clk_32M_clk_wiz_0_1  {rise@0.000ns fall@15.625ns period=31.250ns})
  Path Group:             clk_32M_clk_wiz_0_1
  Path Type:              Setup (Max at Slow Process Corner)
  Requirement:            31.250ns  (clk_32M_clk_wiz_0_1 rise@31.250ns - clk_32M_clk_wiz_0_1 rise@0.000ns)
  Data Path Delay:        3.458ns  (logic 0.438ns (12.665%)  route 3.020ns (87.335%))
  Logic Levels:           5  (LUT4=1 LUT5=1 LUT6=3)
  Clock Path Skew:        -0.026ns (DCD - SCD + CPR)
    Destination Clock Delay (DCD):    -1.459ns = ( 29.791 - 31.250 ) 
    Source Clock Delay      (SCD):    -2.022ns
    Clock Pessimism Removal (CPR):    -0.589ns
  Clock Uncertainty:      0.080ns  ((TSJ^2 + DJ^2)^1/2) / 2 + PE
    Total System Jitter     (TSJ):    0.071ns
    Discrete Jitter          (DJ):    0.143ns
    Phase Error              (PE):    0.000ns

    Location             Delay type                Incr(ns)  Path(ns)    Netlist Resource(s)
  -------------------------------------------------------------------    -------------------
                         (clock clk_32M_clk_wiz_0_1 rise edge)
                                                      0.000     0.000 r  
    AE10                                              0.000     0.000 r  sys_clk_p
                         net (fo=0)                   0.000     0.000    i_pll/inst/clk_in1_p
    AE10                 IBUFDS (Prop_ibufds_I_O)     0.818     0.818 r  i_pll/inst/clkin1_ibufgds/O
                         net (fo=1, routed)           1.081     1.899    i_pll/inst/clk_in1_clk_wiz_0
    MMCME2_ADV_X1Y1      MMCME2_ADV (Prop_mmcme2_adv_CLKIN1_CLKOUT1)
                                                     -7.786    -5.887 r  i_pll/inst/mmcm_adv_inst/CLKOUT1
                         net (fo=1, routed)           2.130    -3.757    i_pll/inst/clk_32M_clk_wiz_0
    BUFGCTRL_X0Y0        BUFG (Prop_bufg_I_O)         0.093    -3.664 r  i_pll/inst/clkout2_buf/O
                         net (fo=639, routed)         1.642    -2.022    dbg_hub/inst/UUT_MASTER/U_ICON_INTERFACE/U_CMD4/clk
    SLICE_X9Y59                                                       r  dbg_hub/inst/UUT_MASTER/U_ICON_INTERFACE/U_CMD4/ctl_reg_reg[17]/C
  -------------------------------------------------------------------    -------------------
    SLICE_X9Y59          FDRE (Prop_fdre_C_Q)         0.223    -1.799 r  dbg_hub/inst/UUT_MASTER/U_ICON_INTERFACE/U_CMD4/ctl_reg_reg[17]/Q
                         net (fo=4, routed)           0.892    -0.908    dbg_hub/inst/UUT_MASTER/U_XSDB_BUS_CONTROLLER/U_RD_ABORT_FLAG/I12[0]
    SLICE_X6Y64          LUT6 (Prop_lut6_I3_O)        0.043    -0.865 f  dbg_hub/inst/UUT_MASTER/U_XSDB_BUS_CONTROLLER/U_RD_ABORT_FLAG/current_state[2]_i_6/O
                         net (fo=1, routed)           0.259    -0.606    dbg_hub/inst/UUT_MASTER/U_XSDB_BUS_CONTROLLER/U_RD_ABORT_FLAG/n_0_current_state[2]_i_6
    SLICE_X7Y64          LUT6 (Prop_lut6_I5_O)        0.043    -0.563 f  dbg_hub/inst/UUT_MASTER/U_XSDB_BUS_CONTROLLER/U_RD_ABORT_FLAG/current_state[2]_i_2/O
                         net (fo=2, routed)           0.237    -0.326    dbg_hub/inst/UUT_MASTER/U_XSDB_BUS_CONTROLLER/U_RD_ABORT_FLAG/n_0_current_state[2]_i_2
    SLICE_X7Y65          LUT6 (Prop_lut6_I0_O)        0.043    -0.283 f  dbg_hub/inst/UUT_MASTER/U_XSDB_BUS_CONTROLLER/U_RD_ABORT_FLAG/current_state[2]_i_1/O
                         net (fo=22, routed)          1.267     0.984    dbg_hub/inst/UUT_MASTER/U_XSDB_BUS_CONTROLLER/U_TIMER/I1[1]
    SLICE_X8Y60          LUT5 (Prop_lut5_I4_O)        0.043     1.027 r  dbg_hub/inst/UUT_MASTER/U_XSDB_BUS_CONTROLLER/U_TIMER/sl_rst_r[0]_i_2/O
                         net (fo=1, routed)           0.367     1.393    dbg_hub/inst/UUT_MASTER/U_XSDB_BUS_CONTROLLER/U_RD_ABORT_FLAG/in_normal_mode
    SLICE_X8Y60          LUT4 (Prop_lut4_I2_O)        0.043     1.436 r  dbg_hub/inst/UUT_MASTER/U_XSDB_BUS_CONTROLLER/U_RD_ABORT_FLAG/sl_rst_r[0]_i_1/O
                         net (fo=1, routed)           0.000     1.436    dbg_hub/inst/UUT_MASTER/U_XSDB_BUS_CONTROLLER/n_7_U_RD_ABORT_FLAG
    SLICE_X8Y60          FDCE                                         r  dbg_hub/inst/UUT_MASTER/U_XSDB_BUS_CONTROLLER/sl_rst_r_reg[0]/D
  -------------------------------------------------------------------    -------------------

                         (clock clk_32M_clk_wiz_0_1 rise edge)
                                                     31.250    31.250 r  
    AE10                                              0.000    31.250 r  sys_clk_p
                         net (fo=0)                   0.000    31.250    i_pll/inst/clk_in1_p
    AE10                 IBUFDS (Prop_ibufds_I_O)     0.722    31.972 r  i_pll/inst/clkin1_ibufgds/O
                         net (fo=1, routed)           0.986    32.958    i_pll/inst/clk_in1_clk_wiz_0
    MMCME2_ADV_X1Y1      MMCME2_ADV (Prop_mmcme2_adv_CLKIN1_CLKOUT1)
                                                     -6.759    26.199 r  i_pll/inst/mmcm_adv_inst/CLKOUT1
                         net (fo=1, routed)           2.005    28.204    i_pll/inst/clk_32M_clk_wiz_0
    BUFGCTRL_X0Y0        BUFG (Prop_bufg_I_O)         0.083    28.287 r  i_pll/inst/clkout2_buf/O
                         net (fo=639, routed)         1.504    29.791    dbg_hub/inst/UUT_MASTER/U_XSDB_BUS_CONTROLLER/clk
    SLICE_X8Y60                                                       r  dbg_hub/inst/UUT_MASTER/U_XSDB_BUS_CONTROLLER/sl_rst_r_reg[0]/C
                         clock pessimism             -0.589    29.202    
                         clock uncertainty           -0.080    29.122    
    SLICE_X8Y60          FDCE (Setup_fdce_C_D)        0.064    29.186    dbg_hub/inst/UUT_MASTER/U_XSDB_BUS_CONTROLLER/sl_rst_r_reg[0]
  -------------------------------------------------------------------
                         required time                         29.186    
                         arrival time                          -1.436    
  -------------------------------------------------------------------
                         slack                                 27.750    

Slack (MET) :             27.795ns  (required time - arrival time)
  Source:                 dbg_hub/inst/UUT_MASTER/U_ICON_INTERFACE/U_CMD4/ctl_reg_reg[17]/C
                            (rising edge-triggered cell FDRE clocked by clk_32M_clk_wiz_0_1  {rise@0.000ns fall@15.625ns period=31.250ns})
  Destination:            dbg_hub/inst/UUT_MASTER/U_XSDB_BUS_CONTROLLER/inc_addr_r_reg/D
                            (rising edge-triggered cell FDCE clocked by clk_32M_clk_wiz_0_1  {rise@0.000ns fall@15.625ns period=31.250ns})
  Path Group:             clk_32M_clk_wiz_0_1
  Path Type:              Setup (Max at Slow Process Corner)
  Requirement:            31.250ns  (clk_32M_clk_wiz_0_1 rise@31.250ns - clk_32M_clk_wiz_0_1 rise@0.000ns)
  Data Path Delay:        3.420ns  (logic 0.438ns (12.808%)  route 2.982ns (87.192%))
  Logic Levels:           5  (LUT3=1 LUT5=1 LUT6=3)
  Clock Path Skew:        -0.021ns (DCD - SCD + CPR)
    Destination Clock Delay (DCD):    -1.458ns = ( 29.792 - 31.250 ) 
    Source Clock Delay      (SCD):    -2.022ns
    Clock Pessimism Removal (CPR):    -0.585ns
  Clock Uncertainty:      0.080ns  ((TSJ^2 + DJ^2)^1/2) / 2 + PE
    Total System Jitter     (TSJ):    0.071ns
    Discrete Jitter          (DJ):    0.143ns
    Phase Error              (PE):    0.000ns

    Location             Delay type                Incr(ns)  Path(ns)    Netlist Resource(s)
  -------------------------------------------------------------------    -------------------
                         (clock clk_32M_clk_wiz_0_1 rise edge)
                                                      0.000     0.000 r  
    AE10                                              0.000     0.000 r  sys_clk_p
                         net (fo=0)                   0.000     0.000    i_pll/inst/clk_in1_p
    AE10                 IBUFDS (Prop_ibufds_I_O)     0.818     0.818 r  i_pll/inst/clkin1_ibufgds/O
                         net (fo=1, routed)           1.081     1.899    i_pll/inst/clk_in1_clk_wiz_0
    MMCME2_ADV_X1Y1      MMCME2_ADV (Prop_mmcme2_adv_CLKIN1_CLKOUT1)
                                                     -7.786    -5.887 r  i_pll/inst/mmcm_adv_inst/CLKOUT1
                         net (fo=1, routed)           2.130    -3.757    i_pll/inst/clk_32M_clk_wiz_0
    BUFGCTRL_X0Y0        BUFG (Prop_bufg_I_O)         0.093    -3.664 r  i_pll/inst/clkout2_buf/O
                         net (fo=639, routed)         1.642    -2.022    dbg_hub/inst/UUT_MASTER/U_ICON_INTERFACE/U_CMD4/clk
    SLICE_X9Y59                                                       r  dbg_hub/inst/UUT_MASTER/U_ICON_INTERFACE/U_CMD4/ctl_reg_reg[17]/C
  -------------------------------------------------------------------    -------------------
    SLICE_X9Y59          FDRE (Prop_fdre_C_Q)         0.223    -1.799 r  dbg_hub/inst/UUT_MASTER/U_ICON_INTERFACE/U_CMD4/ctl_reg_reg[17]/Q
                         net (fo=4, routed)           0.892    -0.908    dbg_hub/inst/UUT_MASTER/U_XSDB_BUS_CONTROLLER/U_RD_ABORT_FLAG/I12[0]
    SLICE_X6Y64          LUT6 (Prop_lut6_I3_O)        0.043    -0.865 f  dbg_hub/inst/UUT_MASTER/U_XSDB_BUS_CONTROLLER/U_RD_ABORT_FLAG/current_state[2]_i_6/O
                         net (fo=1, routed)           0.259    -0.606    dbg_hub/inst/UUT_MASTER/U_XSDB_BUS_CONTROLLER/U_RD_ABORT_FLAG/n_0_current_state[2]_i_6
    SLICE_X7Y64          LUT6 (Prop_lut6_I5_O)        0.043    -0.563 f  dbg_hub/inst/UUT_MASTER/U_XSDB_BUS_CONTROLLER/U_RD_ABORT_FLAG/current_state[2]_i_2/O
                         net (fo=2, routed)           0.237    -0.326    dbg_hub/inst/UUT_MASTER/U_XSDB_BUS_CONTROLLER/U_RD_ABORT_FLAG/n_0_current_state[2]_i_2
    SLICE_X7Y65          LUT6 (Prop_lut6_I0_O)        0.043    -0.283 f  dbg_hub/inst/UUT_MASTER/U_XSDB_BUS_CONTROLLER/U_RD_ABORT_FLAG/current_state[2]_i_1/O
                         net (fo=22, routed)          1.149     0.866    dbg_hub/inst/UUT_MASTER/U_XSDB_BUS_CONTROLLER/U_TIMER/I1[1]
    SLICE_X8Y60          LUT5 (Prop_lut5_I2_O)        0.043     0.909 r  dbg_hub/inst/UUT_MASTER/U_XSDB_BUS_CONTROLLER/U_TIMER/g0_b0__5/O
                         net (fo=1, routed)           0.446     1.355    dbg_hub/inst/UUT_MASTER/U_XSDB_BUS_CONTROLLER/U_TIMER/n_0_g0_b0__5
    SLICE_X8Y59          LUT3 (Prop_lut3_I0_O)        0.043     1.398 r  dbg_hub/inst/UUT_MASTER/U_XSDB_BUS_CONTROLLER/U_TIMER/inc_addr_r_i_1/O
                         net (fo=1, routed)           0.000     1.398    dbg_hub/inst/UUT_MASTER/U_XSDB_BUS_CONTROLLER/n_11_U_TIMER
    SLICE_X8Y59          FDCE                                         r  dbg_hub/inst/UUT_MASTER/U_XSDB_BUS_CONTROLLER/inc_addr_r_reg/D
  -------------------------------------------------------------------    -------------------

                         (clock clk_32M_clk_wiz_0_1 rise edge)
                                                     31.250    31.250 r  
    AE10                                              0.000    31.250 r  sys_clk_p
                         net (fo=0)                   0.000    31.250    i_pll/inst/clk_in1_p
    AE10                 IBUFDS (Prop_ibufds_I_O)     0.722    31.972 r  i_pll/inst/clkin1_ibufgds/O
                         net (fo=1, routed)           0.986    32.958    i_pll/inst/clk_in1_clk_wiz_0
    MMCME2_ADV_X1Y1      MMCME2_ADV (Prop_mmcme2_adv_CLKIN1_CLKOUT1)
                                                     -6.759    26.199 r  i_pll/inst/mmcm_adv_inst/CLKOUT1
                         net (fo=1, routed)           2.005    28.204    i_pll/inst/clk_32M_clk_wiz_0
    BUFGCTRL_X0Y0        BUFG (Prop_bufg_I_O)         0.083    28.287 r  i_pll/inst/clkout2_buf/O
                         net (fo=639, routed)         1.505    29.792    dbg_hub/inst/UUT_MASTER/U_XSDB_BUS_CONTROLLER/clk
    SLICE_X8Y59                                                       r  dbg_hub/inst/UUT_MASTER/U_XSDB_BUS_CONTROLLER/inc_addr_r_reg/C
                         clock pessimism             -0.585    29.207    
                         clock uncertainty           -0.080    29.127    
    SLICE_X8Y59          FDCE (Setup_fdce_C_D)        0.065    29.192    dbg_hub/inst/UUT_MASTER/U_XSDB_BUS_CONTROLLER/inc_addr_r_reg
  -------------------------------------------------------------------
                         required time                         29.192    
                         arrival time                          -1.398    
  -------------------------------------------------------------------
                         slack                                 27.795    

Slack (MET) :             27.925ns  (required time - arrival time)
  Source:                 dbg_hub/inst/UUT_MASTER/U_XSDB_BUS_CONTROLLER/current_state_reg[0]/C
                            (rising edge-triggered cell FDCE clocked by clk_32M_clk_wiz_0_1  {rise@0.000ns fall@15.625ns period=31.250ns})
  Destination:            dbg_hub/inst/UUT_MASTER/U_XSDB_BUS_CONTROLLER/active_sl_den_mask_reg[0]/D
                            (rising edge-triggered cell FDCE clocked by clk_32M_clk_wiz_0_1  {rise@0.000ns fall@15.625ns period=31.250ns})
  Path Group:             clk_32M_clk_wiz_0_1
  Path Type:              Setup (Max at Slow Process Corner)
  Requirement:            31.250ns  (clk_32M_clk_wiz_0_1 rise@31.250ns - clk_32M_clk_wiz_0_1 rise@0.000ns)
  Data Path Delay:        3.214ns  (logic 0.719ns (22.372%)  route 2.495ns (77.628%))
  Logic Levels:           6  (LUT2=1 LUT5=1 LUT6=3 MUXF7=1)
  Clock Path Skew:        -0.096ns (DCD - SCD + CPR)
    Destination Clock Delay (DCD):    -1.458ns = ( 29.792 - 31.250 ) 
    Source Clock Delay      (SCD):    -1.973ns
    Clock Pessimism Removal (CPR):    -0.611ns
  Clock Uncertainty:      0.080ns  ((TSJ^2 + DJ^2)^1/2) / 2 + PE
    Total System Jitter     (TSJ):    0.071ns
    Discrete Jitter          (DJ):    0.143ns
    Phase Error              (PE):    0.000ns

    Location             Delay type                Incr(ns)  Path(ns)    Netlist Resource(s)
  -------------------------------------------------------------------    -------------------
                         (clock clk_32M_clk_wiz_0_1 rise edge)
                                                      0.000     0.000 r  
    AE10                                              0.000     0.000 r  sys_clk_p
                         net (fo=0)                   0.000     0.000    i_pll/inst/clk_in1_p
    AE10                 IBUFDS (Prop_ibufds_I_O)     0.818     0.818 r  i_pll/inst/clkin1_ibufgds/O
                         net (fo=1, routed)           1.081     1.899    i_pll/inst/clk_in1_clk_wiz_0
    MMCME2_ADV_X1Y1      MMCME2_ADV (Prop_mmcme2_adv_CLKIN1_CLKOUT1)
                                                     -7.786    -5.887 r  i_pll/inst/mmcm_adv_inst/CLKOUT1
                         net (fo=1, routed)           2.130    -3.757    i_pll/inst/clk_32M_clk_wiz_0
    BUFGCTRL_X0Y0        BUFG (Prop_bufg_I_O)         0.093    -3.664 r  i_pll/inst/clkout2_buf/O
                         net (fo=639, routed)         1.691    -1.973    dbg_hub/inst/UUT_MASTER/U_XSDB_BUS_CONTROLLER/clk
    SLICE_X6Y65                                                       r  dbg_hub/inst/UUT_MASTER/U_XSDB_BUS_CONTROLLER/current_state_reg[0]/C
  -------------------------------------------------------------------    -------------------
    SLICE_X6Y65          FDCE (Prop_fdce_C_Q)         0.236    -1.737 r  dbg_hub/inst/UUT_MASTER/U_XSDB_BUS_CONTROLLER/current_state_reg[0]/Q
                         net (fo=20, routed)          0.665    -1.072    dbg_hub/inst/UUT_MASTER/U_XSDB_BUS_CONTROLLER/U_CLR_ERROR_FLAG/Q[0]
    SLICE_X4Y63          LUT5 (Prop_lut5_I3_O)        0.123    -0.949 f  dbg_hub/inst/UUT_MASTER/U_XSDB_BUS_CONTROLLER/U_CLR_ERROR_FLAG/current_state[0]_i_6/O
                         net (fo=1, routed)           0.349    -0.600    dbg_hub/inst/UUT_MASTER/U_XSDB_BUS_CONTROLLER/U_TIMER/I2
    SLICE_X5Y63          LUT6 (Prop_lut6_I5_O)        0.043    -0.557 f  dbg_hub/inst/UUT_MASTER/U_XSDB_BUS_CONTROLLER/U_TIMER/current_state[0]_i_4/O
                         net (fo=1, routed)           0.000    -0.557    dbg_hub/inst/UUT_MASTER/U_XSDB_BUS_CONTROLLER/U_TIMER/n_0_current_state[0]_i_4
    SLICE_X5Y63          MUXF7 (Prop_muxf7_I0_O)      0.107    -0.450 f  dbg_hub/inst/UUT_MASTER/U_XSDB_BUS_CONTROLLER/U_TIMER/current_state_reg[0]_i_2/O
                         net (fo=1, routed)           0.247    -0.203    dbg_hub/inst/UUT_MASTER/U_XSDB_BUS_CONTROLLER/U_TIMER/n_0_current_state_reg[0]_i_2
    SLICE_X6Y63          LUT6 (Prop_lut6_I0_O)        0.124    -0.079 f  dbg_hub/inst/UUT_MASTER/U_XSDB_BUS_CONTROLLER/U_TIMER/current_state[0]_i_1/O
                         net (fo=25, routed)          0.908     0.829    dbg_hub/inst/UUT_MASTER/U_XSDB_BUS_CONTROLLER/U_TIMER/next_state[0]
    SLICE_X8Y58          LUT2 (Prop_lut2_I1_O)        0.043     0.872 r  dbg_hub/inst/UUT_MASTER/U_XSDB_BUS_CONTROLLER/U_TIMER/active_sl_den_mask[0]_i_2/O
                         net (fo=1, routed)           0.326     1.198    dbg_hub/inst/UUT_MASTER/U_XSDB_BUS_CONTROLLER/U_RD_ABORT_FLAG/I11
    SLICE_X8Y59          LUT6 (Prop_lut6_I1_O)        0.043     1.241 r  dbg_hub/inst/UUT_MASTER/U_XSDB_BUS_CONTROLLER/U_RD_ABORT_FLAG/active_sl_den_mask[0]_i_1/O
                         net (fo=1, routed)           0.000     1.241    dbg_hub/inst/UUT_MASTER/U_XSDB_BUS_CONTROLLER/n_6_U_RD_ABORT_FLAG
    SLICE_X8Y59          FDCE                                         r  dbg_hub/inst/UUT_MASTER/U_XSDB_BUS_CONTROLLER/active_sl_den_mask_reg[0]/D
  -------------------------------------------------------------------    -------------------

                         (clock clk_32M_clk_wiz_0_1 rise edge)
                                                     31.250    31.250 r  
    AE10                                              0.000    31.250 r  sys_clk_p
                         net (fo=0)                   0.000    31.250    i_pll/inst/clk_in1_p
    AE10                 IBUFDS (Prop_ibufds_I_O)     0.722    31.972 r  i_pll/inst/clkin1_ibufgds/O
                         net (fo=1, routed)           0.986    32.958    i_pll/inst/clk_in1_clk_wiz_0
    MMCME2_ADV_X1Y1      MMCME2_ADV (Prop_mmcme2_adv_CLKIN1_CLKOUT1)
                                                     -6.759    26.199 r  i_pll/inst/mmcm_adv_inst/CLKOUT1
                         net (fo=1, routed)           2.005    28.204    i_pll/inst/clk_32M_clk_wiz_0
    BUFGCTRL_X0Y0        BUFG (Prop_bufg_I_O)         0.083    28.287 r  i_pll/inst/clkout2_buf/O
                         net (fo=639, routed)         1.505    29.792    dbg_hub/inst/UUT_MASTER/U_XSDB_BUS_CONTROLLER/clk
    SLICE_X8Y59                                                       r  dbg_hub/inst/UUT_MASTER/U_XSDB_BUS_CONTROLLER/active_sl_den_mask_reg[0]/C
                         clock pessimism             -0.611    29.181    
                         clock uncertainty           -0.080    29.101    
    SLICE_X8Y59          FDCE (Setup_fdce_C_D)        0.064    29.165    dbg_hub/inst/UUT_MASTER/U_XSDB_BUS_CONTROLLER/active_sl_den_mask_reg[0]
  -------------------------------------------------------------------
                         required time                         29.165    
                         arrival time                          -1.241    
  -------------------------------------------------------------------
                         slack                                 27.925    

Slack (MET) :             27.941ns  (required time - arrival time)
  Source:                 dbg_hub/inst/UUT_MASTER/U_ICON_INTERFACE/U_CMD4/ctl_reg_reg[17]/C
                            (rising edge-triggered cell FDRE clocked by clk_32M_clk_wiz_0_1  {rise@0.000ns fall@15.625ns period=31.250ns})
  Destination:            dbg_hub/inst/UUT_MASTER/U_XSDB_BUS_CONTROLLER/sl_dwe_r_reg[0]/D
                            (rising edge-triggered cell FDCE clocked by clk_32M_clk_wiz_0_1  {rise@0.000ns fall@15.625ns period=31.250ns})
  Path Group:             clk_32M_clk_wiz_0_1
  Path Type:              Setup (Max at Slow Process Corner)
  Requirement:            31.250ns  (clk_32M_clk_wiz_0_1 rise@31.250ns - clk_32M_clk_wiz_0_1 rise@0.000ns)
  Data Path Delay:        3.275ns  (logic 0.438ns (13.376%)  route 2.837ns (86.624%))
  Logic Levels:           5  (LUT5=1 LUT6=4)
  Clock Path Skew:        -0.021ns (DCD - SCD + CPR)
    Destination Clock Delay (DCD):    -1.458ns = ( 29.792 - 31.250 ) 
    Source Clock Delay      (SCD):    -2.022ns
    Clock Pessimism Removal (CPR):    -0.585ns
  Clock Uncertainty:      0.080ns  ((TSJ^2 + DJ^2)^1/2) / 2 + PE
    Total System Jitter     (TSJ):    0.071ns
    Discrete Jitter          (DJ):    0.143ns
    Phase Error              (PE):    0.000ns

    Location             Delay type                Incr(ns)  Path(ns)    Netlist Resource(s)
  -------------------------------------------------------------------    -------------------
                         (clock clk_32M_clk_wiz_0_1 rise edge)
                                                      0.000     0.000 r  
    AE10                                              0.000     0.000 r  sys_clk_p
                         net (fo=0)                   0.000     0.000    i_pll/inst/clk_in1_p
    AE10                 IBUFDS (Prop_ibufds_I_O)     0.818     0.818 r  i_pll/inst/clkin1_ibufgds/O
                         net (fo=1, routed)           1.081     1.899    i_pll/inst/clk_in1_clk_wiz_0
    MMCME2_ADV_X1Y1      MMCME2_ADV (Prop_mmcme2_adv_CLKIN1_CLKOUT1)
                                                     -7.786    -5.887 r  i_pll/inst/mmcm_adv_inst/CLKOUT1
                         net (fo=1, routed)           2.130    -3.757    i_pll/inst/clk_32M_clk_wiz_0
    BUFGCTRL_X0Y0        BUFG (Prop_bufg_I_O)         0.093    -3.664 r  i_pll/inst/clkout2_buf/O
                         net (fo=639, routed)         1.642    -2.022    dbg_hub/inst/UUT_MASTER/U_ICON_INTERFACE/U_CMD4/clk
    SLICE_X9Y59                                                       r  dbg_hub/inst/UUT_MASTER/U_ICON_INTERFACE/U_CMD4/ctl_reg_reg[17]/C
  -------------------------------------------------------------------    -------------------
    SLICE_X9Y59          FDRE (Prop_fdre_C_Q)         0.223    -1.799 f  dbg_hub/inst/UUT_MASTER/U_ICON_INTERFACE/U_CMD4/ctl_reg_reg[17]/Q
                         net (fo=4, routed)           0.892    -0.908    dbg_hub/inst/UUT_MASTER/U_XSDB_BUS_CONTROLLER/U_RD_ABORT_FLAG/I12[0]
    SLICE_X6Y64          LUT6 (Prop_lut6_I3_O)        0.043    -0.865 r  dbg_hub/inst/UUT_MASTER/U_XSDB_BUS_CONTROLLER/U_RD_ABORT_FLAG/current_state[2]_i_6/O
                         net (fo=1, routed)           0.259    -0.606    dbg_hub/inst/UUT_MASTER/U_XSDB_BUS_CONTROLLER/U_RD_ABORT_FLAG/n_0_current_state[2]_i_6
    SLICE_X7Y64          LUT6 (Prop_lut6_I5_O)        0.043    -0.563 r  dbg_hub/inst/UUT_MASTER/U_XSDB_BUS_CONTROLLER/U_RD_ABORT_FLAG/current_state[2]_i_2/O
                         net (fo=2, routed)           0.237    -0.326    dbg_hub/inst/UUT_MASTER/U_XSDB_BUS_CONTROLLER/U_RD_ABORT_FLAG/n_0_current_state[2]_i_2
    SLICE_X7Y65          LUT6 (Prop_lut6_I0_O)        0.043    -0.283 r  dbg_hub/inst/UUT_MASTER/U_XSDB_BUS_CONTROLLER/U_RD_ABORT_FLAG/current_state[2]_i_1/O
                         net (fo=22, routed)          1.111     0.828    dbg_hub/inst/UUT_MASTER/U_XSDB_BUS_CONTROLLER/U_TIMER/I1[1]
    SLICE_X7Y59          LUT5 (Prop_lut5_I2_O)        0.043     0.871 r  dbg_hub/inst/UUT_MASTER/U_XSDB_BUS_CONTROLLER/U_TIMER/g0_b0__9/O
                         net (fo=1, routed)           0.339     1.209    dbg_hub/inst/UUT_MASTER/U_XSDB_BUS_CONTROLLER/U_TIMER/n_0_g0_b0__9
    SLICE_X8Y59          LUT6 (Prop_lut6_I4_O)        0.043     1.252 r  dbg_hub/inst/UUT_MASTER/U_XSDB_BUS_CONTROLLER/U_TIMER/sl_dwe_r[0]_i_1/O
                         net (fo=1, routed)           0.000     1.252    dbg_hub/inst/UUT_MASTER/U_XSDB_BUS_CONTROLLER/n_14_U_TIMER
    SLICE_X8Y59          FDCE                                         r  dbg_hub/inst/UUT_MASTER/U_XSDB_BUS_CONTROLLER/sl_dwe_r_reg[0]/D
  -------------------------------------------------------------------    -------------------

                         (clock clk_32M_clk_wiz_0_1 rise edge)
                                                     31.250    31.250 r  
    AE10                                              0.000    31.250 r  sys_clk_p
                         net (fo=0)                   0.000    31.250    i_pll/inst/clk_in1_p
    AE10                 IBUFDS (Prop_ibufds_I_O)     0.722    31.972 r  i_pll/inst/clkin1_ibufgds/O
                         net (fo=1, routed)           0.986    32.958    i_pll/inst/clk_in1_clk_wiz_0
    MMCME2_ADV_X1Y1      MMCME2_ADV (Prop_mmcme2_adv_CLKIN1_CLKOUT1)
                                                     -6.759    26.199 r  i_pll/inst/mmcm_adv_inst/CLKOUT1
                         net (fo=1, routed)           2.005    28.204    i_pll/inst/clk_32M_clk_wiz_0
    BUFGCTRL_X0Y0        BUFG (Prop_bufg_I_O)         0.083    28.287 r  i_pll/inst/clkout2_buf/O
                         net (fo=639, routed)         1.505    29.792    dbg_hub/inst/UUT_MASTER/U_XSDB_BUS_CONTROLLER/clk
    SLICE_X8Y59                                                       r  dbg_hub/inst/UUT_MASTER/U_XSDB_BUS_CONTROLLER/sl_dwe_r_reg[0]/C
                         clock pessimism             -0.585    29.207    
                         clock uncertainty           -0.080    29.127    
    SLICE_X8Y59          FDCE (Setup_fdce_C_D)        0.066    29.193    dbg_hub/inst/UUT_MASTER/U_XSDB_BUS_CONTROLLER/sl_dwe_r_reg[0]
  -------------------------------------------------------------------
                         required time                         29.193    
                         arrival time                          -1.252    
  -------------------------------------------------------------------
                         slack                                 27.941    

Slack (MET) :             28.156ns  (required time - arrival time)
  Source:                 dbg_hub/inst/UUT_MASTER/U_XSDB_BUS_CONTROLLER/current_state_reg[0]/C
                            (rising edge-triggered cell FDCE clocked by clk_32M_clk_wiz_0_1  {rise@0.000ns fall@15.625ns period=31.250ns})
  Destination:            dbg_hub/inst/UUT_MASTER/U_XSDB_BUS_CONTROLLER/dec_wdc_r_reg/D
                            (rising edge-triggered cell FDCE clocked by clk_32M_clk_wiz_0_1  {rise@0.000ns fall@15.625ns period=31.250ns})
  Path Group:             clk_32M_clk_wiz_0_1
  Path Type:              Setup (Max at Slow Process Corner)
  Requirement:            31.250ns  (clk_32M_clk_wiz_0_1 rise@31.250ns - clk_32M_clk_wiz_0_1 rise@0.000ns)
  Data Path Delay:        2.949ns  (logic 0.719ns (24.382%)  route 2.230ns (75.618%))
  Logic Levels:           6  (LUT3=1 LUT5=2 LUT6=2 MUXF7=1)
  Clock Path Skew:        -0.099ns (DCD - SCD + CPR)
    Destination Clock Delay (DCD):    -1.461ns = ( 29.789 - 31.250 ) 
    Source Clock Delay      (SCD):    -1.973ns
    Clock Pessimism Removal (CPR):    -0.611ns
  Clock Uncertainty:      0.080ns  ((TSJ^2 + DJ^2)^1/2) / 2 + PE
    Total System Jitter     (TSJ):    0.071ns
    Discrete Jitter          (DJ):    0.143ns
    Phase Error              (PE):    0.000ns

    Location             Delay type                Incr(ns)  Path(ns)    Netlist Resource(s)
  -------------------------------------------------------------------    -------------------
                         (clock clk_32M_clk_wiz_0_1 rise edge)
                                                      0.000     0.000 r  
    AE10                                              0.000     0.000 r  sys_clk_p
                         net (fo=0)                   0.000     0.000    i_pll/inst/clk_in1_p
    AE10                 IBUFDS (Prop_ibufds_I_O)     0.818     0.818 r  i_pll/inst/clkin1_ibufgds/O
                         net (fo=1, routed)           1.081     1.899    i_pll/inst/clk_in1_clk_wiz_0
    MMCME2_ADV_X1Y1      MMCME2_ADV (Prop_mmcme2_adv_CLKIN1_CLKOUT1)
                                                     -7.786    -5.887 r  i_pll/inst/mmcm_adv_inst/CLKOUT1
                         net (fo=1, routed)           2.130    -3.757    i_pll/inst/clk_32M_clk_wiz_0
    BUFGCTRL_X0Y0        BUFG (Prop_bufg_I_O)         0.093    -3.664 r  i_pll/inst/clkout2_buf/O
                         net (fo=639, routed)         1.691    -1.973    dbg_hub/inst/UUT_MASTER/U_XSDB_BUS_CONTROLLER/clk
    SLICE_X6Y65                                                       r  dbg_hub/inst/UUT_MASTER/U_XSDB_BUS_CONTROLLER/current_state_reg[0]/C
  -------------------------------------------------------------------    -------------------
    SLICE_X6Y65          FDCE (Prop_fdce_C_Q)         0.236    -1.737 f  dbg_hub/inst/UUT_MASTER/U_XSDB_BUS_CONTROLLER/current_state_reg[0]/Q
                         net (fo=20, routed)          0.665    -1.072    dbg_hub/inst/UUT_MASTER/U_XSDB_BUS_CONTROLLER/U_CLR_ERROR_FLAG/Q[0]
    SLICE_X4Y63          LUT5 (Prop_lut5_I3_O)        0.123    -0.949 r  dbg_hub/inst/UUT_MASTER/U_XSDB_BUS_CONTROLLER/U_CLR_ERROR_FLAG/current_state[0]_i_6/O
                         net (fo=1, routed)           0.349    -0.600    dbg_hub/inst/UUT_MASTER/U_XSDB_BUS_CONTROLLER/U_TIMER/I2
    SLICE_X5Y63          LUT6 (Prop_lut6_I5_O)        0.043    -0.557 r  dbg_hub/inst/UUT_MASTER/U_XSDB_BUS_CONTROLLER/U_TIMER/current_state[0]_i_4/O
                         net (fo=1, routed)           0.000    -0.557    dbg_hub/inst/UUT_MASTER/U_XSDB_BUS_CONTROLLER/U_TIMER/n_0_current_state[0]_i_4
    SLICE_X5Y63          MUXF7 (Prop_muxf7_I0_O)      0.107    -0.450 r  dbg_hub/inst/UUT_MASTER/U_XSDB_BUS_CONTROLLER/U_TIMER/current_state_reg[0]_i_2/O
                         net (fo=1, routed)           0.247    -0.203    dbg_hub/inst/UUT_MASTER/U_XSDB_BUS_CONTROLLER/U_TIMER/n_0_current_state_reg[0]_i_2
    SLICE_X6Y63          LUT6 (Prop_lut6_I0_O)        0.124    -0.079 r  dbg_hub/inst/UUT_MASTER/U_XSDB_BUS_CONTROLLER/U_TIMER/current_state[0]_i_1/O
                         net (fo=25, routed)          0.784     0.704    dbg_hub/inst/UUT_MASTER/U_XSDB_BUS_CONTROLLER/U_TIMER/next_state[0]
    SLICE_X9Y63          LUT5 (Prop_lut5_I0_O)        0.043     0.747 r  dbg_hub/inst/UUT_MASTER/U_XSDB_BUS_CONTROLLER/U_TIMER/g0_b0__6/O
                         net (fo=1, routed)           0.185     0.933    dbg_hub/inst/UUT_MASTER/U_XSDB_BUS_CONTROLLER/U_TIMER/n_0_g0_b0__6
    SLICE_X9Y64          LUT3 (Prop_lut3_I1_O)        0.043     0.976 r  dbg_hub/inst/UUT_MASTER/U_XSDB_BUS_CONTROLLER/U_TIMER/dec_wdc_r_i_1/O
                         net (fo=1, routed)           0.000     0.976    dbg_hub/inst/UUT_MASTER/U_XSDB_BUS_CONTROLLER/n_12_U_TIMER
    SLICE_X9Y64          FDCE                                         r  dbg_hub/inst/UUT_MASTER/U_XSDB_BUS_CONTROLLER/dec_wdc_r_reg/D
  -------------------------------------------------------------------    -------------------

                         (clock clk_32M_clk_wiz_0_1 rise edge)
                                                     31.250    31.250 r  
    AE10                                              0.000    31.250 r  sys_clk_p
                         net (fo=0)                   0.000    31.250    i_pll/inst/clk_in1_p
    AE10                 IBUFDS (Prop_ibufds_I_O)     0.722    31.972 r  i_pll/inst/clkin1_ibufgds/O
                         net (fo=1, routed)           0.986    32.958    i_pll/inst/clk_in1_clk_wiz_0
    MMCME2_ADV_X1Y1      MMCME2_ADV (Prop_mmcme2_adv_CLKIN1_CLKOUT1)
                                                     -6.759    26.199 r  i_pll/inst/mmcm_adv_inst/CLKOUT1
                         net (fo=1, routed)           2.005    28.204    i_pll/inst/clk_32M_clk_wiz_0
    BUFGCTRL_X0Y0        BUFG (Prop_bufg_I_O)         0.083    28.287 r  i_pll/inst/clkout2_buf/O
                         net (fo=639, routed)         1.502    29.789    dbg_hub/inst/UUT_MASTER/U_XSDB_BUS_CONTROLLER/clk
    SLICE_X9Y64                                                       r  dbg_hub/inst/UUT_MASTER/U_XSDB_BUS_CONTROLLER/dec_wdc_r_reg/C
                         clock pessimism             -0.611    29.178    
                         clock uncertainty           -0.080    29.098    
    SLICE_X9Y64          FDCE (Setup_fdce_C_D)        0.034    29.132    dbg_hub/inst/UUT_MASTER/U_XSDB_BUS_CONTROLLER/dec_wdc_r_reg
  -------------------------------------------------------------------
                         required time                         29.132    
                         arrival time                          -0.976    
  -------------------------------------------------------------------
                         slack                                 28.156    

Slack (MET) :             28.240ns  (required time - arrival time)
  Source:                 dbg_hub/inst/UUT_MASTER/U_XSDB_BUS_CONTROLLER/current_state_reg[0]/C
                            (rising edge-triggered cell FDCE clocked by clk_32M_clk_wiz_0_1  {rise@0.000ns fall@15.625ns period=31.250ns})
  Destination:            dbg_hub/inst/UUT_MASTER/U_XSDB_BUS_CONTROLLER/in_normal_mode_reg/D
                            (rising edge-triggered cell FDCE clocked by clk_32M_clk_wiz_0_1  {rise@0.000ns fall@15.625ns period=31.250ns})
  Path Group:             clk_32M_clk_wiz_0_1
  Path Type:              Setup (Max at Slow Process Corner)
  Requirement:            31.250ns  (clk_32M_clk_wiz_0_1 rise@31.250ns - clk_32M_clk_wiz_0_1 rise@0.000ns)
  Data Path Delay:        2.944ns  (logic 0.676ns (22.965%)  route 2.268ns (77.035%))
  Logic Levels:           5  (LUT5=1 LUT6=3 MUXF7=1)
  Clock Path Skew:        -0.021ns (DCD - SCD + CPR)
    Destination Clock Delay (DCD):    -1.406ns = ( 29.844 - 31.250 ) 
    Source Clock Delay      (SCD):    -1.973ns
    Clock Pessimism Removal (CPR):    -0.588ns
  Clock Uncertainty:      0.080ns  ((TSJ^2 + DJ^2)^1/2) / 2 + PE
    Total System Jitter     (TSJ):    0.071ns
    Discrete Jitter          (DJ):    0.143ns
    Phase Error              (PE):    0.000ns

    Location             Delay type                Incr(ns)  Path(ns)    Netlist Resource(s)
  -------------------------------------------------------------------    -------------------
                         (clock clk_32M_clk_wiz_0_1 rise edge)
                                                      0.000     0.000 r  
    AE10                                              0.000     0.000 r  sys_clk_p
                         net (fo=0)                   0.000     0.000    i_pll/inst/clk_in1_p
    AE10                 IBUFDS (Prop_ibufds_I_O)     0.818     0.818 r  i_pll/inst/clkin1_ibufgds/O
                         net (fo=1, routed)           1.081     1.899    i_pll/inst/clk_in1_clk_wiz_0
    MMCME2_ADV_X1Y1      MMCME2_ADV (Prop_mmcme2_adv_CLKIN1_CLKOUT1)
                                                     -7.786    -5.887 r  i_pll/inst/mmcm_adv_inst/CLKOUT1
                         net (fo=1, routed)           2.130    -3.757    i_pll/inst/clk_32M_clk_wiz_0
    BUFGCTRL_X0Y0        BUFG (Prop_bufg_I_O)         0.093    -3.664 r  i_pll/inst/clkout2_buf/O
                         net (fo=639, routed)         1.691    -1.973    dbg_hub/inst/UUT_MASTER/U_XSDB_BUS_CONTROLLER/clk
    SLICE_X6Y65                                                       r  dbg_hub/inst/UUT_MASTER/U_XSDB_BUS_CONTROLLER/current_state_reg[0]/C
  -------------------------------------------------------------------    -------------------
    SLICE_X6Y65          FDCE (Prop_fdce_C_Q)         0.236    -1.737 r  dbg_hub/inst/UUT_MASTER/U_XSDB_BUS_CONTROLLER/current_state_reg[0]/Q
                         net (fo=20, routed)          0.665    -1.072    dbg_hub/inst/UUT_MASTER/U_XSDB_BUS_CONTROLLER/U_CLR_ERROR_FLAG/Q[0]
    SLICE_X4Y63          LUT5 (Prop_lut5_I3_O)        0.123    -0.949 f  dbg_hub/inst/UUT_MASTER/U_XSDB_BUS_CONTROLLER/U_CLR_ERROR_FLAG/current_state[0]_i_6/O
                         net (fo=1, routed)           0.349    -0.600    dbg_hub/inst/UUT_MASTER/U_XSDB_BUS_CONTROLLER/U_TIMER/I2
    SLICE_X5Y63          LUT6 (Prop_lut6_I5_O)        0.043    -0.557 f  dbg_hub/inst/UUT_MASTER/U_XSDB_BUS_CONTROLLER/U_TIMER/current_state[0]_i_4/O
                         net (fo=1, routed)           0.000    -0.557    dbg_hub/inst/UUT_MASTER/U_XSDB_BUS_CONTROLLER/U_TIMER/n_0_current_state[0]_i_4
    SLICE_X5Y63          MUXF7 (Prop_muxf7_I0_O)      0.107    -0.450 f  dbg_hub/inst/UUT_MASTER/U_XSDB_BUS_CONTROLLER/U_TIMER/current_state_reg[0]_i_2/O
                         net (fo=1, routed)           0.247    -0.203    dbg_hub/inst/UUT_MASTER/U_XSDB_BUS_CONTROLLER/U_TIMER/n_0_current_state_reg[0]_i_2
    SLICE_X6Y63          LUT6 (Prop_lut6_I0_O)        0.124    -0.079 f  dbg_hub/inst/UUT_MASTER/U_XSDB_BUS_CONTROLLER/U_TIMER/current_state[0]_i_1/O
                         net (fo=25, routed)          1.007     0.928    dbg_hub/inst/UUT_MASTER/U_XSDB_BUS_CONTROLLER/U_TIMER/next_state[0]
    SLICE_X7Y62          LUT6 (Prop_lut6_I2_O)        0.043     0.971 r  dbg_hub/inst/UUT_MASTER/U_XSDB_BUS_CONTROLLER/U_TIMER/in_normal_mode_i_1/O
                         net (fo=1, routed)           0.000     0.971    dbg_hub/inst/UUT_MASTER/U_XSDB_BUS_CONTROLLER/n_16_U_TIMER
    SLICE_X7Y62          FDCE                                         r  dbg_hub/inst/UUT_MASTER/U_XSDB_BUS_CONTROLLER/in_normal_mode_reg/D
  -------------------------------------------------------------------    -------------------

                         (clock clk_32M_clk_wiz_0_1 rise edge)
                                                     31.250    31.250 r  
    AE10                                              0.000    31.250 r  sys_clk_p
                         net (fo=0)                   0.000    31.250    i_pll/inst/clk_in1_p
    AE10                 IBUFDS (Prop_ibufds_I_O)     0.722    31.972 r  i_pll/inst/clkin1_ibufgds/O
                         net (fo=1, routed)           0.986    32.958    i_pll/inst/clk_in1_clk_wiz_0
    MMCME2_ADV_X1Y1      MMCME2_ADV (Prop_mmcme2_adv_CLKIN1_CLKOUT1)
                                                     -6.759    26.199 r  i_pll/inst/mmcm_adv_inst/CLKOUT1
                         net (fo=1, routed)           2.005    28.204    i_pll/inst/clk_32M_clk_wiz_0
    BUFGCTRL_X0Y0        BUFG (Prop_bufg_I_O)         0.083    28.287 r  i_pll/inst/clkout2_buf/O
                         net (fo=639, routed)         1.557    29.844    dbg_hub/inst/UUT_MASTER/U_XSDB_BUS_CONTROLLER/clk
    SLICE_X7Y62                                                       r  dbg_hub/inst/UUT_MASTER/U_XSDB_BUS_CONTROLLER/in_normal_mode_reg/C
                         clock pessimism             -0.588    29.256    
                         clock uncertainty           -0.080    29.176    
    SLICE_X7Y62          FDCE (Setup_fdce_C_D)        0.034    29.210    dbg_hub/inst/UUT_MASTER/U_XSDB_BUS_CONTROLLER/in_normal_mode_reg
  -------------------------------------------------------------------
                         required time                         29.210    
                         arrival time                          -0.971    
  -------------------------------------------------------------------
                         slack                                 28.240    

Slack (MET) :             28.356ns  (required time - arrival time)
  Source:                 dbg_hub/inst/UUT_MASTER/U_XSDB_BUS_CONTROLLER/current_state_reg[0]/C
                            (rising edge-triggered cell FDCE clocked by clk_32M_clk_wiz_0_1  {rise@0.000ns fall@15.625ns period=31.250ns})
  Destination:            dbg_hub/inst/UUT_MASTER/U_XSDB_BUS_CONTROLLER/ma_wr_pop_r_reg/D
                            (rising edge-triggered cell FDCE clocked by clk_32M_clk_wiz_0_1  {rise@0.000ns fall@15.625ns period=31.250ns})
  Path Group:             clk_32M_clk_wiz_0_1
  Path Type:              Setup (Max at Slow Process Corner)
  Requirement:            31.250ns  (clk_32M_clk_wiz_0_1 rise@31.250ns - clk_32M_clk_wiz_0_1 rise@0.000ns)
  Data Path Delay:        2.860ns  (logic 0.676ns (23.639%)  route 2.184ns (76.361%))
  Logic Levels:           5  (LUT5=1 LUT6=3 MUXF7=1)
  Clock Path Skew:        -0.020ns (DCD - SCD + CPR)
    Destination Clock Delay (DCD):    -1.405ns = ( 29.845 - 31.250 ) 
    Source Clock Delay      (SCD):    -1.973ns
    Clock Pessimism Removal (CPR):    -0.588ns
  Clock Uncertainty:      0.080ns  ((TSJ^2 + DJ^2)^1/2) / 2 + PE
    Total System Jitter     (TSJ):    0.071ns
    Discrete Jitter          (DJ):    0.143ns
    Phase Error              (PE):    0.000ns

    Location             Delay type                Incr(ns)  Path(ns)    Netlist Resource(s)
  -------------------------------------------------------------------    -------------------
                         (clock clk_32M_clk_wiz_0_1 rise edge)
                                                      0.000     0.000 r  
    AE10                                              0.000     0.000 r  sys_clk_p
                         net (fo=0)                   0.000     0.000    i_pll/inst/clk_in1_p
    AE10                 IBUFDS (Prop_ibufds_I_O)     0.818     0.818 r  i_pll/inst/clkin1_ibufgds/O
                         net (fo=1, routed)           1.081     1.899    i_pll/inst/clk_in1_clk_wiz_0
    MMCME2_ADV_X1Y1      MMCME2_ADV (Prop_mmcme2_adv_CLKIN1_CLKOUT1)
                                                     -7.786    -5.887 r  i_pll/inst/mmcm_adv_inst/CLKOUT1
                         net (fo=1, routed)           2.130    -3.757    i_pll/inst/clk_32M_clk_wiz_0
    BUFGCTRL_X0Y0        BUFG (Prop_bufg_I_O)         0.093    -3.664 r  i_pll/inst/clkout2_buf/O
                         net (fo=639, routed)         1.691    -1.973    dbg_hub/inst/UUT_MASTER/U_XSDB_BUS_CONTROLLER/clk
    SLICE_X6Y65                                                       r  dbg_hub/inst/UUT_MASTER/U_XSDB_BUS_CONTROLLER/current_state_reg[0]/C
  -------------------------------------------------------------------    -------------------
    SLICE_X6Y65          FDCE (Prop_fdce_C_Q)         0.236    -1.737 f  dbg_hub/inst/UUT_MASTER/U_XSDB_BUS_CONTROLLER/current_state_reg[0]/Q
                         net (fo=20, routed)          0.665    -1.072    dbg_hub/inst/UUT_MASTER/U_XSDB_BUS_CONTROLLER/U_CLR_ERROR_FLAG/Q[0]
    SLICE_X4Y63          LUT5 (Prop_lut5_I3_O)        0.123    -0.949 r  dbg_hub/inst/UUT_MASTER/U_XSDB_BUS_CONTROLLER/U_CLR_ERROR_FLAG/current_state[0]_i_6/O
                         net (fo=1, routed)           0.349    -0.600    dbg_hub/inst/UUT_MASTER/U_XSDB_BUS_CONTROLLER/U_TIMER/I2
    SLICE_X5Y63          LUT6 (Prop_lut6_I5_O)        0.043    -0.557 r  dbg_hub/inst/UUT_MASTER/U_XSDB_BUS_CONTROLLER/U_TIMER/current_state[0]_i_4/O
                         net (fo=1, routed)           0.000    -0.557    dbg_hub/inst/UUT_MASTER/U_XSDB_BUS_CONTROLLER/U_TIMER/n_0_current_state[0]_i_4
    SLICE_X5Y63          MUXF7 (Prop_muxf7_I0_O)      0.107    -0.450 r  dbg_hub/inst/UUT_MASTER/U_XSDB_BUS_CONTROLLER/U_TIMER/current_state_reg[0]_i_2/O
                         net (fo=1, routed)           0.247    -0.203    dbg_hub/inst/UUT_MASTER/U_XSDB_BUS_CONTROLLER/U_TIMER/n_0_current_state_reg[0]_i_2
    SLICE_X6Y63          LUT6 (Prop_lut6_I0_O)        0.124    -0.079 r  dbg_hub/inst/UUT_MASTER/U_XSDB_BUS_CONTROLLER/U_TIMER/current_state[0]_i_1/O
                         net (fo=25, routed)          0.923     0.844    dbg_hub/inst/UUT_MASTER/U_XSDB_BUS_CONTROLLER/U_TIMER/next_state[0]
    SLICE_X6Y60          LUT6 (Prop_lut6_I0_O)        0.043     0.887 r  dbg_hub/inst/UUT_MASTER/U_XSDB_BUS_CONTROLLER/U_TIMER/ma_wr_pop_r_i_1/O
                         net (fo=1, routed)           0.000     0.887    dbg_hub/inst/UUT_MASTER/U_XSDB_BUS_CONTROLLER/n_15_U_TIMER
    SLICE_X6Y60          FDCE                                         r  dbg_hub/inst/UUT_MASTER/U_XSDB_BUS_CONTROLLER/ma_wr_pop_r_reg/D
  -------------------------------------------------------------------    -------------------

                         (clock clk_32M_clk_wiz_0_1 rise edge)
                                                     31.250    31.250 r  
    AE10                                              0.000    31.250 r  sys_clk_p
                         net (fo=0)                   0.000    31.250    i_pll/inst/clk_in1_p
    AE10                 IBUFDS (Prop_ibufds_I_O)     0.722    31.972 r  i_pll/inst/clkin1_ibufgds/O
                         net (fo=1, routed)           0.986    32.958    i_pll/inst/clk_in1_clk_wiz_0
    MMCME2_ADV_X1Y1      MMCME2_ADV (Prop_mmcme2_adv_CLKIN1_CLKOUT1)
                                                     -6.759    26.199 r  i_pll/inst/mmcm_adv_inst/CLKOUT1
                         net (fo=1, routed)           2.005    28.204    i_pll/inst/clk_32M_clk_wiz_0
    BUFGCTRL_X0Y0        BUFG (Prop_bufg_I_O)         0.083    28.287 r  i_pll/inst/clkout2_buf/O
                         net (fo=639, routed)         1.558    29.845    dbg_hub/inst/UUT_MASTER/U_XSDB_BUS_CONTROLLER/clk
    SLICE_X6Y60                                                       r  dbg_hub/inst/UUT_MASTER/U_XSDB_BUS_CONTROLLER/ma_wr_pop_r_reg/C
                         clock pessimism             -0.588    29.257    
                         clock uncertainty           -0.080    29.177    
    SLICE_X6Y60          FDCE (Setup_fdce_C_D)        0.065    29.242    dbg_hub/inst/UUT_MASTER/U_XSDB_BUS_CONTROLLER/ma_wr_pop_r_reg
  -------------------------------------------------------------------
                         required time                         29.242    
                         arrival time                          -0.887    
  -------------------------------------------------------------------
                         slack                                 28.356    

Slack (MET) :             28.357ns  (required time - arrival time)
  Source:                 dbg_hub/inst/UUT_MASTER/U_XSDB_BUS_CONTROLLER/current_state_reg[0]/C
                            (rising edge-triggered cell FDCE clocked by clk_32M_clk_wiz_0_1  {rise@0.000ns fall@15.625ns period=31.250ns})
  Destination:            dbg_hub/inst/UUT_MASTER/U_XSDB_BUS_CONTROLLER/clr_rd_req_reg/D
                            (rising edge-triggered cell FDCE clocked by clk_32M_clk_wiz_0_1  {rise@0.000ns fall@15.625ns period=31.250ns})
  Path Group:             clk_32M_clk_wiz_0_1
  Path Type:              Setup (Max at Slow Process Corner)
  Requirement:            31.250ns  (clk_32M_clk_wiz_0_1 rise@31.250ns - clk_32M_clk_wiz_0_1 rise@0.000ns)
  Data Path Delay:        2.858ns  (logic 0.676ns (23.656%)  route 2.182ns (76.344%))
  Logic Levels:           5  (LUT5=1 LUT6=3 MUXF7=1)
  Clock Path Skew:        -0.020ns (DCD - SCD + CPR)
    Destination Clock Delay (DCD):    -1.405ns = ( 29.845 - 31.250 ) 
    Source Clock Delay      (SCD):    -1.973ns
    Clock Pessimism Removal (CPR):    -0.588ns
  Clock Uncertainty:      0.080ns  ((TSJ^2 + DJ^2)^1/2) / 2 + PE
    Total System Jitter     (TSJ):    0.071ns
    Discrete Jitter          (DJ):    0.143ns
    Phase Error              (PE):    0.000ns

    Location             Delay type                Incr(ns)  Path(ns)    Netlist Resource(s)
  -------------------------------------------------------------------    -------------------
                         (clock clk_32M_clk_wiz_0_1 rise edge)
                                                      0.000     0.000 r  
    AE10                                              0.000     0.000 r  sys_clk_p
                         net (fo=0)                   0.000     0.000    i_pll/inst/clk_in1_p
    AE10                 IBUFDS (Prop_ibufds_I_O)     0.818     0.818 r  i_pll/inst/clkin1_ibufgds/O
                         net (fo=1, routed)           1.081     1.899    i_pll/inst/clk_in1_clk_wiz_0
    MMCME2_ADV_X1Y1      MMCME2_ADV (Prop_mmcme2_adv_CLKIN1_CLKOUT1)
                                                     -7.786    -5.887 r  i_pll/inst/mmcm_adv_inst/CLKOUT1
                         net (fo=1, routed)           2.130    -3.757    i_pll/inst/clk_32M_clk_wiz_0
    BUFGCTRL_X0Y0        BUFG (Prop_bufg_I_O)         0.093    -3.664 r  i_pll/inst/clkout2_buf/O
                         net (fo=639, routed)         1.691    -1.973    dbg_hub/inst/UUT_MASTER/U_XSDB_BUS_CONTROLLER/clk
    SLICE_X6Y65                                                       r  dbg_hub/inst/UUT_MASTER/U_XSDB_BUS_CONTROLLER/current_state_reg[0]/C
  -------------------------------------------------------------------    -------------------
    SLICE_X6Y65          FDCE (Prop_fdce_C_Q)         0.236    -1.737 f  dbg_hub/inst/UUT_MASTER/U_XSDB_BUS_CONTROLLER/current_state_reg[0]/Q
                         net (fo=20, routed)          0.665    -1.072    dbg_hub/inst/UUT_MASTER/U_XSDB_BUS_CONTROLLER/U_CLR_ERROR_FLAG/Q[0]
    SLICE_X4Y63          LUT5 (Prop_lut5_I3_O)        0.123    -0.949 r  dbg_hub/inst/UUT_MASTER/U_XSDB_BUS_CONTROLLER/U_CLR_ERROR_FLAG/current_state[0]_i_6/O
                         net (fo=1, routed)           0.349    -0.600    dbg_hub/inst/UUT_MASTER/U_XSDB_BUS_CONTROLLER/U_TIMER/I2
    SLICE_X5Y63          LUT6 (Prop_lut6_I5_O)        0.043    -0.557 r  dbg_hub/inst/UUT_MASTER/U_XSDB_BUS_CONTROLLER/U_TIMER/current_state[0]_i_4/O
                         net (fo=1, routed)           0.000    -0.557    dbg_hub/inst/UUT_MASTER/U_XSDB_BUS_CONTROLLER/U_TIMER/n_0_current_state[0]_i_4
    SLICE_X5Y63          MUXF7 (Prop_muxf7_I0_O)      0.107    -0.450 r  dbg_hub/inst/UUT_MASTER/U_XSDB_BUS_CONTROLLER/U_TIMER/current_state_reg[0]_i_2/O
                         net (fo=1, routed)           0.247    -0.203    dbg_hub/inst/UUT_MASTER/U_XSDB_BUS_CONTROLLER/U_TIMER/n_0_current_state_reg[0]_i_2
    SLICE_X6Y63          LUT6 (Prop_lut6_I0_O)        0.124    -0.079 r  dbg_hub/inst/UUT_MASTER/U_XSDB_BUS_CONTROLLER/U_TIMER/current_state[0]_i_1/O
                         net (fo=25, routed)          0.921     0.842    dbg_hub/inst/UUT_MASTER/U_XSDB_BUS_CONTROLLER/U_TIMER/next_state[0]
    SLICE_X6Y60          LUT6 (Prop_lut6_I4_O)        0.043     0.885 r  dbg_hub/inst/UUT_MASTER/U_XSDB_BUS_CONTROLLER/U_TIMER/clr_rd_req_i_1/O
                         net (fo=1, routed)           0.000     0.885    dbg_hub/inst/UUT_MASTER/U_XSDB_BUS_CONTROLLER/n_9_U_TIMER
    SLICE_X6Y60          FDCE                                         r  dbg_hub/inst/UUT_MASTER/U_XSDB_BUS_CONTROLLER/clr_rd_req_reg/D
  -------------------------------------------------------------------    -------------------

                         (clock clk_32M_clk_wiz_0_1 rise edge)
                                                     31.250    31.250 r  
    AE10                                              0.000    31.250 r  sys_clk_p
                         net (fo=0)                   0.000    31.250    i_pll/inst/clk_in1_p
    AE10                 IBUFDS (Prop_ibufds_I_O)     0.722    31.972 r  i_pll/inst/clkin1_ibufgds/O
                         net (fo=1, routed)           0.986    32.958    i_pll/inst/clk_in1_clk_wiz_0
    MMCME2_ADV_X1Y1      MMCME2_ADV (Prop_mmcme2_adv_CLKIN1_CLKOUT1)
                                                     -6.759    26.199 r  i_pll/inst/mmcm_adv_inst/CLKOUT1
                         net (fo=1, routed)           2.005    28.204    i_pll/inst/clk_32M_clk_wiz_0
    BUFGCTRL_X0Y0        BUFG (Prop_bufg_I_O)         0.083    28.287 r  i_pll/inst/clkout2_buf/O
                         net (fo=639, routed)         1.558    29.845    dbg_hub/inst/UUT_MASTER/U_XSDB_BUS_CONTROLLER/clk
    SLICE_X6Y60                                                       r  dbg_hub/inst/UUT_MASTER/U_XSDB_BUS_CONTROLLER/clr_rd_req_reg/C
                         clock pessimism             -0.588    29.257    
                         clock uncertainty           -0.080    29.177    
    SLICE_X6Y60          FDCE (Setup_fdce_C_D)        0.064    29.241    dbg_hub/inst/UUT_MASTER/U_XSDB_BUS_CONTROLLER/clr_rd_req_reg
  -------------------------------------------------------------------
                         required time                         29.241    
                         arrival time                          -0.885    
  -------------------------------------------------------------------
                         slack                                 28.357    

Slack (MET) :             28.360ns  (required time - arrival time)
  Source:                 dbg_hub/inst/UUT_MASTER/U_XSDB_BUS_CONTROLLER/current_state_reg[0]/C
                            (rising edge-triggered cell FDCE clocked by clk_32M_clk_wiz_0_1  {rise@0.000ns fall@15.625ns period=31.250ns})
  Destination:            dbg_hub/inst/UUT_MASTER/U_XSDB_BUS_CONTROLLER/sl_berr_r_reg[0]/D
                            (rising edge-triggered cell FDCE clocked by clk_32M_clk_wiz_0_1  {rise@0.000ns fall@15.625ns period=31.250ns})
  Path Group:             clk_32M_clk_wiz_0_1
  Path Type:              Setup (Max at Slow Process Corner)
  Requirement:            31.250ns  (clk_32M_clk_wiz_0_1 rise@31.250ns - clk_32M_clk_wiz_0_1 rise@0.000ns)
  Data Path Delay:        2.746ns  (logic 0.719ns (26.180%)  route 2.027ns (73.820%))
  Logic Levels:           6  (LUT5=2 LUT6=3 MUXF7=1)
  Clock Path Skew:        -0.098ns (DCD - SCD + CPR)
    Destination Clock Delay (DCD):    -1.460ns = ( 29.790 - 31.250 ) 
    Source Clock Delay      (SCD):    -1.973ns
    Clock Pessimism Removal (CPR):    -0.611ns
  Clock Uncertainty:      0.080ns  ((TSJ^2 + DJ^2)^1/2) / 2 + PE
    Total System Jitter     (TSJ):    0.071ns
    Discrete Jitter          (DJ):    0.143ns
    Phase Error              (PE):    0.000ns

    Location             Delay type                Incr(ns)  Path(ns)    Netlist Resource(s)
  -------------------------------------------------------------------    -------------------
                         (clock clk_32M_clk_wiz_0_1 rise edge)
                                                      0.000     0.000 r  
    AE10                                              0.000     0.000 r  sys_clk_p
                         net (fo=0)                   0.000     0.000    i_pll/inst/clk_in1_p
    AE10                 IBUFDS (Prop_ibufds_I_O)     0.818     0.818 r  i_pll/inst/clkin1_ibufgds/O
                         net (fo=1, routed)           1.081     1.899    i_pll/inst/clk_in1_clk_wiz_0
    MMCME2_ADV_X1Y1      MMCME2_ADV (Prop_mmcme2_adv_CLKIN1_CLKOUT1)
                                                     -7.786    -5.887 r  i_pll/inst/mmcm_adv_inst/CLKOUT1
                         net (fo=1, routed)           2.130    -3.757    i_pll/inst/clk_32M_clk_wiz_0
    BUFGCTRL_X0Y0        BUFG (Prop_bufg_I_O)         0.093    -3.664 r  i_pll/inst/clkout2_buf/O
                         net (fo=639, routed)         1.691    -1.973    dbg_hub/inst/UUT_MASTER/U_XSDB_BUS_CONTROLLER/clk
    SLICE_X6Y65                                                       r  dbg_hub/inst/UUT_MASTER/U_XSDB_BUS_CONTROLLER/current_state_reg[0]/C
  -------------------------------------------------------------------    -------------------
    SLICE_X6Y65          FDCE (Prop_fdce_C_Q)         0.236    -1.737 f  dbg_hub/inst/UUT_MASTER/U_XSDB_BUS_CONTROLLER/current_state_reg[0]/Q
                         net (fo=20, routed)          0.665    -1.072    dbg_hub/inst/UUT_MASTER/U_XSDB_BUS_CONTROLLER/U_CLR_ERROR_FLAG/Q[0]
    SLICE_X4Y63          LUT5 (Prop_lut5_I3_O)        0.123    -0.949 r  dbg_hub/inst/UUT_MASTER/U_XSDB_BUS_CONTROLLER/U_CLR_ERROR_FLAG/current_state[0]_i_6/O
                         net (fo=1, routed)           0.349    -0.600    dbg_hub/inst/UUT_MASTER/U_XSDB_BUS_CONTROLLER/U_TIMER/I2
    SLICE_X5Y63          LUT6 (Prop_lut6_I5_O)        0.043    -0.557 r  dbg_hub/inst/UUT_MASTER/U_XSDB_BUS_CONTROLLER/U_TIMER/current_state[0]_i_4/O
                         net (fo=1, routed)           0.000    -0.557    dbg_hub/inst/UUT_MASTER/U_XSDB_BUS_CONTROLLER/U_TIMER/n_0_current_state[0]_i_4
    SLICE_X5Y63          MUXF7 (Prop_muxf7_I0_O)      0.107    -0.450 r  dbg_hub/inst/UUT_MASTER/U_XSDB_BUS_CONTROLLER/U_TIMER/current_state_reg[0]_i_2/O
                         net (fo=1, routed)           0.247    -0.203    dbg_hub/inst/UUT_MASTER/U_XSDB_BUS_CONTROLLER/U_TIMER/n_0_current_state_reg[0]_i_2
    SLICE_X6Y63          LUT6 (Prop_lut6_I0_O)        0.124    -0.079 r  dbg_hub/inst/UUT_MASTER/U_XSDB_BUS_CONTROLLER/U_TIMER/current_state[0]_i_1/O
                         net (fo=25, routed)          0.535     0.455    dbg_hub/inst/UUT_MASTER/U_XSDB_BUS_CONTROLLER/U_TIMER/next_state[0]
    SLICE_X9Y63          LUT5 (Prop_lut5_I0_O)        0.043     0.498 r  dbg_hub/inst/UUT_MASTER/U_XSDB_BUS_CONTROLLER/U_TIMER/g0_b0__0/O
                         net (fo=1, routed)           0.232     0.730    dbg_hub/inst/UUT_MASTER/U_XSDB_BUS_CONTROLLER/U_TIMER/n_0_g0_b0__0
    SLICE_X9Y63          LUT6 (Prop_lut6_I4_O)        0.043     0.773 r  dbg_hub/inst/UUT_MASTER/U_XSDB_BUS_CONTROLLER/U_TIMER/sl_berr_r[0]_i_1/O
                         net (fo=1, routed)           0.000     0.773    dbg_hub/inst/UUT_MASTER/U_XSDB_BUS_CONTROLLER/n_8_U_TIMER
    SLICE_X9Y63          FDCE                                         r  dbg_hub/inst/UUT_MASTER/U_XSDB_BUS_CONTROLLER/sl_berr_r_reg[0]/D
  -------------------------------------------------------------------    -------------------

                         (clock clk_32M_clk_wiz_0_1 rise edge)
                                                     31.250    31.250 r  
    AE10                                              0.000    31.250 r  sys_clk_p
                         net (fo=0)                   0.000    31.250    i_pll/inst/clk_in1_p
    AE10                 IBUFDS (Prop_ibufds_I_O)     0.722    31.972 r  i_pll/inst/clkin1_ibufgds/O
                         net (fo=1, routed)           0.986    32.958    i_pll/inst/clk_in1_clk_wiz_0
    MMCME2_ADV_X1Y1      MMCME2_ADV (Prop_mmcme2_adv_CLKIN1_CLKOUT1)
                                                     -6.759    26.199 r  i_pll/inst/mmcm_adv_inst/CLKOUT1
                         net (fo=1, routed)           2.005    28.204    i_pll/inst/clk_32M_clk_wiz_0
    BUFGCTRL_X0Y0        BUFG (Prop_bufg_I_O)         0.083    28.287 r  i_pll/inst/clkout2_buf/O
                         net (fo=639, routed)         1.503    29.790    dbg_hub/inst/UUT_MASTER/U_XSDB_BUS_CONTROLLER/clk
    SLICE_X9Y63                                                       r  dbg_hub/inst/UUT_MASTER/U_XSDB_BUS_CONTROLLER/sl_berr_r_reg[0]/C
                         clock pessimism             -0.611    29.179    
                         clock uncertainty           -0.080    29.099    
    SLICE_X9Y63          FDCE (Setup_fdce_C_D)        0.034    29.133    dbg_hub/inst/UUT_MASTER/U_XSDB_BUS_CONTROLLER/sl_berr_r_reg[0]
  -------------------------------------------------------------------
                         required time                         29.133    
                         arrival time                          -0.773    
  -------------------------------------------------------------------
                         slack                                 28.360    





Min Delay Paths
--------------------------------------------------------------------------------------
Slack (MET) :             0.102ns  (arrival time - required time)
  Source:                 i_vio/inst/PROBE_IN_INST/Read_int_reg/C
                            (rising edge-triggered cell FDRE clocked by clk_32M_clk_wiz_0_1  {rise@0.000ns fall@15.625ns period=31.250ns})
  Destination:            i_vio/inst/PROBE_IN_INST/read_done_reg/D
                            (rising edge-triggered cell FDRE clocked by clk_32M_clk_wiz_0_1  {rise@0.000ns fall@15.625ns period=31.250ns})
  Path Group:             clk_32M_clk_wiz_0_1
  Path Type:              Hold (Min at Fast Process Corner)
  Requirement:            0.000ns  (clk_32M_clk_wiz_0_1 rise@0.000ns - clk_32M_clk_wiz_0_1 rise@0.000ns)
  Data Path Delay:        0.200ns  (logic 0.128ns (63.996%)  route 0.072ns (36.004%))
  Logic Levels:           1  (LUT4=1)
  Clock Path Skew:        0.011ns (DCD - SCD - CPR)
    Destination Clock Delay (DCD):    -0.504ns
    Source Clock Delay      (SCD):    -0.490ns
    Clock Pessimism Removal (CPR):    -0.025ns

    Location             Delay type                Incr(ns)  Path(ns)    Netlist Resource(s)
  -------------------------------------------------------------------    -------------------
                         (clock clk_32M_clk_wiz_0_1 rise edge)
                                                      0.000     0.000 r  
    AE10                                              0.000     0.000 r  sys_clk_p
                         net (fo=0)                   0.000     0.000    i_pll/inst/clk_in1_p
    AE10                 IBUFDS (Prop_ibufds_I_O)     0.354     0.354 r  i_pll/inst/clkin1_ibufgds/O
                         net (fo=1, routed)           0.503     0.857    i_pll/inst/clk_in1_clk_wiz_0
    MMCME2_ADV_X1Y1      MMCME2_ADV (Prop_mmcme2_adv_CLKIN1_CLKOUT1)
                                                     -3.040    -2.183 r  i_pll/inst/mmcm_adv_inst/CLKOUT1
                         net (fo=1, routed)           0.940    -1.243    i_pll/inst/clk_32M_clk_wiz_0
    BUFGCTRL_X0Y0        BUFG (Prop_bufg_I_O)         0.026    -1.217 r  i_pll/inst/clkout2_buf/O
                         net (fo=639, routed)         0.727    -0.490    i_vio/inst/PROBE_IN_INST/I1
    SLICE_X7Y53                                                       r  i_vio/inst/PROBE_IN_INST/Read_int_reg/C
  -------------------------------------------------------------------    -------------------
    SLICE_X7Y53          FDRE (Prop_fdre_C_Q)         0.100    -0.390 r  i_vio/inst/PROBE_IN_INST/Read_int_reg/Q
                         net (fo=5, routed)           0.072    -0.318    i_vio/inst/PROBE_IN_INST/Read_int
    SLICE_X6Y53          LUT4 (Prop_lut4_I2_O)        0.028    -0.290 r  i_vio/inst/PROBE_IN_INST/read_done_i_1/O
                         net (fo=1, routed)           0.000    -0.290    i_vio/inst/PROBE_IN_INST/addr_count_reg1
    SLICE_X6Y53          FDRE                                         r  i_vio/inst/PROBE_IN_INST/read_done_reg/D
  -------------------------------------------------------------------    -------------------

                         (clock clk_32M_clk_wiz_0_1 rise edge)
                                                      0.000     0.000 r  
    AE10                                              0.000     0.000 r  sys_clk_p
                         net (fo=0)                   0.000     0.000    i_pll/inst/clk_in1_p
    AE10                 IBUFDS (Prop_ibufds_I_O)     0.432     0.432 r  i_pll/inst/clkin1_ibufgds/O
                         net (fo=1, routed)           0.553     0.985    i_pll/inst/clk_in1_clk_wiz_0
    MMCME2_ADV_X1Y1      MMCME2_ADV (Prop_mmcme2_adv_CLKIN1_CLKOUT1)
                                                     -3.493    -2.508 r  i_pll/inst/mmcm_adv_inst/CLKOUT1
                         net (fo=1, routed)           1.007    -1.501    i_pll/inst/clk_32M_clk_wiz_0
    BUFGCTRL_X0Y0        BUFG (Prop_bufg_I_O)         0.030    -1.471 r  i_pll/inst/clkout2_buf/O
                         net (fo=639, routed)         0.967    -0.504    i_vio/inst/PROBE_IN_INST/I1
    SLICE_X6Y53                                                       r  i_vio/inst/PROBE_IN_INST/read_done_reg/C
                         clock pessimism              0.025    -0.479    
    SLICE_X6Y53          FDRE (Hold_fdre_C_D)         0.087    -0.392    i_vio/inst/PROBE_IN_INST/read_done_reg
  -------------------------------------------------------------------
                         required time                          0.392    
                         arrival time                          -0.290    
  -------------------------------------------------------------------
                         slack                                  0.102    

Slack (MET) :             0.104ns  (arrival time - required time)
  Source:                 i_vio/inst/DECODER_INST/xsdb_drdy_reg/C
                            (rising edge-triggered cell FDRE clocked by clk_32M_clk_wiz_0_1  {rise@0.000ns fall@15.625ns period=31.250ns})
  Destination:            dbg_hub/inst/UUT_MASTER/U_XSDB_BUS_MSTR2SL_PORT_IFACE/SL_DRDY_O_reg/D
                            (rising edge-triggered cell FDRE clocked by clk_32M_clk_wiz_0_1  {rise@0.000ns fall@15.625ns period=31.250ns})
  Path Group:             clk_32M_clk_wiz_0_1
  Path Type:              Hold (Min at Fast Process Corner)
  Requirement:            0.000ns  (clk_32M_clk_wiz_0_1 rise@0.000ns - clk_32M_clk_wiz_0_1 rise@0.000ns)
  Data Path Delay:        0.211ns  (logic 0.130ns (61.749%)  route 0.081ns (38.251%))
  Logic Levels:           1  (LUT2=1)
  Clock Path Skew:        0.011ns (DCD - SCD - CPR)
    Destination Clock Delay (DCD):    -0.505ns
    Source Clock Delay      (SCD):    -0.491ns
    Clock Pessimism Removal (CPR):    -0.025ns

    Location             Delay type                Incr(ns)  Path(ns)    Netlist Resource(s)
  -------------------------------------------------------------------    -------------------
                         (clock clk_32M_clk_wiz_0_1 rise edge)
                                                      0.000     0.000 r  
    AE10                                              0.000     0.000 r  sys_clk_p
                         net (fo=0)                   0.000     0.000    i_pll/inst/clk_in1_p
    AE10                 IBUFDS (Prop_ibufds_I_O)     0.354     0.354 r  i_pll/inst/clkin1_ibufgds/O
                         net (fo=1, routed)           0.503     0.857    i_pll/inst/clk_in1_clk_wiz_0
    MMCME2_ADV_X1Y1      MMCME2_ADV (Prop_mmcme2_adv_CLKIN1_CLKOUT1)
                                                     -3.040    -2.183 r  i_pll/inst/mmcm_adv_inst/CLKOUT1
                         net (fo=1, routed)           0.940    -1.243    i_pll/inst/clk_32M_clk_wiz_0
    BUFGCTRL_X0Y0        BUFG (Prop_bufg_I_O)         0.026    -1.217 r  i_pll/inst/clkout2_buf/O
                         net (fo=639, routed)         0.726    -0.491    i_vio/inst/DECODER_INST/I1
    SLICE_X7Y58                                                       r  i_vio/inst/DECODER_INST/xsdb_drdy_reg/C
  -------------------------------------------------------------------    -------------------
    SLICE_X7Y58          FDRE (Prop_fdre_C_Q)         0.100    -0.391 r  i_vio/inst/DECODER_INST/xsdb_drdy_reg/Q
                         net (fo=1, routed)           0.081    -0.311    i_vio/inst/U_XSDB_SLAVE/s_drdy_i
    SLICE_X6Y58          LUT2 (Prop_lut2_I0_O)        0.030    -0.281 r  i_vio/inst/U_XSDB_SLAVE/sl_oport_o[0]_INST_0/O
                         net (fo=1, routed)           0.000    -0.281    dbg_hub/inst/UUT_MASTER/U_XSDB_BUS_MSTR2SL_PORT_IFACE/sl_oport0_i[0]
    SLICE_X6Y58          FDRE                                         r  dbg_hub/inst/UUT_MASTER/U_XSDB_BUS_MSTR2SL_PORT_IFACE/SL_DRDY_O_reg/D
  -------------------------------------------------------------------    -------------------

                         (clock clk_32M_clk_wiz_0_1 rise edge)
                                                      0.000     0.000 r  
    AE10                                              0.000     0.000 r  sys_clk_p
                         net (fo=0)                   0.000     0.000    i_pll/inst/clk_in1_p
    AE10                 IBUFDS (Prop_ibufds_I_O)     0.432     0.432 r  i_pll/inst/clkin1_ibufgds/O
                         net (fo=1, routed)           0.553     0.985    i_pll/inst/clk_in1_clk_wiz_0
    MMCME2_ADV_X1Y1      MMCME2_ADV (Prop_mmcme2_adv_CLKIN1_CLKOUT1)
                                                     -3.493    -2.508 r  i_pll/inst/mmcm_adv_inst/CLKOUT1
                         net (fo=1, routed)           1.007    -1.501    i_pll/inst/clk_32M_clk_wiz_0
    BUFGCTRL_X0Y0        BUFG (Prop_bufg_I_O)         0.030    -1.471 r  i_pll/inst/clkout2_buf/O
                         net (fo=639, routed)         0.966    -0.505    dbg_hub/inst/UUT_MASTER/U_XSDB_BUS_MSTR2SL_PORT_IFACE/clk
    SLICE_X6Y58                                                       r  dbg_hub/inst/UUT_MASTER/U_XSDB_BUS_MSTR2SL_PORT_IFACE/SL_DRDY_O_reg/C
                         clock pessimism              0.025    -0.480    
    SLICE_X6Y58          FDRE (Hold_fdre_C_D)         0.096    -0.384    dbg_hub/inst/UUT_MASTER/U_XSDB_BUS_MSTR2SL_PORT_IFACE/SL_DRDY_O_reg
  -------------------------------------------------------------------
                         required time                          0.384    
                         arrival time                          -0.281    
  -------------------------------------------------------------------
                         slack                                  0.104    

Slack (MET) :             0.112ns  (arrival time - required time)
  Source:                 i_vio/inst/PROBE_IN_INST/data_int_sync2_reg[8]/C
                            (rising edge-triggered cell FDRE clocked by clk_32M_clk_wiz_0_1  {rise@0.000ns fall@15.625ns period=31.250ns})
  Destination:            i_vio/inst/PROBE_IN_INST/up_activity_reg[8]/D
                            (rising edge-triggered cell FDRE clocked by clk_32M_clk_wiz_0_1  {rise@0.000ns fall@15.625ns period=31.250ns})
  Path Group:             clk_32M_clk_wiz_0_1
  Path Type:              Hold (Min at Fast Process Corner)
  Requirement:            0.000ns  (clk_32M_clk_wiz_0_1 rise@0.000ns - clk_32M_clk_wiz_0_1 rise@0.000ns)
  Data Path Delay:        0.219ns  (logic 0.130ns (59.325%)  route 0.089ns (40.675%))
  Logic Levels:           1  (LUT3=1)
  Clock Path Skew:        0.011ns (DCD - SCD - CPR)
    Destination Clock Delay (DCD):    -0.502ns
    Source Clock Delay      (SCD):    -0.488ns
    Clock Pessimism Removal (CPR):    -0.025ns

    Location             Delay type                Incr(ns)  Path(ns)    Netlist Resource(s)
  -------------------------------------------------------------------    -------------------
                         (clock clk_32M_clk_wiz_0_1 rise edge)
                                                      0.000     0.000 r  
    AE10                                              0.000     0.000 r  sys_clk_p
                         net (fo=0)                   0.000     0.000    i_pll/inst/clk_in1_p
    AE10                 IBUFDS (Prop_ibufds_I_O)     0.354     0.354 r  i_pll/inst/clkin1_ibufgds/O
                         net (fo=1, routed)           0.503     0.857    i_pll/inst/clk_in1_clk_wiz_0
    MMCME2_ADV_X1Y1      MMCME2_ADV (Prop_mmcme2_adv_CLKIN1_CLKOUT1)
                                                     -3.040    -2.183 r  i_pll/inst/mmcm_adv_inst/CLKOUT1
                         net (fo=1, routed)           0.940    -1.243    i_pll/inst/clk_32M_clk_wiz_0
    BUFGCTRL_X0Y0        BUFG (Prop_bufg_I_O)         0.026    -1.217 r  i_pll/inst/clkout2_buf/O
                         net (fo=639, routed)         0.729    -0.488    i_vio/inst/PROBE_IN_INST/I1
    SLICE_X3Y51                                                       r  i_vio/inst/PROBE_IN_INST/data_int_sync2_reg[8]/C
  -------------------------------------------------------------------    -------------------
    SLICE_X3Y51          FDRE (Prop_fdre_C_Q)         0.100    -0.388 f  i_vio/inst/PROBE_IN_INST/data_int_sync2_reg[8]/Q
                         net (fo=3, routed)           0.089    -0.299    i_vio/inst/PROBE_IN_INST/p_26_in
    SLICE_X2Y51          LUT3 (Prop_lut3_I2_O)        0.030    -0.269 r  i_vio/inst/PROBE_IN_INST/up_activity[8]_i_1/O
                         net (fo=1, routed)           0.000    -0.269    i_vio/inst/PROBE_IN_INST/n_0_up_activity[8]_i_1
    SLICE_X2Y51          FDRE                                         r  i_vio/inst/PROBE_IN_INST/up_activity_reg[8]/D
  -------------------------------------------------------------------    -------------------

                         (clock clk_32M_clk_wiz_0_1 rise edge)
                                                      0.000     0.000 r  
    AE10                                              0.000     0.000 r  sys_clk_p
                         net (fo=0)                   0.000     0.000    i_pll/inst/clk_in1_p
    AE10                 IBUFDS (Prop_ibufds_I_O)     0.432     0.432 r  i_pll/inst/clkin1_ibufgds/O
                         net (fo=1, routed)           0.553     0.985    i_pll/inst/clk_in1_clk_wiz_0
    MMCME2_ADV_X1Y1      MMCME2_ADV (Prop_mmcme2_adv_CLKIN1_CLKOUT1)
                                                     -3.493    -2.508 r  i_pll/inst/mmcm_adv_inst/CLKOUT1
                         net (fo=1, routed)           1.007    -1.501    i_pll/inst/clk_32M_clk_wiz_0
    BUFGCTRL_X0Y0        BUFG (Prop_bufg_I_O)         0.030    -1.471 r  i_pll/inst/clkout2_buf/O
                         net (fo=639, routed)         0.969    -0.502    i_vio/inst/PROBE_IN_INST/I1
    SLICE_X2Y51                                                       r  i_vio/inst/PROBE_IN_INST/up_activity_reg[8]/C
                         clock pessimism              0.025    -0.477    
    SLICE_X2Y51          FDRE (Hold_fdre_C_D)         0.096    -0.381    i_vio/inst/PROBE_IN_INST/up_activity_reg[8]
  -------------------------------------------------------------------
                         required time                          0.381    
                         arrival time                          -0.269    
  -------------------------------------------------------------------
                         slack                                  0.112    

Slack (MET) :             0.113ns  (arrival time - required time)
  Source:                 i_vio/inst/U_XSDB_SLAVE/reg_test_reg[4]/C
                            (rising edge-triggered cell FDRE clocked by clk_32M_clk_wiz_0_1  {rise@0.000ns fall@15.625ns period=31.250ns})
  Destination:            i_vio/inst/U_XSDB_SLAVE/reg_do_reg[4]/D
                            (rising edge-triggered cell FDSE clocked by clk_32M_clk_wiz_0_1  {rise@0.000ns fall@15.625ns period=31.250ns})
  Path Group:             clk_32M_clk_wiz_0_1
  Path Type:              Hold (Min at Fast Process Corner)
  Requirement:            0.000ns  (clk_32M_clk_wiz_0_1 rise@0.000ns - clk_32M_clk_wiz_0_1 rise@0.000ns)
  Data Path Delay:        0.184ns  (logic 0.128ns (69.408%)  route 0.056ns (30.592%))
  Logic Levels:           1  (LUT6=1)
  Clock Path Skew:        0.011ns (DCD - SCD - CPR)
    Destination Clock Delay (DCD):    -0.504ns
    Source Clock Delay      (SCD):    -0.490ns
    Clock Pessimism Removal (CPR):    -0.025ns

    Location             Delay type                Incr(ns)  Path(ns)    Netlist Resource(s)
  -------------------------------------------------------------------    -------------------
                         (clock clk_32M_clk_wiz_0_1 rise edge)
                                                      0.000     0.000 r  
    AE10                                              0.000     0.000 r  sys_clk_p
                         net (fo=0)                   0.000     0.000    i_pll/inst/clk_in1_p
    AE10                 IBUFDS (Prop_ibufds_I_O)     0.354     0.354 r  i_pll/inst/clkin1_ibufgds/O
                         net (fo=1, routed)           0.503     0.857    i_pll/inst/clk_in1_clk_wiz_0
    MMCME2_ADV_X1Y1      MMCME2_ADV (Prop_mmcme2_adv_CLKIN1_CLKOUT1)
                                                     -3.040    -2.183 r  i_pll/inst/mmcm_adv_inst/CLKOUT1
                         net (fo=1, routed)           0.940    -1.243    i_pll/inst/clk_32M_clk_wiz_0
    BUFGCTRL_X0Y0        BUFG (Prop_bufg_I_O)         0.026    -1.217 r  i_pll/inst/clkout2_buf/O
                         net (fo=639, routed)         0.727    -0.490    i_vio/inst/U_XSDB_SLAVE/sl_iport_i[1]
    SLICE_X5Y53                                                       r  i_vio/inst/U_XSDB_SLAVE/reg_test_reg[4]/C
  -------------------------------------------------------------------    -------------------
    SLICE_X5Y53          FDRE (Prop_fdre_C_Q)         0.100    -0.390 r  i_vio/inst/U_XSDB_SLAVE/reg_test_reg[4]/Q
                         net (fo=1, routed)           0.056    -0.334    i_vio/inst/U_XSDB_SLAVE/reg_test[4]
    SLICE_X4Y53          LUT6 (Prop_lut6_I5_O)        0.028    -0.306 r  i_vio/inst/U_XSDB_SLAVE/reg_do[4]_i_1/O
                         net (fo=1, routed)           0.000    -0.306    i_vio/inst/U_XSDB_SLAVE/n_0_reg_do[4]_i_1
    SLICE_X4Y53          FDSE                                         r  i_vio/inst/U_XSDB_SLAVE/reg_do_reg[4]/D
  -------------------------------------------------------------------    -------------------

                         (clock clk_32M_clk_wiz_0_1 rise edge)
                                                      0.000     0.000 r  
    AE10                                              0.000     0.000 r  sys_clk_p
                         net (fo=0)                   0.000     0.000    i_pll/inst/clk_in1_p
    AE10                 IBUFDS (Prop_ibufds_I_O)     0.432     0.432 r  i_pll/inst/clkin1_ibufgds/O
                         net (fo=1, routed)           0.553     0.985    i_pll/inst/clk_in1_clk_wiz_0
    MMCME2_ADV_X1Y1      MMCME2_ADV (Prop_mmcme2_adv_CLKIN1_CLKOUT1)
                                                     -3.493    -2.508 r  i_pll/inst/mmcm_adv_inst/CLKOUT1
                         net (fo=1, routed)           1.007    -1.501    i_pll/inst/clk_32M_clk_wiz_0
    BUFGCTRL_X0Y0        BUFG (Prop_bufg_I_O)         0.030    -1.471 r  i_pll/inst/clkout2_buf/O
                         net (fo=639, routed)         0.967    -0.504    i_vio/inst/U_XSDB_SLAVE/sl_iport_i[1]
    SLICE_X4Y53                                                       r  i_vio/inst/U_XSDB_SLAVE/reg_do_reg[4]/C
                         clock pessimism              0.025    -0.479    
    SLICE_X4Y53          FDSE (Hold_fdse_C_D)         0.060    -0.419    i_vio/inst/U_XSDB_SLAVE/reg_do_reg[4]
  -------------------------------------------------------------------
                         required time                          0.419    
                         arrival time                          -0.306    
  -------------------------------------------------------------------
                         slack                                  0.113    

Slack (MET) :             0.114ns  (arrival time - required time)
  Source:                 i_vio/inst/U_XSDB_SLAVE/reg_do_reg[12]/C
                            (rising edge-triggered cell FDRE clocked by clk_32M_clk_wiz_0_1  {rise@0.000ns fall@15.625ns period=31.250ns})
  Destination:            dbg_hub/inst/UUT_MASTER/U_XSDB_BUS_MSTR2SL_PORT_IFACE/MA_RD_DIN_O_reg[12]/D
                            (rising edge-triggered cell FDRE clocked by clk_32M_clk_wiz_0_1  {rise@0.000ns fall@15.625ns period=31.250ns})
  Path Group:             clk_32M_clk_wiz_0_1
  Path Type:              Hold (Min at Fast Process Corner)
  Requirement:            0.000ns  (clk_32M_clk_wiz_0_1 rise@0.000ns - clk_32M_clk_wiz_0_1 rise@0.000ns)
  Data Path Delay:        0.186ns  (logic 0.128ns (68.676%)  route 0.058ns (31.324%))
  Logic Levels:           1  (LUT3=1)
  Clock Path Skew:        0.011ns (DCD - SCD - CPR)
    Destination Clock Delay (DCD):    -0.504ns
    Source Clock Delay      (SCD):    -0.490ns
    Clock Pessimism Removal (CPR):    -0.025ns

    Location             Delay type                Incr(ns)  Path(ns)    Netlist Resource(s)
  -------------------------------------------------------------------    -------------------
                         (clock clk_32M_clk_wiz_0_1 rise edge)
                                                      0.000     0.000 r  
    AE10                                              0.000     0.000 r  sys_clk_p
                         net (fo=0)                   0.000     0.000    i_pll/inst/clk_in1_p
    AE10                 IBUFDS (Prop_ibufds_I_O)     0.354     0.354 r  i_pll/inst/clkin1_ibufgds/O
                         net (fo=1, routed)           0.503     0.857    i_pll/inst/clk_in1_clk_wiz_0
    MMCME2_ADV_X1Y1      MMCME2_ADV (Prop_mmcme2_adv_CLKIN1_CLKOUT1)
                                                     -3.040    -2.183 r  i_pll/inst/mmcm_adv_inst/CLKOUT1
                         net (fo=1, routed)           0.940    -1.243    i_pll/inst/clk_32M_clk_wiz_0
    BUFGCTRL_X0Y0        BUFG (Prop_bufg_I_O)         0.026    -1.217 r  i_pll/inst/clkout2_buf/O
                         net (fo=639, routed)         0.727    -0.490    i_vio/inst/U_XSDB_SLAVE/sl_iport_i[1]
    SLICE_X5Y54                                                       r  i_vio/inst/U_XSDB_SLAVE/reg_do_reg[12]/C
  -------------------------------------------------------------------    -------------------
    SLICE_X5Y54          FDRE (Prop_fdre_C_Q)         0.100    -0.390 r  i_vio/inst/U_XSDB_SLAVE/reg_do_reg[12]/Q
                         net (fo=1, routed)           0.058    -0.332    i_vio/inst/U_XSDB_SLAVE/n_0_reg_do_reg[12]
    SLICE_X4Y54          LUT3 (Prop_lut3_I0_O)        0.028    -0.304 r  i_vio/inst/U_XSDB_SLAVE/sl_oport_o[13]_INST_0/O
                         net (fo=1, routed)           0.000    -0.304    dbg_hub/inst/UUT_MASTER/U_XSDB_BUS_MSTR2SL_PORT_IFACE/sl_oport0_i[13]
    SLICE_X4Y54          FDRE                                         r  dbg_hub/inst/UUT_MASTER/U_XSDB_BUS_MSTR2SL_PORT_IFACE/MA_RD_DIN_O_reg[12]/D
  -------------------------------------------------------------------    -------------------

                         (clock clk_32M_clk_wiz_0_1 rise edge)
                                                      0.000     0.000 r  
    AE10                                              0.000     0.000 r  sys_clk_p
                         net (fo=0)                   0.000     0.000    i_pll/inst/clk_in1_p
    AE10                 IBUFDS (Prop_ibufds_I_O)     0.432     0.432 r  i_pll/inst/clkin1_ibufgds/O
                         net (fo=1, routed)           0.553     0.985    i_pll/inst/clk_in1_clk_wiz_0
    MMCME2_ADV_X1Y1      MMCME2_ADV (Prop_mmcme2_adv_CLKIN1_CLKOUT1)
                                                     -3.493    -2.508 r  i_pll/inst/mmcm_adv_inst/CLKOUT1
                         net (fo=1, routed)           1.007    -1.501    i_pll/inst/clk_32M_clk_wiz_0
    BUFGCTRL_X0Y0        BUFG (Prop_bufg_I_O)         0.030    -1.471 r  i_pll/inst/clkout2_buf/O
                         net (fo=639, routed)         0.967    -0.504    dbg_hub/inst/UUT_MASTER/U_XSDB_BUS_MSTR2SL_PORT_IFACE/clk
    SLICE_X4Y54                                                       r  dbg_hub/inst/UUT_MASTER/U_XSDB_BUS_MSTR2SL_PORT_IFACE/MA_RD_DIN_O_reg[12]/C
                         clock pessimism              0.025    -0.479    
    SLICE_X4Y54          FDRE (Hold_fdre_C_D)         0.061    -0.418    dbg_hub/inst/UUT_MASTER/U_XSDB_BUS_MSTR2SL_PORT_IFACE/MA_RD_DIN_O_reg[12]
  -------------------------------------------------------------------
                         required time                          0.418    
                         arrival time                          -0.304    
  -------------------------------------------------------------------
                         slack                                  0.114    

Slack (MET) :             0.117ns  (arrival time - required time)
  Source:                 dbg_hub/inst/UUT_MASTER/U_XSDB_BUS_MSTR2SL_PORT_IFACE/MA_RD_DIN_O_reg[10]/C
                            (rising edge-triggered cell FDRE clocked by clk_32M_clk_wiz_0_1  {rise@0.000ns fall@15.625ns period=31.250ns})
  Destination:            dbg_hub/inst/UUT_MASTER/U_ICON_INTERFACE/U_CMD6_RD/U_RD_FIFO/SUBCORE_FIFO.xsdbm_v1_0_rdfifo_inst/inst_fifo_gen/gconvfifo.rf/grf.rf/gntv_or_sync_fifo.mem/gdm.dm/RAM_reg_0_15_6_11/RAMC/I
                            (rising edge-triggered cell RAMD32 clocked by clk_32M_clk_wiz_0_1  {rise@0.000ns fall@15.625ns period=31.250ns})
  Path Group:             clk_32M_clk_wiz_0_1
  Path Type:              Hold (Min at Fast Process Corner)
  Requirement:            0.000ns  (clk_32M_clk_wiz_0_1 rise@0.000ns - clk_32M_clk_wiz_0_1 rise@0.000ns)
  Data Path Delay:        0.277ns  (logic 0.100ns (36.127%)  route 0.177ns (63.873%))
  Logic Levels:           0  
  Clock Path Skew:        0.031ns (DCD - SCD - CPR)
    Destination Clock Delay (DCD):    -0.505ns
    Source Clock Delay      (SCD):    -0.490ns
    Clock Pessimism Removal (CPR):    -0.046ns

    Location             Delay type                Incr(ns)  Path(ns)    Netlist Resource(s)
  -------------------------------------------------------------------    -------------------
                         (clock clk_32M_clk_wiz_0_1 rise edge)
                                                      0.000     0.000 r  
    AE10                                              0.000     0.000 r  sys_clk_p
                         net (fo=0)                   0.000     0.000    i_pll/inst/clk_in1_p
    AE10                 IBUFDS (Prop_ibufds_I_O)     0.354     0.354 r  i_pll/inst/clkin1_ibufgds/O
                         net (fo=1, routed)           0.503     0.857    i_pll/inst/clk_in1_clk_wiz_0
    MMCME2_ADV_X1Y1      MMCME2_ADV (Prop_mmcme2_adv_CLKIN1_CLKOUT1)
                                                     -3.040    -2.183 r  i_pll/inst/mmcm_adv_inst/CLKOUT1
                         net (fo=1, routed)           0.940    -1.243    i_pll/inst/clk_32M_clk_wiz_0
    BUFGCTRL_X0Y0        BUFG (Prop_bufg_I_O)         0.026    -1.217 r  i_pll/inst/clkout2_buf/O
                         net (fo=639, routed)         0.727    -0.490    dbg_hub/inst/UUT_MASTER/U_XSDB_BUS_MSTR2SL_PORT_IFACE/clk
    SLICE_X4Y54                                                       r  dbg_hub/inst/UUT_MASTER/U_XSDB_BUS_MSTR2SL_PORT_IFACE/MA_RD_DIN_O_reg[10]/C
  -------------------------------------------------------------------    -------------------
    SLICE_X4Y54          FDRE (Prop_fdre_C_Q)         0.100    -0.390 r  dbg_hub/inst/UUT_MASTER/U_XSDB_BUS_MSTR2SL_PORT_IFACE/MA_RD_DIN_O_reg[10]/Q
                         net (fo=1, routed)           0.177    -0.213    dbg_hub/inst/UUT_MASTER/U_ICON_INTERFACE/U_CMD6_RD/U_RD_FIFO/SUBCORE_FIFO.xsdbm_v1_0_rdfifo_inst/inst_fifo_gen/gconvfifo.rf/grf.rf/gntv_or_sync_fifo.mem/gdm.dm/RAM_reg_0_15_6_11/DIC0
    SLICE_X2Y60          RAMD32                                       r  dbg_hub/inst/UUT_MASTER/U_ICON_INTERFACE/U_CMD6_RD/U_RD_FIFO/SUBCORE_FIFO.xsdbm_v1_0_rdfifo_inst/inst_fifo_gen/gconvfifo.rf/grf.rf/gntv_or_sync_fifo.mem/gdm.dm/RAM_reg_0_15_6_11/RAMC/I
  -------------------------------------------------------------------    -------------------

                         (clock clk_32M_clk_wiz_0_1 rise edge)
                                                      0.000     0.000 r  
    AE10                                              0.000     0.000 r  sys_clk_p
                         net (fo=0)                   0.000     0.000    i_pll/inst/clk_in1_p
    AE10                 IBUFDS (Prop_ibufds_I_O)     0.432     0.432 r  i_pll/inst/clkin1_ibufgds/O
                         net (fo=1, routed)           0.553     0.985    i_pll/inst/clk_in1_clk_wiz_0
    MMCME2_ADV_X1Y1      MMCME2_ADV (Prop_mmcme2_adv_CLKIN1_CLKOUT1)
                                                     -3.493    -2.508 r  i_pll/inst/mmcm_adv_inst/CLKOUT1
                         net (fo=1, routed)           1.007    -1.501    i_pll/inst/clk_32M_clk_wiz_0
    BUFGCTRL_X0Y0        BUFG (Prop_bufg_I_O)         0.030    -1.471 r  i_pll/inst/clkout2_buf/O
                         net (fo=639, routed)         0.966    -0.505    dbg_hub/inst/UUT_MASTER/U_ICON_INTERFACE/U_CMD6_RD/U_RD_FIFO/SUBCORE_FIFO.xsdbm_v1_0_rdfifo_inst/inst_fifo_gen/gconvfifo.rf/grf.rf/gntv_or_sync_fifo.mem/gdm.dm/RAM_reg_0_15_6_11/WCLK
    SLICE_X2Y60                                                       r  dbg_hub/inst/UUT_MASTER/U_ICON_INTERFACE/U_CMD6_RD/U_RD_FIFO/SUBCORE_FIFO.xsdbm_v1_0_rdfifo_inst/inst_fifo_gen/gconvfifo.rf/grf.rf/gntv_or_sync_fifo.mem/gdm.dm/RAM_reg_0_15_6_11/RAMC/CLK
                         clock pessimism              0.046    -0.459    
    SLICE_X2Y60          RAMD32 (Hold_ramd32_CLK_I)
                                                      0.129    -0.330    dbg_hub/inst/UUT_MASTER/U_ICON_INTERFACE/U_CMD6_RD/U_RD_FIFO/SUBCORE_FIFO.xsdbm_v1_0_rdfifo_inst/inst_fifo_gen/gconvfifo.rf/grf.rf/gntv_or_sync_fifo.mem/gdm.dm/RAM_reg_0_15_6_11/RAMC
  -------------------------------------------------------------------
                         required time                          0.330    
                         arrival time                          -0.213    
  -------------------------------------------------------------------
                         slack                                  0.117    

Slack (MET) :             0.119ns  (arrival time - required time)
  Source:                 dbg_hub/inst/UUT_MASTER/U_ICON_INTERFACE/U_CMD6_WR/U_WR_FIFO/SUBCORE_FIFO.xsdbm_v1_0_wrfifo_inst/inst_fifo_gen/gconvfifo.rf/grf.rf/gntv_or_sync_fifo.mem/gdm.dm/gpr1.dout_i_reg[12]/C
                            (rising edge-triggered cell FDRE clocked by clk_32M_clk_wiz_0_1  {rise@0.000ns fall@15.625ns period=31.250ns})
  Destination:            i_vio/inst/U_XSDB_SLAVE/reg_test_reg[12]/D
                            (rising edge-triggered cell FDRE clocked by clk_32M_clk_wiz_0_1  {rise@0.000ns fall@15.625ns period=31.250ns})
  Path Group:             clk_32M_clk_wiz_0_1
  Path Type:              Hold (Min at Fast Process Corner)
  Requirement:            0.000ns  (clk_32M_clk_wiz_0_1 rise@0.000ns - clk_32M_clk_wiz_0_1 rise@0.000ns)
  Data Path Delay:        0.209ns  (logic 0.100ns (47.941%)  route 0.109ns (52.059%))
  Logic Levels:           0  
  Clock Path Skew:        0.031ns (DCD - SCD - CPR)
    Destination Clock Delay (DCD):    -0.504ns
    Source Clock Delay      (SCD):    -0.489ns
    Clock Pessimism Removal (CPR):    -0.046ns

    Location             Delay type                Incr(ns)  Path(ns)    Netlist Resource(s)
  -------------------------------------------------------------------    -------------------
                         (clock clk_32M_clk_wiz_0_1 rise edge)
                                                      0.000     0.000 r  
    AE10                                              0.000     0.000 r  sys_clk_p
                         net (fo=0)                   0.000     0.000    i_pll/inst/clk_in1_p
    AE10                 IBUFDS (Prop_ibufds_I_O)     0.354     0.354 r  i_pll/inst/clkin1_ibufgds/O
                         net (fo=1, routed)           0.503     0.857    i_pll/inst/clk_in1_clk_wiz_0
    MMCME2_ADV_X1Y1      MMCME2_ADV (Prop_mmcme2_adv_CLKIN1_CLKOUT1)
                                                     -3.040    -2.183 r  i_pll/inst/mmcm_adv_inst/CLKOUT1
                         net (fo=1, routed)           0.940    -1.243    i_pll/inst/clk_32M_clk_wiz_0
    BUFGCTRL_X0Y0        BUFG (Prop_bufg_I_O)         0.026    -1.217 r  i_pll/inst/clkout2_buf/O
                         net (fo=639, routed)         0.728    -0.489    dbg_hub/inst/UUT_MASTER/U_ICON_INTERFACE/U_CMD6_WR/U_WR_FIFO/SUBCORE_FIFO.xsdbm_v1_0_wrfifo_inst/inst_fifo_gen/gconvfifo.rf/grf.rf/gntv_or_sync_fifo.mem/gdm.dm/clk
    SLICE_X3Y54                                                       r  dbg_hub/inst/UUT_MASTER/U_ICON_INTERFACE/U_CMD6_WR/U_WR_FIFO/SUBCORE_FIFO.xsdbm_v1_0_wrfifo_inst/inst_fifo_gen/gconvfifo.rf/grf.rf/gntv_or_sync_fifo.mem/gdm.dm/gpr1.dout_i_reg[12]/C
  -------------------------------------------------------------------    -------------------
    SLICE_X3Y54          FDRE (Prop_fdre_C_Q)         0.100    -0.389 r  dbg_hub/inst/UUT_MASTER/U_ICON_INTERFACE/U_CMD6_WR/U_WR_FIFO/SUBCORE_FIFO.xsdbm_v1_0_wrfifo_inst/inst_fifo_gen/gconvfifo.rf/grf.rf/gntv_or_sync_fifo.mem/gdm.dm/gpr1.dout_i_reg[12]/Q
                         net (fo=2, routed)           0.109    -0.281    i_vio/inst/U_XSDB_SLAVE/sl_iport_i[33]
    SLICE_X6Y54          FDRE                                         r  i_vio/inst/U_XSDB_SLAVE/reg_test_reg[12]/D
  -------------------------------------------------------------------    -------------------

                         (clock clk_32M_clk_wiz_0_1 rise edge)
                                                      0.000     0.000 r  
    AE10                                              0.000     0.000 r  sys_clk_p
                         net (fo=0)                   0.000     0.000    i_pll/inst/clk_in1_p
    AE10                 IBUFDS (Prop_ibufds_I_O)     0.432     0.432 r  i_pll/inst/clkin1_ibufgds/O
                         net (fo=1, routed)           0.553     0.985    i_pll/inst/clk_in1_clk_wiz_0
    MMCME2_ADV_X1Y1      MMCME2_ADV (Prop_mmcme2_adv_CLKIN1_CLKOUT1)
                                                     -3.493    -2.508 r  i_pll/inst/mmcm_adv_inst/CLKOUT1
                         net (fo=1, routed)           1.007    -1.501    i_pll/inst/clk_32M_clk_wiz_0
    BUFGCTRL_X0Y0        BUFG (Prop_bufg_I_O)         0.030    -1.471 r  i_pll/inst/clkout2_buf/O
                         net (fo=639, routed)         0.967    -0.504    i_vio/inst/U_XSDB_SLAVE/sl_iport_i[1]
    SLICE_X6Y54                                                       r  i_vio/inst/U_XSDB_SLAVE/reg_test_reg[12]/C
                         clock pessimism              0.046    -0.458    
    SLICE_X6Y54          FDRE (Hold_fdre_C_D)         0.059    -0.399    i_vio/inst/U_XSDB_SLAVE/reg_test_reg[12]
  -------------------------------------------------------------------
                         required time                          0.399    
                         arrival time                          -0.281    
  -------------------------------------------------------------------
                         slack                                  0.119    

Slack (MET) :             0.119ns  (arrival time - required time)
  Source:                 i_vio/inst/PROBE_IN_INST/data_int_sync2_reg[8]/C
                            (rising edge-triggered cell FDRE clocked by clk_32M_clk_wiz_0_1  {rise@0.000ns fall@15.625ns period=31.250ns})
  Destination:            i_vio/inst/PROBE_IN_INST/dn_activity_reg[8]/D
                            (rising edge-triggered cell FDRE clocked by clk_32M_clk_wiz_0_1  {rise@0.000ns fall@15.625ns period=31.250ns})
  Path Group:             clk_32M_clk_wiz_0_1
  Path Type:              Hold (Min at Fast Process Corner)
  Requirement:            0.000ns  (clk_32M_clk_wiz_0_1 rise@0.000ns - clk_32M_clk_wiz_0_1 rise@0.000ns)
  Data Path Delay:        0.217ns  (logic 0.128ns (58.951%)  route 0.089ns (41.049%))
  Logic Levels:           1  (LUT3=1)
  Clock Path Skew:        0.011ns (DCD - SCD - CPR)
    Destination Clock Delay (DCD):    -0.502ns
    Source Clock Delay      (SCD):    -0.488ns
    Clock Pessimism Removal (CPR):    -0.025ns

    Location             Delay type                Incr(ns)  Path(ns)    Netlist Resource(s)
  -------------------------------------------------------------------    -------------------
                         (clock clk_32M_clk_wiz_0_1 rise edge)
                                                      0.000     0.000 r  
    AE10                                              0.000     0.000 r  sys_clk_p
                         net (fo=0)                   0.000     0.000    i_pll/inst/clk_in1_p
    AE10                 IBUFDS (Prop_ibufds_I_O)     0.354     0.354 r  i_pll/inst/clkin1_ibufgds/O
                         net (fo=1, routed)           0.503     0.857    i_pll/inst/clk_in1_clk_wiz_0
    MMCME2_ADV_X1Y1      MMCME2_ADV (Prop_mmcme2_adv_CLKIN1_CLKOUT1)
                                                     -3.040    -2.183 r  i_pll/inst/mmcm_adv_inst/CLKOUT1
                         net (fo=1, routed)           0.940    -1.243    i_pll/inst/clk_32M_clk_wiz_0
    BUFGCTRL_X0Y0        BUFG (Prop_bufg_I_O)         0.026    -1.217 r  i_pll/inst/clkout2_buf/O
                         net (fo=639, routed)         0.729    -0.488    i_vio/inst/PROBE_IN_INST/I1
    SLICE_X3Y51                                                       r  i_vio/inst/PROBE_IN_INST/data_int_sync2_reg[8]/C
  -------------------------------------------------------------------    -------------------
    SLICE_X3Y51          FDRE (Prop_fdre_C_Q)         0.100    -0.388 r  i_vio/inst/PROBE_IN_INST/data_int_sync2_reg[8]/Q
                         net (fo=3, routed)           0.089    -0.299    i_vio/inst/PROBE_IN_INST/p_26_in
    SLICE_X2Y51          LUT3 (Prop_lut3_I1_O)        0.028    -0.271 r  i_vio/inst/PROBE_IN_INST/dn_activity[8]_i_1/O
                         net (fo=1, routed)           0.000    -0.271    i_vio/inst/PROBE_IN_INST/n_0_dn_activity[8]_i_1
    SLICE_X2Y51          FDRE                                         r  i_vio/inst/PROBE_IN_INST/dn_activity_reg[8]/D
  -------------------------------------------------------------------    -------------------

                         (clock clk_32M_clk_wiz_0_1 rise edge)
                                                      0.000     0.000 r  
    AE10                                              0.000     0.000 r  sys_clk_p
                         net (fo=0)                   0.000     0.000    i_pll/inst/clk_in1_p
    AE10                 IBUFDS (Prop_ibufds_I_O)     0.432     0.432 r  i_pll/inst/clkin1_ibufgds/O
                         net (fo=1, routed)           0.553     0.985    i_pll/inst/clk_in1_clk_wiz_0
    MMCME2_ADV_X1Y1      MMCME2_ADV (Prop_mmcme2_adv_CLKIN1_CLKOUT1)
                                                     -3.493    -2.508 r  i_pll/inst/mmcm_adv_inst/CLKOUT1
                         net (fo=1, routed)           1.007    -1.501    i_pll/inst/clk_32M_clk_wiz_0
    BUFGCTRL_X0Y0        BUFG (Prop_bufg_I_O)         0.030    -1.471 r  i_pll/inst/clkout2_buf/O
                         net (fo=639, routed)         0.969    -0.502    i_vio/inst/PROBE_IN_INST/I1
    SLICE_X2Y51                                                       r  i_vio/inst/PROBE_IN_INST/dn_activity_reg[8]/C
                         clock pessimism              0.025    -0.477    
    SLICE_X2Y51          FDRE (Hold_fdre_C_D)         0.087    -0.390    i_vio/inst/PROBE_IN_INST/dn_activity_reg[8]
  -------------------------------------------------------------------
                         required time                          0.390    
                         arrival time                          -0.271    
  -------------------------------------------------------------------
                         slack                                  0.119    

Slack (MET) :             0.119ns  (arrival time - required time)
  Source:                 i_fifo_uart_send/U0/inst_fifo_gen/gconvfifo.rf/grf.rf/gntv_or_sync_fifo.gl0.wr/wpntr/gic0.gc0.count_d2_reg[5]/C
                            (rising edge-triggered cell FDCE clocked by clk_32M_clk_wiz_0_1  {rise@0.000ns fall@15.625ns period=31.250ns})
  Destination:            i_fifo_uart_send/U0/inst_fifo_gen/gconvfifo.rf/grf.rf/gntv_or_sync_fifo.mem/gbm.gbmg.gbmga.ngecc.bmg/inst_blk_mem_gen/gnativebmg.native_blk_mem_gen/valid.cstr/ramloop[0].ram.r/prim_noinit.ram/DEVICE_7SERIES.NO_BMM_INFO.SDP.SIMPLE_PRIM18.ram/ADDRARDADDR[9]
                            (rising edge-triggered cell RAMB18E1 clocked by clk_32M_clk_wiz_0_1  {rise@0.000ns fall@15.625ns period=31.250ns})
  Path Group:             clk_32M_clk_wiz_0_1
  Path Type:              Hold (Min at Fast Process Corner)
  Requirement:            0.000ns  (clk_32M_clk_wiz_0_1 rise@0.000ns - clk_32M_clk_wiz_0_1 rise@0.000ns)
  Data Path Delay:        0.312ns  (logic 0.091ns (29.165%)  route 0.221ns (70.835%))
  Logic Levels:           0  
  Clock Path Skew:        0.046ns (DCD - SCD - CPR)
    Destination Clock Delay (DCD):    -0.436ns
    Source Clock Delay      (SCD):    -0.473ns
    Clock Pessimism Removal (CPR):    -0.008ns

    Location             Delay type                Incr(ns)  Path(ns)    Netlist Resource(s)
  -------------------------------------------------------------------    -------------------
                         (clock clk_32M_clk_wiz_0_1 rise edge)
                                                      0.000     0.000 r  
    AE10                                              0.000     0.000 r  sys_clk_p
                         net (fo=0)                   0.000     0.000    i_pll/inst/clk_in1_p
    AE10                 IBUFDS (Prop_ibufds_I_O)     0.354     0.354 r  i_pll/inst/clkin1_ibufgds/O
                         net (fo=1, routed)           0.503     0.857    i_pll/inst/clk_in1_clk_wiz_0
    MMCME2_ADV_X1Y1      MMCME2_ADV (Prop_mmcme2_adv_CLKIN1_CLKOUT1)
                                                     -3.040    -2.183 r  i_pll/inst/mmcm_adv_inst/CLKOUT1
                         net (fo=1, routed)           0.940    -1.243    i_pll/inst/clk_32M_clk_wiz_0
    BUFGCTRL_X0Y0        BUFG (Prop_bufg_I_O)         0.026    -1.217 r  i_pll/inst/clkout2_buf/O
                         net (fo=639, routed)         0.744    -0.473    i_fifo_uart_send/U0/inst_fifo_gen/gconvfifo.rf/grf.rf/gntv_or_sync_fifo.gl0.wr/wpntr/wr_clk
    SLICE_X23Y41                                                      r  i_fifo_uart_send/U0/inst_fifo_gen/gconvfifo.rf/grf.rf/gntv_or_sync_fifo.gl0.wr/wpntr/gic0.gc0.count_d2_reg[5]/C
  -------------------------------------------------------------------    -------------------
    SLICE_X23Y41         FDCE (Prop_fdce_C_Q)         0.091    -0.382 r  i_fifo_uart_send/U0/inst_fifo_gen/gconvfifo.rf/grf.rf/gntv_or_sync_fifo.gl0.wr/wpntr/gic0.gc0.count_d2_reg[5]/Q
                         net (fo=3, routed)           0.221    -0.161    i_fifo_uart_send/U0/inst_fifo_gen/gconvfifo.rf/grf.rf/gntv_or_sync_fifo.mem/gbm.gbmg.gbmga.ngecc.bmg/inst_blk_mem_gen/gnativebmg.native_blk_mem_gen/valid.cstr/ramloop[0].ram.r/prim_noinit.ram/O2[5]
    RAMB18_X1Y18         RAMB18E1                                     r  i_fifo_uart_send/U0/inst_fifo_gen/gconvfifo.rf/grf.rf/gntv_or_sync_fifo.mem/gbm.gbmg.gbmga.ngecc.bmg/inst_blk_mem_gen/gnativebmg.native_blk_mem_gen/valid.cstr/ramloop[0].ram.r/prim_noinit.ram/DEVICE_7SERIES.NO_BMM_INFO.SDP.SIMPLE_PRIM18.ram/ADDRARDADDR[9]
  -------------------------------------------------------------------    -------------------

                         (clock clk_32M_clk_wiz_0_1 rise edge)
                                                      0.000     0.000 r  
    AE10                                              0.000     0.000 r  sys_clk_p
                         net (fo=0)                   0.000     0.000    i_pll/inst/clk_in1_p
    AE10                 IBUFDS (Prop_ibufds_I_O)     0.432     0.432 r  i_pll/inst/clkin1_ibufgds/O
                         net (fo=1, routed)           0.553     0.985    i_pll/inst/clk_in1_clk_wiz_0
    MMCME2_ADV_X1Y1      MMCME2_ADV (Prop_mmcme2_adv_CLKIN1_CLKOUT1)
                                                     -3.493    -2.508 r  i_pll/inst/mmcm_adv_inst/CLKOUT1
                         net (fo=1, routed)           1.007    -1.501    i_pll/inst/clk_32M_clk_wiz_0
    BUFGCTRL_X0Y0        BUFG (Prop_bufg_I_O)         0.030    -1.471 r  i_pll/inst/clkout2_buf/O
                         net (fo=639, routed)         1.036    -0.436    i_fifo_uart_send/U0/inst_fifo_gen/gconvfifo.rf/grf.rf/gntv_or_sync_fifo.mem/gbm.gbmg.gbmga.ngecc.bmg/inst_blk_mem_gen/gnativebmg.native_blk_mem_gen/valid.cstr/ramloop[0].ram.r/prim_noinit.ram/wr_clk
    RAMB18_X1Y18                                                      r  i_fifo_uart_send/U0/inst_fifo_gen/gconvfifo.rf/grf.rf/gntv_or_sync_fifo.mem/gbm.gbmg.gbmga.ngecc.bmg/inst_blk_mem_gen/gnativebmg.native_blk_mem_gen/valid.cstr/ramloop[0].ram.r/prim_noinit.ram/DEVICE_7SERIES.NO_BMM_INFO.SDP.SIMPLE_PRIM18.ram/CLKARDCLK
                         clock pessimism              0.008    -0.428    
    RAMB18_X1Y18         RAMB18E1 (Hold_ramb18e1_CLKARDCLK_ADDRARDADDR[9])
                                                      0.147    -0.281    i_fifo_uart_send/U0/inst_fifo_gen/gconvfifo.rf/grf.rf/gntv_or_sync_fifo.mem/gbm.gbmg.gbmga.ngecc.bmg/inst_blk_mem_gen/gnativebmg.native_blk_mem_gen/valid.cstr/ramloop[0].ram.r/prim_noinit.ram/DEVICE_7SERIES.NO_BMM_INFO.SDP.SIMPLE_PRIM18.ram
  -------------------------------------------------------------------
                         required time                          0.281    
                         arrival time                          -0.161    
  -------------------------------------------------------------------
                         slack                                  0.119    

Slack (MET) :             0.122ns  (arrival time - required time)
  Source:                 dbg_hub/inst/UUT_MASTER/U_XSDB_BUS_MSTR2SL_PORT_IFACE/MA_RD_DIN_O_reg[13]/C
                            (rising edge-triggered cell FDRE clocked by clk_32M_clk_wiz_0_1  {rise@0.000ns fall@15.625ns period=31.250ns})
  Destination:            dbg_hub/inst/UUT_MASTER/U_ICON_INTERFACE/U_CMD6_RD/U_RD_FIFO/SUBCORE_FIFO.xsdbm_v1_0_rdfifo_inst/inst_fifo_gen/gconvfifo.rf/grf.rf/gntv_or_sync_fifo.mem/gdm.dm/RAM_reg_0_15_12_15/RAMA_D1/I
                            (rising edge-triggered cell RAMD32 clocked by clk_32M_clk_wiz_0_1  {rise@0.000ns fall@15.625ns period=31.250ns})
  Path Group:             clk_32M_clk_wiz_0_1
  Path Type:              Hold (Min at Fast Process Corner)
  Requirement:            0.000ns  (clk_32M_clk_wiz_0_1 rise@0.000ns - clk_32M_clk_wiz_0_1 rise@0.000ns)
  Data Path Delay:        0.263ns  (logic 0.118ns (44.889%)  route 0.145ns (55.111%))
  Logic Levels:           0  
  Clock Path Skew:        0.033ns (DCD - SCD - CPR)
    Destination Clock Delay (DCD):    -0.504ns
    Source Clock Delay      (SCD):    -0.491ns
    Clock Pessimism Removal (CPR):    -0.046ns

    Location             Delay type                Incr(ns)  Path(ns)    Netlist Resource(s)
  -------------------------------------------------------------------    -------------------
                         (clock clk_32M_clk_wiz_0_1 rise edge)
                                                      0.000     0.000 r  
    AE10                                              0.000     0.000 r  sys_clk_p
                         net (fo=0)                   0.000     0.000    i_pll/inst/clk_in1_p
    AE10                 IBUFDS (Prop_ibufds_I_O)     0.354     0.354 r  i_pll/inst/clkin1_ibufgds/O
                         net (fo=1, routed)           0.503     0.857    i_pll/inst/clk_in1_clk_wiz_0
    MMCME2_ADV_X1Y1      MMCME2_ADV (Prop_mmcme2_adv_CLKIN1_CLKOUT1)
                                                     -3.040    -2.183 r  i_pll/inst/mmcm_adv_inst/CLKOUT1
                         net (fo=1, routed)           0.940    -1.243    i_pll/inst/clk_32M_clk_wiz_0
    BUFGCTRL_X0Y0        BUFG (Prop_bufg_I_O)         0.026    -1.217 r  i_pll/inst/clkout2_buf/O
                         net (fo=639, routed)         0.726    -0.491    dbg_hub/inst/UUT_MASTER/U_XSDB_BUS_MSTR2SL_PORT_IFACE/clk
    SLICE_X6Y58                                                       r  dbg_hub/inst/UUT_MASTER/U_XSDB_BUS_MSTR2SL_PORT_IFACE/MA_RD_DIN_O_reg[13]/C
  -------------------------------------------------------------------    -------------------
    SLICE_X6Y58          FDRE (Prop_fdre_C_Q)         0.118    -0.373 r  dbg_hub/inst/UUT_MASTER/U_XSDB_BUS_MSTR2SL_PORT_IFACE/MA_RD_DIN_O_reg[13]/Q
                         net (fo=1, routed)           0.145    -0.228    dbg_hub/inst/UUT_MASTER/U_ICON_INTERFACE/U_CMD6_RD/U_RD_FIFO/SUBCORE_FIFO.xsdbm_v1_0_rdfifo_inst/inst_fifo_gen/gconvfifo.rf/grf.rf/gntv_or_sync_fifo.mem/gdm.dm/RAM_reg_0_15_12_15/DIA1
    SLICE_X2Y59          RAMD32                                       r  dbg_hub/inst/UUT_MASTER/U_ICON_INTERFACE/U_CMD6_RD/U_RD_FIFO/SUBCORE_FIFO.xsdbm_v1_0_rdfifo_inst/inst_fifo_gen/gconvfifo.rf/grf.rf/gntv_or_sync_fifo.mem/gdm.dm/RAM_reg_0_15_12_15/RAMA_D1/I
  -------------------------------------------------------------------    -------------------

                         (clock clk_32M_clk_wiz_0_1 rise edge)
                                                      0.000     0.000 r  
    AE10                                              0.000     0.000 r  sys_clk_p
                         net (fo=0)                   0.000     0.000    i_pll/inst/clk_in1_p
    AE10                 IBUFDS (Prop_ibufds_I_O)     0.432     0.432 r  i_pll/inst/clkin1_ibufgds/O
                         net (fo=1, routed)           0.553     0.985    i_pll/inst/clk_in1_clk_wiz_0
    MMCME2_ADV_X1Y1      MMCME2_ADV (Prop_mmcme2_adv_CLKIN1_CLKOUT1)
                                                     -3.493    -2.508 r  i_pll/inst/mmcm_adv_inst/CLKOUT1
                         net (fo=1, routed)           1.007    -1.501    i_pll/inst/clk_32M_clk_wiz_0
    BUFGCTRL_X0Y0        BUFG (Prop_bufg_I_O)         0.030    -1.471 r  i_pll/inst/clkout2_buf/O
                         net (fo=639, routed)         0.967    -0.504    dbg_hub/inst/UUT_MASTER/U_ICON_INTERFACE/U_CMD6_RD/U_RD_FIFO/SUBCORE_FIFO.xsdbm_v1_0_rdfifo_inst/inst_fifo_gen/gconvfifo.rf/grf.rf/gntv_or_sync_fifo.mem/gdm.dm/RAM_reg_0_15_12_15/WCLK
    SLICE_X2Y59                                                       r  dbg_hub/inst/UUT_MASTER/U_ICON_INTERFACE/U_CMD6_RD/U_RD_FIFO/SUBCORE_FIFO.xsdbm_v1_0_rdfifo_inst/inst_fifo_gen/gconvfifo.rf/grf.rf/gntv_or_sync_fifo.mem/gdm.dm/RAM_reg_0_15_12_15/RAMA_D1/CLK
                         clock pessimism              0.046    -0.458    
    SLICE_X2Y59          RAMD32 (Hold_ramd32_CLK_I)
                                                      0.108    -0.350    dbg_hub/inst/UUT_MASTER/U_ICON_INTERFACE/U_CMD6_RD/U_RD_FIFO/SUBCORE_FIFO.xsdbm_v1_0_rdfifo_inst/inst_fifo_gen/gconvfifo.rf/grf.rf/gntv_or_sync_fifo.mem/gdm.dm/RAM_reg_0_15_12_15/RAMA_D1
  -------------------------------------------------------------------
                         required time                          0.350    
                         arrival time                          -0.228    
  -------------------------------------------------------------------
                         slack                                  0.122    





Pulse Width Checks
--------------------------------------------------------------------------------------
Clock Name:         clk_32M_clk_wiz_0_1
Waveform:           { 0 15.625 }
Period:             31.250
Sources:            { i_pll/inst/mmcm_adv_inst/CLKOUT1 }

Check Type        Corner  Lib Pin             Reference Pin  Required  Actual  Slack    Location         Pin                                                                                                                                                                                                                                                         
Min Period        n/a     RAMB18E1/CLKBWRCLK  n/a            1.839     31.250  29.411   RAMB18_X0Y18     i_fifo_uart_recv/U0/inst_fifo_gen/gconvfifo.rf/grf.rf/gntv_or_sync_fifo.mem/gbm.gbmg.gbmga.ngecc.bmg/inst_blk_mem_gen/gnativebmg.native_blk_mem_gen/valid.cstr/ramloop[0].ram.r/prim_noinit.ram/DEVICE_7SERIES.NO_BMM_INFO.SDP.SIMPLE_PRIM18.ram/CLKBWRCLK  
Min Period        n/a     RAMB18E1/CLKARDCLK  n/a            1.839     31.250  29.411   RAMB18_X1Y18     i_fifo_uart_send/U0/inst_fifo_gen/gconvfifo.rf/grf.rf/gntv_or_sync_fifo.mem/gbm.gbmg.gbmga.ngecc.bmg/inst_blk_mem_gen/gnativebmg.native_blk_mem_gen/valid.cstr/ramloop[0].ram.r/prim_noinit.ram/DEVICE_7SERIES.NO_BMM_INFO.SDP.SIMPLE_PRIM18.ram/CLKARDCLK  
Min Period        n/a     BUFG/I              n/a            1.408     31.250  29.842   BUFGCTRL_X0Y0    i_pll/inst/clkout2_buf/I                                                                                                                                                                                                                                    
Min Period        n/a     MMCME2_ADV/CLKOUT1  n/a            1.071     31.250  30.179   MMCME2_ADV_X1Y1  i_pll/inst/mmcm_adv_inst/CLKOUT1                                                                                                                                                                                                                            
Min Period        n/a     FDRE/C              n/a            0.750     31.250  30.500   SLICE_X8Y65      dbg_hub/inst/UUT_MASTER/U_ICON_INTERFACE/U_CMD1/ctl_reg_en_reg[1]/C                                                                                                                                                                                         
Min Period        n/a     FDRE/C              n/a            0.750     31.250  30.500   SLICE_X8Y67      dbg_hub/inst/UUT_MASTER/U_ICON_INTERFACE/U_CMD2/stat_reg_ld_reg[0]/C                                                                                                                                                                                        
Min Period        n/a     FDRE/C              n/a            0.750     31.250  30.500   SLICE_X11Y66     dbg_hub/inst/UUT_MASTER/U_ICON_INTERFACE/U_CMD3/stat_reg_ld_reg[0]/C                                                                                                                                                                                        
Min Period        n/a     FDRE/C              n/a            0.750     31.250  30.500   SLICE_X12Y58     dbg_hub/inst/UUT_MASTER/U_ICON_INTERFACE/U_CMD4/ctl_reg_en_reg[1]/C                                                                                                                                                                                         
Min Period        n/a     FDRE/C              n/a            0.750     31.250  30.500   SLICE_X11Y57     dbg_hub/inst/UUT_MASTER/U_ICON_INTERFACE/U_CMD4/ctl_reg_reg[20]/C                                                                                                                                                                                           
Min Period        n/a     FDRE/C              n/a            0.750     31.250  30.500   SLICE_X11Y57     dbg_hub/inst/UUT_MASTER/U_ICON_INTERFACE/U_CMD4/ctl_reg_reg[24]/C                                                                                                                                                                                           
Max Period        n/a     MMCME2_ADV/CLKOUT1  n/a            213.360   31.250  182.110  MMCME2_ADV_X1Y1  i_pll/inst/mmcm_adv_inst/CLKOUT1                                                                                                                                                                                                                            
Low Pulse Width   Fast    RAMD32/CLK          n/a            0.768     15.625  14.857   SLICE_X2Y58      dbg_hub/inst/UUT_MASTER/U_ICON_INTERFACE/U_CMD6_RD/U_RD_FIFO/SUBCORE_FIFO.xsdbm_v1_0_rdfifo_inst/inst_fifo_gen/gconvfifo.rf/grf.rf/gntv_or_sync_fifo.mem/gdm.dm/RAM_reg_0_15_0_5/RAMA/CLK                                                                   
Low Pulse Width   Fast    RAMD32/CLK          n/a            0.768     15.625  14.857   SLICE_X2Y58      dbg_hub/inst/UUT_MASTER/U_ICON_INTERFACE/U_CMD6_RD/U_RD_FIFO/SUBCORE_FIFO.xsdbm_v1_0_rdfifo_inst/inst_fifo_gen/gconvfifo.rf/grf.rf/gntv_or_sync_fifo.mem/gdm.dm/RAM_reg_0_15_0_5/RAMA_D1/CLK                                                                
Low Pulse Width   Fast    RAMD32/CLK          n/a            0.768     15.625  14.857   SLICE_X2Y58      dbg_hub/inst/UUT_MASTER/U_ICON_INTERFACE/U_CMD6_RD/U_RD_FIFO/SUBCORE_FIFO.xsdbm_v1_0_rdfifo_inst/inst_fifo_gen/gconvfifo.rf/grf.rf/gntv_or_sync_fifo.mem/gdm.dm/RAM_reg_0_15_0_5/RAMB/CLK                                                                   
Low Pulse Width   Fast    RAMD32/CLK          n/a            0.768     15.625  14.857   SLICE_X2Y58      dbg_hub/inst/UUT_MASTER/U_ICON_INTERFACE/U_CMD6_RD/U_RD_FIFO/SUBCORE_FIFO.xsdbm_v1_0_rdfifo_inst/inst_fifo_gen/gconvfifo.rf/grf.rf/gntv_or_sync_fifo.mem/gdm.dm/RAM_reg_0_15_0_5/RAMB_D1/CLK                                                                
Low Pulse Width   Fast    RAMD32/CLK          n/a            0.768     15.625  14.857   SLICE_X2Y58      dbg_hub/inst/UUT_MASTER/U_ICON_INTERFACE/U_CMD6_RD/U_RD_FIFO/SUBCORE_FIFO.xsdbm_v1_0_rdfifo_inst/inst_fifo_gen/gconvfifo.rf/grf.rf/gntv_or_sync_fifo.mem/gdm.dm/RAM_reg_0_15_0_5/RAMC/CLK                                                                   
Low Pulse Width   Fast    RAMD32/CLK          n/a            0.768     15.625  14.857   SLICE_X2Y58      dbg_hub/inst/UUT_MASTER/U_ICON_INTERFACE/U_CMD6_RD/U_RD_FIFO/SUBCORE_FIFO.xsdbm_v1_0_rdfifo_inst/inst_fifo_gen/gconvfifo.rf/grf.rf/gntv_or_sync_fifo.mem/gdm.dm/RAM_reg_0_15_0_5/RAMC_D1/CLK                                                                
Low Pulse Width   Fast    RAMS32/CLK          n/a            0.768     15.625  14.857   SLICE_X2Y58      dbg_hub/inst/UUT_MASTER/U_ICON_INTERFACE/U_CMD6_RD/U_RD_FIFO/SUBCORE_FIFO.xsdbm_v1_0_rdfifo_inst/inst_fifo_gen/gconvfifo.rf/grf.rf/gntv_or_sync_fifo.mem/gdm.dm/RAM_reg_0_15_0_5/RAMD/CLK                                                                   
Low Pulse Width   Fast    RAMS32/CLK          n/a            0.768     15.625  14.857   SLICE_X2Y58      dbg_hub/inst/UUT_MASTER/U_ICON_INTERFACE/U_CMD6_RD/U_RD_FIFO/SUBCORE_FIFO.xsdbm_v1_0_rdfifo_inst/inst_fifo_gen/gconvfifo.rf/grf.rf/gntv_or_sync_fifo.mem/gdm.dm/RAM_reg_0_15_0_5/RAMD_D1/CLK                                                                
Low Pulse Width   Fast    RAMD32/CLK          n/a            0.768     15.625  14.857   SLICE_X2Y59      dbg_hub/inst/UUT_MASTER/U_ICON_INTERFACE/U_CMD6_RD/U_RD_FIFO/SUBCORE_FIFO.xsdbm_v1_0_rdfifo_inst/inst_fifo_gen/gconvfifo.rf/grf.rf/gntv_or_sync_fifo.mem/gdm.dm/RAM_reg_0_15_12_15/RAMA/CLK                                                                 
Low Pulse Width   Fast    RAMD32/CLK          n/a            0.768     15.625  14.857   SLICE_X2Y59      dbg_hub/inst/UUT_MASTER/U_ICON_INTERFACE/U_CMD6_RD/U_RD_FIFO/SUBCORE_FIFO.xsdbm_v1_0_rdfifo_inst/inst_fifo_gen/gconvfifo.rf/grf.rf/gntv_or_sync_fifo.mem/gdm.dm/RAM_reg_0_15_12_15/RAMA_D1/CLK                                                              
High Pulse Width  Fast    RAMD32/CLK          n/a            0.768     15.625  14.857   SLICE_X2Y58      dbg_hub/inst/UUT_MASTER/U_ICON_INTERFACE/U_CMD6_RD/U_RD_FIFO/SUBCORE_FIFO.xsdbm_v1_0_rdfifo_inst/inst_fifo_gen/gconvfifo.rf/grf.rf/gntv_or_sync_fifo.mem/gdm.dm/RAM_reg_0_15_0_5/RAMA/CLK                                                                   
High Pulse Width  Fast    RAMD32/CLK          n/a            0.768     15.625  14.857   SLICE_X2Y58      dbg_hub/inst/UUT_MASTER/U_ICON_INTERFACE/U_CMD6_RD/U_RD_FIFO/SUBCORE_FIFO.xsdbm_v1_0_rdfifo_inst/inst_fifo_gen/gconvfifo.rf/grf.rf/gntv_or_sync_fifo.mem/gdm.dm/RAM_reg_0_15_0_5/RAMA_D1/CLK                                                                
High Pulse Width  Fast    RAMD32/CLK          n/a            0.768     15.625  14.857   SLICE_X2Y58      dbg_hub/inst/UUT_MASTER/U_ICON_INTERFACE/U_CMD6_RD/U_RD_FIFO/SUBCORE_FIFO.xsdbm_v1_0_rdfifo_inst/inst_fifo_gen/gconvfifo.rf/grf.rf/gntv_or_sync_fifo.mem/gdm.dm/RAM_reg_0_15_0_5/RAMB/CLK                                                                   
High Pulse Width  Fast    RAMD32/CLK          n/a            0.768     15.625  14.857   SLICE_X2Y58      dbg_hub/inst/UUT_MASTER/U_ICON_INTERFACE/U_CMD6_RD/U_RD_FIFO/SUBCORE_FIFO.xsdbm_v1_0_rdfifo_inst/inst_fifo_gen/gconvfifo.rf/grf.rf/gntv_or_sync_fifo.mem/gdm.dm/RAM_reg_0_15_0_5/RAMB_D1/CLK                                                                
High Pulse Width  Fast    RAMD32/CLK          n/a            0.768     15.625  14.857   SLICE_X2Y58      dbg_hub/inst/UUT_MASTER/U_ICON_INTERFACE/U_CMD6_RD/U_RD_FIFO/SUBCORE_FIFO.xsdbm_v1_0_rdfifo_inst/inst_fifo_gen/gconvfifo.rf/grf.rf/gntv_or_sync_fifo.mem/gdm.dm/RAM_reg_0_15_0_5/RAMC/CLK                                                                   
High Pulse Width  Fast    RAMD32/CLK          n/a            0.768     15.625  14.857   SLICE_X2Y58      dbg_hub/inst/UUT_MASTER/U_ICON_INTERFACE/U_CMD6_RD/U_RD_FIFO/SUBCORE_FIFO.xsdbm_v1_0_rdfifo_inst/inst_fifo_gen/gconvfifo.rf/grf.rf/gntv_or_sync_fifo.mem/gdm.dm/RAM_reg_0_15_0_5/RAMC_D1/CLK                                                                
High Pulse Width  Fast    RAMS32/CLK          n/a            0.768     15.625  14.857   SLICE_X2Y58      dbg_hub/inst/UUT_MASTER/U_ICON_INTERFACE/U_CMD6_RD/U_RD_FIFO/SUBCORE_FIFO.xsdbm_v1_0_rdfifo_inst/inst_fifo_gen/gconvfifo.rf/grf.rf/gntv_or_sync_fifo.mem/gdm.dm/RAM_reg_0_15_0_5/RAMD/CLK                                                                   
High Pulse Width  Fast    RAMS32/CLK          n/a            0.768     15.625  14.857   SLICE_X2Y58      dbg_hub/inst/UUT_MASTER/U_ICON_INTERFACE/U_CMD6_RD/U_RD_FIFO/SUBCORE_FIFO.xsdbm_v1_0_rdfifo_inst/inst_fifo_gen/gconvfifo.rf/grf.rf/gntv_or_sync_fifo.mem/gdm.dm/RAM_reg_0_15_0_5/RAMD_D1/CLK                                                                
High Pulse Width  Fast    RAMD32/CLK          n/a            0.768     15.625  14.857   SLICE_X2Y59      dbg_hub/inst/UUT_MASTER/U_ICON_INTERFACE/U_CMD6_RD/U_RD_FIFO/SUBCORE_FIFO.xsdbm_v1_0_rdfifo_inst/inst_fifo_gen/gconvfifo.rf/grf.rf/gntv_or_sync_fifo.mem/gdm.dm/RAM_reg_0_15_12_15/RAMA/CLK                                                                 
High Pulse Width  Fast    RAMD32/CLK          n/a            0.768     15.625  14.857   SLICE_X2Y59      dbg_hub/inst/UUT_MASTER/U_ICON_INTERFACE/U_CMD6_RD/U_RD_FIFO/SUBCORE_FIFO.xsdbm_v1_0_rdfifo_inst/inst_fifo_gen/gconvfifo.rf/grf.rf/gntv_or_sync_fifo.mem/gdm.dm/RAM_reg_0_15_12_15/RAMA_D1/CLK                                                              



---------------------------------------------------------------------------------------------------
From Clock:  clk_50M_clk_wiz_0_1
  To Clock:  clk_50M_clk_wiz_0_1

Setup :            0  Failing Endpoints,  Worst Slack       17.343ns,  Total Violation        0.000ns
Hold  :            0  Failing Endpoints,  Worst Slack        0.120ns,  Total Violation        0.000ns
PW    :            0  Failing Endpoints,  Worst Slack        9.600ns,  Total Violation        0.000ns
---------------------------------------------------------------------------------------------------


Max Delay Paths
--------------------------------------------------------------------------------------
Slack (MET) :             17.343ns  (required time - arrival time)
  Source:                 i_fifo_uart_recv/U0/inst_fifo_gen/gconvfifo.rf/grf.rf/gntv_or_sync_fifo.gl0.wr/wpntr/gic0.gc0.count_reg[3]/C
                            (rising edge-triggered cell FDCE clocked by clk_50M_clk_wiz_0_1  {rise@0.000ns fall@10.000ns period=20.000ns})
  Destination:            i_fifo_uart_recv/U0/inst_fifo_gen/gconvfifo.rf/grf.rf/gntv_or_sync_fifo.gl0.wr/gwas.wsts/ram_full_fb_i_reg/D
                            (rising edge-triggered cell FDPE clocked by clk_50M_clk_wiz_0_1  {rise@0.000ns fall@10.000ns period=20.000ns})
  Path Group:             clk_50M_clk_wiz_0_1
  Path Type:              Setup (Max at Slow Process Corner)
  Requirement:            20.000ns  (clk_50M_clk_wiz_0_1 rise@20.000ns - clk_50M_clk_wiz_0_1 rise@0.000ns)
  Data Path Delay:        2.481ns  (logic 0.896ns (36.113%)  route 1.585ns (63.887%))
  Logic Levels:           4  (CARRY4=2 LUT4=1 LUT5=1)
  Clock Path Skew:        -0.100ns (DCD - SCD + CPR)
    Destination Clock Delay (DCD):    -1.286ns = ( 18.714 - 20.000 ) 
    Source Clock Delay      (SCD):    -1.795ns
    Clock Pessimism Removal (CPR):    -0.609ns
  Clock Uncertainty:      0.074ns  ((TSJ^2 + DJ^2)^1/2) / 2 + PE
    Total System Jitter     (TSJ):    0.071ns
    Discrete Jitter          (DJ):    0.131ns
    Phase Error              (PE):    0.000ns

    Location             Delay type                Incr(ns)  Path(ns)    Netlist Resource(s)
  -------------------------------------------------------------------    -------------------
                         (clock clk_50M_clk_wiz_0_1 rise edge)
                                                      0.000     0.000 r  
    AE10                                              0.000     0.000 r  sys_clk_p
                         net (fo=0)                   0.000     0.000    i_pll/inst/clk_in1_p
    AE10                 IBUFDS (Prop_ibufds_I_O)     0.818     0.818 r  i_pll/inst/clkin1_ibufgds/O
                         net (fo=1, routed)           1.081     1.899    i_pll/inst/clk_in1_clk_wiz_0
    MMCME2_ADV_X1Y1      MMCME2_ADV (Prop_mmcme2_adv_CLKIN1_CLKOUT0)
                                                     -7.786    -5.887 r  i_pll/inst/mmcm_adv_inst/CLKOUT0
                         net (fo=1, routed)           2.130    -3.757    i_pll/inst/clk_50M_clk_wiz_0
    BUFGCTRL_X0Y2        BUFG (Prop_bufg_I_O)         0.093    -3.664 r  i_pll/inst/clkout1_buf/O
                         net (fo=236, routed)         1.869    -1.795    i_fifo_uart_recv/U0/inst_fifo_gen/gconvfifo.rf/grf.rf/gntv_or_sync_fifo.gl0.wr/wpntr/wr_clk
    SLICE_X6Y40                                                       r  i_fifo_uart_recv/U0/inst_fifo_gen/gconvfifo.rf/grf.rf/gntv_or_sync_fifo.gl0.wr/wpntr/gic0.gc0.count_reg[3]/C
  -------------------------------------------------------------------    -------------------
    SLICE_X6Y40          FDCE (Prop_fdce_C_Q)         0.236    -1.559 r  i_fifo_uart_recv/U0/inst_fifo_gen/gconvfifo.rf/grf.rf/gntv_or_sync_fifo.gl0.wr/wpntr/gic0.gc0.count_reg[3]/Q
                         net (fo=6, routed)           0.556    -1.004    i_fifo_uart_recv/U0/inst_fifo_gen/gconvfifo.rf/grf.rf/gntv_or_sync_fifo.gcx.clkx/I2[3]
    SLICE_X4Y40          LUT4 (Prop_lut4_I1_O)        0.123    -0.881 r  i_fifo_uart_recv/U0/inst_fifo_gen/gconvfifo.rf/grf.rf/gntv_or_sync_fifo.gcx.clkx/gmux.gm[1].gms.ms_i_1__2/O
                         net (fo=1, routed)           0.000    -0.881    i_fifo_uart_recv/U0/inst_fifo_gen/gconvfifo.rf/grf.rf/gntv_or_sync_fifo.gl0.wr/gwas.wsts/c2/v1_reg_0[1]
    SLICE_X4Y40          CARRY4 (Prop_carry4_S[1]_CO[3])
                                                      0.267    -0.614 r  i_fifo_uart_recv/U0/inst_fifo_gen/gconvfifo.rf/grf.rf/gntv_or_sync_fifo.gl0.wr/gwas.wsts/c2/gmux.gm[0].gm1.m1_CARRY4/CO[3]
                         net (fo=1, routed)           0.000    -0.614    i_fifo_uart_recv/U0/inst_fifo_gen/gconvfifo.rf/grf.rf/gntv_or_sync_fifo.gl0.wr/gwas.wsts/c2/n_0_gmux.gm[3].gms.ms
    SLICE_X4Y41          CARRY4 (Prop_carry4_CI_CO[0])
                                                      0.139    -0.475 r  i_fifo_uart_recv/U0/inst_fifo_gen/gconvfifo.rf/grf.rf/gntv_or_sync_fifo.gl0.wr/gwas.wsts/c2/gmux.gm[4].gms.ms_CARRY4/CO[0]
                         net (fo=1, routed)           0.626     0.152    i_fifo_uart_recv/U0/inst_fifo_gen/gconvfifo.rf/grf.rf/gntv_or_sync_fifo.gcx.clkx/comp2
    SLICE_X8Y45          LUT5 (Prop_lut5_I0_O)        0.131     0.283 r  i_fifo_uart_recv/U0/inst_fifo_gen/gconvfifo.rf/grf.rf/gntv_or_sync_fifo.gcx.clkx/ram_full_i_i_1/O
                         net (fo=2, routed)           0.403     0.686    i_fifo_uart_recv/U0/inst_fifo_gen/gconvfifo.rf/grf.rf/gntv_or_sync_fifo.gl0.wr/gwas.wsts/ram_full_i
    SLICE_X10Y45         FDPE                                         r  i_fifo_uart_recv/U0/inst_fifo_gen/gconvfifo.rf/grf.rf/gntv_or_sync_fifo.gl0.wr/gwas.wsts/ram_full_fb_i_reg/D
  -------------------------------------------------------------------    -------------------

                         (clock clk_50M_clk_wiz_0_1 rise edge)
                                                     20.000    20.000 r  
    AE10                                              0.000    20.000 r  sys_clk_p
                         net (fo=0)                   0.000    20.000    i_pll/inst/clk_in1_p
    AE10                 IBUFDS (Prop_ibufds_I_O)     0.722    20.722 r  i_pll/inst/clkin1_ibufgds/O
                         net (fo=1, routed)           0.986    21.708    i_pll/inst/clk_in1_clk_wiz_0
    MMCME2_ADV_X1Y1      MMCME2_ADV (Prop_mmcme2_adv_CLKIN1_CLKOUT0)
                                                     -6.759    14.949 r  i_pll/inst/mmcm_adv_inst/CLKOUT0
                         net (fo=1, routed)           2.005    16.954    i_pll/inst/clk_50M_clk_wiz_0
    BUFGCTRL_X0Y2        BUFG (Prop_bufg_I_O)         0.083    17.037 r  i_pll/inst/clkout1_buf/O
                         net (fo=236, routed)         1.677    18.714    i_fifo_uart_recv/U0/inst_fifo_gen/gconvfifo.rf/grf.rf/gntv_or_sync_fifo.gl0.wr/gwas.wsts/wr_clk
    SLICE_X10Y45                                                      r  i_fifo_uart_recv/U0/inst_fifo_gen/gconvfifo.rf/grf.rf/gntv_or_sync_fifo.gl0.wr/gwas.wsts/ram_full_fb_i_reg/C
                         clock pessimism             -0.609    18.105    
                         clock uncertainty           -0.074    18.031    
    SLICE_X10Y45         FDPE (Setup_fdpe_C_D)       -0.002    18.029    i_fifo_uart_recv/U0/inst_fifo_gen/gconvfifo.rf/grf.rf/gntv_or_sync_fifo.gl0.wr/gwas.wsts/ram_full_fb_i_reg
  -------------------------------------------------------------------
                         required time                         18.029    
                         arrival time                          -0.686    
  -------------------------------------------------------------------
                         slack                                 17.343    

Slack (MET) :             17.445ns  (required time - arrival time)
  Source:                 i_fifo_uart_recv/U0/inst_fifo_gen/gconvfifo.rf/grf.rf/gntv_or_sync_fifo.gl0.wr/wpntr/gic0.gc0.count_reg[3]/C
                            (rising edge-triggered cell FDCE clocked by clk_50M_clk_wiz_0_1  {rise@0.000ns fall@10.000ns period=20.000ns})
  Destination:            i_fifo_uart_recv/U0/inst_fifo_gen/gconvfifo.rf/grf.rf/gntv_or_sync_fifo.gl0.wr/gwas.wsts/ram_full_i_reg/D
                            (rising edge-triggered cell FDPE clocked by clk_50M_clk_wiz_0_1  {rise@0.000ns fall@10.000ns period=20.000ns})
  Path Group:             clk_50M_clk_wiz_0_1
  Path Type:              Setup (Max at Slow Process Corner)
  Requirement:            20.000ns  (clk_50M_clk_wiz_0_1 rise@20.000ns - clk_50M_clk_wiz_0_1 rise@0.000ns)
  Data Path Delay:        2.371ns  (logic 0.896ns (37.794%)  route 1.475ns (62.206%))
  Logic Levels:           4  (CARRY4=2 LUT4=1 LUT5=1)
  Clock Path Skew:        -0.100ns (DCD - SCD + CPR)
    Destination Clock Delay (DCD):    -1.286ns = ( 18.714 - 20.000 ) 
    Source Clock Delay      (SCD):    -1.795ns
    Clock Pessimism Removal (CPR):    -0.609ns
  Clock Uncertainty:      0.074ns  ((TSJ^2 + DJ^2)^1/2) / 2 + PE
    Total System Jitter     (TSJ):    0.071ns
    Discrete Jitter          (DJ):    0.131ns
    Phase Error              (PE):    0.000ns

    Location             Delay type                Incr(ns)  Path(ns)    Netlist Resource(s)
  -------------------------------------------------------------------    -------------------
                         (clock clk_50M_clk_wiz_0_1 rise edge)
                                                      0.000     0.000 r  
    AE10                                              0.000     0.000 r  sys_clk_p
                         net (fo=0)                   0.000     0.000    i_pll/inst/clk_in1_p
    AE10                 IBUFDS (Prop_ibufds_I_O)     0.818     0.818 r  i_pll/inst/clkin1_ibufgds/O
                         net (fo=1, routed)           1.081     1.899    i_pll/inst/clk_in1_clk_wiz_0
    MMCME2_ADV_X1Y1      MMCME2_ADV (Prop_mmcme2_adv_CLKIN1_CLKOUT0)
                                                     -7.786    -5.887 r  i_pll/inst/mmcm_adv_inst/CLKOUT0
                         net (fo=1, routed)           2.130    -3.757    i_pll/inst/clk_50M_clk_wiz_0
    BUFGCTRL_X0Y2        BUFG (Prop_bufg_I_O)         0.093    -3.664 r  i_pll/inst/clkout1_buf/O
                         net (fo=236, routed)         1.869    -1.795    i_fifo_uart_recv/U0/inst_fifo_gen/gconvfifo.rf/grf.rf/gntv_or_sync_fifo.gl0.wr/wpntr/wr_clk
    SLICE_X6Y40                                                       r  i_fifo_uart_recv/U0/inst_fifo_gen/gconvfifo.rf/grf.rf/gntv_or_sync_fifo.gl0.wr/wpntr/gic0.gc0.count_reg[3]/C
  -------------------------------------------------------------------    -------------------
    SLICE_X6Y40          FDCE (Prop_fdce_C_Q)         0.236    -1.559 r  i_fifo_uart_recv/U0/inst_fifo_gen/gconvfifo.rf/grf.rf/gntv_or_sync_fifo.gl0.wr/wpntr/gic0.gc0.count_reg[3]/Q
                         net (fo=6, routed)           0.556    -1.004    i_fifo_uart_recv/U0/inst_fifo_gen/gconvfifo.rf/grf.rf/gntv_or_sync_fifo.gcx.clkx/I2[3]
    SLICE_X4Y40          LUT4 (Prop_lut4_I1_O)        0.123    -0.881 r  i_fifo_uart_recv/U0/inst_fifo_gen/gconvfifo.rf/grf.rf/gntv_or_sync_fifo.gcx.clkx/gmux.gm[1].gms.ms_i_1__2/O
                         net (fo=1, routed)           0.000    -0.881    i_fifo_uart_recv/U0/inst_fifo_gen/gconvfifo.rf/grf.rf/gntv_or_sync_fifo.gl0.wr/gwas.wsts/c2/v1_reg_0[1]
    SLICE_X4Y40          CARRY4 (Prop_carry4_S[1]_CO[3])
                                                      0.267    -0.614 r  i_fifo_uart_recv/U0/inst_fifo_gen/gconvfifo.rf/grf.rf/gntv_or_sync_fifo.gl0.wr/gwas.wsts/c2/gmux.gm[0].gm1.m1_CARRY4/CO[3]
                         net (fo=1, routed)           0.000    -0.614    i_fifo_uart_recv/U0/inst_fifo_gen/gconvfifo.rf/grf.rf/gntv_or_sync_fifo.gl0.wr/gwas.wsts/c2/n_0_gmux.gm[3].gms.ms
    SLICE_X4Y41          CARRY4 (Prop_carry4_CI_CO[0])
                                                      0.139    -0.475 r  i_fifo_uart_recv/U0/inst_fifo_gen/gconvfifo.rf/grf.rf/gntv_or_sync_fifo.gl0.wr/gwas.wsts/c2/gmux.gm[4].gms.ms_CARRY4/CO[0]
                         net (fo=1, routed)           0.626     0.152    i_fifo_uart_recv/U0/inst_fifo_gen/gconvfifo.rf/grf.rf/gntv_or_sync_fifo.gcx.clkx/comp2
    SLICE_X8Y45          LUT5 (Prop_lut5_I0_O)        0.131     0.283 r  i_fifo_uart_recv/U0/inst_fifo_gen/gconvfifo.rf/grf.rf/gntv_or_sync_fifo.gcx.clkx/ram_full_i_i_1/O
                         net (fo=2, routed)           0.293     0.576    i_fifo_uart_recv/U0/inst_fifo_gen/gconvfifo.rf/grf.rf/gntv_or_sync_fifo.gl0.wr/gwas.wsts/ram_full_i
    SLICE_X10Y45         FDPE                                         r  i_fifo_uart_recv/U0/inst_fifo_gen/gconvfifo.rf/grf.rf/gntv_or_sync_fifo.gl0.wr/gwas.wsts/ram_full_i_reg/D
  -------------------------------------------------------------------    -------------------

                         (clock clk_50M_clk_wiz_0_1 rise edge)
                                                     20.000    20.000 r  
    AE10                                              0.000    20.000 r  sys_clk_p
                         net (fo=0)                   0.000    20.000    i_pll/inst/clk_in1_p
    AE10                 IBUFDS (Prop_ibufds_I_O)     0.722    20.722 r  i_pll/inst/clkin1_ibufgds/O
                         net (fo=1, routed)           0.986    21.708    i_pll/inst/clk_in1_clk_wiz_0
    MMCME2_ADV_X1Y1      MMCME2_ADV (Prop_mmcme2_adv_CLKIN1_CLKOUT0)
                                                     -6.759    14.949 r  i_pll/inst/mmcm_adv_inst/CLKOUT0
                         net (fo=1, routed)           2.005    16.954    i_pll/inst/clk_50M_clk_wiz_0
    BUFGCTRL_X0Y2        BUFG (Prop_bufg_I_O)         0.083    17.037 r  i_pll/inst/clkout1_buf/O
                         net (fo=236, routed)         1.677    18.714    i_fifo_uart_recv/U0/inst_fifo_gen/gconvfifo.rf/grf.rf/gntv_or_sync_fifo.gl0.wr/gwas.wsts/wr_clk
    SLICE_X10Y45                                                      r  i_fifo_uart_recv/U0/inst_fifo_gen/gconvfifo.rf/grf.rf/gntv_or_sync_fifo.gl0.wr/gwas.wsts/ram_full_i_reg/C
                         clock pessimism             -0.609    18.105    
                         clock uncertainty           -0.074    18.031    
    SLICE_X10Y45         FDPE (Setup_fdpe_C_D)       -0.010    18.021    i_fifo_uart_recv/U0/inst_fifo_gen/gconvfifo.rf/grf.rf/gntv_or_sync_fifo.gl0.wr/gwas.wsts/ram_full_i_reg
  -------------------------------------------------------------------
                         required time                         18.021    
                         arrival time                          -0.576    
  -------------------------------------------------------------------
                         slack                                 17.445    

Slack (MET) :             17.455ns  (required time - arrival time)
  Source:                 i_fifo_uart_send/U0/inst_fifo_gen/gconvfifo.rf/grf.rf/gntv_or_sync_fifo.gcx.clkx/wr_pntr_bin_reg[1]/C
                            (rising edge-triggered cell FDCE clocked by clk_50M_clk_wiz_0_1  {rise@0.000ns fall@10.000ns period=20.000ns})
  Destination:            i_fifo_uart_send/U0/inst_fifo_gen/gconvfifo.rf/grf.rf/gntv_or_sync_fifo.gl0.rd/gras.rsts/ram_empty_i_reg/D
                            (rising edge-triggered cell FDPE clocked by clk_50M_clk_wiz_0_1  {rise@0.000ns fall@10.000ns period=20.000ns})
  Path Group:             clk_50M_clk_wiz_0_1
  Path Type:              Setup (Max at Slow Process Corner)
  Requirement:            20.000ns  (clk_50M_clk_wiz_0_1 rise@20.000ns - clk_50M_clk_wiz_0_1 rise@0.000ns)
  Data Path Delay:        2.414ns  (logic 0.859ns (35.581%)  route 1.555ns (64.419%))
  Logic Levels:           4  (CARRY4=2 LUT4=2)
  Clock Path Skew:        -0.025ns (DCD - SCD + CPR)
    Destination Clock Delay (DCD):    -1.292ns = ( 18.708 - 20.000 ) 
    Source Clock Delay      (SCD):    -1.853ns
    Clock Pessimism Removal (CPR):    -0.586ns
  Clock Uncertainty:      0.074ns  ((TSJ^2 + DJ^2)^1/2) / 2 + PE
    Total System Jitter     (TSJ):    0.071ns
    Discrete Jitter          (DJ):    0.131ns
    Phase Error              (PE):    0.000ns

    Location             Delay type                Incr(ns)  Path(ns)    Netlist Resource(s)
  -------------------------------------------------------------------    -------------------
                         (clock clk_50M_clk_wiz_0_1 rise edge)
                                                      0.000     0.000 r  
    AE10                                              0.000     0.000 r  sys_clk_p
                         net (fo=0)                   0.000     0.000    i_pll/inst/clk_in1_p
    AE10                 IBUFDS (Prop_ibufds_I_O)     0.818     0.818 r  i_pll/inst/clkin1_ibufgds/O
                         net (fo=1, routed)           1.081     1.899    i_pll/inst/clk_in1_clk_wiz_0
    MMCME2_ADV_X1Y1      MMCME2_ADV (Prop_mmcme2_adv_CLKIN1_CLKOUT0)
                                                     -7.786    -5.887 r  i_pll/inst/mmcm_adv_inst/CLKOUT0
                         net (fo=1, routed)           2.130    -3.757    i_pll/inst/clk_50M_clk_wiz_0
    BUFGCTRL_X0Y2        BUFG (Prop_bufg_I_O)         0.093    -3.664 r  i_pll/inst/clkout1_buf/O
                         net (fo=236, routed)         1.811    -1.853    i_fifo_uart_send/U0/inst_fifo_gen/gconvfifo.rf/grf.rf/gntv_or_sync_fifo.gcx.clkx/rd_clk
    SLICE_X27Y44                                                      r  i_fifo_uart_send/U0/inst_fifo_gen/gconvfifo.rf/grf.rf/gntv_or_sync_fifo.gcx.clkx/wr_pntr_bin_reg[1]/C
  -------------------------------------------------------------------    -------------------
    SLICE_X27Y44         FDCE (Prop_fdce_C_Q)         0.204    -1.649 r  i_fifo_uart_send/U0/inst_fifo_gen/gconvfifo.rf/grf.rf/gntv_or_sync_fifo.gcx.clkx/wr_pntr_bin_reg[1]/Q
                         net (fo=2, routed)           0.814    -0.835    i_fifo_uart_send/U0/inst_fifo_gen/gconvfifo.rf/grf.rf/gntv_or_sync_fifo.gl0.rd/rpntr/WR_PNTR_RD[1]
    SLICE_X26Y44         LUT4 (Prop_lut4_I1_O)        0.126    -0.709 r  i_fifo_uart_send/U0/inst_fifo_gen/gconvfifo.rf/grf.rf/gntv_or_sync_fifo.gl0.rd/rpntr/gmux.gm[0].gm1.m1_i_1/O
                         net (fo=1, routed)           0.000    -0.709    i_fifo_uart_send/U0/inst_fifo_gen/gconvfifo.rf/grf.rf/gntv_or_sync_fifo.gl0.rd/gras.rsts/c0/v1_reg_0[0]
    SLICE_X26Y44         CARRY4 (Prop_carry4_S[0]_CO[3])
                                                      0.259    -0.450 r  i_fifo_uart_send/U0/inst_fifo_gen/gconvfifo.rf/grf.rf/gntv_or_sync_fifo.gl0.rd/gras.rsts/c0/gmux.gm[0].gm1.m1_CARRY4/CO[3]
                         net (fo=1, routed)           0.000    -0.450    i_fifo_uart_send/U0/inst_fifo_gen/gconvfifo.rf/grf.rf/gntv_or_sync_fifo.gl0.rd/gras.rsts/c0/n_0_gmux.gm[3].gms.ms
    SLICE_X26Y45         CARRY4 (Prop_carry4_CI_CO[0])
                                                      0.139    -0.311 r  i_fifo_uart_send/U0/inst_fifo_gen/gconvfifo.rf/grf.rf/gntv_or_sync_fifo.gl0.rd/gras.rsts/c0/gmux.gm[4].gms.ms_CARRY4/CO[0]
                         net (fo=1, routed)           0.440     0.129    i_fifo_uart_send/U0/inst_fifo_gen/gconvfifo.rf/grf.rf/gntv_or_sync_fifo.gl0.rd/rpntr/comp0
    SLICE_X25Y46         LUT4 (Prop_lut4_I0_O)        0.131     0.260 r  i_fifo_uart_send/U0/inst_fifo_gen/gconvfifo.rf/grf.rf/gntv_or_sync_fifo.gl0.rd/rpntr/ram_empty_i_i_1/O
                         net (fo=2, routed)           0.301     0.561    i_fifo_uart_send/U0/inst_fifo_gen/gconvfifo.rf/grf.rf/gntv_or_sync_fifo.gl0.rd/gras.rsts/I1
    SLICE_X25Y46         FDPE                                         r  i_fifo_uart_send/U0/inst_fifo_gen/gconvfifo.rf/grf.rf/gntv_or_sync_fifo.gl0.rd/gras.rsts/ram_empty_i_reg/D
  -------------------------------------------------------------------    -------------------

                         (clock clk_50M_clk_wiz_0_1 rise edge)
                                                     20.000    20.000 r  
    AE10                                              0.000    20.000 r  sys_clk_p
                         net (fo=0)                   0.000    20.000    i_pll/inst/clk_in1_p
    AE10                 IBUFDS (Prop_ibufds_I_O)     0.722    20.722 r  i_pll/inst/clkin1_ibufgds/O
                         net (fo=1, routed)           0.986    21.708    i_pll/inst/clk_in1_clk_wiz_0
    MMCME2_ADV_X1Y1      MMCME2_ADV (Prop_mmcme2_adv_CLKIN1_CLKOUT0)
                                                     -6.759    14.949 r  i_pll/inst/mmcm_adv_inst/CLKOUT0
                         net (fo=1, routed)           2.005    16.954    i_pll/inst/clk_50M_clk_wiz_0
    BUFGCTRL_X0Y2        BUFG (Prop_bufg_I_O)         0.083    17.037 r  i_pll/inst/clkout1_buf/O
                         net (fo=236, routed)         1.671    18.708    i_fifo_uart_send/U0/inst_fifo_gen/gconvfifo.rf/grf.rf/gntv_or_sync_fifo.gl0.rd/gras.rsts/rd_clk
    SLICE_X25Y46                                                      r  i_fifo_uart_send/U0/inst_fifo_gen/gconvfifo.rf/grf.rf/gntv_or_sync_fifo.gl0.rd/gras.rsts/ram_empty_i_reg/C
                         clock pessimism             -0.586    18.122    
                         clock uncertainty           -0.074    18.048    
    SLICE_X25Y46         FDPE (Setup_fdpe_C_D)       -0.031    18.017    i_fifo_uart_send/U0/inst_fifo_gen/gconvfifo.rf/grf.rf/gntv_or_sync_fifo.gl0.rd/gras.rsts/ram_empty_i_reg
  -------------------------------------------------------------------
                         required time                         18.017    
                         arrival time                          -0.561    
  -------------------------------------------------------------------
                         slack                                 17.455    

Slack (MET) :             17.562ns  (required time - arrival time)
  Source:                 i_fifo_uart_send/U0/inst_fifo_gen/gconvfifo.rf/grf.rf/gntv_or_sync_fifo.mem/gbm.gbmg.gbmga.ngecc.bmg/inst_blk_mem_gen/gnativebmg.native_blk_mem_gen/valid.cstr/ramloop[0].ram.r/prim_noinit.ram/DEVICE_7SERIES.NO_BMM_INFO.SDP.SIMPLE_PRIM18.ram/CLKBWRCLK
                            (rising edge-triggered cell RAMB18E1 clocked by clk_50M_clk_wiz_0_1  {rise@0.000ns fall@10.000ns period=20.000ns})
  Destination:            uart_tx_data_reg[7]/D
                            (rising edge-triggered cell FDCE clocked by clk_50M_clk_wiz_0_1  {rise@0.000ns fall@10.000ns period=20.000ns})
  Path Group:             clk_50M_clk_wiz_0_1
  Path Type:              Setup (Max at Slow Process Corner)
  Requirement:            20.000ns  (clk_50M_clk_wiz_0_1 rise@20.000ns - clk_50M_clk_wiz_0_1 rise@0.000ns)
  Data Path Delay:        2.322ns  (logic 1.800ns (77.522%)  route 0.522ns (22.478%))
  Logic Levels:           0  
  Clock Path Skew:        -0.055ns (DCD - SCD + CPR)
    Destination Clock Delay (DCD):    -1.288ns = ( 18.712 - 20.000 ) 
    Source Clock Delay      (SCD):    -1.821ns
    Clock Pessimism Removal (CPR):    -0.587ns
  Clock Uncertainty:      0.074ns  ((TSJ^2 + DJ^2)^1/2) / 2 + PE
    Total System Jitter     (TSJ):    0.071ns
    Discrete Jitter          (DJ):    0.131ns
    Phase Error              (PE):    0.000ns

    Location             Delay type                Incr(ns)  Path(ns)    Netlist Resource(s)
  -------------------------------------------------------------------    -------------------
                         (clock clk_50M_clk_wiz_0_1 rise edge)
                                                      0.000     0.000 r  
    AE10                                              0.000     0.000 r  sys_clk_p
                         net (fo=0)                   0.000     0.000    i_pll/inst/clk_in1_p
    AE10                 IBUFDS (Prop_ibufds_I_O)     0.818     0.818 r  i_pll/inst/clkin1_ibufgds/O
                         net (fo=1, routed)           1.081     1.899    i_pll/inst/clk_in1_clk_wiz_0
    MMCME2_ADV_X1Y1      MMCME2_ADV (Prop_mmcme2_adv_CLKIN1_CLKOUT0)
                                                     -7.786    -5.887 r  i_pll/inst/mmcm_adv_inst/CLKOUT0
                         net (fo=1, routed)           2.130    -3.757    i_pll/inst/clk_50M_clk_wiz_0
    BUFGCTRL_X0Y2        BUFG (Prop_bufg_I_O)         0.093    -3.664 r  i_pll/inst/clkout1_buf/O
                         net (fo=236, routed)         1.844    -1.821    i_fifo_uart_send/U0/inst_fifo_gen/gconvfifo.rf/grf.rf/gntv_or_sync_fifo.mem/gbm.gbmg.gbmga.ngecc.bmg/inst_blk_mem_gen/gnativebmg.native_blk_mem_gen/valid.cstr/ramloop[0].ram.r/prim_noinit.ram/rd_clk
    RAMB18_X1Y18                                                      r  i_fifo_uart_send/U0/inst_fifo_gen/gconvfifo.rf/grf.rf/gntv_or_sync_fifo.mem/gbm.gbmg.gbmga.ngecc.bmg/inst_blk_mem_gen/gnativebmg.native_blk_mem_gen/valid.cstr/ramloop[0].ram.r/prim_noinit.ram/DEVICE_7SERIES.NO_BMM_INFO.SDP.SIMPLE_PRIM18.ram/CLKBWRCLK
  -------------------------------------------------------------------    -------------------
    RAMB18_X1Y18         RAMB18E1 (Prop_ramb18e1_CLKBWRCLK_DOBDO[11])
                                                      1.800    -0.021 r  i_fifo_uart_send/U0/inst_fifo_gen/gconvfifo.rf/grf.rf/gntv_or_sync_fifo.mem/gbm.gbmg.gbmga.ngecc.bmg/inst_blk_mem_gen/gnativebmg.native_blk_mem_gen/valid.cstr/ramloop[0].ram.r/prim_noinit.ram/DEVICE_7SERIES.NO_BMM_INFO.SDP.SIMPLE_PRIM18.ram/DOBDO[11]
                         net (fo=1, routed)           0.522     0.501    dout[7]
    SLICE_X22Y45         FDCE                                         r  uart_tx_data_reg[7]/D
  -------------------------------------------------------------------    -------------------

                         (clock clk_50M_clk_wiz_0_1 rise edge)
                                                     20.000    20.000 r  
    AE10                                              0.000    20.000 r  sys_clk_p
                         net (fo=0)                   0.000    20.000    i_pll/inst/clk_in1_p
    AE10                 IBUFDS (Prop_ibufds_I_O)     0.722    20.722 r  i_pll/inst/clkin1_ibufgds/O
                         net (fo=1, routed)           0.986    21.708    i_pll/inst/clk_in1_clk_wiz_0
    MMCME2_ADV_X1Y1      MMCME2_ADV (Prop_mmcme2_adv_CLKIN1_CLKOUT0)
                                                     -6.759    14.949 r  i_pll/inst/mmcm_adv_inst/CLKOUT0
                         net (fo=1, routed)           2.005    16.954    i_pll/inst/clk_50M_clk_wiz_0
    BUFGCTRL_X0Y2        BUFG (Prop_bufg_I_O)         0.083    17.037 r  i_pll/inst/clkout1_buf/O
                         net (fo=236, routed)         1.675    18.712    rd_clk
    SLICE_X22Y45                                                      r  uart_tx_data_reg[7]/C
                         clock pessimism             -0.587    18.125    
                         clock uncertainty           -0.074    18.051    
    SLICE_X22Y45         FDCE (Setup_fdce_C_D)        0.013    18.064    uart_tx_data_reg[7]
  -------------------------------------------------------------------
                         required time                         18.064    
                         arrival time                          -0.501    
  -------------------------------------------------------------------
                         slack                                 17.562    

Slack (MET) :             17.595ns  (required time - arrival time)
  Source:                 i_uart_rx/clk_cnt_reg[4]/C
                            (rising edge-triggered cell FDCE clocked by clk_50M_clk_wiz_0_1  {rise@0.000ns fall@10.000ns period=20.000ns})
  Destination:            i_uart_rx/bit_idx_reg[0]/D
                            (rising edge-triggered cell FDCE clocked by clk_50M_clk_wiz_0_1  {rise@0.000ns fall@10.000ns period=20.000ns})
  Path Group:             clk_50M_clk_wiz_0_1
  Path Type:              Setup (Max at Slow Process Corner)
  Requirement:            20.000ns  (clk_50M_clk_wiz_0_1 rise@20.000ns - clk_50M_clk_wiz_0_1 rise@0.000ns)
  Data Path Delay:        2.235ns  (logic 0.358ns (16.018%)  route 1.877ns (83.982%))
  Logic Levels:           3  (LUT3=1 LUT5=1 LUT6=1)
  Clock Path Skew:        -0.025ns (DCD - SCD + CPR)
    Destination Clock Delay (DCD):    -1.231ns = ( 18.769 - 20.000 ) 
    Source Clock Delay      (SCD):    -1.791ns
    Clock Pessimism Removal (CPR):    -0.585ns
  Clock Uncertainty:      0.074ns  ((TSJ^2 + DJ^2)^1/2) / 2 + PE
    Total System Jitter     (TSJ):    0.071ns
    Discrete Jitter          (DJ):    0.131ns
    Phase Error              (PE):    0.000ns

    Location             Delay type                Incr(ns)  Path(ns)    Netlist Resource(s)
  -------------------------------------------------------------------    -------------------
                         (clock clk_50M_clk_wiz_0_1 rise edge)
                                                      0.000     0.000 r  
    AE10                                              0.000     0.000 r  sys_clk_p
                         net (fo=0)                   0.000     0.000    i_pll/inst/clk_in1_p
    AE10                 IBUFDS (Prop_ibufds_I_O)     0.818     0.818 r  i_pll/inst/clkin1_ibufgds/O
                         net (fo=1, routed)           1.081     1.899    i_pll/inst/clk_in1_clk_wiz_0
    MMCME2_ADV_X1Y1      MMCME2_ADV (Prop_mmcme2_adv_CLKIN1_CLKOUT0)
                                                     -7.786    -5.887 r  i_pll/inst/mmcm_adv_inst/CLKOUT0
                         net (fo=1, routed)           2.130    -3.757    i_pll/inst/clk_50M_clk_wiz_0
    BUFGCTRL_X0Y2        BUFG (Prop_bufg_I_O)         0.093    -3.664 r  i_pll/inst/clkout1_buf/O
                         net (fo=236, routed)         1.873    -1.791    i_uart_rx/CLK
    SLICE_X1Y47                                                       r  i_uart_rx/clk_cnt_reg[4]/C
  -------------------------------------------------------------------    -------------------
    SLICE_X1Y47          FDCE (Prop_fdce_C_Q)         0.223    -1.568 r  i_uart_rx/clk_cnt_reg[4]/Q
                         net (fo=6, routed)           0.553    -1.015    i_uart_rx/clk_cnt[4]
    SLICE_X4Y47          LUT5 (Prop_lut5_I1_O)        0.043    -0.972 r  i_uart_rx/rx_valid_i_5/O
                         net (fo=2, routed)           0.550    -0.422    i_uart_rx/n_0_rx_valid_i_5
    SLICE_X3Y48          LUT6 (Prop_lut6_I0_O)        0.043    -0.379 r  i_uart_rx/bit_idx[2]_i_2/O
                         net (fo=3, routed)           0.449     0.070    i_uart_rx/n_0_bit_idx[2]_i_2
    SLICE_X1Y47          LUT3 (Prop_lut3_I1_O)        0.049     0.119 r  i_uart_rx/bit_idx[0]_i_1/O
                         net (fo=1, routed)           0.325     0.444    i_uart_rx/n_0_bit_idx[0]_i_1
    SLICE_X2Y47          FDCE                                         r  i_uart_rx/bit_idx_reg[0]/D
  -------------------------------------------------------------------    -------------------

                         (clock clk_50M_clk_wiz_0_1 rise edge)
                                                     20.000    20.000 r  
    AE10                                              0.000    20.000 r  sys_clk_p
                         net (fo=0)                   0.000    20.000    i_pll/inst/clk_in1_p
    AE10                 IBUFDS (Prop_ibufds_I_O)     0.722    20.722 r  i_pll/inst/clkin1_ibufgds/O
                         net (fo=1, routed)           0.986    21.708    i_pll/inst/clk_in1_clk_wiz_0
    MMCME2_ADV_X1Y1      MMCME2_ADV (Prop_mmcme2_adv_CLKIN1_CLKOUT0)
                                                     -6.759    14.949 r  i_pll/inst/mmcm_adv_inst/CLKOUT0
                         net (fo=1, routed)           2.005    16.954    i_pll/inst/clk_50M_clk_wiz_0
    BUFGCTRL_X0Y2        BUFG (Prop_bufg_I_O)         0.083    17.037 r  i_pll/inst/clkout1_buf/O
                         net (fo=236, routed)         1.732    18.769    i_uart_rx/CLK
    SLICE_X2Y47                                                       r  i_uart_rx/bit_idx_reg[0]/C
                         clock pessimism             -0.585    18.184    
                         clock uncertainty           -0.074    18.110    
    SLICE_X2Y47          FDCE (Setup_fdce_C_D)       -0.071    18.039    i_uart_rx/bit_idx_reg[0]
  -------------------------------------------------------------------
                         required time                         18.039    
                         arrival time                          -0.444    
  -------------------------------------------------------------------
                         slack                                 17.595    

Slack (MET) :             17.663ns  (required time - arrival time)
  Source:                 i_fifo_uart_send/U0/inst_fifo_gen/gconvfifo.rf/grf.rf/gntv_or_sync_fifo.mem/gbm.gbmg.gbmga.ngecc.bmg/inst_blk_mem_gen/gnativebmg.native_blk_mem_gen/valid.cstr/ramloop[0].ram.r/prim_noinit.ram/DEVICE_7SERIES.NO_BMM_INFO.SDP.SIMPLE_PRIM18.ram/CLKBWRCLK
                            (rising edge-triggered cell RAMB18E1 clocked by clk_50M_clk_wiz_0_1  {rise@0.000ns fall@10.000ns period=20.000ns})
  Destination:            uart_tx_data_reg[3]/D
                            (rising edge-triggered cell FDCE clocked by clk_50M_clk_wiz_0_1  {rise@0.000ns fall@10.000ns period=20.000ns})
  Path Group:             clk_50M_clk_wiz_0_1
  Path Type:              Setup (Max at Slow Process Corner)
  Requirement:            20.000ns  (clk_50M_clk_wiz_0_1 rise@20.000ns - clk_50M_clk_wiz_0_1 rise@0.000ns)
  Data Path Delay:        2.231ns  (logic 1.800ns (80.692%)  route 0.431ns (19.308%))
  Logic Levels:           0  
  Clock Path Skew:        -0.055ns (DCD - SCD + CPR)
    Destination Clock Delay (DCD):    -1.288ns = ( 18.712 - 20.000 ) 
    Source Clock Delay      (SCD):    -1.821ns
    Clock Pessimism Removal (CPR):    -0.587ns
  Clock Uncertainty:      0.074ns  ((TSJ^2 + DJ^2)^1/2) / 2 + PE
    Total System Jitter     (TSJ):    0.071ns
    Discrete Jitter          (DJ):    0.131ns
    Phase Error              (PE):    0.000ns

    Location             Delay type                Incr(ns)  Path(ns)    Netlist Resource(s)
  -------------------------------------------------------------------    -------------------
                         (clock clk_50M_clk_wiz_0_1 rise edge)
                                                      0.000     0.000 r  
    AE10                                              0.000     0.000 r  sys_clk_p
                         net (fo=0)                   0.000     0.000    i_pll/inst/clk_in1_p
    AE10                 IBUFDS (Prop_ibufds_I_O)     0.818     0.818 r  i_pll/inst/clkin1_ibufgds/O
                         net (fo=1, routed)           1.081     1.899    i_pll/inst/clk_in1_clk_wiz_0
    MMCME2_ADV_X1Y1      MMCME2_ADV (Prop_mmcme2_adv_CLKIN1_CLKOUT0)
                                                     -7.786    -5.887 r  i_pll/inst/mmcm_adv_inst/CLKOUT0
                         net (fo=1, routed)           2.130    -3.757    i_pll/inst/clk_50M_clk_wiz_0
    BUFGCTRL_X0Y2        BUFG (Prop_bufg_I_O)         0.093    -3.664 r  i_pll/inst/clkout1_buf/O
                         net (fo=236, routed)         1.844    -1.821    i_fifo_uart_send/U0/inst_fifo_gen/gconvfifo.rf/grf.rf/gntv_or_sync_fifo.mem/gbm.gbmg.gbmga.ngecc.bmg/inst_blk_mem_gen/gnativebmg.native_blk_mem_gen/valid.cstr/ramloop[0].ram.r/prim_noinit.ram/rd_clk
    RAMB18_X1Y18                                                      r  i_fifo_uart_send/U0/inst_fifo_gen/gconvfifo.rf/grf.rf/gntv_or_sync_fifo.mem/gbm.gbmg.gbmga.ngecc.bmg/inst_blk_mem_gen/gnativebmg.native_blk_mem_gen/valid.cstr/ramloop[0].ram.r/prim_noinit.ram/DEVICE_7SERIES.NO_BMM_INFO.SDP.SIMPLE_PRIM18.ram/CLKBWRCLK
  -------------------------------------------------------------------    -------------------
    RAMB18_X1Y18         RAMB18E1 (Prop_ramb18e1_CLKBWRCLK_DOBDO[3])
                                                      1.800    -0.021 r  i_fifo_uart_send/U0/inst_fifo_gen/gconvfifo.rf/grf.rf/gntv_or_sync_fifo.mem/gbm.gbmg.gbmga.ngecc.bmg/inst_blk_mem_gen/gnativebmg.native_blk_mem_gen/valid.cstr/ramloop[0].ram.r/prim_noinit.ram/DEVICE_7SERIES.NO_BMM_INFO.SDP.SIMPLE_PRIM18.ram/DOBDO[3]
                         net (fo=1, routed)           0.431     0.410    dout[3]
    SLICE_X22Y45         FDCE                                         r  uart_tx_data_reg[3]/D
  -------------------------------------------------------------------    -------------------

                         (clock clk_50M_clk_wiz_0_1 rise edge)
                                                     20.000    20.000 r  
    AE10                                              0.000    20.000 r  sys_clk_p
                         net (fo=0)                   0.000    20.000    i_pll/inst/clk_in1_p
    AE10                 IBUFDS (Prop_ibufds_I_O)     0.722    20.722 r  i_pll/inst/clkin1_ibufgds/O
                         net (fo=1, routed)           0.986    21.708    i_pll/inst/clk_in1_clk_wiz_0
    MMCME2_ADV_X1Y1      MMCME2_ADV (Prop_mmcme2_adv_CLKIN1_CLKOUT0)
                                                     -6.759    14.949 r  i_pll/inst/mmcm_adv_inst/CLKOUT0
                         net (fo=1, routed)           2.005    16.954    i_pll/inst/clk_50M_clk_wiz_0
    BUFGCTRL_X0Y2        BUFG (Prop_bufg_I_O)         0.083    17.037 r  i_pll/inst/clkout1_buf/O
                         net (fo=236, routed)         1.675    18.712    rd_clk
    SLICE_X22Y45                                                      r  uart_tx_data_reg[3]/C
                         clock pessimism             -0.587    18.125    
                         clock uncertainty           -0.074    18.051    
    SLICE_X22Y45         FDCE (Setup_fdce_C_D)        0.023    18.074    uart_tx_data_reg[3]
  -------------------------------------------------------------------
                         required time                         18.074    
                         arrival time                          -0.410    
  -------------------------------------------------------------------
                         slack                                 17.663    

Slack (MET) :             17.667ns  (required time - arrival time)
  Source:                 i_fifo_uart_send/U0/inst_fifo_gen/gconvfifo.rf/grf.rf/gntv_or_sync_fifo.mem/gbm.gbmg.gbmga.ngecc.bmg/inst_blk_mem_gen/gnativebmg.native_blk_mem_gen/valid.cstr/ramloop[0].ram.r/prim_noinit.ram/DEVICE_7SERIES.NO_BMM_INFO.SDP.SIMPLE_PRIM18.ram/CLKBWRCLK
                            (rising edge-triggered cell RAMB18E1 clocked by clk_50M_clk_wiz_0_1  {rise@0.000ns fall@10.000ns period=20.000ns})
  Destination:            uart_tx_data_reg[5]/D
                            (rising edge-triggered cell FDCE clocked by clk_50M_clk_wiz_0_1  {rise@0.000ns fall@10.000ns period=20.000ns})
  Path Group:             clk_50M_clk_wiz_0_1
  Path Type:              Setup (Max at Slow Process Corner)
  Requirement:            20.000ns  (clk_50M_clk_wiz_0_1 rise@20.000ns - clk_50M_clk_wiz_0_1 rise@0.000ns)
  Data Path Delay:        2.208ns  (logic 1.800ns (81.508%)  route 0.408ns (18.492%))
  Logic Levels:           0  
  Clock Path Skew:        -0.055ns (DCD - SCD + CPR)
    Destination Clock Delay (DCD):    -1.288ns = ( 18.712 - 20.000 ) 
    Source Clock Delay      (SCD):    -1.821ns
    Clock Pessimism Removal (CPR):    -0.587ns
  Clock Uncertainty:      0.074ns  ((TSJ^2 + DJ^2)^1/2) / 2 + PE
    Total System Jitter     (TSJ):    0.071ns
    Discrete Jitter          (DJ):    0.131ns
    Phase Error              (PE):    0.000ns

    Location             Delay type                Incr(ns)  Path(ns)    Netlist Resource(s)
  -------------------------------------------------------------------    -------------------
                         (clock clk_50M_clk_wiz_0_1 rise edge)
                                                      0.000     0.000 r  
    AE10                                              0.000     0.000 r  sys_clk_p
                         net (fo=0)                   0.000     0.000    i_pll/inst/clk_in1_p
    AE10                 IBUFDS (Prop_ibufds_I_O)     0.818     0.818 r  i_pll/inst/clkin1_ibufgds/O
                         net (fo=1, routed)           1.081     1.899    i_pll/inst/clk_in1_clk_wiz_0
    MMCME2_ADV_X1Y1      MMCME2_ADV (Prop_mmcme2_adv_CLKIN1_CLKOUT0)
                                                     -7.786    -5.887 r  i_pll/inst/mmcm_adv_inst/CLKOUT0
                         net (fo=1, routed)           2.130    -3.757    i_pll/inst/clk_50M_clk_wiz_0
    BUFGCTRL_X0Y2        BUFG (Prop_bufg_I_O)         0.093    -3.664 r  i_pll/inst/clkout1_buf/O
                         net (fo=236, routed)         1.844    -1.821    i_fifo_uart_send/U0/inst_fifo_gen/gconvfifo.rf/grf.rf/gntv_or_sync_fifo.mem/gbm.gbmg.gbmga.ngecc.bmg/inst_blk_mem_gen/gnativebmg.native_blk_mem_gen/valid.cstr/ramloop[0].ram.r/prim_noinit.ram/rd_clk
    RAMB18_X1Y18                                                      r  i_fifo_uart_send/U0/inst_fifo_gen/gconvfifo.rf/grf.rf/gntv_or_sync_fifo.mem/gbm.gbmg.gbmga.ngecc.bmg/inst_blk_mem_gen/gnativebmg.native_blk_mem_gen/valid.cstr/ramloop[0].ram.r/prim_noinit.ram/DEVICE_7SERIES.NO_BMM_INFO.SDP.SIMPLE_PRIM18.ram/CLKBWRCLK
  -------------------------------------------------------------------    -------------------
    RAMB18_X1Y18         RAMB18E1 (Prop_ramb18e1_CLKBWRCLK_DOBDO[9])
                                                      1.800    -0.021 r  i_fifo_uart_send/U0/inst_fifo_gen/gconvfifo.rf/grf.rf/gntv_or_sync_fifo.mem/gbm.gbmg.gbmga.ngecc.bmg/inst_blk_mem_gen/gnativebmg.native_blk_mem_gen/valid.cstr/ramloop[0].ram.r/prim_noinit.ram/DEVICE_7SERIES.NO_BMM_INFO.SDP.SIMPLE_PRIM18.ram/DOBDO[9]
                         net (fo=1, routed)           0.408     0.388    dout[5]
    SLICE_X22Y45         FDCE                                         r  uart_tx_data_reg[5]/D
  -------------------------------------------------------------------    -------------------

                         (clock clk_50M_clk_wiz_0_1 rise edge)
                                                     20.000    20.000 r  
    AE10                                              0.000    20.000 r  sys_clk_p
                         net (fo=0)                   0.000    20.000    i_pll/inst/clk_in1_p
    AE10                 IBUFDS (Prop_ibufds_I_O)     0.722    20.722 r  i_pll/inst/clkin1_ibufgds/O
                         net (fo=1, routed)           0.986    21.708    i_pll/inst/clk_in1_clk_wiz_0
    MMCME2_ADV_X1Y1      MMCME2_ADV (Prop_mmcme2_adv_CLKIN1_CLKOUT0)
                                                     -6.759    14.949 r  i_pll/inst/mmcm_adv_inst/CLKOUT0
                         net (fo=1, routed)           2.005    16.954    i_pll/inst/clk_50M_clk_wiz_0
    BUFGCTRL_X0Y2        BUFG (Prop_bufg_I_O)         0.083    17.037 r  i_pll/inst/clkout1_buf/O
                         net (fo=236, routed)         1.675    18.712    rd_clk
    SLICE_X22Y45                                                      r  uart_tx_data_reg[5]/C
                         clock pessimism             -0.587    18.125    
                         clock uncertainty           -0.074    18.051    
    SLICE_X22Y45         FDCE (Setup_fdce_C_D)        0.004    18.055    uart_tx_data_reg[5]
  -------------------------------------------------------------------
                         required time                         18.055    
                         arrival time                          -0.388    
  -------------------------------------------------------------------
                         slack                                 17.667    

Slack (MET) :             17.668ns  (required time - arrival time)
  Source:                 i_fifo_uart_send/U0/inst_fifo_gen/gconvfifo.rf/grf.rf/gntv_or_sync_fifo.mem/gbm.gbmg.gbmga.ngecc.bmg/inst_blk_mem_gen/gnativebmg.native_blk_mem_gen/valid.cstr/ramloop[0].ram.r/prim_noinit.ram/DEVICE_7SERIES.NO_BMM_INFO.SDP.SIMPLE_PRIM18.ram/CLKBWRCLK
                            (rising edge-triggered cell RAMB18E1 clocked by clk_50M_clk_wiz_0_1  {rise@0.000ns fall@10.000ns period=20.000ns})
  Destination:            uart_tx_data_reg[0]/D
                            (rising edge-triggered cell FDCE clocked by clk_50M_clk_wiz_0_1  {rise@0.000ns fall@10.000ns period=20.000ns})
  Path Group:             clk_50M_clk_wiz_0_1
  Path Type:              Setup (Max at Slow Process Corner)
  Requirement:            20.000ns  (clk_50M_clk_wiz_0_1 rise@20.000ns - clk_50M_clk_wiz_0_1 rise@0.000ns)
  Data Path Delay:        2.224ns  (logic 1.800ns (80.946%)  route 0.424ns (19.054%))
  Logic Levels:           0  
  Clock Path Skew:        -0.055ns (DCD - SCD + CPR)
    Destination Clock Delay (DCD):    -1.288ns = ( 18.712 - 20.000 ) 
    Source Clock Delay      (SCD):    -1.821ns
    Clock Pessimism Removal (CPR):    -0.587ns
  Clock Uncertainty:      0.074ns  ((TSJ^2 + DJ^2)^1/2) / 2 + PE
    Total System Jitter     (TSJ):    0.071ns
    Discrete Jitter          (DJ):    0.131ns
    Phase Error              (PE):    0.000ns

    Location             Delay type                Incr(ns)  Path(ns)    Netlist Resource(s)
  -------------------------------------------------------------------    -------------------
                         (clock clk_50M_clk_wiz_0_1 rise edge)
                                                      0.000     0.000 r  
    AE10                                              0.000     0.000 r  sys_clk_p
                         net (fo=0)                   0.000     0.000    i_pll/inst/clk_in1_p
    AE10                 IBUFDS (Prop_ibufds_I_O)     0.818     0.818 r  i_pll/inst/clkin1_ibufgds/O
                         net (fo=1, routed)           1.081     1.899    i_pll/inst/clk_in1_clk_wiz_0
    MMCME2_ADV_X1Y1      MMCME2_ADV (Prop_mmcme2_adv_CLKIN1_CLKOUT0)
                                                     -7.786    -5.887 r  i_pll/inst/mmcm_adv_inst/CLKOUT0
                         net (fo=1, routed)           2.130    -3.757    i_pll/inst/clk_50M_clk_wiz_0
    BUFGCTRL_X0Y2        BUFG (Prop_bufg_I_O)         0.093    -3.664 r  i_pll/inst/clkout1_buf/O
                         net (fo=236, routed)         1.844    -1.821    i_fifo_uart_send/U0/inst_fifo_gen/gconvfifo.rf/grf.rf/gntv_or_sync_fifo.mem/gbm.gbmg.gbmga.ngecc.bmg/inst_blk_mem_gen/gnativebmg.native_blk_mem_gen/valid.cstr/ramloop[0].ram.r/prim_noinit.ram/rd_clk
    RAMB18_X1Y18                                                      r  i_fifo_uart_send/U0/inst_fifo_gen/gconvfifo.rf/grf.rf/gntv_or_sync_fifo.mem/gbm.gbmg.gbmga.ngecc.bmg/inst_blk_mem_gen/gnativebmg.native_blk_mem_gen/valid.cstr/ramloop[0].ram.r/prim_noinit.ram/DEVICE_7SERIES.NO_BMM_INFO.SDP.SIMPLE_PRIM18.ram/CLKBWRCLK
  -------------------------------------------------------------------    -------------------
    RAMB18_X1Y18         RAMB18E1 (Prop_ramb18e1_CLKBWRCLK_DOBDO[0])
                                                      1.800    -0.021 r  i_fifo_uart_send/U0/inst_fifo_gen/gconvfifo.rf/grf.rf/gntv_or_sync_fifo.mem/gbm.gbmg.gbmga.ngecc.bmg/inst_blk_mem_gen/gnativebmg.native_blk_mem_gen/valid.cstr/ramloop[0].ram.r/prim_noinit.ram/DEVICE_7SERIES.NO_BMM_INFO.SDP.SIMPLE_PRIM18.ram/DOBDO[0]
                         net (fo=1, routed)           0.424     0.403    dout[0]
    SLICE_X22Y45         FDCE                                         r  uart_tx_data_reg[0]/D
  -------------------------------------------------------------------    -------------------

                         (clock clk_50M_clk_wiz_0_1 rise edge)
                                                     20.000    20.000 r  
    AE10                                              0.000    20.000 r  sys_clk_p
                         net (fo=0)                   0.000    20.000    i_pll/inst/clk_in1_p
    AE10                 IBUFDS (Prop_ibufds_I_O)     0.722    20.722 r  i_pll/inst/clkin1_ibufgds/O
                         net (fo=1, routed)           0.986    21.708    i_pll/inst/clk_in1_clk_wiz_0
    MMCME2_ADV_X1Y1      MMCME2_ADV (Prop_mmcme2_adv_CLKIN1_CLKOUT0)
                                                     -6.759    14.949 r  i_pll/inst/mmcm_adv_inst/CLKOUT0
                         net (fo=1, routed)           2.005    16.954    i_pll/inst/clk_50M_clk_wiz_0
    BUFGCTRL_X0Y2        BUFG (Prop_bufg_I_O)         0.083    17.037 r  i_pll/inst/clkout1_buf/O
                         net (fo=236, routed)         1.675    18.712    rd_clk
    SLICE_X22Y45                                                      r  uart_tx_data_reg[0]/C
                         clock pessimism             -0.587    18.125    
                         clock uncertainty           -0.074    18.051    
    SLICE_X22Y45         FDCE (Setup_fdce_C_D)        0.021    18.072    uart_tx_data_reg[0]
  -------------------------------------------------------------------
                         required time                         18.072    
                         arrival time                          -0.403    
  -------------------------------------------------------------------
                         slack                                 17.668    

Slack (MET) :             17.677ns  (required time - arrival time)
  Source:                 i_uart_rx/clk_cnt_reg[4]/C
                            (rising edge-triggered cell FDCE clocked by clk_50M_clk_wiz_0_1  {rise@0.000ns fall@10.000ns period=20.000ns})
  Destination:            i_uart_rx/rx_data_reg[1]/CE
                            (rising edge-triggered cell FDCE clocked by clk_50M_clk_wiz_0_1  {rise@0.000ns fall@10.000ns period=20.000ns})
  Path Group:             clk_50M_clk_wiz_0_1
  Path Type:              Setup (Max at Slow Process Corner)
  Requirement:            20.000ns  (clk_50M_clk_wiz_0_1 rise@20.000ns - clk_50M_clk_wiz_0_1 rise@0.000ns)
  Data Path Delay:        1.966ns  (logic 0.309ns (15.713%)  route 1.657ns (84.287%))
  Logic Levels:           2  (LUT5=1 LUT6=1)
  Clock Path Skew:        -0.104ns (DCD - SCD + CPR)
    Destination Clock Delay (DCD):    -1.286ns = ( 18.714 - 20.000 ) 
    Source Clock Delay      (SCD):    -1.791ns
    Clock Pessimism Removal (CPR):    -0.609ns
  Clock Uncertainty:      0.074ns  ((TSJ^2 + DJ^2)^1/2) / 2 + PE
    Total System Jitter     (TSJ):    0.071ns
    Discrete Jitter          (DJ):    0.131ns
    Phase Error              (PE):    0.000ns

    Location             Delay type                Incr(ns)  Path(ns)    Netlist Resource(s)
  -------------------------------------------------------------------    -------------------
                         (clock clk_50M_clk_wiz_0_1 rise edge)
                                                      0.000     0.000 r  
    AE10                                              0.000     0.000 r  sys_clk_p
                         net (fo=0)                   0.000     0.000    i_pll/inst/clk_in1_p
    AE10                 IBUFDS (Prop_ibufds_I_O)     0.818     0.818 r  i_pll/inst/clkin1_ibufgds/O
                         net (fo=1, routed)           1.081     1.899    i_pll/inst/clk_in1_clk_wiz_0
    MMCME2_ADV_X1Y1      MMCME2_ADV (Prop_mmcme2_adv_CLKIN1_CLKOUT0)
                                                     -7.786    -5.887 r  i_pll/inst/mmcm_adv_inst/CLKOUT0
                         net (fo=1, routed)           2.130    -3.757    i_pll/inst/clk_50M_clk_wiz_0
    BUFGCTRL_X0Y2        BUFG (Prop_bufg_I_O)         0.093    -3.664 r  i_pll/inst/clkout1_buf/O
                         net (fo=236, routed)         1.873    -1.791    i_uart_rx/CLK
    SLICE_X1Y47                                                       r  i_uart_rx/clk_cnt_reg[4]/C
  -------------------------------------------------------------------    -------------------
    SLICE_X1Y47          FDCE (Prop_fdce_C_Q)         0.223    -1.568 r  i_uart_rx/clk_cnt_reg[4]/Q
                         net (fo=6, routed)           0.553    -1.015    i_uart_rx/clk_cnt[4]
    SLICE_X4Y47          LUT5 (Prop_lut5_I1_O)        0.043    -0.972 r  i_uart_rx/rx_valid_i_5/O
                         net (fo=2, routed)           0.552    -0.420    i_uart_rx/n_0_rx_valid_i_5
    SLICE_X3Y48          LUT6 (Prop_lut6_I5_O)        0.043    -0.377 r  i_uart_rx/rx_valid_i_1/O
                         net (fo=11, routed)          0.553     0.175    i_uart_rx/n_0_rx_valid_i_1
    SLICE_X10Y46         FDCE                                         r  i_uart_rx/rx_data_reg[1]/CE
  -------------------------------------------------------------------    -------------------

                         (clock clk_50M_clk_wiz_0_1 rise edge)
                                                     20.000    20.000 r  
    AE10                                              0.000    20.000 r  sys_clk_p
                         net (fo=0)                   0.000    20.000    i_pll/inst/clk_in1_p
    AE10                 IBUFDS (Prop_ibufds_I_O)     0.722    20.722 r  i_pll/inst/clkin1_ibufgds/O
                         net (fo=1, routed)           0.986    21.708    i_pll/inst/clk_in1_clk_wiz_0
    MMCME2_ADV_X1Y1      MMCME2_ADV (Prop_mmcme2_adv_CLKIN1_CLKOUT0)
                                                     -6.759    14.949 r  i_pll/inst/mmcm_adv_inst/CLKOUT0
                         net (fo=1, routed)           2.005    16.954    i_pll/inst/clk_50M_clk_wiz_0
    BUFGCTRL_X0Y2        BUFG (Prop_bufg_I_O)         0.083    17.037 r  i_pll/inst/clkout1_buf/O
                         net (fo=236, routed)         1.677    18.714    i_uart_rx/CLK
    SLICE_X10Y46                                                      r  i_uart_rx/rx_data_reg[1]/C
                         clock pessimism             -0.609    18.105    
                         clock uncertainty           -0.074    18.031    
    SLICE_X10Y46         FDCE (Setup_fdce_C_CE)      -0.178    17.853    i_uart_rx/rx_data_reg[1]
  -------------------------------------------------------------------
                         required time                         17.853    
                         arrival time                          -0.175    
  -------------------------------------------------------------------
                         slack                                 17.677    

Slack (MET) :             17.677ns  (required time - arrival time)
  Source:                 i_uart_rx/clk_cnt_reg[4]/C
                            (rising edge-triggered cell FDCE clocked by clk_50M_clk_wiz_0_1  {rise@0.000ns fall@10.000ns period=20.000ns})
  Destination:            i_uart_rx/rx_data_reg[4]/CE
                            (rising edge-triggered cell FDCE clocked by clk_50M_clk_wiz_0_1  {rise@0.000ns fall@10.000ns period=20.000ns})
  Path Group:             clk_50M_clk_wiz_0_1
  Path Type:              Setup (Max at Slow Process Corner)
  Requirement:            20.000ns  (clk_50M_clk_wiz_0_1 rise@20.000ns - clk_50M_clk_wiz_0_1 rise@0.000ns)
  Data Path Delay:        1.966ns  (logic 0.309ns (15.713%)  route 1.657ns (84.287%))
  Logic Levels:           2  (LUT5=1 LUT6=1)
  Clock Path Skew:        -0.104ns (DCD - SCD + CPR)
    Destination Clock Delay (DCD):    -1.286ns = ( 18.714 - 20.000 ) 
    Source Clock Delay      (SCD):    -1.791ns
    Clock Pessimism Removal (CPR):    -0.609ns
  Clock Uncertainty:      0.074ns  ((TSJ^2 + DJ^2)^1/2) / 2 + PE
    Total System Jitter     (TSJ):    0.071ns
    Discrete Jitter          (DJ):    0.131ns
    Phase Error              (PE):    0.000ns

    Location             Delay type                Incr(ns)  Path(ns)    Netlist Resource(s)
  -------------------------------------------------------------------    -------------------
                         (clock clk_50M_clk_wiz_0_1 rise edge)
                                                      0.000     0.000 r  
    AE10                                              0.000     0.000 r  sys_clk_p
                         net (fo=0)                   0.000     0.000    i_pll/inst/clk_in1_p
    AE10                 IBUFDS (Prop_ibufds_I_O)     0.818     0.818 r  i_pll/inst/clkin1_ibufgds/O
                         net (fo=1, routed)           1.081     1.899    i_pll/inst/clk_in1_clk_wiz_0
    MMCME2_ADV_X1Y1      MMCME2_ADV (Prop_mmcme2_adv_CLKIN1_CLKOUT0)
                                                     -7.786    -5.887 r  i_pll/inst/mmcm_adv_inst/CLKOUT0
                         net (fo=1, routed)           2.130    -3.757    i_pll/inst/clk_50M_clk_wiz_0
    BUFGCTRL_X0Y2        BUFG (Prop_bufg_I_O)         0.093    -3.664 r  i_pll/inst/clkout1_buf/O
                         net (fo=236, routed)         1.873    -1.791    i_uart_rx/CLK
    SLICE_X1Y47                                                       r  i_uart_rx/clk_cnt_reg[4]/C
  -------------------------------------------------------------------    -------------------
    SLICE_X1Y47          FDCE (Prop_fdce_C_Q)         0.223    -1.568 r  i_uart_rx/clk_cnt_reg[4]/Q
                         net (fo=6, routed)           0.553    -1.015    i_uart_rx/clk_cnt[4]
    SLICE_X4Y47          LUT5 (Prop_lut5_I1_O)        0.043    -0.972 r  i_uart_rx/rx_valid_i_5/O
                         net (fo=2, routed)           0.552    -0.420    i_uart_rx/n_0_rx_valid_i_5
    SLICE_X3Y48          LUT6 (Prop_lut6_I5_O)        0.043    -0.377 r  i_uart_rx/rx_valid_i_1/O
                         net (fo=11, routed)          0.553     0.175    i_uart_rx/n_0_rx_valid_i_1
    SLICE_X10Y46         FDCE                                         r  i_uart_rx/rx_data_reg[4]/CE
  -------------------------------------------------------------------    -------------------

                         (clock clk_50M_clk_wiz_0_1 rise edge)
                                                     20.000    20.000 r  
    AE10                                              0.000    20.000 r  sys_clk_p
                         net (fo=0)                   0.000    20.000    i_pll/inst/clk_in1_p
    AE10                 IBUFDS (Prop_ibufds_I_O)     0.722    20.722 r  i_pll/inst/clkin1_ibufgds/O
                         net (fo=1, routed)           0.986    21.708    i_pll/inst/clk_in1_clk_wiz_0
    MMCME2_ADV_X1Y1      MMCME2_ADV (Prop_mmcme2_adv_CLKIN1_CLKOUT0)
                                                     -6.759    14.949 r  i_pll/inst/mmcm_adv_inst/CLKOUT0
                         net (fo=1, routed)           2.005    16.954    i_pll/inst/clk_50M_clk_wiz_0
    BUFGCTRL_X0Y2        BUFG (Prop_bufg_I_O)         0.083    17.037 r  i_pll/inst/clkout1_buf/O
                         net (fo=236, routed)         1.677    18.714    i_uart_rx/CLK
    SLICE_X10Y46                                                      r  i_uart_rx/rx_data_reg[4]/C
                         clock pessimism             -0.609    18.105    
                         clock uncertainty           -0.074    18.031    
    SLICE_X10Y46         FDCE (Setup_fdce_C_CE)      -0.178    17.853    i_uart_rx/rx_data_reg[4]
  -------------------------------------------------------------------
                         required time                         17.853    
                         arrival time                          -0.175    
  -------------------------------------------------------------------
                         slack                                 17.677    





Min Delay Paths
--------------------------------------------------------------------------------------
Slack (MET) :             0.120ns  (arrival time - required time)
  Source:                 i_fifo_uart_recv/U0/inst_fifo_gen/gconvfifo.rf/grf.rf/gntv_or_sync_fifo.gl0.wr/wpntr/gic0.gc0.count_d1_reg[9]/C
                            (rising edge-triggered cell FDCE clocked by clk_50M_clk_wiz_0_1  {rise@0.000ns fall@10.000ns period=20.000ns})
  Destination:            i_fifo_uart_recv/U0/inst_fifo_gen/gconvfifo.rf/grf.rf/gntv_or_sync_fifo.gl0.wr/wpntr/gic0.gc0.count_d2_reg[9]/D
                            (rising edge-triggered cell FDCE clocked by clk_50M_clk_wiz_0_1  {rise@0.000ns fall@10.000ns period=20.000ns})
  Path Group:             clk_50M_clk_wiz_0_1
  Path Type:              Hold (Min at Fast Process Corner)
  Requirement:            0.000ns  (clk_50M_clk_wiz_0_1 rise@0.000ns - clk_50M_clk_wiz_0_1 rise@0.000ns)
  Data Path Delay:        0.164ns  (logic 0.100ns (61.146%)  route 0.064ns (38.854%))
  Logic Levels:           0  
  Clock Path Skew:        0.000ns (DCD - SCD - CPR)
    Destination Clock Delay (DCD):    -0.433ns
    Source Clock Delay      (SCD):    -0.439ns
    Clock Pessimism Removal (CPR):    0.006ns

    Location             Delay type                Incr(ns)  Path(ns)    Netlist Resource(s)
  -------------------------------------------------------------------    -------------------
                         (clock clk_50M_clk_wiz_0_1 rise edge)
                                                      0.000     0.000 r  
    AE10                                              0.000     0.000 r  sys_clk_p
                         net (fo=0)                   0.000     0.000    i_pll/inst/clk_in1_p
    AE10                 IBUFDS (Prop_ibufds_I_O)     0.354     0.354 r  i_pll/inst/clkin1_ibufgds/O
                         net (fo=1, routed)           0.503     0.857    i_pll/inst/clk_in1_clk_wiz_0
    MMCME2_ADV_X1Y1      MMCME2_ADV (Prop_mmcme2_adv_CLKIN1_CLKOUT0)
                                                     -3.040    -2.183 r  i_pll/inst/mmcm_adv_inst/CLKOUT0
                         net (fo=1, routed)           0.940    -1.243    i_pll/inst/clk_50M_clk_wiz_0
    BUFGCTRL_X0Y2        BUFG (Prop_bufg_I_O)         0.026    -1.217 r  i_pll/inst/clkout1_buf/O
                         net (fo=236, routed)         0.778    -0.439    i_fifo_uart_recv/U0/inst_fifo_gen/gconvfifo.rf/grf.rf/gntv_or_sync_fifo.gl0.wr/wpntr/wr_clk
    SLICE_X4Y41                                                       r  i_fifo_uart_recv/U0/inst_fifo_gen/gconvfifo.rf/grf.rf/gntv_or_sync_fifo.gl0.wr/wpntr/gic0.gc0.count_d1_reg[9]/C
  -------------------------------------------------------------------    -------------------
    SLICE_X4Y41          FDCE (Prop_fdce_C_Q)         0.100    -0.339 r  i_fifo_uart_recv/U0/inst_fifo_gen/gconvfifo.rf/grf.rf/gntv_or_sync_fifo.gl0.wr/wpntr/gic0.gc0.count_d1_reg[9]/Q
                         net (fo=2, routed)           0.064    -0.276    i_fifo_uart_recv/U0/inst_fifo_gen/gconvfifo.rf/grf.rf/gntv_or_sync_fifo.gl0.wr/wpntr/O1[9]
    SLICE_X4Y41          FDCE                                         r  i_fifo_uart_recv/U0/inst_fifo_gen/gconvfifo.rf/grf.rf/gntv_or_sync_fifo.gl0.wr/wpntr/gic0.gc0.count_d2_reg[9]/D
  -------------------------------------------------------------------    -------------------

                         (clock clk_50M_clk_wiz_0_1 rise edge)
                                                      0.000     0.000 r  
    AE10                                              0.000     0.000 r  sys_clk_p
                         net (fo=0)                   0.000     0.000    i_pll/inst/clk_in1_p
    AE10                 IBUFDS (Prop_ibufds_I_O)     0.432     0.432 r  i_pll/inst/clkin1_ibufgds/O
                         net (fo=1, routed)           0.553     0.985    i_pll/inst/clk_in1_clk_wiz_0
    MMCME2_ADV_X1Y1      MMCME2_ADV (Prop_mmcme2_adv_CLKIN1_CLKOUT0)
                                                     -3.493    -2.508 r  i_pll/inst/mmcm_adv_inst/CLKOUT0
                         net (fo=1, routed)           1.007    -1.501    i_pll/inst/clk_50M_clk_wiz_0
    BUFGCTRL_X0Y2        BUFG (Prop_bufg_I_O)         0.030    -1.471 r  i_pll/inst/clkout1_buf/O
                         net (fo=236, routed)         1.038    -0.433    i_fifo_uart_recv/U0/inst_fifo_gen/gconvfifo.rf/grf.rf/gntv_or_sync_fifo.gl0.wr/wpntr/wr_clk
    SLICE_X4Y41                                                       r  i_fifo_uart_recv/U0/inst_fifo_gen/gconvfifo.rf/grf.rf/gntv_or_sync_fifo.gl0.wr/wpntr/gic0.gc0.count_d2_reg[9]/C
                         clock pessimism             -0.006    -0.439    
    SLICE_X4Y41          FDCE (Hold_fdce_C_D)         0.044    -0.395    i_fifo_uart_recv/U0/inst_fifo_gen/gconvfifo.rf/grf.rf/gntv_or_sync_fifo.gl0.wr/wpntr/gic0.gc0.count_d2_reg[9]
  -------------------------------------------------------------------
                         required time                          0.395    
                         arrival time                          -0.276    
  -------------------------------------------------------------------
                         slack                                  0.120    

Slack (MET) :             0.132ns  (arrival time - required time)
  Source:                 i_fifo_uart_send/U0/inst_fifo_gen/gconvfifo.rf/grf.rf/gntv_or_sync_fifo.gl0.rd/rpntr/gc0.count_d1_reg[5]/C
                            (rising edge-triggered cell FDCE clocked by clk_50M_clk_wiz_0_1  {rise@0.000ns fall@10.000ns period=20.000ns})
  Destination:            i_fifo_uart_send/U0/inst_fifo_gen/gconvfifo.rf/grf.rf/gntv_or_sync_fifo.mem/gbm.gbmg.gbmga.ngecc.bmg/inst_blk_mem_gen/gnativebmg.native_blk_mem_gen/valid.cstr/ramloop[0].ram.r/prim_noinit.ram/DEVICE_7SERIES.NO_BMM_INFO.SDP.SIMPLE_PRIM18.ram/ADDRBWRADDR[9]
                            (rising edge-triggered cell RAMB18E1 clocked by clk_50M_clk_wiz_0_1  {rise@0.000ns fall@10.000ns period=20.000ns})
  Path Group:             clk_50M_clk_wiz_0_1
  Path Type:              Hold (Min at Fast Process Corner)
  Requirement:            0.000ns  (clk_50M_clk_wiz_0_1 rise@0.000ns - clk_50M_clk_wiz_0_1 rise@0.000ns)
  Data Path Delay:        0.382ns  (logic 0.100ns (26.211%)  route 0.282ns (73.789%))
  Logic Levels:           0  
  Clock Path Skew:        0.067ns (DCD - SCD - CPR)
    Destination Clock Delay (DCD):    -0.437ns
    Source Clock Delay      (SCD):    -0.477ns
    Clock Pessimism Removal (CPR):    -0.026ns

    Location             Delay type                Incr(ns)  Path(ns)    Netlist Resource(s)
  -------------------------------------------------------------------    -------------------
                         (clock clk_50M_clk_wiz_0_1 rise edge)
                                                      0.000     0.000 r  
    AE10                                              0.000     0.000 r  sys_clk_p
                         net (fo=0)                   0.000     0.000    i_pll/inst/clk_in1_p
    AE10                 IBUFDS (Prop_ibufds_I_O)     0.354     0.354 r  i_pll/inst/clkin1_ibufgds/O
                         net (fo=1, routed)           0.503     0.857    i_pll/inst/clk_in1_clk_wiz_0
    MMCME2_ADV_X1Y1      MMCME2_ADV (Prop_mmcme2_adv_CLKIN1_CLKOUT0)
                                                     -3.040    -2.183 r  i_pll/inst/mmcm_adv_inst/CLKOUT0
                         net (fo=1, routed)           0.940    -1.243    i_pll/inst/clk_50M_clk_wiz_0
    BUFGCTRL_X0Y2        BUFG (Prop_bufg_I_O)         0.026    -1.217 r  i_pll/inst/clkout1_buf/O
                         net (fo=236, routed)         0.740    -0.477    i_fifo_uart_send/U0/inst_fifo_gen/gconvfifo.rf/grf.rf/gntv_or_sync_fifo.gl0.rd/rpntr/rd_clk
    SLICE_X28Y44                                                      r  i_fifo_uart_send/U0/inst_fifo_gen/gconvfifo.rf/grf.rf/gntv_or_sync_fifo.gl0.rd/rpntr/gc0.count_d1_reg[5]/C
  -------------------------------------------------------------------    -------------------
    SLICE_X28Y44         FDCE (Prop_fdce_C_Q)         0.100    -0.377 r  i_fifo_uart_send/U0/inst_fifo_gen/gconvfifo.rf/grf.rf/gntv_or_sync_fifo.gl0.rd/rpntr/gc0.count_d1_reg[5]/Q
                         net (fo=4, routed)           0.282    -0.096    i_fifo_uart_send/U0/inst_fifo_gen/gconvfifo.rf/grf.rf/gntv_or_sync_fifo.mem/gbm.gbmg.gbmga.ngecc.bmg/inst_blk_mem_gen/gnativebmg.native_blk_mem_gen/valid.cstr/ramloop[0].ram.r/prim_noinit.ram/I1[5]
    RAMB18_X1Y18         RAMB18E1                                     r  i_fifo_uart_send/U0/inst_fifo_gen/gconvfifo.rf/grf.rf/gntv_or_sync_fifo.mem/gbm.gbmg.gbmga.ngecc.bmg/inst_blk_mem_gen/gnativebmg.native_blk_mem_gen/valid.cstr/ramloop[0].ram.r/prim_noinit.ram/DEVICE_7SERIES.NO_BMM_INFO.SDP.SIMPLE_PRIM18.ram/ADDRBWRADDR[9]
  -------------------------------------------------------------------    -------------------

                         (clock clk_50M_clk_wiz_0_1 rise edge)
                                                      0.000     0.000 r  
    AE10                                              0.000     0.000 r  sys_clk_p
                         net (fo=0)                   0.000     0.000    i_pll/inst/clk_in1_p
    AE10                 IBUFDS (Prop_ibufds_I_O)     0.432     0.432 r  i_pll/inst/clkin1_ibufgds/O
                         net (fo=1, routed)           0.553     0.985    i_pll/inst/clk_in1_clk_wiz_0
    MMCME2_ADV_X1Y1      MMCME2_ADV (Prop_mmcme2_adv_CLKIN1_CLKOUT0)
                                                     -3.493    -2.508 r  i_pll/inst/mmcm_adv_inst/CLKOUT0
                         net (fo=1, routed)           1.007    -1.501    i_pll/inst/clk_50M_clk_wiz_0
    BUFGCTRL_X0Y2        BUFG (Prop_bufg_I_O)         0.030    -1.471 r  i_pll/inst/clkout1_buf/O
                         net (fo=236, routed)         1.035    -0.437    i_fifo_uart_send/U0/inst_fifo_gen/gconvfifo.rf/grf.rf/gntv_or_sync_fifo.mem/gbm.gbmg.gbmga.ngecc.bmg/inst_blk_mem_gen/gnativebmg.native_blk_mem_gen/valid.cstr/ramloop[0].ram.r/prim_noinit.ram/rd_clk
    RAMB18_X1Y18                                                      r  i_fifo_uart_send/U0/inst_fifo_gen/gconvfifo.rf/grf.rf/gntv_or_sync_fifo.mem/gbm.gbmg.gbmga.ngecc.bmg/inst_blk_mem_gen/gnativebmg.native_blk_mem_gen/valid.cstr/ramloop[0].ram.r/prim_noinit.ram/DEVICE_7SERIES.NO_BMM_INFO.SDP.SIMPLE_PRIM18.ram/CLKBWRCLK
                         clock pessimism              0.026    -0.411    
    RAMB18_X1Y18         RAMB18E1 (Hold_ramb18e1_CLKBWRCLK_ADDRBWRADDR[9])
                                                      0.183    -0.228    i_fifo_uart_send/U0/inst_fifo_gen/gconvfifo.rf/grf.rf/gntv_or_sync_fifo.mem/gbm.gbmg.gbmga.ngecc.bmg/inst_blk_mem_gen/gnativebmg.native_blk_mem_gen/valid.cstr/ramloop[0].ram.r/prim_noinit.ram/DEVICE_7SERIES.NO_BMM_INFO.SDP.SIMPLE_PRIM18.ram
  -------------------------------------------------------------------
                         required time                          0.228    
                         arrival time                          -0.096    
  -------------------------------------------------------------------
                         slack                                  0.132    

Slack (MET) :             0.138ns  (arrival time - required time)
  Source:                 i_fifo_uart_recv/U0/inst_fifo_gen/gconvfifo.rf/grf.rf/gntv_or_sync_fifo.gcx.clkx/gsync_stage[1].wr_stg_inst/Q_reg_reg[2]/C
                            (rising edge-triggered cell FDCE clocked by clk_50M_clk_wiz_0_1  {rise@0.000ns fall@10.000ns period=20.000ns})
  Destination:            i_fifo_uart_recv/U0/inst_fifo_gen/gconvfifo.rf/grf.rf/gntv_or_sync_fifo.gcx.clkx/gsync_stage[2].wr_stg_inst/Q_reg_reg[2]/D
                            (rising edge-triggered cell FDCE clocked by clk_50M_clk_wiz_0_1  {rise@0.000ns fall@10.000ns period=20.000ns})
  Path Group:             clk_50M_clk_wiz_0_1
  Path Type:              Hold (Min at Fast Process Corner)
  Requirement:            0.000ns  (clk_50M_clk_wiz_0_1 rise@0.000ns - clk_50M_clk_wiz_0_1 rise@0.000ns)
  Data Path Delay:        0.161ns  (logic 0.107ns (66.547%)  route 0.054ns (33.453%))
  Logic Levels:           0  
  Clock Path Skew:        0.000ns (DCD - SCD - CPR)
    Destination Clock Delay (DCD):    -0.433ns
    Source Clock Delay      (SCD):    -0.439ns
    Clock Pessimism Removal (CPR):    0.006ns

    Location             Delay type                Incr(ns)  Path(ns)    Netlist Resource(s)
  -------------------------------------------------------------------    -------------------
                         (clock clk_50M_clk_wiz_0_1 rise edge)
                                                      0.000     0.000 r  
    AE10                                              0.000     0.000 r  sys_clk_p
                         net (fo=0)                   0.000     0.000    i_pll/inst/clk_in1_p
    AE10                 IBUFDS (Prop_ibufds_I_O)     0.354     0.354 r  i_pll/inst/clkin1_ibufgds/O
                         net (fo=1, routed)           0.503     0.857    i_pll/inst/clk_in1_clk_wiz_0
    MMCME2_ADV_X1Y1      MMCME2_ADV (Prop_mmcme2_adv_CLKIN1_CLKOUT0)
                                                     -3.040    -2.183 r  i_pll/inst/mmcm_adv_inst/CLKOUT0
                         net (fo=1, routed)           0.940    -1.243    i_pll/inst/clk_50M_clk_wiz_0
    BUFGCTRL_X0Y2        BUFG (Prop_bufg_I_O)         0.026    -1.217 r  i_pll/inst/clkout1_buf/O
                         net (fo=236, routed)         0.778    -0.439    i_fifo_uart_recv/U0/inst_fifo_gen/gconvfifo.rf/grf.rf/gntv_or_sync_fifo.gcx.clkx/gsync_stage[1].wr_stg_inst/wr_clk
    SLICE_X6Y42                                                       r  i_fifo_uart_recv/U0/inst_fifo_gen/gconvfifo.rf/grf.rf/gntv_or_sync_fifo.gcx.clkx/gsync_stage[1].wr_stg_inst/Q_reg_reg[2]/C
  -------------------------------------------------------------------    -------------------
    SLICE_X6Y42          FDCE (Prop_fdce_C_Q)         0.107    -0.332 r  i_fifo_uart_recv/U0/inst_fifo_gen/gconvfifo.rf/grf.rf/gntv_or_sync_fifo.gcx.clkx/gsync_stage[1].wr_stg_inst/Q_reg_reg[2]/Q
                         net (fo=1, routed)           0.054    -0.278    i_fifo_uart_recv/U0/inst_fifo_gen/gconvfifo.rf/grf.rf/gntv_or_sync_fifo.gcx.clkx/gsync_stage[2].wr_stg_inst/I1[2]
    SLICE_X6Y42          FDCE                                         r  i_fifo_uart_recv/U0/inst_fifo_gen/gconvfifo.rf/grf.rf/gntv_or_sync_fifo.gcx.clkx/gsync_stage[2].wr_stg_inst/Q_reg_reg[2]/D
  -------------------------------------------------------------------    -------------------

                         (clock clk_50M_clk_wiz_0_1 rise edge)
                                                      0.000     0.000 r  
    AE10                                              0.000     0.000 r  sys_clk_p
                         net (fo=0)                   0.000     0.000    i_pll/inst/clk_in1_p
    AE10                 IBUFDS (Prop_ibufds_I_O)     0.432     0.432 r  i_pll/inst/clkin1_ibufgds/O
                         net (fo=1, routed)           0.553     0.985    i_pll/inst/clk_in1_clk_wiz_0
    MMCME2_ADV_X1Y1      MMCME2_ADV (Prop_mmcme2_adv_CLKIN1_CLKOUT0)
                                                     -3.493    -2.508 r  i_pll/inst/mmcm_adv_inst/CLKOUT0
                         net (fo=1, routed)           1.007    -1.501    i_pll/inst/clk_50M_clk_wiz_0
    BUFGCTRL_X0Y2        BUFG (Prop_bufg_I_O)         0.030    -1.471 r  i_pll/inst/clkout1_buf/O
                         net (fo=236, routed)         1.038    -0.433    i_fifo_uart_recv/U0/inst_fifo_gen/gconvfifo.rf/grf.rf/gntv_or_sync_fifo.gcx.clkx/gsync_stage[2].wr_stg_inst/wr_clk
    SLICE_X6Y42                                                       r  i_fifo_uart_recv/U0/inst_fifo_gen/gconvfifo.rf/grf.rf/gntv_or_sync_fifo.gcx.clkx/gsync_stage[2].wr_stg_inst/Q_reg_reg[2]/C
                         clock pessimism             -0.006    -0.439    
    SLICE_X6Y42          FDCE (Hold_fdce_C_D)         0.023    -0.416    i_fifo_uart_recv/U0/inst_fifo_gen/gconvfifo.rf/grf.rf/gntv_or_sync_fifo.gcx.clkx/gsync_stage[2].wr_stg_inst/Q_reg_reg[2]
  -------------------------------------------------------------------
                         required time                          0.416    
                         arrival time                          -0.278    
  -------------------------------------------------------------------
                         slack                                  0.138    

Slack (MET) :             0.139ns  (arrival time - required time)
  Source:                 fifo_rx_wr_data_reg[3]/C
                            (rising edge-triggered cell FDCE clocked by clk_50M_clk_wiz_0_1  {rise@0.000ns fall@10.000ns period=20.000ns})
  Destination:            i_fifo_uart_recv/U0/inst_fifo_gen/gconvfifo.rf/grf.rf/gntv_or_sync_fifo.mem/gbm.gbmg.gbmga.ngecc.bmg/inst_blk_mem_gen/gnativebmg.native_blk_mem_gen/valid.cstr/ramloop[0].ram.r/prim_noinit.ram/DEVICE_7SERIES.NO_BMM_INFO.SDP.SIMPLE_PRIM18.ram/DIADI[3]
                            (rising edge-triggered cell RAMB18E1 clocked by clk_50M_clk_wiz_0_1  {rise@0.000ns fall@10.000ns period=20.000ns})
  Path Group:             clk_50M_clk_wiz_0_1
  Path Type:              Hold (Min at Fast Process Corner)
  Requirement:            0.000ns  (clk_50M_clk_wiz_0_1 rise@0.000ns - clk_50M_clk_wiz_0_1 rise@0.000ns)
  Data Path Delay:        0.478ns  (logic 0.100ns (20.917%)  route 0.378ns (79.083%))
  Logic Levels:           0  
  Clock Path Skew:        0.044ns (DCD - SCD - CPR)
    Destination Clock Delay (DCD):    -0.433ns
    Source Clock Delay      (SCD):    -0.468ns
    Clock Pessimism Removal (CPR):    -0.008ns

    Location             Delay type                Incr(ns)  Path(ns)    Netlist Resource(s)
  -------------------------------------------------------------------    -------------------
                         (clock clk_50M_clk_wiz_0_1 rise edge)
                                                      0.000     0.000 r  
    AE10                                              0.000     0.000 r  sys_clk_p
                         net (fo=0)                   0.000     0.000    i_pll/inst/clk_in1_p
    AE10                 IBUFDS (Prop_ibufds_I_O)     0.354     0.354 r  i_pll/inst/clkin1_ibufgds/O
                         net (fo=1, routed)           0.503     0.857    i_pll/inst/clk_in1_clk_wiz_0
    MMCME2_ADV_X1Y1      MMCME2_ADV (Prop_mmcme2_adv_CLKIN1_CLKOUT0)
                                                     -3.040    -2.183 r  i_pll/inst/mmcm_adv_inst/CLKOUT0
                         net (fo=1, routed)           0.940    -1.243    i_pll/inst/clk_50M_clk_wiz_0
    BUFGCTRL_X0Y2        BUFG (Prop_bufg_I_O)         0.026    -1.217 r  i_pll/inst/clkout1_buf/O
                         net (fo=236, routed)         0.749    -0.468    rd_clk
    SLICE_X9Y47                                                       r  fifo_rx_wr_data_reg[3]/C
  -------------------------------------------------------------------    -------------------
    SLICE_X9Y47          FDCE (Prop_fdce_C_Q)         0.100    -0.368 r  fifo_rx_wr_data_reg[3]/Q
                         net (fo=1, routed)           0.378     0.010    i_fifo_uart_recv/U0/inst_fifo_gen/gconvfifo.rf/grf.rf/gntv_or_sync_fifo.mem/gbm.gbmg.gbmga.ngecc.bmg/inst_blk_mem_gen/gnativebmg.native_blk_mem_gen/valid.cstr/ramloop[0].ram.r/prim_noinit.ram/din[3]
    RAMB18_X0Y18         RAMB18E1                                     r  i_fifo_uart_recv/U0/inst_fifo_gen/gconvfifo.rf/grf.rf/gntv_or_sync_fifo.mem/gbm.gbmg.gbmga.ngecc.bmg/inst_blk_mem_gen/gnativebmg.native_blk_mem_gen/valid.cstr/ramloop[0].ram.r/prim_noinit.ram/DEVICE_7SERIES.NO_BMM_INFO.SDP.SIMPLE_PRIM18.ram/DIADI[3]
  -------------------------------------------------------------------    -------------------

                         (clock clk_50M_clk_wiz_0_1 rise edge)
                                                      0.000     0.000 r  
    AE10                                              0.000     0.000 r  sys_clk_p
                         net (fo=0)                   0.000     0.000    i_pll/inst/clk_in1_p
    AE10                 IBUFDS (Prop_ibufds_I_O)     0.432     0.432 r  i_pll/inst/clkin1_ibufgds/O
                         net (fo=1, routed)           0.553     0.985    i_pll/inst/clk_in1_clk_wiz_0
    MMCME2_ADV_X1Y1      MMCME2_ADV (Prop_mmcme2_adv_CLKIN1_CLKOUT0)
                                                     -3.493    -2.508 r  i_pll/inst/mmcm_adv_inst/CLKOUT0
                         net (fo=1, routed)           1.007    -1.501    i_pll/inst/clk_50M_clk_wiz_0
    BUFGCTRL_X0Y2        BUFG (Prop_bufg_I_O)         0.030    -1.471 r  i_pll/inst/clkout1_buf/O
                         net (fo=236, routed)         1.039    -0.433    i_fifo_uart_recv/U0/inst_fifo_gen/gconvfifo.rf/grf.rf/gntv_or_sync_fifo.mem/gbm.gbmg.gbmga.ngecc.bmg/inst_blk_mem_gen/gnativebmg.native_blk_mem_gen/valid.cstr/ramloop[0].ram.r/prim_noinit.ram/wr_clk
    RAMB18_X0Y18                                                      r  i_fifo_uart_recv/U0/inst_fifo_gen/gconvfifo.rf/grf.rf/gntv_or_sync_fifo.mem/gbm.gbmg.gbmga.ngecc.bmg/inst_blk_mem_gen/gnativebmg.native_blk_mem_gen/valid.cstr/ramloop[0].ram.r/prim_noinit.ram/DEVICE_7SERIES.NO_BMM_INFO.SDP.SIMPLE_PRIM18.ram/CLKARDCLK
                         clock pessimism              0.008    -0.425    
    RAMB18_X0Y18         RAMB18E1 (Hold_ramb18e1_CLKARDCLK_DIADI[3])
                                                      0.296    -0.129    i_fifo_uart_recv/U0/inst_fifo_gen/gconvfifo.rf/grf.rf/gntv_or_sync_fifo.mem/gbm.gbmg.gbmga.ngecc.bmg/inst_blk_mem_gen/gnativebmg.native_blk_mem_gen/valid.cstr/ramloop[0].ram.r/prim_noinit.ram/DEVICE_7SERIES.NO_BMM_INFO.SDP.SIMPLE_PRIM18.ram
  -------------------------------------------------------------------
                         required time                          0.129    
                         arrival time                           0.010    
  -------------------------------------------------------------------
                         slack                                  0.139    

Slack (MET) :             0.142ns  (arrival time - required time)
  Source:                 fifo_rx_wr_data_reg[6]/C
                            (rising edge-triggered cell FDCE clocked by clk_50M_clk_wiz_0_1  {rise@0.000ns fall@10.000ns period=20.000ns})
  Destination:            i_fifo_uart_recv/U0/inst_fifo_gen/gconvfifo.rf/grf.rf/gntv_or_sync_fifo.mem/gbm.gbmg.gbmga.ngecc.bmg/inst_blk_mem_gen/gnativebmg.native_blk_mem_gen/valid.cstr/ramloop[0].ram.r/prim_noinit.ram/DEVICE_7SERIES.NO_BMM_INFO.SDP.SIMPLE_PRIM18.ram/DIADI[10]
                            (rising edge-triggered cell RAMB18E1 clocked by clk_50M_clk_wiz_0_1  {rise@0.000ns fall@10.000ns period=20.000ns})
  Path Group:             clk_50M_clk_wiz_0_1
  Path Type:              Hold (Min at Fast Process Corner)
  Requirement:            0.000ns  (clk_50M_clk_wiz_0_1 rise@0.000ns - clk_50M_clk_wiz_0_1 rise@0.000ns)
  Data Path Delay:        0.482ns  (logic 0.100ns (20.756%)  route 0.382ns (79.244%))
  Logic Levels:           0  
  Clock Path Skew:        0.044ns (DCD - SCD - CPR)
    Destination Clock Delay (DCD):    -0.433ns
    Source Clock Delay      (SCD):    -0.468ns
    Clock Pessimism Removal (CPR):    -0.008ns

    Location             Delay type                Incr(ns)  Path(ns)    Netlist Resource(s)
  -------------------------------------------------------------------    -------------------
                         (clock clk_50M_clk_wiz_0_1 rise edge)
                                                      0.000     0.000 r  
    AE10                                              0.000     0.000 r  sys_clk_p
                         net (fo=0)                   0.000     0.000    i_pll/inst/clk_in1_p
    AE10                 IBUFDS (Prop_ibufds_I_O)     0.354     0.354 r  i_pll/inst/clkin1_ibufgds/O
                         net (fo=1, routed)           0.503     0.857    i_pll/inst/clk_in1_clk_wiz_0
    MMCME2_ADV_X1Y1      MMCME2_ADV (Prop_mmcme2_adv_CLKIN1_CLKOUT0)
                                                     -3.040    -2.183 r  i_pll/inst/mmcm_adv_inst/CLKOUT0
                         net (fo=1, routed)           0.940    -1.243    i_pll/inst/clk_50M_clk_wiz_0
    BUFGCTRL_X0Y2        BUFG (Prop_bufg_I_O)         0.026    -1.217 r  i_pll/inst/clkout1_buf/O
                         net (fo=236, routed)         0.749    -0.468    rd_clk
    SLICE_X9Y47                                                       r  fifo_rx_wr_data_reg[6]/C
  -------------------------------------------------------------------    -------------------
    SLICE_X9Y47          FDCE (Prop_fdce_C_Q)         0.100    -0.368 r  fifo_rx_wr_data_reg[6]/Q
                         net (fo=1, routed)           0.382     0.014    i_fifo_uart_recv/U0/inst_fifo_gen/gconvfifo.rf/grf.rf/gntv_or_sync_fifo.mem/gbm.gbmg.gbmga.ngecc.bmg/inst_blk_mem_gen/gnativebmg.native_blk_mem_gen/valid.cstr/ramloop[0].ram.r/prim_noinit.ram/din[6]
    RAMB18_X0Y18         RAMB18E1                                     r  i_fifo_uart_recv/U0/inst_fifo_gen/gconvfifo.rf/grf.rf/gntv_or_sync_fifo.mem/gbm.gbmg.gbmga.ngecc.bmg/inst_blk_mem_gen/gnativebmg.native_blk_mem_gen/valid.cstr/ramloop[0].ram.r/prim_noinit.ram/DEVICE_7SERIES.NO_BMM_INFO.SDP.SIMPLE_PRIM18.ram/DIADI[10]
  -------------------------------------------------------------------    -------------------

                         (clock clk_50M_clk_wiz_0_1 rise edge)
                                                      0.000     0.000 r  
    AE10                                              0.000     0.000 r  sys_clk_p
                         net (fo=0)                   0.000     0.000    i_pll/inst/clk_in1_p
    AE10                 IBUFDS (Prop_ibufds_I_O)     0.432     0.432 r  i_pll/inst/clkin1_ibufgds/O
                         net (fo=1, routed)           0.553     0.985    i_pll/inst/clk_in1_clk_wiz_0
    MMCME2_ADV_X1Y1      MMCME2_ADV (Prop_mmcme2_adv_CLKIN1_CLKOUT0)
                                                     -3.493    -2.508 r  i_pll/inst/mmcm_adv_inst/CLKOUT0
                         net (fo=1, routed)           1.007    -1.501    i_pll/inst/clk_50M_clk_wiz_0
    BUFGCTRL_X0Y2        BUFG (Prop_bufg_I_O)         0.030    -1.471 r  i_pll/inst/clkout1_buf/O
                         net (fo=236, routed)         1.039    -0.433    i_fifo_uart_recv/U0/inst_fifo_gen/gconvfifo.rf/grf.rf/gntv_or_sync_fifo.mem/gbm.gbmg.gbmga.ngecc.bmg/inst_blk_mem_gen/gnativebmg.native_blk_mem_gen/valid.cstr/ramloop[0].ram.r/prim_noinit.ram/wr_clk
    RAMB18_X0Y18                                                      r  i_fifo_uart_recv/U0/inst_fifo_gen/gconvfifo.rf/grf.rf/gntv_or_sync_fifo.mem/gbm.gbmg.gbmga.ngecc.bmg/inst_blk_mem_gen/gnativebmg.native_blk_mem_gen/valid.cstr/ramloop[0].ram.r/prim_noinit.ram/DEVICE_7SERIES.NO_BMM_INFO.SDP.SIMPLE_PRIM18.ram/CLKARDCLK
                         clock pessimism              0.008    -0.425    
    RAMB18_X0Y18         RAMB18E1 (Hold_ramb18e1_CLKARDCLK_DIADI[10])
                                                      0.296    -0.129    i_fifo_uart_recv/U0/inst_fifo_gen/gconvfifo.rf/grf.rf/gntv_or_sync_fifo.mem/gbm.gbmg.gbmga.ngecc.bmg/inst_blk_mem_gen/gnativebmg.native_blk_mem_gen/valid.cstr/ramloop[0].ram.r/prim_noinit.ram/DEVICE_7SERIES.NO_BMM_INFO.SDP.SIMPLE_PRIM18.ram
  -------------------------------------------------------------------
                         required time                          0.129    
                         arrival time                           0.014    
  -------------------------------------------------------------------
                         slack                                  0.142    

Slack (MET) :             0.144ns  (arrival time - required time)
  Source:                 i_uart_rx/rx_data_reg[3]/C
                            (rising edge-triggered cell FDCE clocked by clk_50M_clk_wiz_0_1  {rise@0.000ns fall@10.000ns period=20.000ns})
  Destination:            fifo_rx_wr_data_reg[3]/D
                            (rising edge-triggered cell FDCE clocked by clk_50M_clk_wiz_0_1  {rise@0.000ns fall@10.000ns period=20.000ns})
  Path Group:             clk_50M_clk_wiz_0_1
  Path Type:              Hold (Min at Fast Process Corner)
  Requirement:            0.000ns  (clk_50M_clk_wiz_0_1 rise@0.000ns - clk_50M_clk_wiz_0_1 rise@0.000ns)
  Data Path Delay:        0.196ns  (logic 0.100ns (51.054%)  route 0.096ns (48.946%))
  Logic Levels:           0  
  Clock Path Skew:        0.014ns (DCD - SCD - CPR)
    Destination Clock Delay (DCD):    -0.462ns
    Source Clock Delay      (SCD):    -0.468ns
    Clock Pessimism Removal (CPR):    -0.008ns

    Location             Delay type                Incr(ns)  Path(ns)    Netlist Resource(s)
  -------------------------------------------------------------------    -------------------
                         (clock clk_50M_clk_wiz_0_1 rise edge)
                                                      0.000     0.000 r  
    AE10                                              0.000     0.000 r  sys_clk_p
                         net (fo=0)                   0.000     0.000    i_pll/inst/clk_in1_p
    AE10                 IBUFDS (Prop_ibufds_I_O)     0.354     0.354 r  i_pll/inst/clkin1_ibufgds/O
                         net (fo=1, routed)           0.503     0.857    i_pll/inst/clk_in1_clk_wiz_0
    MMCME2_ADV_X1Y1      MMCME2_ADV (Prop_mmcme2_adv_CLKIN1_CLKOUT0)
                                                     -3.040    -2.183 r  i_pll/inst/mmcm_adv_inst/CLKOUT0
                         net (fo=1, routed)           0.940    -1.243    i_pll/inst/clk_50M_clk_wiz_0
    BUFGCTRL_X0Y2        BUFG (Prop_bufg_I_O)         0.026    -1.217 r  i_pll/inst/clkout1_buf/O
                         net (fo=236, routed)         0.749    -0.468    i_uart_rx/CLK
    SLICE_X9Y48                                                       r  i_uart_rx/rx_data_reg[3]/C
  -------------------------------------------------------------------    -------------------
    SLICE_X9Y48          FDCE (Prop_fdce_C_Q)         0.100    -0.368 r  i_uart_rx/rx_data_reg[3]/Q
                         net (fo=1, routed)           0.096    -0.272    rx_data[3]
    SLICE_X9Y47          FDCE                                         r  fifo_rx_wr_data_reg[3]/D
  -------------------------------------------------------------------    -------------------

                         (clock clk_50M_clk_wiz_0_1 rise edge)
                                                      0.000     0.000 r  
    AE10                                              0.000     0.000 r  sys_clk_p
                         net (fo=0)                   0.000     0.000    i_pll/inst/clk_in1_p
    AE10                 IBUFDS (Prop_ibufds_I_O)     0.432     0.432 r  i_pll/inst/clkin1_ibufgds/O
                         net (fo=1, routed)           0.553     0.985    i_pll/inst/clk_in1_clk_wiz_0
    MMCME2_ADV_X1Y1      MMCME2_ADV (Prop_mmcme2_adv_CLKIN1_CLKOUT0)
                                                     -3.493    -2.508 r  i_pll/inst/mmcm_adv_inst/CLKOUT0
                         net (fo=1, routed)           1.007    -1.501    i_pll/inst/clk_50M_clk_wiz_0
    BUFGCTRL_X0Y2        BUFG (Prop_bufg_I_O)         0.030    -1.471 r  i_pll/inst/clkout1_buf/O
                         net (fo=236, routed)         1.009    -0.462    rd_clk
    SLICE_X9Y47                                                       r  fifo_rx_wr_data_reg[3]/C
                         clock pessimism              0.008    -0.454    
    SLICE_X9Y47          FDCE (Hold_fdce_C_D)         0.038    -0.416    fifo_rx_wr_data_reg[3]
  -------------------------------------------------------------------
                         required time                          0.416    
                         arrival time                          -0.272    
  -------------------------------------------------------------------
                         slack                                  0.144    

Slack (MET) :             0.145ns  (arrival time - required time)
  Source:                 i_fifo_uart_send/U0/inst_fifo_gen/gconvfifo.rf/grf.rf/gntv_or_sync_fifo.gcx.clkx/gsync_stage[1].rd_stg_inst/Q_reg_reg[7]/C
                            (rising edge-triggered cell FDCE clocked by clk_50M_clk_wiz_0_1  {rise@0.000ns fall@10.000ns period=20.000ns})
  Destination:            i_fifo_uart_send/U0/inst_fifo_gen/gconvfifo.rf/grf.rf/gntv_or_sync_fifo.gcx.clkx/gsync_stage[2].rd_stg_inst/Q_reg_reg[7]/D
                            (rising edge-triggered cell FDCE clocked by clk_50M_clk_wiz_0_1  {rise@0.000ns fall@10.000ns period=20.000ns})
  Path Group:             clk_50M_clk_wiz_0_1
  Path Type:              Hold (Min at Fast Process Corner)
  Requirement:            0.000ns  (clk_50M_clk_wiz_0_1 rise@0.000ns - clk_50M_clk_wiz_0_1 rise@0.000ns)
  Data Path Delay:        0.142ns  (logic 0.091ns (64.084%)  route 0.051ns (35.916%))
  Logic Levels:           0  
  Clock Path Skew:        0.000ns (DCD - SCD - CPR)
    Destination Clock Delay (DCD):    -0.469ns
    Source Clock Delay      (SCD):    -0.475ns
    Clock Pessimism Removal (CPR):    0.006ns

    Location             Delay type                Incr(ns)  Path(ns)    Netlist Resource(s)
  -------------------------------------------------------------------    -------------------
                         (clock clk_50M_clk_wiz_0_1 rise edge)
                                                      0.000     0.000 r  
    AE10                                              0.000     0.000 r  sys_clk_p
                         net (fo=0)                   0.000     0.000    i_pll/inst/clk_in1_p
    AE10                 IBUFDS (Prop_ibufds_I_O)     0.354     0.354 r  i_pll/inst/clkin1_ibufgds/O
                         net (fo=1, routed)           0.503     0.857    i_pll/inst/clk_in1_clk_wiz_0
    MMCME2_ADV_X1Y1      MMCME2_ADV (Prop_mmcme2_adv_CLKIN1_CLKOUT0)
                                                     -3.040    -2.183 r  i_pll/inst/mmcm_adv_inst/CLKOUT0
                         net (fo=1, routed)           0.940    -1.243    i_pll/inst/clk_50M_clk_wiz_0
    BUFGCTRL_X0Y2        BUFG (Prop_bufg_I_O)         0.026    -1.217 r  i_pll/inst/clkout1_buf/O
                         net (fo=236, routed)         0.742    -0.475    i_fifo_uart_send/U0/inst_fifo_gen/gconvfifo.rf/grf.rf/gntv_or_sync_fifo.gcx.clkx/gsync_stage[1].rd_stg_inst/rd_clk
    SLICE_X25Y43                                                      r  i_fifo_uart_send/U0/inst_fifo_gen/gconvfifo.rf/grf.rf/gntv_or_sync_fifo.gcx.clkx/gsync_stage[1].rd_stg_inst/Q_reg_reg[7]/C
  -------------------------------------------------------------------    -------------------
    SLICE_X25Y43         FDCE (Prop_fdce_C_Q)         0.091    -0.384 r  i_fifo_uart_send/U0/inst_fifo_gen/gconvfifo.rf/grf.rf/gntv_or_sync_fifo.gcx.clkx/gsync_stage[1].rd_stg_inst/Q_reg_reg[7]/Q
                         net (fo=1, routed)           0.051    -0.333    i_fifo_uart_send/U0/inst_fifo_gen/gconvfifo.rf/grf.rf/gntv_or_sync_fifo.gcx.clkx/gsync_stage[2].rd_stg_inst/I1[7]
    SLICE_X25Y43         FDCE                                         r  i_fifo_uart_send/U0/inst_fifo_gen/gconvfifo.rf/grf.rf/gntv_or_sync_fifo.gcx.clkx/gsync_stage[2].rd_stg_inst/Q_reg_reg[7]/D
  -------------------------------------------------------------------    -------------------

                         (clock clk_50M_clk_wiz_0_1 rise edge)
                                                      0.000     0.000 r  
    AE10                                              0.000     0.000 r  sys_clk_p
                         net (fo=0)                   0.000     0.000    i_pll/inst/clk_in1_p
    AE10                 IBUFDS (Prop_ibufds_I_O)     0.432     0.432 r  i_pll/inst/clkin1_ibufgds/O
                         net (fo=1, routed)           0.553     0.985    i_pll/inst/clk_in1_clk_wiz_0
    MMCME2_ADV_X1Y1      MMCME2_ADV (Prop_mmcme2_adv_CLKIN1_CLKOUT0)
                                                     -3.493    -2.508 r  i_pll/inst/mmcm_adv_inst/CLKOUT0
                         net (fo=1, routed)           1.007    -1.501    i_pll/inst/clk_50M_clk_wiz_0
    BUFGCTRL_X0Y2        BUFG (Prop_bufg_I_O)         0.030    -1.471 r  i_pll/inst/clkout1_buf/O
                         net (fo=236, routed)         1.002    -0.469    i_fifo_uart_send/U0/inst_fifo_gen/gconvfifo.rf/grf.rf/gntv_or_sync_fifo.gcx.clkx/gsync_stage[2].rd_stg_inst/rd_clk
    SLICE_X25Y43                                                      r  i_fifo_uart_send/U0/inst_fifo_gen/gconvfifo.rf/grf.rf/gntv_or_sync_fifo.gcx.clkx/gsync_stage[2].rd_stg_inst/Q_reg_reg[7]/C
                         clock pessimism             -0.006    -0.475    
    SLICE_X25Y43         FDCE (Hold_fdce_C_D)        -0.003    -0.478    i_fifo_uart_send/U0/inst_fifo_gen/gconvfifo.rf/grf.rf/gntv_or_sync_fifo.gcx.clkx/gsync_stage[2].rd_stg_inst/Q_reg_reg[7]
  -------------------------------------------------------------------
                         required time                          0.478    
                         arrival time                          -0.333    
  -------------------------------------------------------------------
                         slack                                  0.145    

Slack (MET) :             0.146ns  (arrival time - required time)
  Source:                 fifo_rx_wr_data_reg[4]/C
                            (rising edge-triggered cell FDCE clocked by clk_50M_clk_wiz_0_1  {rise@0.000ns fall@10.000ns period=20.000ns})
  Destination:            i_fifo_uart_recv/U0/inst_fifo_gen/gconvfifo.rf/grf.rf/gntv_or_sync_fifo.mem/gbm.gbmg.gbmga.ngecc.bmg/inst_blk_mem_gen/gnativebmg.native_blk_mem_gen/valid.cstr/ramloop[0].ram.r/prim_noinit.ram/DEVICE_7SERIES.NO_BMM_INFO.SDP.SIMPLE_PRIM18.ram/DIADI[8]
                            (rising edge-triggered cell RAMB18E1 clocked by clk_50M_clk_wiz_0_1  {rise@0.000ns fall@10.000ns period=20.000ns})
  Path Group:             clk_50M_clk_wiz_0_1
  Path Type:              Hold (Min at Fast Process Corner)
  Requirement:            0.000ns  (clk_50M_clk_wiz_0_1 rise@0.000ns - clk_50M_clk_wiz_0_1 rise@0.000ns)
  Data Path Delay:        0.487ns  (logic 0.100ns (20.547%)  route 0.387ns (79.453%))
  Logic Levels:           0  
  Clock Path Skew:        0.045ns (DCD - SCD - CPR)
    Destination Clock Delay (DCD):    -0.433ns
    Source Clock Delay      (SCD):    -0.469ns
    Clock Pessimism Removal (CPR):    -0.008ns

    Location             Delay type                Incr(ns)  Path(ns)    Netlist Resource(s)
  -------------------------------------------------------------------    -------------------
                         (clock clk_50M_clk_wiz_0_1 rise edge)
                                                      0.000     0.000 r  
    AE10                                              0.000     0.000 r  sys_clk_p
                         net (fo=0)                   0.000     0.000    i_pll/inst/clk_in1_p
    AE10                 IBUFDS (Prop_ibufds_I_O)     0.354     0.354 r  i_pll/inst/clkin1_ibufgds/O
                         net (fo=1, routed)           0.503     0.857    i_pll/inst/clk_in1_clk_wiz_0
    MMCME2_ADV_X1Y1      MMCME2_ADV (Prop_mmcme2_adv_CLKIN1_CLKOUT0)
                                                     -3.040    -2.183 r  i_pll/inst/mmcm_adv_inst/CLKOUT0
                         net (fo=1, routed)           0.940    -1.243    i_pll/inst/clk_50M_clk_wiz_0
    BUFGCTRL_X0Y2        BUFG (Prop_bufg_I_O)         0.026    -1.217 r  i_pll/inst/clkout1_buf/O
                         net (fo=236, routed)         0.748    -0.469    rd_clk
    SLICE_X9Y46                                                       r  fifo_rx_wr_data_reg[4]/C
  -------------------------------------------------------------------    -------------------
    SLICE_X9Y46          FDCE (Prop_fdce_C_Q)         0.100    -0.369 r  fifo_rx_wr_data_reg[4]/Q
                         net (fo=1, routed)           0.387     0.017    i_fifo_uart_recv/U0/inst_fifo_gen/gconvfifo.rf/grf.rf/gntv_or_sync_fifo.mem/gbm.gbmg.gbmga.ngecc.bmg/inst_blk_mem_gen/gnativebmg.native_blk_mem_gen/valid.cstr/ramloop[0].ram.r/prim_noinit.ram/din[4]
    RAMB18_X0Y18         RAMB18E1                                     r  i_fifo_uart_recv/U0/inst_fifo_gen/gconvfifo.rf/grf.rf/gntv_or_sync_fifo.mem/gbm.gbmg.gbmga.ngecc.bmg/inst_blk_mem_gen/gnativebmg.native_blk_mem_gen/valid.cstr/ramloop[0].ram.r/prim_noinit.ram/DEVICE_7SERIES.NO_BMM_INFO.SDP.SIMPLE_PRIM18.ram/DIADI[8]
  -------------------------------------------------------------------    -------------------

                         (clock clk_50M_clk_wiz_0_1 rise edge)
                                                      0.000     0.000 r  
    AE10                                              0.000     0.000 r  sys_clk_p
                         net (fo=0)                   0.000     0.000    i_pll/inst/clk_in1_p
    AE10                 IBUFDS (Prop_ibufds_I_O)     0.432     0.432 r  i_pll/inst/clkin1_ibufgds/O
                         net (fo=1, routed)           0.553     0.985    i_pll/inst/clk_in1_clk_wiz_0
    MMCME2_ADV_X1Y1      MMCME2_ADV (Prop_mmcme2_adv_CLKIN1_CLKOUT0)
                                                     -3.493    -2.508 r  i_pll/inst/mmcm_adv_inst/CLKOUT0
                         net (fo=1, routed)           1.007    -1.501    i_pll/inst/clk_50M_clk_wiz_0
    BUFGCTRL_X0Y2        BUFG (Prop_bufg_I_O)         0.030    -1.471 r  i_pll/inst/clkout1_buf/O
                         net (fo=236, routed)         1.039    -0.433    i_fifo_uart_recv/U0/inst_fifo_gen/gconvfifo.rf/grf.rf/gntv_or_sync_fifo.mem/gbm.gbmg.gbmga.ngecc.bmg/inst_blk_mem_gen/gnativebmg.native_blk_mem_gen/valid.cstr/ramloop[0].ram.r/prim_noinit.ram/wr_clk
    RAMB18_X0Y18                                                      r  i_fifo_uart_recv/U0/inst_fifo_gen/gconvfifo.rf/grf.rf/gntv_or_sync_fifo.mem/gbm.gbmg.gbmga.ngecc.bmg/inst_blk_mem_gen/gnativebmg.native_blk_mem_gen/valid.cstr/ramloop[0].ram.r/prim_noinit.ram/DEVICE_7SERIES.NO_BMM_INFO.SDP.SIMPLE_PRIM18.ram/CLKARDCLK
                         clock pessimism              0.008    -0.425    
    RAMB18_X0Y18         RAMB18E1 (Hold_ramb18e1_CLKARDCLK_DIADI[8])
                                                      0.296    -0.129    i_fifo_uart_recv/U0/inst_fifo_gen/gconvfifo.rf/grf.rf/gntv_or_sync_fifo.mem/gbm.gbmg.gbmga.ngecc.bmg/inst_blk_mem_gen/gnativebmg.native_blk_mem_gen/valid.cstr/ramloop[0].ram.r/prim_noinit.ram/DEVICE_7SERIES.NO_BMM_INFO.SDP.SIMPLE_PRIM18.ram
  -------------------------------------------------------------------
                         required time                          0.129    
                         arrival time                           0.017    
  -------------------------------------------------------------------
                         slack                                  0.146    

Slack (MET) :             0.148ns  (arrival time - required time)
  Source:                 rst_buf_reg[0]/C
                            (rising edge-triggered cell FDRE clocked by clk_50M_clk_wiz_0_1  {rise@0.000ns fall@10.000ns period=20.000ns})
  Destination:            rst_50m_n_reg/D
                            (rising edge-triggered cell FDRE clocked by clk_50M_clk_wiz_0_1  {rise@0.000ns fall@10.000ns period=20.000ns})
  Path Group:             clk_50M_clk_wiz_0_1
  Path Type:              Hold (Min at Fast Process Corner)
  Requirement:            0.000ns  (clk_50M_clk_wiz_0_1 rise@0.000ns - clk_50M_clk_wiz_0_1 rise@0.000ns)
  Data Path Delay:        0.452ns  (logic 0.100ns (22.144%)  route 0.352ns (77.856%))
  Logic Levels:           0  
  Clock Path Skew:        0.264ns (DCD - SCD - CPR)
    Destination Clock Delay (DCD):    -0.463ns
    Source Clock Delay      (SCD):    -0.521ns
    Clock Pessimism Removal (CPR):    -0.206ns

    Location             Delay type                Incr(ns)  Path(ns)    Netlist Resource(s)
  -------------------------------------------------------------------    -------------------
                         (clock clk_50M_clk_wiz_0_1 rise edge)
                                                      0.000     0.000 r  
    AE10                                              0.000     0.000 r  sys_clk_p
                         net (fo=0)                   0.000     0.000    i_pll/inst/clk_in1_p
    AE10                 IBUFDS (Prop_ibufds_I_O)     0.354     0.354 r  i_pll/inst/clkin1_ibufgds/O
                         net (fo=1, routed)           0.503     0.857    i_pll/inst/clk_in1_clk_wiz_0
    MMCME2_ADV_X1Y1      MMCME2_ADV (Prop_mmcme2_adv_CLKIN1_CLKOUT0)
                                                     -3.040    -2.183 r  i_pll/inst/mmcm_adv_inst/CLKOUT0
                         net (fo=1, routed)           0.940    -1.243    i_pll/inst/clk_50M_clk_wiz_0
    BUFGCTRL_X0Y2        BUFG (Prop_bufg_I_O)         0.026    -1.217 r  i_pll/inst/clkout1_buf/O
                         net (fo=236, routed)         0.696    -0.521    rd_clk
    SLICE_X19Y50                                                      r  rst_buf_reg[0]/C
  -------------------------------------------------------------------    -------------------
    SLICE_X19Y50         FDRE (Prop_fdre_C_Q)         0.100    -0.421 r  rst_buf_reg[0]/Q
                         net (fo=1, routed)           0.352    -0.070    n_0_rst_buf_reg[0]
    SLICE_X19Y49         FDRE                                         r  rst_50m_n_reg/D
  -------------------------------------------------------------------    -------------------

                         (clock clk_50M_clk_wiz_0_1 rise edge)
                                                      0.000     0.000 r  
    AE10                                              0.000     0.000 r  sys_clk_p
                         net (fo=0)                   0.000     0.000    i_pll/inst/clk_in1_p
    AE10                 IBUFDS (Prop_ibufds_I_O)     0.432     0.432 r  i_pll/inst/clkin1_ibufgds/O
                         net (fo=1, routed)           0.553     0.985    i_pll/inst/clk_in1_clk_wiz_0
    MMCME2_ADV_X1Y1      MMCME2_ADV (Prop_mmcme2_adv_CLKIN1_CLKOUT0)
                                                     -3.493    -2.508 r  i_pll/inst/mmcm_adv_inst/CLKOUT0
                         net (fo=1, routed)           1.007    -1.501    i_pll/inst/clk_50M_clk_wiz_0
    BUFGCTRL_X0Y2        BUFG (Prop_bufg_I_O)         0.030    -1.471 r  i_pll/inst/clkout1_buf/O
                         net (fo=236, routed)         1.008    -0.463    rd_clk
    SLICE_X19Y49                                                      r  rst_50m_n_reg/C
                         clock pessimism              0.206    -0.257    
    SLICE_X19Y49         FDRE (Hold_fdre_C_D)         0.040    -0.217    rst_50m_n_reg
  -------------------------------------------------------------------
                         required time                          0.217    
                         arrival time                          -0.070    
  -------------------------------------------------------------------
                         slack                                  0.148    

Slack (MET) :             0.148ns  (arrival time - required time)
  Source:                 i_uart_rx/rx_data_reg[4]/C
                            (rising edge-triggered cell FDCE clocked by clk_50M_clk_wiz_0_1  {rise@0.000ns fall@10.000ns period=20.000ns})
  Destination:            fifo_rx_wr_data_reg[4]/D
                            (rising edge-triggered cell FDCE clocked by clk_50M_clk_wiz_0_1  {rise@0.000ns fall@10.000ns period=20.000ns})
  Path Group:             clk_50M_clk_wiz_0_1
  Path Type:              Hold (Min at Fast Process Corner)
  Requirement:            0.000ns  (clk_50M_clk_wiz_0_1 rise@0.000ns - clk_50M_clk_wiz_0_1 rise@0.000ns)
  Data Path Delay:        0.221ns  (logic 0.118ns (53.343%)  route 0.103ns (46.657%))
  Logic Levels:           0  
  Clock Path Skew:        0.032ns (DCD - SCD - CPR)
    Destination Clock Delay (DCD):    -0.463ns
    Source Clock Delay      (SCD):    -0.469ns
    Clock Pessimism Removal (CPR):    -0.026ns

    Location             Delay type                Incr(ns)  Path(ns)    Netlist Resource(s)
  -------------------------------------------------------------------    -------------------
                         (clock clk_50M_clk_wiz_0_1 rise edge)
                                                      0.000     0.000 r  
    AE10                                              0.000     0.000 r  sys_clk_p
                         net (fo=0)                   0.000     0.000    i_pll/inst/clk_in1_p
    AE10                 IBUFDS (Prop_ibufds_I_O)     0.354     0.354 r  i_pll/inst/clkin1_ibufgds/O
                         net (fo=1, routed)           0.503     0.857    i_pll/inst/clk_in1_clk_wiz_0
    MMCME2_ADV_X1Y1      MMCME2_ADV (Prop_mmcme2_adv_CLKIN1_CLKOUT0)
                                                     -3.040    -2.183 r  i_pll/inst/mmcm_adv_inst/CLKOUT0
                         net (fo=1, routed)           0.940    -1.243    i_pll/inst/clk_50M_clk_wiz_0
    BUFGCTRL_X0Y2        BUFG (Prop_bufg_I_O)         0.026    -1.217 r  i_pll/inst/clkout1_buf/O
                         net (fo=236, routed)         0.748    -0.469    i_uart_rx/CLK
    SLICE_X10Y46                                                      r  i_uart_rx/rx_data_reg[4]/C
  -------------------------------------------------------------------    -------------------
    SLICE_X10Y46         FDCE (Prop_fdce_C_Q)         0.118    -0.351 r  i_uart_rx/rx_data_reg[4]/Q
                         net (fo=1, routed)           0.103    -0.248    rx_data[4]
    SLICE_X9Y46          FDCE                                         r  fifo_rx_wr_data_reg[4]/D
  -------------------------------------------------------------------    -------------------

                         (clock clk_50M_clk_wiz_0_1 rise edge)
                                                      0.000     0.000 r  
    AE10                                              0.000     0.000 r  sys_clk_p
                         net (fo=0)                   0.000     0.000    i_pll/inst/clk_in1_p
    AE10                 IBUFDS (Prop_ibufds_I_O)     0.432     0.432 r  i_pll/inst/clkin1_ibufgds/O
                         net (fo=1, routed)           0.553     0.985    i_pll/inst/clk_in1_clk_wiz_0
    MMCME2_ADV_X1Y1      MMCME2_ADV (Prop_mmcme2_adv_CLKIN1_CLKOUT0)
                                                     -3.493    -2.508 r  i_pll/inst/mmcm_adv_inst/CLKOUT0
                         net (fo=1, routed)           1.007    -1.501    i_pll/inst/clk_50M_clk_wiz_0
    BUFGCTRL_X0Y2        BUFG (Prop_bufg_I_O)         0.030    -1.471 r  i_pll/inst/clkout1_buf/O
                         net (fo=236, routed)         1.008    -0.463    rd_clk
    SLICE_X9Y46                                                       r  fifo_rx_wr_data_reg[4]/C
                         clock pessimism              0.026    -0.437    
    SLICE_X9Y46          FDCE (Hold_fdce_C_D)         0.041    -0.396    fifo_rx_wr_data_reg[4]
  -------------------------------------------------------------------
                         required time                          0.396    
                         arrival time                          -0.248    
  -------------------------------------------------------------------
                         slack                                  0.148    





Pulse Width Checks
--------------------------------------------------------------------------------------
Clock Name:         clk_50M_clk_wiz_0_1
Waveform:           { 0 10 }
Period:             20.000
Sources:            { i_pll/inst/mmcm_adv_inst/CLKOUT0 }

Check Type        Corner  Lib Pin             Reference Pin  Required  Actual  Slack    Location         Pin                                                                                                                                                                                                                                                         
Min Period        n/a     RAMB18E1/CLKARDCLK  n/a            1.839     20.000  18.161   RAMB18_X0Y18     i_fifo_uart_recv/U0/inst_fifo_gen/gconvfifo.rf/grf.rf/gntv_or_sync_fifo.mem/gbm.gbmg.gbmga.ngecc.bmg/inst_blk_mem_gen/gnativebmg.native_blk_mem_gen/valid.cstr/ramloop[0].ram.r/prim_noinit.ram/DEVICE_7SERIES.NO_BMM_INFO.SDP.SIMPLE_PRIM18.ram/CLKARDCLK  
Min Period        n/a     RAMB18E1/CLKBWRCLK  n/a            1.839     20.000  18.161   RAMB18_X1Y18     i_fifo_uart_send/U0/inst_fifo_gen/gconvfifo.rf/grf.rf/gntv_or_sync_fifo.mem/gbm.gbmg.gbmga.ngecc.bmg/inst_blk_mem_gen/gnativebmg.native_blk_mem_gen/valid.cstr/ramloop[0].ram.r/prim_noinit.ram/DEVICE_7SERIES.NO_BMM_INFO.SDP.SIMPLE_PRIM18.ram/CLKBWRCLK  
Min Period        n/a     BUFG/I              n/a            1.408     20.000  18.591   BUFGCTRL_X0Y2    i_pll/inst/clkout1_buf/I                                                                                                                                                                                                                                    
Min Period        n/a     MMCME2_ADV/CLKOUT0  n/a            1.071     20.000  18.929   MMCME2_ADV_X1Y1  i_pll/inst/mmcm_adv_inst/CLKOUT0                                                                                                                                                                                                                            
Min Period        n/a     FDCE/C              n/a            0.750     20.000  19.250   SLICE_X5Y42      i_fifo_uart_recv/U0/inst_fifo_gen/gconvfifo.rf/grf.rf/gntv_or_sync_fifo.gcx.clkx/gsync_stage[1].wr_stg_inst/Q_reg_reg[0]/C                                                                                                                                  
Min Period        n/a     FDCE/C              n/a            0.750     20.000  19.250   SLICE_X4Y42      i_fifo_uart_recv/U0/inst_fifo_gen/gconvfifo.rf/grf.rf/gntv_or_sync_fifo.gcx.clkx/gsync_stage[1].wr_stg_inst/Q_reg_reg[1]/C                                                                                                                                  
Min Period        n/a     FDCE/C              n/a            0.750     20.000  19.250   SLICE_X6Y42      i_fifo_uart_recv/U0/inst_fifo_gen/gconvfifo.rf/grf.rf/gntv_or_sync_fifo.gcx.clkx/gsync_stage[1].wr_stg_inst/Q_reg_reg[2]/C                                                                                                                                  
Min Period        n/a     FDCE/C              n/a            0.750     20.000  19.250   SLICE_X6Y42      i_fifo_uart_recv/U0/inst_fifo_gen/gconvfifo.rf/grf.rf/gntv_or_sync_fifo.gcx.clkx/gsync_stage[1].wr_stg_inst/Q_reg_reg[3]/C                                                                                                                                  
Min Period        n/a     FDCE/C              n/a            0.750     20.000  19.250   SLICE_X5Y42      i_fifo_uart_recv/U0/inst_fifo_gen/gconvfifo.rf/grf.rf/gntv_or_sync_fifo.gcx.clkx/gsync_stage[1].wr_stg_inst/Q_reg_reg[4]/C                                                                                                                                  
Min Period        n/a     FDCE/C              n/a            0.750     20.000  19.250   SLICE_X5Y41      i_fifo_uart_recv/U0/inst_fifo_gen/gconvfifo.rf/grf.rf/gntv_or_sync_fifo.gcx.clkx/gsync_stage[1].wr_stg_inst/Q_reg_reg[5]/C                                                                                                                                  
Max Period        n/a     MMCME2_ADV/CLKOUT0  n/a            213.360   20.000  193.360  MMCME2_ADV_X1Y1  i_pll/inst/mmcm_adv_inst/CLKOUT0                                                                                                                                                                                                                            
Low Pulse Width   Slow    FDPE/C              n/a            0.400     10.000  9.600    SLICE_X11Y45     i_fifo_uart_recv/U0/inst_fifo_gen/gconvfifo.rf/grf.rf/rstblk/grstd1.grst_full.grst_f.rst_d1_reg/C                                                                                                                                                           
Low Pulse Width   Fast    FDPE/C              n/a            0.400     10.000  9.600    SLICE_X11Y45     i_fifo_uart_recv/U0/inst_fifo_gen/gconvfifo.rf/grf.rf/rstblk/grstd1.grst_full.grst_f.rst_d1_reg/C                                                                                                                                                           
Low Pulse Width   Slow    FDPE/C              n/a            0.400     10.000  9.600    SLICE_X11Y45     i_fifo_uart_recv/U0/inst_fifo_gen/gconvfifo.rf/grf.rf/rstblk/grstd1.grst_full.grst_f.rst_d3_reg/C                                                                                                                                                           
Low Pulse Width   Fast    FDPE/C              n/a            0.400     10.000  9.600    SLICE_X11Y45     i_fifo_uart_recv/U0/inst_fifo_gen/gconvfifo.rf/grf.rf/rstblk/grstd1.grst_full.grst_f.rst_d3_reg/C                                                                                                                                                           
Low Pulse Width   Slow    FDRE/C              n/a            0.400     10.000  9.600    SLICE_X8Y45      i_fifo_uart_recv/U0/inst_fifo_gen/gconvfifo.rf/grf.rf/rstblk/ngwrdrst.grst.g7serrst.wr_rst_asreg_d1_reg/C                                                                                                                                                   
Low Pulse Width   Fast    FDRE/C              n/a            0.400     10.000  9.600    SLICE_X8Y45      i_fifo_uart_recv/U0/inst_fifo_gen/gconvfifo.rf/grf.rf/rstblk/ngwrdrst.grst.g7serrst.wr_rst_asreg_d1_reg/C                                                                                                                                                   
Low Pulse Width   Slow    FDPE/C              n/a            0.400     10.000  9.600    SLICE_X8Y44      i_fifo_uart_recv/U0/inst_fifo_gen/gconvfifo.rf/grf.rf/rstblk/ngwrdrst.grst.g7serrst.wr_rst_asreg_reg/C                                                                                                                                                      
Low Pulse Width   Fast    FDPE/C              n/a            0.400     10.000  9.600    SLICE_X8Y44      i_fifo_uart_recv/U0/inst_fifo_gen/gconvfifo.rf/grf.rf/rstblk/ngwrdrst.grst.g7serrst.wr_rst_asreg_reg/C                                                                                                                                                      
Low Pulse Width   Slow    FDRE/C              n/a            0.400     10.000  9.600    SLICE_X23Y47     i_fifo_uart_send/U0/inst_fifo_gen/gconvfifo.rf/grf.rf/rstblk/ngwrdrst.grst.g7serrst.rd_rst_asreg_d1_reg/C                                                                                                                                                   
Low Pulse Width   Fast    FDRE/C              n/a            0.400     10.000  9.600    SLICE_X23Y47     i_fifo_uart_send/U0/inst_fifo_gen/gconvfifo.rf/grf.rf/rstblk/ngwrdrst.grst.g7serrst.rd_rst_asreg_d1_reg/C                                                                                                                                                   
High Pulse Width  Fast    FDCE/C              n/a            0.350     10.000  9.650    SLICE_X9Y46      fifo_rx_wr_data_reg[0]/C                                                                                                                                                                                                                                    
High Pulse Width  Fast    FDCE/C              n/a            0.350     10.000  9.650    SLICE_X9Y46      fifo_rx_wr_data_reg[1]/C                                                                                                                                                                                                                                    
High Pulse Width  Fast    FDCE/C              n/a            0.350     10.000  9.650    SLICE_X9Y47      fifo_rx_wr_data_reg[2]/C                                                                                                                                                                                                                                    
High Pulse Width  Fast    FDCE/C              n/a            0.350     10.000  9.650    SLICE_X9Y47      fifo_rx_wr_data_reg[3]/C                                                                                                                                                                                                                                    
High Pulse Width  Fast    FDCE/C              n/a            0.350     10.000  9.650    SLICE_X9Y46      fifo_rx_wr_data_reg[4]/C                                                                                                                                                                                                                                    
High Pulse Width  Fast    FDCE/C              n/a            0.350     10.000  9.650    SLICE_X9Y46      fifo_rx_wr_data_reg[5]/C                                                                                                                                                                                                                                    
High Pulse Width  Fast    FDCE/C              n/a            0.350     10.000  9.650    SLICE_X9Y47      fifo_rx_wr_data_reg[6]/C                                                                                                                                                                                                                                    
High Pulse Width  Fast    FDCE/C              n/a            0.350     10.000  9.650    SLICE_X9Y47      fifo_rx_wr_data_reg[7]/C                                                                                                                                                                                                                                    
High Pulse Width  Fast    FDCE/C              n/a            0.350     10.000  9.650    SLICE_X9Y44      fifo_rx_wr_en_reg/C                                                                                                                                                                                                                                         
High Pulse Width  Fast    FDCE/C              n/a            0.350     10.000  9.650    SLICE_X23Y44     fifo_tx_rd_en_reg/C                                                                                                                                                                                                                                         



---------------------------------------------------------------------------------------------------
From Clock:  clkfbout_clk_wiz_0_1
  To Clock:  clkfbout_clk_wiz_0_1

Setup :           NA  Failing Endpoints,  Worst Slack           NA  ,  Total Violation           NA
Hold  :           NA  Failing Endpoints,  Worst Slack           NA  ,  Total Violation           NA
PW    :            0  Failing Endpoints,  Worst Slack        3.592ns,  Total Violation        0.000ns
---------------------------------------------------------------------------------------------------


Pulse Width Checks
--------------------------------------------------------------------------------------
Clock Name:         clkfbout_clk_wiz_0_1
Waveform:           { 0 2.5 }
Period:             5.000
Sources:            { i_pll/inst/mmcm_adv_inst/CLKFBOUT }

Check Type  Corner  Lib Pin              Reference Pin  Required  Actual  Slack    Location         Pin                                
Min Period  n/a     BUFG/I               n/a            1.408     5.000   3.592    BUFGCTRL_X0Y4    i_pll/inst/clkf_buf/I              
Min Period  n/a     MMCME2_ADV/CLKFBIN   n/a            1.071     5.000   3.929    MMCME2_ADV_X1Y1  i_pll/inst/mmcm_adv_inst/CLKFBIN   
Min Period  n/a     MMCME2_ADV/CLKFBOUT  n/a            1.071     5.000   3.929    MMCME2_ADV_X1Y1  i_pll/inst/mmcm_adv_inst/CLKFBOUT  
Max Period  n/a     MMCME2_ADV/CLKFBIN   n/a            100.000   5.000   95.000   MMCME2_ADV_X1Y1  i_pll/inst/mmcm_adv_inst/CLKFBIN   
Max Period  n/a     MMCME2_ADV/CLKFBOUT  n/a            213.360   5.000   208.360  MMCME2_ADV_X1Y1  i_pll/inst/mmcm_adv_inst/CLKFBOUT  



---------------------------------------------------------------------------------------------------
From Clock:  dbg_hub/inst/bscan_inst/SERIES7_BSCAN.bscan_inst/UPDATE
  To Clock:  dbg_hub/inst/bscan_inst/SERIES7_BSCAN.bscan_inst/DRCK

Setup :            0  Failing Endpoints,  Worst Slack       58.058ns,  Total Violation        0.000ns
Hold  :            0  Failing Endpoints,  Worst Slack       29.784ns,  Total Violation        0.000ns
---------------------------------------------------------------------------------------------------


Max Delay Paths
--------------------------------------------------------------------------------------
Slack (MET) :             58.058ns  (required time - arrival time)
  Source:                 dbg_hub/inst/U_ICON/iDATA_CMD_reg/C
                            (rising edge-triggered cell FDCE clocked by dbg_hub/inst/bscan_inst/SERIES7_BSCAN.bscan_inst/UPDATE  {rise@0.000ns fall@30.000ns period=60.000ns})
  Destination:            dbg_hub/inst/U_ICON/U_SYNC/iSYNC_WORD_reg[1]/R
                            (rising edge-triggered cell FDRE clocked by dbg_hub/inst/bscan_inst/SERIES7_BSCAN.bscan_inst/DRCK  {rise@0.000ns fall@15.000ns period=30.000ns})
  Path Group:             dbg_hub/inst/bscan_inst/SERIES7_BSCAN.bscan_inst/DRCK
  Path Type:              Setup (Max at Slow Process Corner)
  Requirement:            60.000ns  (dbg_hub/inst/bscan_inst/SERIES7_BSCAN.bscan_inst/DRCK rise@60.000ns - dbg_hub/inst/bscan_inst/SERIES7_BSCAN.bscan_inst/UPDATE rise@0.000ns)
  Data Path Delay:        1.058ns  (logic 0.302ns (28.533%)  route 0.756ns (71.467%))
  Logic Levels:           1  (LUT1=1)
  Clock Path Skew:        -0.544ns (DCD - SCD + CPR)
    Destination Clock Delay (DCD):    4.128ns = ( 34.128 - 30.000 ) 
    Source Clock Delay      (SCD):    4.672ns
    Clock Pessimism Removal (CPR):    0.000ns
  Clock Uncertainty:      0.035ns  ((TSJ^2 + TIJ^2)^1/2 + DJ) / 2 + PE
    Total System Jitter     (TSJ):    0.071ns
    Total Input Jitter      (TIJ):    0.000ns
    Discrete Jitter          (DJ):    0.000ns
    Phase Error              (PE):    0.000ns
  Timing Exception:       MultiCycle Path   Setup -end   2    

    Location             Delay type                Incr(ns)  Path(ns)    Netlist Resource(s)
  -------------------------------------------------------------------    -------------------
                         (clock dbg_hub/inst/bscan_inst/SERIES7_BSCAN.bscan_inst/UPDATE rise edge)
                                                      0.000     0.000 r  
    BSCAN_X0Y0           BSCANE2                      0.000     0.000 r  dbg_hub/inst/bscan_inst/SERIES7_BSCAN.bscan_inst/UPDATE
                         net (fo=1, routed)           2.939     2.939    dbg_hub/inst/UPDATE_temp
    BUFGCTRL_X0Y3        BUFG (Prop_bufg_I_O)         0.093     3.032 r  dbg_hub/inst/u_bufg_icon_update/O
                         net (fo=1, routed)           1.640     4.672    dbg_hub/inst/U_ICON/UPDATE
    SLICE_X14Y62                                                      r  dbg_hub/inst/U_ICON/iDATA_CMD_reg/C
  -------------------------------------------------------------------    -------------------
    SLICE_X14Y62         FDCE (Prop_fdce_C_Q)         0.259     4.931 f  dbg_hub/inst/U_ICON/iDATA_CMD_reg/Q
                         net (fo=2, routed)           0.288     5.219    dbg_hub/inst/U_ICON/U_SYNC/iDATA_CMD
    SLICE_X14Y62         LUT1 (Prop_lut1_I0_O)        0.043     5.262 r  dbg_hub/inst/U_ICON/U_SYNC/iDATA_CMD_i_1/O
                         net (fo=9, routed)           0.468     5.731    dbg_hub/inst/U_ICON/U_SYNC/SR[0]
    SLICE_X15Y62         FDRE                                         r  dbg_hub/inst/U_ICON/U_SYNC/iSYNC_WORD_reg[1]/R
  -------------------------------------------------------------------    -------------------

                         (clock dbg_hub/inst/bscan_inst/SERIES7_BSCAN.bscan_inst/DRCK rise edge)
                                                     60.000    60.000 r  
    BSCAN_X0Y0           BSCANE2                      0.000    60.000 r  dbg_hub/inst/bscan_inst/SERIES7_BSCAN.bscan_inst/DRCK
                         net (fo=1, routed)           2.542    62.542    dbg_hub/inst/DRCK
    BUFGCTRL_X0Y1        BUFG (Prop_bufg_I_O)         0.083    62.625 r  dbg_hub/inst/u_bufg_icon/O
                         net (fo=457, routed)         1.503    64.128    dbg_hub/inst/U_ICON/U_SYNC/CLK
    SLICE_X15Y62                                                      r  dbg_hub/inst/U_ICON/U_SYNC/iSYNC_WORD_reg[1]/C
                         clock pessimism              0.000    64.128    
                         clock uncertainty           -0.035    64.093    
    SLICE_X15Y62         FDRE (Setup_fdre_C_R)       -0.304    63.789    dbg_hub/inst/U_ICON/U_SYNC/iSYNC_WORD_reg[1]
  -------------------------------------------------------------------
                         required time                         63.789    
                         arrival time                          -5.731    
  -------------------------------------------------------------------
                         slack                                 58.058    

Slack (MET) :             58.058ns  (required time - arrival time)
  Source:                 dbg_hub/inst/U_ICON/iDATA_CMD_reg/C
                            (rising edge-triggered cell FDCE clocked by dbg_hub/inst/bscan_inst/SERIES7_BSCAN.bscan_inst/UPDATE  {rise@0.000ns fall@30.000ns period=60.000ns})
  Destination:            dbg_hub/inst/U_ICON/U_SYNC/iSYNC_WORD_reg[2]/R
                            (rising edge-triggered cell FDRE clocked by dbg_hub/inst/bscan_inst/SERIES7_BSCAN.bscan_inst/DRCK  {rise@0.000ns fall@15.000ns period=30.000ns})
  Path Group:             dbg_hub/inst/bscan_inst/SERIES7_BSCAN.bscan_inst/DRCK
  Path Type:              Setup (Max at Slow Process Corner)
  Requirement:            60.000ns  (dbg_hub/inst/bscan_inst/SERIES7_BSCAN.bscan_inst/DRCK rise@60.000ns - dbg_hub/inst/bscan_inst/SERIES7_BSCAN.bscan_inst/UPDATE rise@0.000ns)
  Data Path Delay:        1.058ns  (logic 0.302ns (28.533%)  route 0.756ns (71.467%))
  Logic Levels:           1  (LUT1=1)
  Clock Path Skew:        -0.544ns (DCD - SCD + CPR)
    Destination Clock Delay (DCD):    4.128ns = ( 34.128 - 30.000 ) 
    Source Clock Delay      (SCD):    4.672ns
    Clock Pessimism Removal (CPR):    0.000ns
  Clock Uncertainty:      0.035ns  ((TSJ^2 + TIJ^2)^1/2 + DJ) / 2 + PE
    Total System Jitter     (TSJ):    0.071ns
    Total Input Jitter      (TIJ):    0.000ns
    Discrete Jitter          (DJ):    0.000ns
    Phase Error              (PE):    0.000ns
  Timing Exception:       MultiCycle Path   Setup -end   2    

    Location             Delay type                Incr(ns)  Path(ns)    Netlist Resource(s)
  -------------------------------------------------------------------    -------------------
                         (clock dbg_hub/inst/bscan_inst/SERIES7_BSCAN.bscan_inst/UPDATE rise edge)
                                                      0.000     0.000 r  
    BSCAN_X0Y0           BSCANE2                      0.000     0.000 r  dbg_hub/inst/bscan_inst/SERIES7_BSCAN.bscan_inst/UPDATE
                         net (fo=1, routed)           2.939     2.939    dbg_hub/inst/UPDATE_temp
    BUFGCTRL_X0Y3        BUFG (Prop_bufg_I_O)         0.093     3.032 r  dbg_hub/inst/u_bufg_icon_update/O
                         net (fo=1, routed)           1.640     4.672    dbg_hub/inst/U_ICON/UPDATE
    SLICE_X14Y62                                                      r  dbg_hub/inst/U_ICON/iDATA_CMD_reg/C
  -------------------------------------------------------------------    -------------------
    SLICE_X14Y62         FDCE (Prop_fdce_C_Q)         0.259     4.931 f  dbg_hub/inst/U_ICON/iDATA_CMD_reg/Q
                         net (fo=2, routed)           0.288     5.219    dbg_hub/inst/U_ICON/U_SYNC/iDATA_CMD
    SLICE_X14Y62         LUT1 (Prop_lut1_I0_O)        0.043     5.262 r  dbg_hub/inst/U_ICON/U_SYNC/iDATA_CMD_i_1/O
                         net (fo=9, routed)           0.468     5.731    dbg_hub/inst/U_ICON/U_SYNC/SR[0]
    SLICE_X15Y62         FDRE                                         r  dbg_hub/inst/U_ICON/U_SYNC/iSYNC_WORD_reg[2]/R
  -------------------------------------------------------------------    -------------------

                         (clock dbg_hub/inst/bscan_inst/SERIES7_BSCAN.bscan_inst/DRCK rise edge)
                                                     60.000    60.000 r  
    BSCAN_X0Y0           BSCANE2                      0.000    60.000 r  dbg_hub/inst/bscan_inst/SERIES7_BSCAN.bscan_inst/DRCK
                         net (fo=1, routed)           2.542    62.542    dbg_hub/inst/DRCK
    BUFGCTRL_X0Y1        BUFG (Prop_bufg_I_O)         0.083    62.625 r  dbg_hub/inst/u_bufg_icon/O
                         net (fo=457, routed)         1.503    64.128    dbg_hub/inst/U_ICON/U_SYNC/CLK
    SLICE_X15Y62                                                      r  dbg_hub/inst/U_ICON/U_SYNC/iSYNC_WORD_reg[2]/C
                         clock pessimism              0.000    64.128    
                         clock uncertainty           -0.035    64.093    
    SLICE_X15Y62         FDRE (Setup_fdre_C_R)       -0.304    63.789    dbg_hub/inst/U_ICON/U_SYNC/iSYNC_WORD_reg[2]
  -------------------------------------------------------------------
                         required time                         63.789    
                         arrival time                          -5.731    
  -------------------------------------------------------------------
                         slack                                 58.058    

Slack (MET) :             58.058ns  (required time - arrival time)
  Source:                 dbg_hub/inst/U_ICON/iDATA_CMD_reg/C
                            (rising edge-triggered cell FDCE clocked by dbg_hub/inst/bscan_inst/SERIES7_BSCAN.bscan_inst/UPDATE  {rise@0.000ns fall@30.000ns period=60.000ns})
  Destination:            dbg_hub/inst/U_ICON/U_SYNC/iSYNC_WORD_reg[3]/R
                            (rising edge-triggered cell FDRE clocked by dbg_hub/inst/bscan_inst/SERIES7_BSCAN.bscan_inst/DRCK  {rise@0.000ns fall@15.000ns period=30.000ns})
  Path Group:             dbg_hub/inst/bscan_inst/SERIES7_BSCAN.bscan_inst/DRCK
  Path Type:              Setup (Max at Slow Process Corner)
  Requirement:            60.000ns  (dbg_hub/inst/bscan_inst/SERIES7_BSCAN.bscan_inst/DRCK rise@60.000ns - dbg_hub/inst/bscan_inst/SERIES7_BSCAN.bscan_inst/UPDATE rise@0.000ns)
  Data Path Delay:        1.058ns  (logic 0.302ns (28.533%)  route 0.756ns (71.467%))
  Logic Levels:           1  (LUT1=1)
  Clock Path Skew:        -0.544ns (DCD - SCD + CPR)
    Destination Clock Delay (DCD):    4.128ns = ( 34.128 - 30.000 ) 
    Source Clock Delay      (SCD):    4.672ns
    Clock Pessimism Removal (CPR):    0.000ns
  Clock Uncertainty:      0.035ns  ((TSJ^2 + TIJ^2)^1/2 + DJ) / 2 + PE
    Total System Jitter     (TSJ):    0.071ns
    Total Input Jitter      (TIJ):    0.000ns
    Discrete Jitter          (DJ):    0.000ns
    Phase Error              (PE):    0.000ns
  Timing Exception:       MultiCycle Path   Setup -end   2    

    Location             Delay type                Incr(ns)  Path(ns)    Netlist Resource(s)
  -------------------------------------------------------------------    -------------------
                         (clock dbg_hub/inst/bscan_inst/SERIES7_BSCAN.bscan_inst/UPDATE rise edge)
                                                      0.000     0.000 r  
    BSCAN_X0Y0           BSCANE2                      0.000     0.000 r  dbg_hub/inst/bscan_inst/SERIES7_BSCAN.bscan_inst/UPDATE
                         net (fo=1, routed)           2.939     2.939    dbg_hub/inst/UPDATE_temp
    BUFGCTRL_X0Y3        BUFG (Prop_bufg_I_O)         0.093     3.032 r  dbg_hub/inst/u_bufg_icon_update/O
                         net (fo=1, routed)           1.640     4.672    dbg_hub/inst/U_ICON/UPDATE
    SLICE_X14Y62                                                      r  dbg_hub/inst/U_ICON/iDATA_CMD_reg/C
  -------------------------------------------------------------------    -------------------
    SLICE_X14Y62         FDCE (Prop_fdce_C_Q)         0.259     4.931 f  dbg_hub/inst/U_ICON/iDATA_CMD_reg/Q
                         net (fo=2, routed)           0.288     5.219    dbg_hub/inst/U_ICON/U_SYNC/iDATA_CMD
    SLICE_X14Y62         LUT1 (Prop_lut1_I0_O)        0.043     5.262 r  dbg_hub/inst/U_ICON/U_SYNC/iDATA_CMD_i_1/O
                         net (fo=9, routed)           0.468     5.731    dbg_hub/inst/U_ICON/U_SYNC/SR[0]
    SLICE_X15Y62         FDRE                                         r  dbg_hub/inst/U_ICON/U_SYNC/iSYNC_WORD_reg[3]/R
  -------------------------------------------------------------------    -------------------

                         (clock dbg_hub/inst/bscan_inst/SERIES7_BSCAN.bscan_inst/DRCK rise edge)
                                                     60.000    60.000 r  
    BSCAN_X0Y0           BSCANE2                      0.000    60.000 r  dbg_hub/inst/bscan_inst/SERIES7_BSCAN.bscan_inst/DRCK
                         net (fo=1, routed)           2.542    62.542    dbg_hub/inst/DRCK
    BUFGCTRL_X0Y1        BUFG (Prop_bufg_I_O)         0.083    62.625 r  dbg_hub/inst/u_bufg_icon/O
                         net (fo=457, routed)         1.503    64.128    dbg_hub/inst/U_ICON/U_SYNC/CLK
    SLICE_X15Y62                                                      r  dbg_hub/inst/U_ICON/U_SYNC/iSYNC_WORD_reg[3]/C
                         clock pessimism              0.000    64.128    
                         clock uncertainty           -0.035    64.093    
    SLICE_X15Y62         FDRE (Setup_fdre_C_R)       -0.304    63.789    dbg_hub/inst/U_ICON/U_SYNC/iSYNC_WORD_reg[3]
  -------------------------------------------------------------------
                         required time                         63.789    
                         arrival time                          -5.731    
  -------------------------------------------------------------------
                         slack                                 58.058    

Slack (MET) :             58.058ns  (required time - arrival time)
  Source:                 dbg_hub/inst/U_ICON/iDATA_CMD_reg/C
                            (rising edge-triggered cell FDCE clocked by dbg_hub/inst/bscan_inst/SERIES7_BSCAN.bscan_inst/UPDATE  {rise@0.000ns fall@30.000ns period=60.000ns})
  Destination:            dbg_hub/inst/U_ICON/U_SYNC/iSYNC_WORD_reg[4]/R
                            (rising edge-triggered cell FDRE clocked by dbg_hub/inst/bscan_inst/SERIES7_BSCAN.bscan_inst/DRCK  {rise@0.000ns fall@15.000ns period=30.000ns})
  Path Group:             dbg_hub/inst/bscan_inst/SERIES7_BSCAN.bscan_inst/DRCK
  Path Type:              Setup (Max at Slow Process Corner)
  Requirement:            60.000ns  (dbg_hub/inst/bscan_inst/SERIES7_BSCAN.bscan_inst/DRCK rise@60.000ns - dbg_hub/inst/bscan_inst/SERIES7_BSCAN.bscan_inst/UPDATE rise@0.000ns)
  Data Path Delay:        1.058ns  (logic 0.302ns (28.533%)  route 0.756ns (71.467%))
  Logic Levels:           1  (LUT1=1)
  Clock Path Skew:        -0.544ns (DCD - SCD + CPR)
    Destination Clock Delay (DCD):    4.128ns = ( 34.128 - 30.000 ) 
    Source Clock Delay      (SCD):    4.672ns
    Clock Pessimism Removal (CPR):    0.000ns
  Clock Uncertainty:      0.035ns  ((TSJ^2 + TIJ^2)^1/2 + DJ) / 2 + PE
    Total System Jitter     (TSJ):    0.071ns
    Total Input Jitter      (TIJ):    0.000ns
    Discrete Jitter          (DJ):    0.000ns
    Phase Error              (PE):    0.000ns
  Timing Exception:       MultiCycle Path   Setup -end   2    

    Location             Delay type                Incr(ns)  Path(ns)    Netlist Resource(s)
  -------------------------------------------------------------------    -------------------
                         (clock dbg_hub/inst/bscan_inst/SERIES7_BSCAN.bscan_inst/UPDATE rise edge)
                                                      0.000     0.000 r  
    BSCAN_X0Y0           BSCANE2                      0.000     0.000 r  dbg_hub/inst/bscan_inst/SERIES7_BSCAN.bscan_inst/UPDATE
                         net (fo=1, routed)           2.939     2.939    dbg_hub/inst/UPDATE_temp
    BUFGCTRL_X0Y3        BUFG (Prop_bufg_I_O)         0.093     3.032 r  dbg_hub/inst/u_bufg_icon_update/O
                         net (fo=1, routed)           1.640     4.672    dbg_hub/inst/U_ICON/UPDATE
    SLICE_X14Y62                                                      r  dbg_hub/inst/U_ICON/iDATA_CMD_reg/C
  -------------------------------------------------------------------    -------------------
    SLICE_X14Y62         FDCE (Prop_fdce_C_Q)         0.259     4.931 f  dbg_hub/inst/U_ICON/iDATA_CMD_reg/Q
                         net (fo=2, routed)           0.288     5.219    dbg_hub/inst/U_ICON/U_SYNC/iDATA_CMD
    SLICE_X14Y62         LUT1 (Prop_lut1_I0_O)        0.043     5.262 r  dbg_hub/inst/U_ICON/U_SYNC/iDATA_CMD_i_1/O
                         net (fo=9, routed)           0.468     5.731    dbg_hub/inst/U_ICON/U_SYNC/SR[0]
    SLICE_X15Y62         FDRE                                         r  dbg_hub/inst/U_ICON/U_SYNC/iSYNC_WORD_reg[4]/R
  -------------------------------------------------------------------    -------------------

                         (clock dbg_hub/inst/bscan_inst/SERIES7_BSCAN.bscan_inst/DRCK rise edge)
                                                     60.000    60.000 r  
    BSCAN_X0Y0           BSCANE2                      0.000    60.000 r  dbg_hub/inst/bscan_inst/SERIES7_BSCAN.bscan_inst/DRCK
                         net (fo=1, routed)           2.542    62.542    dbg_hub/inst/DRCK
    BUFGCTRL_X0Y1        BUFG (Prop_bufg_I_O)         0.083    62.625 r  dbg_hub/inst/u_bufg_icon/O
                         net (fo=457, routed)         1.503    64.128    dbg_hub/inst/U_ICON/U_SYNC/CLK
    SLICE_X15Y62                                                      r  dbg_hub/inst/U_ICON/U_SYNC/iSYNC_WORD_reg[4]/C
                         clock pessimism              0.000    64.128    
                         clock uncertainty           -0.035    64.093    
    SLICE_X15Y62         FDRE (Setup_fdre_C_R)       -0.304    63.789    dbg_hub/inst/U_ICON/U_SYNC/iSYNC_WORD_reg[4]
  -------------------------------------------------------------------
                         required time                         63.789    
                         arrival time                          -5.731    
  -------------------------------------------------------------------
                         slack                                 58.058    

Slack (MET) :             58.058ns  (required time - arrival time)
  Source:                 dbg_hub/inst/U_ICON/iDATA_CMD_reg/C
                            (rising edge-triggered cell FDCE clocked by dbg_hub/inst/bscan_inst/SERIES7_BSCAN.bscan_inst/UPDATE  {rise@0.000ns fall@30.000ns period=60.000ns})
  Destination:            dbg_hub/inst/U_ICON/U_SYNC/iSYNC_WORD_reg[5]/R
                            (rising edge-triggered cell FDRE clocked by dbg_hub/inst/bscan_inst/SERIES7_BSCAN.bscan_inst/DRCK  {rise@0.000ns fall@15.000ns period=30.000ns})
  Path Group:             dbg_hub/inst/bscan_inst/SERIES7_BSCAN.bscan_inst/DRCK
  Path Type:              Setup (Max at Slow Process Corner)
  Requirement:            60.000ns  (dbg_hub/inst/bscan_inst/SERIES7_BSCAN.bscan_inst/DRCK rise@60.000ns - dbg_hub/inst/bscan_inst/SERIES7_BSCAN.bscan_inst/UPDATE rise@0.000ns)
  Data Path Delay:        1.058ns  (logic 0.302ns (28.533%)  route 0.756ns (71.467%))
  Logic Levels:           1  (LUT1=1)
  Clock Path Skew:        -0.544ns (DCD - SCD + CPR)
    Destination Clock Delay (DCD):    4.128ns = ( 34.128 - 30.000 ) 
    Source Clock Delay      (SCD):    4.672ns
    Clock Pessimism Removal (CPR):    0.000ns
  Clock Uncertainty:      0.035ns  ((TSJ^2 + TIJ^2)^1/2 + DJ) / 2 + PE
    Total System Jitter     (TSJ):    0.071ns
    Total Input Jitter      (TIJ):    0.000ns
    Discrete Jitter          (DJ):    0.000ns
    Phase Error              (PE):    0.000ns
  Timing Exception:       MultiCycle Path   Setup -end   2    

    Location             Delay type                Incr(ns)  Path(ns)    Netlist Resource(s)
  -------------------------------------------------------------------    -------------------
                         (clock dbg_hub/inst/bscan_inst/SERIES7_BSCAN.bscan_inst/UPDATE rise edge)
                                                      0.000     0.000 r  
    BSCAN_X0Y0           BSCANE2                      0.000     0.000 r  dbg_hub/inst/bscan_inst/SERIES7_BSCAN.bscan_inst/UPDATE
                         net (fo=1, routed)           2.939     2.939    dbg_hub/inst/UPDATE_temp
    BUFGCTRL_X0Y3        BUFG (Prop_bufg_I_O)         0.093     3.032 r  dbg_hub/inst/u_bufg_icon_update/O
                         net (fo=1, routed)           1.640     4.672    dbg_hub/inst/U_ICON/UPDATE
    SLICE_X14Y62                                                      r  dbg_hub/inst/U_ICON/iDATA_CMD_reg/C
  -------------------------------------------------------------------    -------------------
    SLICE_X14Y62         FDCE (Prop_fdce_C_Q)         0.259     4.931 f  dbg_hub/inst/U_ICON/iDATA_CMD_reg/Q
                         net (fo=2, routed)           0.288     5.219    dbg_hub/inst/U_ICON/U_SYNC/iDATA_CMD
    SLICE_X14Y62         LUT1 (Prop_lut1_I0_O)        0.043     5.262 r  dbg_hub/inst/U_ICON/U_SYNC/iDATA_CMD_i_1/O
                         net (fo=9, routed)           0.468     5.731    dbg_hub/inst/U_ICON/U_SYNC/SR[0]
    SLICE_X15Y62         FDRE                                         r  dbg_hub/inst/U_ICON/U_SYNC/iSYNC_WORD_reg[5]/R
  -------------------------------------------------------------------    -------------------

                         (clock dbg_hub/inst/bscan_inst/SERIES7_BSCAN.bscan_inst/DRCK rise edge)
                                                     60.000    60.000 r  
    BSCAN_X0Y0           BSCANE2                      0.000    60.000 r  dbg_hub/inst/bscan_inst/SERIES7_BSCAN.bscan_inst/DRCK
                         net (fo=1, routed)           2.542    62.542    dbg_hub/inst/DRCK
    BUFGCTRL_X0Y1        BUFG (Prop_bufg_I_O)         0.083    62.625 r  dbg_hub/inst/u_bufg_icon/O
                         net (fo=457, routed)         1.503    64.128    dbg_hub/inst/U_ICON/U_SYNC/CLK
    SLICE_X15Y62                                                      r  dbg_hub/inst/U_ICON/U_SYNC/iSYNC_WORD_reg[5]/C
                         clock pessimism              0.000    64.128    
                         clock uncertainty           -0.035    64.093    
    SLICE_X15Y62         FDRE (Setup_fdre_C_R)       -0.304    63.789    dbg_hub/inst/U_ICON/U_SYNC/iSYNC_WORD_reg[5]
  -------------------------------------------------------------------
                         required time                         63.789    
                         arrival time                          -5.731    
  -------------------------------------------------------------------
                         slack                                 58.058    

Slack (MET) :             58.058ns  (required time - arrival time)
  Source:                 dbg_hub/inst/U_ICON/iDATA_CMD_reg/C
                            (rising edge-triggered cell FDCE clocked by dbg_hub/inst/bscan_inst/SERIES7_BSCAN.bscan_inst/UPDATE  {rise@0.000ns fall@30.000ns period=60.000ns})
  Destination:            dbg_hub/inst/U_ICON/U_SYNC/iSYNC_WORD_reg[6]/R
                            (rising edge-triggered cell FDRE clocked by dbg_hub/inst/bscan_inst/SERIES7_BSCAN.bscan_inst/DRCK  {rise@0.000ns fall@15.000ns period=30.000ns})
  Path Group:             dbg_hub/inst/bscan_inst/SERIES7_BSCAN.bscan_inst/DRCK
  Path Type:              Setup (Max at Slow Process Corner)
  Requirement:            60.000ns  (dbg_hub/inst/bscan_inst/SERIES7_BSCAN.bscan_inst/DRCK rise@60.000ns - dbg_hub/inst/bscan_inst/SERIES7_BSCAN.bscan_inst/UPDATE rise@0.000ns)
  Data Path Delay:        1.058ns  (logic 0.302ns (28.533%)  route 0.756ns (71.467%))
  Logic Levels:           1  (LUT1=1)
  Clock Path Skew:        -0.544ns (DCD - SCD + CPR)
    Destination Clock Delay (DCD):    4.128ns = ( 34.128 - 30.000 ) 
    Source Clock Delay      (SCD):    4.672ns
    Clock Pessimism Removal (CPR):    0.000ns
  Clock Uncertainty:      0.035ns  ((TSJ^2 + TIJ^2)^1/2 + DJ) / 2 + PE
    Total System Jitter     (TSJ):    0.071ns
    Total Input Jitter      (TIJ):    0.000ns
    Discrete Jitter          (DJ):    0.000ns
    Phase Error              (PE):    0.000ns
  Timing Exception:       MultiCycle Path   Setup -end   2    

    Location             Delay type                Incr(ns)  Path(ns)    Netlist Resource(s)
  -------------------------------------------------------------------    -------------------
                         (clock dbg_hub/inst/bscan_inst/SERIES7_BSCAN.bscan_inst/UPDATE rise edge)
                                                      0.000     0.000 r  
    BSCAN_X0Y0           BSCANE2                      0.000     0.000 r  dbg_hub/inst/bscan_inst/SERIES7_BSCAN.bscan_inst/UPDATE
                         net (fo=1, routed)           2.939     2.939    dbg_hub/inst/UPDATE_temp
    BUFGCTRL_X0Y3        BUFG (Prop_bufg_I_O)         0.093     3.032 r  dbg_hub/inst/u_bufg_icon_update/O
                         net (fo=1, routed)           1.640     4.672    dbg_hub/inst/U_ICON/UPDATE
    SLICE_X14Y62                                                      r  dbg_hub/inst/U_ICON/iDATA_CMD_reg/C
  -------------------------------------------------------------------    -------------------
    SLICE_X14Y62         FDCE (Prop_fdce_C_Q)         0.259     4.931 f  dbg_hub/inst/U_ICON/iDATA_CMD_reg/Q
                         net (fo=2, routed)           0.288     5.219    dbg_hub/inst/U_ICON/U_SYNC/iDATA_CMD
    SLICE_X14Y62         LUT1 (Prop_lut1_I0_O)        0.043     5.262 r  dbg_hub/inst/U_ICON/U_SYNC/iDATA_CMD_i_1/O
                         net (fo=9, routed)           0.468     5.731    dbg_hub/inst/U_ICON/U_SYNC/SR[0]
    SLICE_X15Y62         FDRE                                         r  dbg_hub/inst/U_ICON/U_SYNC/iSYNC_WORD_reg[6]/R
  -------------------------------------------------------------------    -------------------

                         (clock dbg_hub/inst/bscan_inst/SERIES7_BSCAN.bscan_inst/DRCK rise edge)
                                                     60.000    60.000 r  
    BSCAN_X0Y0           BSCANE2                      0.000    60.000 r  dbg_hub/inst/bscan_inst/SERIES7_BSCAN.bscan_inst/DRCK
                         net (fo=1, routed)           2.542    62.542    dbg_hub/inst/DRCK
    BUFGCTRL_X0Y1        BUFG (Prop_bufg_I_O)         0.083    62.625 r  dbg_hub/inst/u_bufg_icon/O
                         net (fo=457, routed)         1.503    64.128    dbg_hub/inst/U_ICON/U_SYNC/CLK
    SLICE_X15Y62                                                      r  dbg_hub/inst/U_ICON/U_SYNC/iSYNC_WORD_reg[6]/C
                         clock pessimism              0.000    64.128    
                         clock uncertainty           -0.035    64.093    
    SLICE_X15Y62         FDRE (Setup_fdre_C_R)       -0.304    63.789    dbg_hub/inst/U_ICON/U_SYNC/iSYNC_WORD_reg[6]
  -------------------------------------------------------------------
                         required time                         63.789    
                         arrival time                          -5.731    
  -------------------------------------------------------------------
                         slack                                 58.058    

Slack (MET) :             58.129ns  (required time - arrival time)
  Source:                 dbg_hub/inst/U_ICON/iDATA_CMD_reg/C
                            (rising edge-triggered cell FDCE clocked by dbg_hub/inst/bscan_inst/SERIES7_BSCAN.bscan_inst/UPDATE  {rise@0.000ns fall@30.000ns period=60.000ns})
  Destination:            dbg_hub/inst/U_ICON/U_SYNC/SYNC_reg/R
                            (rising edge-triggered cell FDRE clocked by dbg_hub/inst/bscan_inst/SERIES7_BSCAN.bscan_inst/DRCK  {rise@0.000ns fall@15.000ns period=30.000ns})
  Path Group:             dbg_hub/inst/bscan_inst/SERIES7_BSCAN.bscan_inst/DRCK
  Path Type:              Setup (Max at Slow Process Corner)
  Requirement:            60.000ns  (dbg_hub/inst/bscan_inst/SERIES7_BSCAN.bscan_inst/DRCK rise@60.000ns - dbg_hub/inst/bscan_inst/SERIES7_BSCAN.bscan_inst/UPDATE rise@0.000ns)
  Data Path Delay:        0.987ns  (logic 0.302ns (30.607%)  route 0.685ns (69.393%))
  Logic Levels:           1  (LUT1=1)
  Clock Path Skew:        -0.545ns (DCD - SCD + CPR)
    Destination Clock Delay (DCD):    4.127ns = ( 34.127 - 30.000 ) 
    Source Clock Delay      (SCD):    4.672ns
    Clock Pessimism Removal (CPR):    0.000ns
  Clock Uncertainty:      0.035ns  ((TSJ^2 + TIJ^2)^1/2 + DJ) / 2 + PE
    Total System Jitter     (TSJ):    0.071ns
    Total Input Jitter      (TIJ):    0.000ns
    Discrete Jitter          (DJ):    0.000ns
    Phase Error              (PE):    0.000ns
  Timing Exception:       MultiCycle Path   Setup -end   2    

    Location             Delay type                Incr(ns)  Path(ns)    Netlist Resource(s)
  -------------------------------------------------------------------    -------------------
                         (clock dbg_hub/inst/bscan_inst/SERIES7_BSCAN.bscan_inst/UPDATE rise edge)
                                                      0.000     0.000 r  
    BSCAN_X0Y0           BSCANE2                      0.000     0.000 r  dbg_hub/inst/bscan_inst/SERIES7_BSCAN.bscan_inst/UPDATE
                         net (fo=1, routed)           2.939     2.939    dbg_hub/inst/UPDATE_temp
    BUFGCTRL_X0Y3        BUFG (Prop_bufg_I_O)         0.093     3.032 r  dbg_hub/inst/u_bufg_icon_update/O
                         net (fo=1, routed)           1.640     4.672    dbg_hub/inst/U_ICON/UPDATE
    SLICE_X14Y62                                                      r  dbg_hub/inst/U_ICON/iDATA_CMD_reg/C
  -------------------------------------------------------------------    -------------------
    SLICE_X14Y62         FDCE (Prop_fdce_C_Q)         0.259     4.931 f  dbg_hub/inst/U_ICON/iDATA_CMD_reg/Q
                         net (fo=2, routed)           0.288     5.219    dbg_hub/inst/U_ICON/U_SYNC/iDATA_CMD
    SLICE_X14Y62         LUT1 (Prop_lut1_I0_O)        0.043     5.262 r  dbg_hub/inst/U_ICON/U_SYNC/iDATA_CMD_i_1/O
                         net (fo=9, routed)           0.397     5.659    dbg_hub/inst/U_ICON/U_SYNC/SR[0]
    SLICE_X17Y61         FDRE                                         r  dbg_hub/inst/U_ICON/U_SYNC/SYNC_reg/R
  -------------------------------------------------------------------    -------------------

                         (clock dbg_hub/inst/bscan_inst/SERIES7_BSCAN.bscan_inst/DRCK rise edge)
                                                     60.000    60.000 r  
    BSCAN_X0Y0           BSCANE2                      0.000    60.000 r  dbg_hub/inst/bscan_inst/SERIES7_BSCAN.bscan_inst/DRCK
                         net (fo=1, routed)           2.542    62.542    dbg_hub/inst/DRCK
    BUFGCTRL_X0Y1        BUFG (Prop_bufg_I_O)         0.083    62.625 r  dbg_hub/inst/u_bufg_icon/O
                         net (fo=457, routed)         1.502    64.127    dbg_hub/inst/U_ICON/U_SYNC/CLK
    SLICE_X17Y61                                                      r  dbg_hub/inst/U_ICON/U_SYNC/SYNC_reg/C
                         clock pessimism              0.000    64.127    
                         clock uncertainty           -0.035    64.092    
    SLICE_X17Y61         FDRE (Setup_fdre_C_R)       -0.304    63.788    dbg_hub/inst/U_ICON/U_SYNC/SYNC_reg
  -------------------------------------------------------------------
                         required time                         63.788    
                         arrival time                          -5.659    
  -------------------------------------------------------------------
                         slack                                 58.129    

Slack (MET) :             58.129ns  (required time - arrival time)
  Source:                 dbg_hub/inst/U_ICON/iDATA_CMD_reg/C
                            (rising edge-triggered cell FDCE clocked by dbg_hub/inst/bscan_inst/SERIES7_BSCAN.bscan_inst/UPDATE  {rise@0.000ns fall@30.000ns period=60.000ns})
  Destination:            dbg_hub/inst/U_ICON/U_SYNC/iSYNC_WORD_reg[0]/R
                            (rising edge-triggered cell FDRE clocked by dbg_hub/inst/bscan_inst/SERIES7_BSCAN.bscan_inst/DRCK  {rise@0.000ns fall@15.000ns period=30.000ns})
  Path Group:             dbg_hub/inst/bscan_inst/SERIES7_BSCAN.bscan_inst/DRCK
  Path Type:              Setup (Max at Slow Process Corner)
  Requirement:            60.000ns  (dbg_hub/inst/bscan_inst/SERIES7_BSCAN.bscan_inst/DRCK rise@60.000ns - dbg_hub/inst/bscan_inst/SERIES7_BSCAN.bscan_inst/UPDATE rise@0.000ns)
  Data Path Delay:        0.987ns  (logic 0.302ns (30.607%)  route 0.685ns (69.393%))
  Logic Levels:           1  (LUT1=1)
  Clock Path Skew:        -0.545ns (DCD - SCD + CPR)
    Destination Clock Delay (DCD):    4.127ns = ( 34.127 - 30.000 ) 
    Source Clock Delay      (SCD):    4.672ns
    Clock Pessimism Removal (CPR):    0.000ns
  Clock Uncertainty:      0.035ns  ((TSJ^2 + TIJ^2)^1/2 + DJ) / 2 + PE
    Total System Jitter     (TSJ):    0.071ns
    Total Input Jitter      (TIJ):    0.000ns
    Discrete Jitter          (DJ):    0.000ns
    Phase Error              (PE):    0.000ns
  Timing Exception:       MultiCycle Path   Setup -end   2    

    Location             Delay type                Incr(ns)  Path(ns)    Netlist Resource(s)
  -------------------------------------------------------------------    -------------------
                         (clock dbg_hub/inst/bscan_inst/SERIES7_BSCAN.bscan_inst/UPDATE rise edge)
                                                      0.000     0.000 r  
    BSCAN_X0Y0           BSCANE2                      0.000     0.000 r  dbg_hub/inst/bscan_inst/SERIES7_BSCAN.bscan_inst/UPDATE
                         net (fo=1, routed)           2.939     2.939    dbg_hub/inst/UPDATE_temp
    BUFGCTRL_X0Y3        BUFG (Prop_bufg_I_O)         0.093     3.032 r  dbg_hub/inst/u_bufg_icon_update/O
                         net (fo=1, routed)           1.640     4.672    dbg_hub/inst/U_ICON/UPDATE
    SLICE_X14Y62                                                      r  dbg_hub/inst/U_ICON/iDATA_CMD_reg/C
  -------------------------------------------------------------------    -------------------
    SLICE_X14Y62         FDCE (Prop_fdce_C_Q)         0.259     4.931 f  dbg_hub/inst/U_ICON/iDATA_CMD_reg/Q
                         net (fo=2, routed)           0.288     5.219    dbg_hub/inst/U_ICON/U_SYNC/iDATA_CMD
    SLICE_X14Y62         LUT1 (Prop_lut1_I0_O)        0.043     5.262 r  dbg_hub/inst/U_ICON/U_SYNC/iDATA_CMD_i_1/O
                         net (fo=9, routed)           0.397     5.659    dbg_hub/inst/U_ICON/U_SYNC/SR[0]
    SLICE_X17Y61         FDRE                                         r  dbg_hub/inst/U_ICON/U_SYNC/iSYNC_WORD_reg[0]/R
  -------------------------------------------------------------------    -------------------

                         (clock dbg_hub/inst/bscan_inst/SERIES7_BSCAN.bscan_inst/DRCK rise edge)
                                                     60.000    60.000 r  
    BSCAN_X0Y0           BSCANE2                      0.000    60.000 r  dbg_hub/inst/bscan_inst/SERIES7_BSCAN.bscan_inst/DRCK
                         net (fo=1, routed)           2.542    62.542    dbg_hub/inst/DRCK
    BUFGCTRL_X0Y1        BUFG (Prop_bufg_I_O)         0.083    62.625 r  dbg_hub/inst/u_bufg_icon/O
                         net (fo=457, routed)         1.502    64.127    dbg_hub/inst/U_ICON/U_SYNC/CLK
    SLICE_X17Y61                                                      r  dbg_hub/inst/U_ICON/U_SYNC/iSYNC_WORD_reg[0]/C
                         clock pessimism              0.000    64.127    
                         clock uncertainty           -0.035    64.092    
    SLICE_X17Y61         FDRE (Setup_fdre_C_R)       -0.304    63.788    dbg_hub/inst/U_ICON/U_SYNC/iSYNC_WORD_reg[0]
  -------------------------------------------------------------------
                         required time                         63.788    
                         arrival time                          -5.659    
  -------------------------------------------------------------------
                         slack                                 58.129    

Slack (MET) :             58.343ns  (required time - arrival time)
  Source:                 dbg_hub/inst/U_ICON/iDATA_CMD_reg/C
                            (rising edge-triggered cell FDCE clocked by dbg_hub/inst/bscan_inst/SERIES7_BSCAN.bscan_inst/UPDATE  {rise@0.000ns fall@30.000ns period=60.000ns})
  Destination:            dbg_hub/inst/U_ICON/U_CMD/iTARGET_reg[10]/CE
                            (rising edge-triggered cell FDCE clocked by dbg_hub/inst/bscan_inst/SERIES7_BSCAN.bscan_inst/DRCK  {rise@0.000ns fall@15.000ns period=30.000ns})
  Path Group:             dbg_hub/inst/bscan_inst/SERIES7_BSCAN.bscan_inst/DRCK
  Path Type:              Setup (Max at Slow Process Corner)
  Requirement:            60.000ns  (dbg_hub/inst/bscan_inst/SERIES7_BSCAN.bscan_inst/DRCK rise@60.000ns - dbg_hub/inst/bscan_inst/SERIES7_BSCAN.bscan_inst/UPDATE rise@0.000ns)
  Data Path Delay:        0.876ns  (logic 0.302ns (34.460%)  route 0.574ns (65.540%))
  Logic Levels:           1  (LUT2=1)
  Clock Path Skew:        -0.544ns (DCD - SCD + CPR)
    Destination Clock Delay (DCD):    4.128ns = ( 34.128 - 30.000 ) 
    Source Clock Delay      (SCD):    4.672ns
    Clock Pessimism Removal (CPR):    0.000ns
  Clock Uncertainty:      0.035ns  ((TSJ^2 + TIJ^2)^1/2 + DJ) / 2 + PE
    Total System Jitter     (TSJ):    0.071ns
    Total Input Jitter      (TIJ):    0.000ns
    Discrete Jitter          (DJ):    0.000ns
    Phase Error              (PE):    0.000ns
  Timing Exception:       MultiCycle Path   Setup -end   2    

    Location             Delay type                Incr(ns)  Path(ns)    Netlist Resource(s)
  -------------------------------------------------------------------    -------------------
                         (clock dbg_hub/inst/bscan_inst/SERIES7_BSCAN.bscan_inst/UPDATE rise edge)
                                                      0.000     0.000 r  
    BSCAN_X0Y0           BSCANE2                      0.000     0.000 r  dbg_hub/inst/bscan_inst/SERIES7_BSCAN.bscan_inst/UPDATE
                         net (fo=1, routed)           2.939     2.939    dbg_hub/inst/UPDATE_temp
    BUFGCTRL_X0Y3        BUFG (Prop_bufg_I_O)         0.093     3.032 r  dbg_hub/inst/u_bufg_icon_update/O
                         net (fo=1, routed)           1.640     4.672    dbg_hub/inst/U_ICON/UPDATE
    SLICE_X14Y62                                                      r  dbg_hub/inst/U_ICON/iDATA_CMD_reg/C
  -------------------------------------------------------------------    -------------------
    SLICE_X14Y62         FDCE (Prop_fdce_C_Q)         0.259     4.931 f  dbg_hub/inst/U_ICON/iDATA_CMD_reg/Q
                         net (fo=2, routed)           0.287     5.218    dbg_hub/inst/bscan_inst/iDATA_CMD
    SLICE_X14Y62         LUT2 (Prop_lut2_I1_O)        0.043     5.261 r  dbg_hub/inst/bscan_inst/iTARGET[15]_i_1/O
                         net (fo=10, routed)          0.287     5.549    dbg_hub/inst/U_ICON/U_CMD/I4[0]
    SLICE_X13Y61         FDCE                                         r  dbg_hub/inst/U_ICON/U_CMD/iTARGET_reg[10]/CE
  -------------------------------------------------------------------    -------------------

                         (clock dbg_hub/inst/bscan_inst/SERIES7_BSCAN.bscan_inst/DRCK rise edge)
                                                     60.000    60.000 r  
    BSCAN_X0Y0           BSCANE2                      0.000    60.000 r  dbg_hub/inst/bscan_inst/SERIES7_BSCAN.bscan_inst/DRCK
                         net (fo=1, routed)           2.542    62.542    dbg_hub/inst/DRCK
    BUFGCTRL_X0Y1        BUFG (Prop_bufg_I_O)         0.083    62.625 r  dbg_hub/inst/u_bufg_icon/O
                         net (fo=457, routed)         1.503    64.128    dbg_hub/inst/U_ICON/U_CMD/CLK
    SLICE_X13Y61                                                      r  dbg_hub/inst/U_ICON/U_CMD/iTARGET_reg[10]/C
                         clock pessimism              0.000    64.128    
                         clock uncertainty           -0.035    64.093    
    SLICE_X13Y61         FDCE (Setup_fdce_C_CE)      -0.201    63.892    dbg_hub/inst/U_ICON/U_CMD/iTARGET_reg[10]
  -------------------------------------------------------------------
                         required time                         63.892    
                         arrival time                          -5.549    
  -------------------------------------------------------------------
                         slack                                 58.343    

Slack (MET) :             58.343ns  (required time - arrival time)
  Source:                 dbg_hub/inst/U_ICON/iDATA_CMD_reg/C
                            (rising edge-triggered cell FDCE clocked by dbg_hub/inst/bscan_inst/SERIES7_BSCAN.bscan_inst/UPDATE  {rise@0.000ns fall@30.000ns period=60.000ns})
  Destination:            dbg_hub/inst/U_ICON/U_CMD/iTARGET_reg[11]/CE
                            (rising edge-triggered cell FDCE clocked by dbg_hub/inst/bscan_inst/SERIES7_BSCAN.bscan_inst/DRCK  {rise@0.000ns fall@15.000ns period=30.000ns})
  Path Group:             dbg_hub/inst/bscan_inst/SERIES7_BSCAN.bscan_inst/DRCK
  Path Type:              Setup (Max at Slow Process Corner)
  Requirement:            60.000ns  (dbg_hub/inst/bscan_inst/SERIES7_BSCAN.bscan_inst/DRCK rise@60.000ns - dbg_hub/inst/bscan_inst/SERIES7_BSCAN.bscan_inst/UPDATE rise@0.000ns)
  Data Path Delay:        0.876ns  (logic 0.302ns (34.460%)  route 0.574ns (65.540%))
  Logic Levels:           1  (LUT2=1)
  Clock Path Skew:        -0.544ns (DCD - SCD + CPR)
    Destination Clock Delay (DCD):    4.128ns = ( 34.128 - 30.000 ) 
    Source Clock Delay      (SCD):    4.672ns
    Clock Pessimism Removal (CPR):    0.000ns
  Clock Uncertainty:      0.035ns  ((TSJ^2 + TIJ^2)^1/2 + DJ) / 2 + PE
    Total System Jitter     (TSJ):    0.071ns
    Total Input Jitter      (TIJ):    0.000ns
    Discrete Jitter          (DJ):    0.000ns
    Phase Error              (PE):    0.000ns
  Timing Exception:       MultiCycle Path   Setup -end   2    

    Location             Delay type                Incr(ns)  Path(ns)    Netlist Resource(s)
  -------------------------------------------------------------------    -------------------
                         (clock dbg_hub/inst/bscan_inst/SERIES7_BSCAN.bscan_inst/UPDATE rise edge)
                                                      0.000     0.000 r  
    BSCAN_X0Y0           BSCANE2                      0.000     0.000 r  dbg_hub/inst/bscan_inst/SERIES7_BSCAN.bscan_inst/UPDATE
                         net (fo=1, routed)           2.939     2.939    dbg_hub/inst/UPDATE_temp
    BUFGCTRL_X0Y3        BUFG (Prop_bufg_I_O)         0.093     3.032 r  dbg_hub/inst/u_bufg_icon_update/O
                         net (fo=1, routed)           1.640     4.672    dbg_hub/inst/U_ICON/UPDATE
    SLICE_X14Y62                                                      r  dbg_hub/inst/U_ICON/iDATA_CMD_reg/C
  -------------------------------------------------------------------    -------------------
    SLICE_X14Y62         FDCE (Prop_fdce_C_Q)         0.259     4.931 f  dbg_hub/inst/U_ICON/iDATA_CMD_reg/Q
                         net (fo=2, routed)           0.287     5.218    dbg_hub/inst/bscan_inst/iDATA_CMD
    SLICE_X14Y62         LUT2 (Prop_lut2_I1_O)        0.043     5.261 r  dbg_hub/inst/bscan_inst/iTARGET[15]_i_1/O
                         net (fo=10, routed)          0.287     5.549    dbg_hub/inst/U_ICON/U_CMD/I4[0]
    SLICE_X13Y61         FDCE                                         r  dbg_hub/inst/U_ICON/U_CMD/iTARGET_reg[11]/CE
  -------------------------------------------------------------------    -------------------

                         (clock dbg_hub/inst/bscan_inst/SERIES7_BSCAN.bscan_inst/DRCK rise edge)
                                                     60.000    60.000 r  
    BSCAN_X0Y0           BSCANE2                      0.000    60.000 r  dbg_hub/inst/bscan_inst/SERIES7_BSCAN.bscan_inst/DRCK
                         net (fo=1, routed)           2.542    62.542    dbg_hub/inst/DRCK
    BUFGCTRL_X0Y1        BUFG (Prop_bufg_I_O)         0.083    62.625 r  dbg_hub/inst/u_bufg_icon/O
                         net (fo=457, routed)         1.503    64.128    dbg_hub/inst/U_ICON/U_CMD/CLK
    SLICE_X13Y61                                                      r  dbg_hub/inst/U_ICON/U_CMD/iTARGET_reg[11]/C
                         clock pessimism              0.000    64.128    
                         clock uncertainty           -0.035    64.093    
    SLICE_X13Y61         FDCE (Setup_fdce_C_CE)      -0.201    63.892    dbg_hub/inst/U_ICON/U_CMD/iTARGET_reg[11]
  -------------------------------------------------------------------
                         required time                         63.892    
                         arrival time                          -5.549    
  -------------------------------------------------------------------
                         slack                                 58.343    





Min Delay Paths
--------------------------------------------------------------------------------------
Slack (MET) :             29.784ns  (arrival time - required time)
  Source:                 dbg_hub/inst/U_ICON/iDATA_CMD_reg/C
                            (rising edge-triggered cell FDCE clocked by dbg_hub/inst/bscan_inst/SERIES7_BSCAN.bscan_inst/UPDATE  {rise@0.000ns fall@30.000ns period=60.000ns})
  Destination:            dbg_hub/inst/U_ICON/U_CMD/iTARGET_reg[8]/CE
                            (rising edge-triggered cell FDCE clocked by dbg_hub/inst/bscan_inst/SERIES7_BSCAN.bscan_inst/DRCK  {rise@0.000ns fall@15.000ns period=30.000ns})
  Path Group:             dbg_hub/inst/bscan_inst/SERIES7_BSCAN.bscan_inst/DRCK
  Path Type:              Hold (Min at Fast Process Corner)
  Requirement:            -30.000ns  (dbg_hub/inst/bscan_inst/SERIES7_BSCAN.bscan_inst/DRCK rise@30.000ns - dbg_hub/inst/bscan_inst/SERIES7_BSCAN.bscan_inst/UPDATE rise@60.000ns)
  Data Path Delay:        0.391ns  (logic 0.146ns (37.355%)  route 0.245ns (62.645%))
  Logic Levels:           1  (LUT2=1)
  Clock Path Skew:        0.562ns (DCD - SCD - CPR)
    Destination Clock Delay (DCD):    2.840ns
    Source Clock Delay      (SCD):    2.278ns
    Clock Pessimism Removal (CPR):    -0.000ns
  Clock Uncertainty:      0.035ns  ((TSJ^2 + TIJ^2)^1/2 + DJ) / 2 + PE
    Total System Jitter     (TSJ):    0.071ns
    Total Input Jitter      (TIJ):    0.000ns
    Discrete Jitter          (DJ):    0.000ns
    Phase Error              (PE):    0.000ns
  Timing Exception:       MultiCycle Path   Setup -end   2    Hold  -start 1  

    Location             Delay type                Incr(ns)  Path(ns)    Netlist Resource(s)
  -------------------------------------------------------------------    -------------------
                         (clock dbg_hub/inst/bscan_inst/SERIES7_BSCAN.bscan_inst/UPDATE rise edge)
                                                     60.000    60.000 r  
    BSCAN_X0Y0           BSCANE2                      0.000    60.000 r  dbg_hub/inst/bscan_inst/SERIES7_BSCAN.bscan_inst/UPDATE
                         net (fo=1, routed)           1.560    61.560    dbg_hub/inst/UPDATE_temp
    BUFGCTRL_X0Y3        BUFG (Prop_bufg_I_O)         0.026    61.586 r  dbg_hub/inst/u_bufg_icon_update/O
                         net (fo=1, routed)           0.692    62.278    dbg_hub/inst/U_ICON/UPDATE
    SLICE_X14Y62                                                      r  dbg_hub/inst/U_ICON/iDATA_CMD_reg/C
  -------------------------------------------------------------------    -------------------
    SLICE_X14Y62         FDCE (Prop_fdce_C_Q)         0.118    62.396 f  dbg_hub/inst/U_ICON/iDATA_CMD_reg/Q
                         net (fo=2, routed)           0.148    62.544    dbg_hub/inst/bscan_inst/iDATA_CMD
    SLICE_X14Y62         LUT2 (Prop_lut2_I1_O)        0.028    62.572 r  dbg_hub/inst/bscan_inst/iTARGET[15]_i_1/O
                         net (fo=10, routed)          0.097    62.669    dbg_hub/inst/U_ICON/U_CMD/I4[0]
    SLICE_X13Y62         FDCE                                         r  dbg_hub/inst/U_ICON/U_CMD/iTARGET_reg[8]/CE
  -------------------------------------------------------------------    -------------------

                         (clock dbg_hub/inst/bscan_inst/SERIES7_BSCAN.bscan_inst/DRCK rise edge)
                                                     30.000    30.000 r  
    BSCAN_X0Y0           BSCANE2                      0.000    30.000 r  dbg_hub/inst/bscan_inst/SERIES7_BSCAN.bscan_inst/DRCK
                         net (fo=1, routed)           1.878    31.878    dbg_hub/inst/DRCK
    BUFGCTRL_X0Y1        BUFG (Prop_bufg_I_O)         0.030    31.908 r  dbg_hub/inst/u_bufg_icon/O
                         net (fo=457, routed)         0.932    32.840    dbg_hub/inst/U_ICON/U_CMD/CLK
    SLICE_X13Y62                                                      r  dbg_hub/inst/U_ICON/U_CMD/iTARGET_reg[8]/C
                         clock pessimism              0.000    32.840    
                         clock uncertainty            0.035    32.875    
    SLICE_X13Y62         FDCE (Hold_fdce_C_CE)        0.010    32.885    dbg_hub/inst/U_ICON/U_CMD/iTARGET_reg[8]
  -------------------------------------------------------------------
                         required time                        -32.885    
                         arrival time                          62.669    
  -------------------------------------------------------------------
                         slack                                 29.784    

Slack (MET) :             29.784ns  (arrival time - required time)
  Source:                 dbg_hub/inst/U_ICON/iDATA_CMD_reg/C
                            (rising edge-triggered cell FDCE clocked by dbg_hub/inst/bscan_inst/SERIES7_BSCAN.bscan_inst/UPDATE  {rise@0.000ns fall@30.000ns period=60.000ns})
  Destination:            dbg_hub/inst/U_ICON/U_CMD/iTARGET_reg[9]/CE
                            (rising edge-triggered cell FDCE clocked by dbg_hub/inst/bscan_inst/SERIES7_BSCAN.bscan_inst/DRCK  {rise@0.000ns fall@15.000ns period=30.000ns})
  Path Group:             dbg_hub/inst/bscan_inst/SERIES7_BSCAN.bscan_inst/DRCK
  Path Type:              Hold (Min at Fast Process Corner)
  Requirement:            -30.000ns  (dbg_hub/inst/bscan_inst/SERIES7_BSCAN.bscan_inst/DRCK rise@30.000ns - dbg_hub/inst/bscan_inst/SERIES7_BSCAN.bscan_inst/UPDATE rise@60.000ns)
  Data Path Delay:        0.391ns  (logic 0.146ns (37.355%)  route 0.245ns (62.645%))
  Logic Levels:           1  (LUT2=1)
  Clock Path Skew:        0.562ns (DCD - SCD - CPR)
    Destination Clock Delay (DCD):    2.840ns
    Source Clock Delay      (SCD):    2.278ns
    Clock Pessimism Removal (CPR):    -0.000ns
  Clock Uncertainty:      0.035ns  ((TSJ^2 + TIJ^2)^1/2 + DJ) / 2 + PE
    Total System Jitter     (TSJ):    0.071ns
    Total Input Jitter      (TIJ):    0.000ns
    Discrete Jitter          (DJ):    0.000ns
    Phase Error              (PE):    0.000ns
  Timing Exception:       MultiCycle Path   Setup -end   2    Hold  -start 1  

    Location             Delay type                Incr(ns)  Path(ns)    Netlist Resource(s)
  -------------------------------------------------------------------    -------------------
                         (clock dbg_hub/inst/bscan_inst/SERIES7_BSCAN.bscan_inst/UPDATE rise edge)
                                                     60.000    60.000 r  
    BSCAN_X0Y0           BSCANE2                      0.000    60.000 r  dbg_hub/inst/bscan_inst/SERIES7_BSCAN.bscan_inst/UPDATE
                         net (fo=1, routed)           1.560    61.560    dbg_hub/inst/UPDATE_temp
    BUFGCTRL_X0Y3        BUFG (Prop_bufg_I_O)         0.026    61.586 r  dbg_hub/inst/u_bufg_icon_update/O
                         net (fo=1, routed)           0.692    62.278    dbg_hub/inst/U_ICON/UPDATE
    SLICE_X14Y62                                                      r  dbg_hub/inst/U_ICON/iDATA_CMD_reg/C
  -------------------------------------------------------------------    -------------------
    SLICE_X14Y62         FDCE (Prop_fdce_C_Q)         0.118    62.396 f  dbg_hub/inst/U_ICON/iDATA_CMD_reg/Q
                         net (fo=2, routed)           0.148    62.544    dbg_hub/inst/bscan_inst/iDATA_CMD
    SLICE_X14Y62         LUT2 (Prop_lut2_I1_O)        0.028    62.572 r  dbg_hub/inst/bscan_inst/iTARGET[15]_i_1/O
                         net (fo=10, routed)          0.097    62.669    dbg_hub/inst/U_ICON/U_CMD/I4[0]
    SLICE_X13Y62         FDCE                                         r  dbg_hub/inst/U_ICON/U_CMD/iTARGET_reg[9]/CE
  -------------------------------------------------------------------    -------------------

                         (clock dbg_hub/inst/bscan_inst/SERIES7_BSCAN.bscan_inst/DRCK rise edge)
                                                     30.000    30.000 r  
    BSCAN_X0Y0           BSCANE2                      0.000    30.000 r  dbg_hub/inst/bscan_inst/SERIES7_BSCAN.bscan_inst/DRCK
                         net (fo=1, routed)           1.878    31.878    dbg_hub/inst/DRCK
    BUFGCTRL_X0Y1        BUFG (Prop_bufg_I_O)         0.030    31.908 r  dbg_hub/inst/u_bufg_icon/O
                         net (fo=457, routed)         0.932    32.840    dbg_hub/inst/U_ICON/U_CMD/CLK
    SLICE_X13Y62                                                      r  dbg_hub/inst/U_ICON/U_CMD/iTARGET_reg[9]/C
                         clock pessimism              0.000    32.840    
                         clock uncertainty            0.035    32.875    
    SLICE_X13Y62         FDCE (Hold_fdce_C_CE)        0.010    32.885    dbg_hub/inst/U_ICON/U_CMD/iTARGET_reg[9]
  -------------------------------------------------------------------
                         required time                        -32.885    
                         arrival time                          62.669    
  -------------------------------------------------------------------
                         slack                                 29.784    

Slack (MET) :             29.810ns  (arrival time - required time)
  Source:                 dbg_hub/inst/U_ICON/iDATA_CMD_reg/C
                            (rising edge-triggered cell FDCE clocked by dbg_hub/inst/bscan_inst/SERIES7_BSCAN.bscan_inst/UPDATE  {rise@0.000ns fall@30.000ns period=60.000ns})
  Destination:            dbg_hub/inst/U_ICON/U_CMD/iTARGET_reg[12]/CE
                            (rising edge-triggered cell FDCE clocked by dbg_hub/inst/bscan_inst/SERIES7_BSCAN.bscan_inst/DRCK  {rise@0.000ns fall@15.000ns period=30.000ns})
  Path Group:             dbg_hub/inst/bscan_inst/SERIES7_BSCAN.bscan_inst/DRCK
  Path Type:              Hold (Min at Fast Process Corner)
  Requirement:            -30.000ns  (dbg_hub/inst/bscan_inst/SERIES7_BSCAN.bscan_inst/DRCK rise@30.000ns - dbg_hub/inst/bscan_inst/SERIES7_BSCAN.bscan_inst/UPDATE rise@60.000ns)
  Data Path Delay:        0.439ns  (logic 0.146ns (33.229%)  route 0.293ns (66.771%))
  Logic Levels:           1  (LUT2=1)
  Clock Path Skew:        0.564ns (DCD - SCD - CPR)
    Destination Clock Delay (DCD):    2.842ns
    Source Clock Delay      (SCD):    2.278ns
    Clock Pessimism Removal (CPR):    -0.000ns
  Clock Uncertainty:      0.035ns  ((TSJ^2 + TIJ^2)^1/2 + DJ) / 2 + PE
    Total System Jitter     (TSJ):    0.071ns
    Total Input Jitter      (TIJ):    0.000ns
    Discrete Jitter          (DJ):    0.000ns
    Phase Error              (PE):    0.000ns
  Timing Exception:       MultiCycle Path   Setup -end   2    Hold  -start 1  

    Location             Delay type                Incr(ns)  Path(ns)    Netlist Resource(s)
  -------------------------------------------------------------------    -------------------
                         (clock dbg_hub/inst/bscan_inst/SERIES7_BSCAN.bscan_inst/UPDATE rise edge)
                                                     60.000    60.000 r  
    BSCAN_X0Y0           BSCANE2                      0.000    60.000 r  dbg_hub/inst/bscan_inst/SERIES7_BSCAN.bscan_inst/UPDATE
                         net (fo=1, routed)           1.560    61.560    dbg_hub/inst/UPDATE_temp
    BUFGCTRL_X0Y3        BUFG (Prop_bufg_I_O)         0.026    61.586 r  dbg_hub/inst/u_bufg_icon_update/O
                         net (fo=1, routed)           0.692    62.278    dbg_hub/inst/U_ICON/UPDATE
    SLICE_X14Y62                                                      r  dbg_hub/inst/U_ICON/iDATA_CMD_reg/C
  -------------------------------------------------------------------    -------------------
    SLICE_X14Y62         FDCE (Prop_fdce_C_Q)         0.118    62.396 f  dbg_hub/inst/U_ICON/iDATA_CMD_reg/Q
                         net (fo=2, routed)           0.148    62.544    dbg_hub/inst/bscan_inst/iDATA_CMD
    SLICE_X14Y62         LUT2 (Prop_lut2_I1_O)        0.028    62.572 r  dbg_hub/inst/bscan_inst/iTARGET[15]_i_1/O
                         net (fo=10, routed)          0.145    62.718    dbg_hub/inst/U_ICON/U_CMD/I4[0]
    SLICE_X12Y61         FDCE                                         r  dbg_hub/inst/U_ICON/U_CMD/iTARGET_reg[12]/CE
  -------------------------------------------------------------------    -------------------

                         (clock dbg_hub/inst/bscan_inst/SERIES7_BSCAN.bscan_inst/DRCK rise edge)
                                                     30.000    30.000 r  
    BSCAN_X0Y0           BSCANE2                      0.000    30.000 r  dbg_hub/inst/bscan_inst/SERIES7_BSCAN.bscan_inst/DRCK
                         net (fo=1, routed)           1.878    31.878    dbg_hub/inst/DRCK
    BUFGCTRL_X0Y1        BUFG (Prop_bufg_I_O)         0.030    31.908 r  dbg_hub/inst/u_bufg_icon/O
                         net (fo=457, routed)         0.934    32.842    dbg_hub/inst/U_ICON/U_CMD/CLK
    SLICE_X12Y61                                                      r  dbg_hub/inst/U_ICON/U_CMD/iTARGET_reg[12]/C
                         clock pessimism              0.000    32.842    
                         clock uncertainty            0.035    32.877    
    SLICE_X12Y61         FDCE (Hold_fdce_C_CE)        0.030    32.907    dbg_hub/inst/U_ICON/U_CMD/iTARGET_reg[12]
  -------------------------------------------------------------------
                         required time                        -32.907    
                         arrival time                          62.718    
  -------------------------------------------------------------------
                         slack                                 29.810    

Slack (MET) :             29.810ns  (arrival time - required time)
  Source:                 dbg_hub/inst/U_ICON/iDATA_CMD_reg/C
                            (rising edge-triggered cell FDCE clocked by dbg_hub/inst/bscan_inst/SERIES7_BSCAN.bscan_inst/UPDATE  {rise@0.000ns fall@30.000ns period=60.000ns})
  Destination:            dbg_hub/inst/U_ICON/U_CMD/iTARGET_reg[13]/CE
                            (rising edge-triggered cell FDCE clocked by dbg_hub/inst/bscan_inst/SERIES7_BSCAN.bscan_inst/DRCK  {rise@0.000ns fall@15.000ns period=30.000ns})
  Path Group:             dbg_hub/inst/bscan_inst/SERIES7_BSCAN.bscan_inst/DRCK
  Path Type:              Hold (Min at Fast Process Corner)
  Requirement:            -30.000ns  (dbg_hub/inst/bscan_inst/SERIES7_BSCAN.bscan_inst/DRCK rise@30.000ns - dbg_hub/inst/bscan_inst/SERIES7_BSCAN.bscan_inst/UPDATE rise@60.000ns)
  Data Path Delay:        0.439ns  (logic 0.146ns (33.229%)  route 0.293ns (66.771%))
  Logic Levels:           1  (LUT2=1)
  Clock Path Skew:        0.564ns (DCD - SCD - CPR)
    Destination Clock Delay (DCD):    2.842ns
    Source Clock Delay      (SCD):    2.278ns
    Clock Pessimism Removal (CPR):    -0.000ns
  Clock Uncertainty:      0.035ns  ((TSJ^2 + TIJ^2)^1/2 + DJ) / 2 + PE
    Total System Jitter     (TSJ):    0.071ns
    Total Input Jitter      (TIJ):    0.000ns
    Discrete Jitter          (DJ):    0.000ns
    Phase Error              (PE):    0.000ns
  Timing Exception:       MultiCycle Path   Setup -end   2    Hold  -start 1  

    Location             Delay type                Incr(ns)  Path(ns)    Netlist Resource(s)
  -------------------------------------------------------------------    -------------------
                         (clock dbg_hub/inst/bscan_inst/SERIES7_BSCAN.bscan_inst/UPDATE rise edge)
                                                     60.000    60.000 r  
    BSCAN_X0Y0           BSCANE2                      0.000    60.000 r  dbg_hub/inst/bscan_inst/SERIES7_BSCAN.bscan_inst/UPDATE
                         net (fo=1, routed)           1.560    61.560    dbg_hub/inst/UPDATE_temp
    BUFGCTRL_X0Y3        BUFG (Prop_bufg_I_O)         0.026    61.586 r  dbg_hub/inst/u_bufg_icon_update/O
                         net (fo=1, routed)           0.692    62.278    dbg_hub/inst/U_ICON/UPDATE
    SLICE_X14Y62                                                      r  dbg_hub/inst/U_ICON/iDATA_CMD_reg/C
  -------------------------------------------------------------------    -------------------
    SLICE_X14Y62         FDCE (Prop_fdce_C_Q)         0.118    62.396 f  dbg_hub/inst/U_ICON/iDATA_CMD_reg/Q
                         net (fo=2, routed)           0.148    62.544    dbg_hub/inst/bscan_inst/iDATA_CMD
    SLICE_X14Y62         LUT2 (Prop_lut2_I1_O)        0.028    62.572 r  dbg_hub/inst/bscan_inst/iTARGET[15]_i_1/O
                         net (fo=10, routed)          0.145    62.718    dbg_hub/inst/U_ICON/U_CMD/I4[0]
    SLICE_X12Y61         FDCE                                         r  dbg_hub/inst/U_ICON/U_CMD/iTARGET_reg[13]/CE
  -------------------------------------------------------------------    -------------------

                         (clock dbg_hub/inst/bscan_inst/SERIES7_BSCAN.bscan_inst/DRCK rise edge)
                                                     30.000    30.000 r  
    BSCAN_X0Y0           BSCANE2                      0.000    30.000 r  dbg_hub/inst/bscan_inst/SERIES7_BSCAN.bscan_inst/DRCK
                         net (fo=1, routed)           1.878    31.878    dbg_hub/inst/DRCK
    BUFGCTRL_X0Y1        BUFG (Prop_bufg_I_O)         0.030    31.908 r  dbg_hub/inst/u_bufg_icon/O
                         net (fo=457, routed)         0.934    32.842    dbg_hub/inst/U_ICON/U_CMD/CLK
    SLICE_X12Y61                                                      r  dbg_hub/inst/U_ICON/U_CMD/iTARGET_reg[13]/C
                         clock pessimism              0.000    32.842    
                         clock uncertainty            0.035    32.877    
    SLICE_X12Y61         FDCE (Hold_fdce_C_CE)        0.030    32.907    dbg_hub/inst/U_ICON/U_CMD/iTARGET_reg[13]
  -------------------------------------------------------------------
                         required time                        -32.907    
                         arrival time                          62.718    
  -------------------------------------------------------------------
                         slack                                 29.810    

Slack (MET) :             29.810ns  (arrival time - required time)
  Source:                 dbg_hub/inst/U_ICON/iDATA_CMD_reg/C
                            (rising edge-triggered cell FDCE clocked by dbg_hub/inst/bscan_inst/SERIES7_BSCAN.bscan_inst/UPDATE  {rise@0.000ns fall@30.000ns period=60.000ns})
  Destination:            dbg_hub/inst/U_ICON/U_CMD/iTARGET_reg[14]/CE
                            (rising edge-triggered cell FDCE clocked by dbg_hub/inst/bscan_inst/SERIES7_BSCAN.bscan_inst/DRCK  {rise@0.000ns fall@15.000ns period=30.000ns})
  Path Group:             dbg_hub/inst/bscan_inst/SERIES7_BSCAN.bscan_inst/DRCK
  Path Type:              Hold (Min at Fast Process Corner)
  Requirement:            -30.000ns  (dbg_hub/inst/bscan_inst/SERIES7_BSCAN.bscan_inst/DRCK rise@30.000ns - dbg_hub/inst/bscan_inst/SERIES7_BSCAN.bscan_inst/UPDATE rise@60.000ns)
  Data Path Delay:        0.439ns  (logic 0.146ns (33.229%)  route 0.293ns (66.771%))
  Logic Levels:           1  (LUT2=1)
  Clock Path Skew:        0.564ns (DCD - SCD - CPR)
    Destination Clock Delay (DCD):    2.842ns
    Source Clock Delay      (SCD):    2.278ns
    Clock Pessimism Removal (CPR):    -0.000ns
  Clock Uncertainty:      0.035ns  ((TSJ^2 + TIJ^2)^1/2 + DJ) / 2 + PE
    Total System Jitter     (TSJ):    0.071ns
    Total Input Jitter      (TIJ):    0.000ns
    Discrete Jitter          (DJ):    0.000ns
    Phase Error              (PE):    0.000ns
  Timing Exception:       MultiCycle Path   Setup -end   2    Hold  -start 1  

    Location             Delay type                Incr(ns)  Path(ns)    Netlist Resource(s)
  -------------------------------------------------------------------    -------------------
                         (clock dbg_hub/inst/bscan_inst/SERIES7_BSCAN.bscan_inst/UPDATE rise edge)
                                                     60.000    60.000 r  
    BSCAN_X0Y0           BSCANE2                      0.000    60.000 r  dbg_hub/inst/bscan_inst/SERIES7_BSCAN.bscan_inst/UPDATE
                         net (fo=1, routed)           1.560    61.560    dbg_hub/inst/UPDATE_temp
    BUFGCTRL_X0Y3        BUFG (Prop_bufg_I_O)         0.026    61.586 r  dbg_hub/inst/u_bufg_icon_update/O
                         net (fo=1, routed)           0.692    62.278    dbg_hub/inst/U_ICON/UPDATE
    SLICE_X14Y62                                                      r  dbg_hub/inst/U_ICON/iDATA_CMD_reg/C
  -------------------------------------------------------------------    -------------------
    SLICE_X14Y62         FDCE (Prop_fdce_C_Q)         0.118    62.396 f  dbg_hub/inst/U_ICON/iDATA_CMD_reg/Q
                         net (fo=2, routed)           0.148    62.544    dbg_hub/inst/bscan_inst/iDATA_CMD
    SLICE_X14Y62         LUT2 (Prop_lut2_I1_O)        0.028    62.572 r  dbg_hub/inst/bscan_inst/iTARGET[15]_i_1/O
                         net (fo=10, routed)          0.145    62.718    dbg_hub/inst/U_ICON/U_CMD/I4[0]
    SLICE_X12Y61         FDCE                                         r  dbg_hub/inst/U_ICON/U_CMD/iTARGET_reg[14]/CE
  -------------------------------------------------------------------    -------------------

                         (clock dbg_hub/inst/bscan_inst/SERIES7_BSCAN.bscan_inst/DRCK rise edge)
                                                     30.000    30.000 r  
    BSCAN_X0Y0           BSCANE2                      0.000    30.000 r  dbg_hub/inst/bscan_inst/SERIES7_BSCAN.bscan_inst/DRCK
                         net (fo=1, routed)           1.878    31.878    dbg_hub/inst/DRCK
    BUFGCTRL_X0Y1        BUFG (Prop_bufg_I_O)         0.030    31.908 r  dbg_hub/inst/u_bufg_icon/O
                         net (fo=457, routed)         0.934    32.842    dbg_hub/inst/U_ICON/U_CMD/CLK
    SLICE_X12Y61                                                      r  dbg_hub/inst/U_ICON/U_CMD/iTARGET_reg[14]/C
                         clock pessimism              0.000    32.842    
                         clock uncertainty            0.035    32.877    
    SLICE_X12Y61         FDCE (Hold_fdce_C_CE)        0.030    32.907    dbg_hub/inst/U_ICON/U_CMD/iTARGET_reg[14]
  -------------------------------------------------------------------
                         required time                        -32.907    
                         arrival time                          62.718    
  -------------------------------------------------------------------
                         slack                                 29.810    

Slack (MET) :             29.810ns  (arrival time - required time)
  Source:                 dbg_hub/inst/U_ICON/iDATA_CMD_reg/C
                            (rising edge-triggered cell FDCE clocked by dbg_hub/inst/bscan_inst/SERIES7_BSCAN.bscan_inst/UPDATE  {rise@0.000ns fall@30.000ns period=60.000ns})
  Destination:            dbg_hub/inst/U_ICON/U_CMD/iTARGET_reg[15]/CE
                            (rising edge-triggered cell FDCE clocked by dbg_hub/inst/bscan_inst/SERIES7_BSCAN.bscan_inst/DRCK  {rise@0.000ns fall@15.000ns period=30.000ns})
  Path Group:             dbg_hub/inst/bscan_inst/SERIES7_BSCAN.bscan_inst/DRCK
  Path Type:              Hold (Min at Fast Process Corner)
  Requirement:            -30.000ns  (dbg_hub/inst/bscan_inst/SERIES7_BSCAN.bscan_inst/DRCK rise@30.000ns - dbg_hub/inst/bscan_inst/SERIES7_BSCAN.bscan_inst/UPDATE rise@60.000ns)
  Data Path Delay:        0.439ns  (logic 0.146ns (33.229%)  route 0.293ns (66.771%))
  Logic Levels:           1  (LUT2=1)
  Clock Path Skew:        0.564ns (DCD - SCD - CPR)
    Destination Clock Delay (DCD):    2.842ns
    Source Clock Delay      (SCD):    2.278ns
    Clock Pessimism Removal (CPR):    -0.000ns
  Clock Uncertainty:      0.035ns  ((TSJ^2 + TIJ^2)^1/2 + DJ) / 2 + PE
    Total System Jitter     (TSJ):    0.071ns
    Total Input Jitter      (TIJ):    0.000ns
    Discrete Jitter          (DJ):    0.000ns
    Phase Error              (PE):    0.000ns
  Timing Exception:       MultiCycle Path   Setup -end   2    Hold  -start 1  

    Location             Delay type                Incr(ns)  Path(ns)    Netlist Resource(s)
  -------------------------------------------------------------------    -------------------
                         (clock dbg_hub/inst/bscan_inst/SERIES7_BSCAN.bscan_inst/UPDATE rise edge)
                                                     60.000    60.000 r  
    BSCAN_X0Y0           BSCANE2                      0.000    60.000 r  dbg_hub/inst/bscan_inst/SERIES7_BSCAN.bscan_inst/UPDATE
                         net (fo=1, routed)           1.560    61.560    dbg_hub/inst/UPDATE_temp
    BUFGCTRL_X0Y3        BUFG (Prop_bufg_I_O)         0.026    61.586 r  dbg_hub/inst/u_bufg_icon_update/O
                         net (fo=1, routed)           0.692    62.278    dbg_hub/inst/U_ICON/UPDATE
    SLICE_X14Y62                                                      r  dbg_hub/inst/U_ICON/iDATA_CMD_reg/C
  -------------------------------------------------------------------    -------------------
    SLICE_X14Y62         FDCE (Prop_fdce_C_Q)         0.118    62.396 f  dbg_hub/inst/U_ICON/iDATA_CMD_reg/Q
                         net (fo=2, routed)           0.148    62.544    dbg_hub/inst/bscan_inst/iDATA_CMD
    SLICE_X14Y62         LUT2 (Prop_lut2_I1_O)        0.028    62.572 r  dbg_hub/inst/bscan_inst/iTARGET[15]_i_1/O
                         net (fo=10, routed)          0.145    62.718    dbg_hub/inst/U_ICON/U_CMD/I4[0]
    SLICE_X12Y61         FDCE                                         r  dbg_hub/inst/U_ICON/U_CMD/iTARGET_reg[15]/CE
  -------------------------------------------------------------------    -------------------

                         (clock dbg_hub/inst/bscan_inst/SERIES7_BSCAN.bscan_inst/DRCK rise edge)
                                                     30.000    30.000 r  
    BSCAN_X0Y0           BSCANE2                      0.000    30.000 r  dbg_hub/inst/bscan_inst/SERIES7_BSCAN.bscan_inst/DRCK
                         net (fo=1, routed)           1.878    31.878    dbg_hub/inst/DRCK
    BUFGCTRL_X0Y1        BUFG (Prop_bufg_I_O)         0.030    31.908 r  dbg_hub/inst/u_bufg_icon/O
                         net (fo=457, routed)         0.934    32.842    dbg_hub/inst/U_ICON/U_CMD/CLK
    SLICE_X12Y61                                                      r  dbg_hub/inst/U_ICON/U_CMD/iTARGET_reg[15]/C
                         clock pessimism              0.000    32.842    
                         clock uncertainty            0.035    32.877    
    SLICE_X12Y61         FDCE (Hold_fdce_C_CE)        0.030    32.907    dbg_hub/inst/U_ICON/U_CMD/iTARGET_reg[15]
  -------------------------------------------------------------------
                         required time                        -32.907    
                         arrival time                          62.718    
  -------------------------------------------------------------------
                         slack                                 29.810    

Slack (MET) :             29.830ns  (arrival time - required time)
  Source:                 dbg_hub/inst/U_ICON/iDATA_CMD_reg/C
                            (rising edge-triggered cell FDCE clocked by dbg_hub/inst/bscan_inst/SERIES7_BSCAN.bscan_inst/UPDATE  {rise@0.000ns fall@30.000ns period=60.000ns})
  Destination:            dbg_hub/inst/U_ICON/U_CMD/iTARGET_reg[10]/CE
                            (rising edge-triggered cell FDCE clocked by dbg_hub/inst/bscan_inst/SERIES7_BSCAN.bscan_inst/DRCK  {rise@0.000ns fall@15.000ns period=30.000ns})
  Path Group:             dbg_hub/inst/bscan_inst/SERIES7_BSCAN.bscan_inst/DRCK
  Path Type:              Hold (Min at Fast Process Corner)
  Requirement:            -30.000ns  (dbg_hub/inst/bscan_inst/SERIES7_BSCAN.bscan_inst/DRCK rise@30.000ns - dbg_hub/inst/bscan_inst/SERIES7_BSCAN.bscan_inst/UPDATE rise@60.000ns)
  Data Path Delay:        0.439ns  (logic 0.146ns (33.229%)  route 0.293ns (66.771%))
  Logic Levels:           1  (LUT2=1)
  Clock Path Skew:        0.564ns (DCD - SCD - CPR)
    Destination Clock Delay (DCD):    2.842ns
    Source Clock Delay      (SCD):    2.278ns
    Clock Pessimism Removal (CPR):    -0.000ns
  Clock Uncertainty:      0.035ns  ((TSJ^2 + TIJ^2)^1/2 + DJ) / 2 + PE
    Total System Jitter     (TSJ):    0.071ns
    Total Input Jitter      (TIJ):    0.000ns
    Discrete Jitter          (DJ):    0.000ns
    Phase Error              (PE):    0.000ns
  Timing Exception:       MultiCycle Path   Setup -end   2    Hold  -start 1  

    Location             Delay type                Incr(ns)  Path(ns)    Netlist Resource(s)
  -------------------------------------------------------------------    -------------------
                         (clock dbg_hub/inst/bscan_inst/SERIES7_BSCAN.bscan_inst/UPDATE rise edge)
                                                     60.000    60.000 r  
    BSCAN_X0Y0           BSCANE2                      0.000    60.000 r  dbg_hub/inst/bscan_inst/SERIES7_BSCAN.bscan_inst/UPDATE
                         net (fo=1, routed)           1.560    61.560    dbg_hub/inst/UPDATE_temp
    BUFGCTRL_X0Y3        BUFG (Prop_bufg_I_O)         0.026    61.586 r  dbg_hub/inst/u_bufg_icon_update/O
                         net (fo=1, routed)           0.692    62.278    dbg_hub/inst/U_ICON/UPDATE
    SLICE_X14Y62                                                      r  dbg_hub/inst/U_ICON/iDATA_CMD_reg/C
  -------------------------------------------------------------------    -------------------
    SLICE_X14Y62         FDCE (Prop_fdce_C_Q)         0.118    62.396 f  dbg_hub/inst/U_ICON/iDATA_CMD_reg/Q
                         net (fo=2, routed)           0.148    62.544    dbg_hub/inst/bscan_inst/iDATA_CMD
    SLICE_X14Y62         LUT2 (Prop_lut2_I1_O)        0.028    62.572 r  dbg_hub/inst/bscan_inst/iTARGET[15]_i_1/O
                         net (fo=10, routed)          0.145    62.718    dbg_hub/inst/U_ICON/U_CMD/I4[0]
    SLICE_X13Y61         FDCE                                         r  dbg_hub/inst/U_ICON/U_CMD/iTARGET_reg[10]/CE
  -------------------------------------------------------------------    -------------------

                         (clock dbg_hub/inst/bscan_inst/SERIES7_BSCAN.bscan_inst/DRCK rise edge)
                                                     30.000    30.000 r  
    BSCAN_X0Y0           BSCANE2                      0.000    30.000 r  dbg_hub/inst/bscan_inst/SERIES7_BSCAN.bscan_inst/DRCK
                         net (fo=1, routed)           1.878    31.878    dbg_hub/inst/DRCK
    BUFGCTRL_X0Y1        BUFG (Prop_bufg_I_O)         0.030    31.908 r  dbg_hub/inst/u_bufg_icon/O
                         net (fo=457, routed)         0.934    32.842    dbg_hub/inst/U_ICON/U_CMD/CLK
    SLICE_X13Y61                                                      r  dbg_hub/inst/U_ICON/U_CMD/iTARGET_reg[10]/C
                         clock pessimism              0.000    32.842    
                         clock uncertainty            0.035    32.877    
    SLICE_X13Y61         FDCE (Hold_fdce_C_CE)        0.010    32.887    dbg_hub/inst/U_ICON/U_CMD/iTARGET_reg[10]
  -------------------------------------------------------------------
                         required time                        -32.887    
                         arrival time                          62.718    
  -------------------------------------------------------------------
                         slack                                 29.830    

Slack (MET) :             29.830ns  (arrival time - required time)
  Source:                 dbg_hub/inst/U_ICON/iDATA_CMD_reg/C
                            (rising edge-triggered cell FDCE clocked by dbg_hub/inst/bscan_inst/SERIES7_BSCAN.bscan_inst/UPDATE  {rise@0.000ns fall@30.000ns period=60.000ns})
  Destination:            dbg_hub/inst/U_ICON/U_CMD/iTARGET_reg[11]/CE
                            (rising edge-triggered cell FDCE clocked by dbg_hub/inst/bscan_inst/SERIES7_BSCAN.bscan_inst/DRCK  {rise@0.000ns fall@15.000ns period=30.000ns})
  Path Group:             dbg_hub/inst/bscan_inst/SERIES7_BSCAN.bscan_inst/DRCK
  Path Type:              Hold (Min at Fast Process Corner)
  Requirement:            -30.000ns  (dbg_hub/inst/bscan_inst/SERIES7_BSCAN.bscan_inst/DRCK rise@30.000ns - dbg_hub/inst/bscan_inst/SERIES7_BSCAN.bscan_inst/UPDATE rise@60.000ns)
  Data Path Delay:        0.439ns  (logic 0.146ns (33.229%)  route 0.293ns (66.771%))
  Logic Levels:           1  (LUT2=1)
  Clock Path Skew:        0.564ns (DCD - SCD - CPR)
    Destination Clock Delay (DCD):    2.842ns
    Source Clock Delay      (SCD):    2.278ns
    Clock Pessimism Removal (CPR):    -0.000ns
  Clock Uncertainty:      0.035ns  ((TSJ^2 + TIJ^2)^1/2 + DJ) / 2 + PE
    Total System Jitter     (TSJ):    0.071ns
    Total Input Jitter      (TIJ):    0.000ns
    Discrete Jitter          (DJ):    0.000ns
    Phase Error              (PE):    0.000ns
  Timing Exception:       MultiCycle Path   Setup -end   2    Hold  -start 1  

    Location             Delay type                Incr(ns)  Path(ns)    Netlist Resource(s)
  -------------------------------------------------------------------    -------------------
                         (clock dbg_hub/inst/bscan_inst/SERIES7_BSCAN.bscan_inst/UPDATE rise edge)
                                                     60.000    60.000 r  
    BSCAN_X0Y0           BSCANE2                      0.000    60.000 r  dbg_hub/inst/bscan_inst/SERIES7_BSCAN.bscan_inst/UPDATE
                         net (fo=1, routed)           1.560    61.560    dbg_hub/inst/UPDATE_temp
    BUFGCTRL_X0Y3        BUFG (Prop_bufg_I_O)         0.026    61.586 r  dbg_hub/inst/u_bufg_icon_update/O
                         net (fo=1, routed)           0.692    62.278    dbg_hub/inst/U_ICON/UPDATE
    SLICE_X14Y62                                                      r  dbg_hub/inst/U_ICON/iDATA_CMD_reg/C
  -------------------------------------------------------------------    -------------------
    SLICE_X14Y62         FDCE (Prop_fdce_C_Q)         0.118    62.396 f  dbg_hub/inst/U_ICON/iDATA_CMD_reg/Q
                         net (fo=2, routed)           0.148    62.544    dbg_hub/inst/bscan_inst/iDATA_CMD
    SLICE_X14Y62         LUT2 (Prop_lut2_I1_O)        0.028    62.572 r  dbg_hub/inst/bscan_inst/iTARGET[15]_i_1/O
                         net (fo=10, routed)          0.145    62.718    dbg_hub/inst/U_ICON/U_CMD/I4[0]
    SLICE_X13Y61         FDCE                                         r  dbg_hub/inst/U_ICON/U_CMD/iTARGET_reg[11]/CE
  -------------------------------------------------------------------    -------------------

                         (clock dbg_hub/inst/bscan_inst/SERIES7_BSCAN.bscan_inst/DRCK rise edge)
                                                     30.000    30.000 r  
    BSCAN_X0Y0           BSCANE2                      0.000    30.000 r  dbg_hub/inst/bscan_inst/SERIES7_BSCAN.bscan_inst/DRCK
                         net (fo=1, routed)           1.878    31.878    dbg_hub/inst/DRCK
    BUFGCTRL_X0Y1        BUFG (Prop_bufg_I_O)         0.030    31.908 r  dbg_hub/inst/u_bufg_icon/O
                         net (fo=457, routed)         0.934    32.842    dbg_hub/inst/U_ICON/U_CMD/CLK
    SLICE_X13Y61                                                      r  dbg_hub/inst/U_ICON/U_CMD/iTARGET_reg[11]/C
                         clock pessimism              0.000    32.842    
                         clock uncertainty            0.035    32.877    
    SLICE_X13Y61         FDCE (Hold_fdce_C_CE)        0.010    32.887    dbg_hub/inst/U_ICON/U_CMD/iTARGET_reg[11]
  -------------------------------------------------------------------
                         required time                        -32.887    
                         arrival time                          62.718    
  -------------------------------------------------------------------
                         slack                                 29.830    

Slack (MET) :             29.830ns  (arrival time - required time)
  Source:                 dbg_hub/inst/U_ICON/iDATA_CMD_reg/C
                            (rising edge-triggered cell FDCE clocked by dbg_hub/inst/bscan_inst/SERIES7_BSCAN.bscan_inst/UPDATE  {rise@0.000ns fall@30.000ns period=60.000ns})
  Destination:            dbg_hub/inst/U_ICON/U_CMD/iTARGET_reg[6]/CE
                            (rising edge-triggered cell FDCE clocked by dbg_hub/inst/bscan_inst/SERIES7_BSCAN.bscan_inst/DRCK  {rise@0.000ns fall@15.000ns period=30.000ns})
  Path Group:             dbg_hub/inst/bscan_inst/SERIES7_BSCAN.bscan_inst/DRCK
  Path Type:              Hold (Min at Fast Process Corner)
  Requirement:            -30.000ns  (dbg_hub/inst/bscan_inst/SERIES7_BSCAN.bscan_inst/DRCK rise@30.000ns - dbg_hub/inst/bscan_inst/SERIES7_BSCAN.bscan_inst/UPDATE rise@60.000ns)
  Data Path Delay:        0.439ns  (logic 0.146ns (33.229%)  route 0.293ns (66.771%))
  Logic Levels:           1  (LUT2=1)
  Clock Path Skew:        0.564ns (DCD - SCD - CPR)
    Destination Clock Delay (DCD):    2.842ns
    Source Clock Delay      (SCD):    2.278ns
    Clock Pessimism Removal (CPR):    -0.000ns
  Clock Uncertainty:      0.035ns  ((TSJ^2 + TIJ^2)^1/2 + DJ) / 2 + PE
    Total System Jitter     (TSJ):    0.071ns
    Total Input Jitter      (TIJ):    0.000ns
    Discrete Jitter          (DJ):    0.000ns
    Phase Error              (PE):    0.000ns
  Timing Exception:       MultiCycle Path   Setup -end   2    Hold  -start 1  

    Location             Delay type                Incr(ns)  Path(ns)    Netlist Resource(s)
  -------------------------------------------------------------------    -------------------
                         (clock dbg_hub/inst/bscan_inst/SERIES7_BSCAN.bscan_inst/UPDATE rise edge)
                                                     60.000    60.000 r  
    BSCAN_X0Y0           BSCANE2                      0.000    60.000 r  dbg_hub/inst/bscan_inst/SERIES7_BSCAN.bscan_inst/UPDATE
                         net (fo=1, routed)           1.560    61.560    dbg_hub/inst/UPDATE_temp
    BUFGCTRL_X0Y3        BUFG (Prop_bufg_I_O)         0.026    61.586 r  dbg_hub/inst/u_bufg_icon_update/O
                         net (fo=1, routed)           0.692    62.278    dbg_hub/inst/U_ICON/UPDATE
    SLICE_X14Y62                                                      r  dbg_hub/inst/U_ICON/iDATA_CMD_reg/C
  -------------------------------------------------------------------    -------------------
    SLICE_X14Y62         FDCE (Prop_fdce_C_Q)         0.118    62.396 f  dbg_hub/inst/U_ICON/iDATA_CMD_reg/Q
                         net (fo=2, routed)           0.148    62.544    dbg_hub/inst/bscan_inst/iDATA_CMD
    SLICE_X14Y62         LUT2 (Prop_lut2_I1_O)        0.028    62.572 r  dbg_hub/inst/bscan_inst/iTARGET[15]_i_1/O
                         net (fo=10, routed)          0.145    62.718    dbg_hub/inst/U_ICON/U_CMD/I4[0]
    SLICE_X13Y61         FDCE                                         r  dbg_hub/inst/U_ICON/U_CMD/iTARGET_reg[6]/CE
  -------------------------------------------------------------------    -------------------

                         (clock dbg_hub/inst/bscan_inst/SERIES7_BSCAN.bscan_inst/DRCK rise edge)
                                                     30.000    30.000 r  
    BSCAN_X0Y0           BSCANE2                      0.000    30.000 r  dbg_hub/inst/bscan_inst/SERIES7_BSCAN.bscan_inst/DRCK
                         net (fo=1, routed)           1.878    31.878    dbg_hub/inst/DRCK
    BUFGCTRL_X0Y1        BUFG (Prop_bufg_I_O)         0.030    31.908 r  dbg_hub/inst/u_bufg_icon/O
                         net (fo=457, routed)         0.934    32.842    dbg_hub/inst/U_ICON/U_CMD/CLK
    SLICE_X13Y61                                                      r  dbg_hub/inst/U_ICON/U_CMD/iTARGET_reg[6]/C
                         clock pessimism              0.000    32.842    
                         clock uncertainty            0.035    32.877    
    SLICE_X13Y61         FDCE (Hold_fdce_C_CE)        0.010    32.887    dbg_hub/inst/U_ICON/U_CMD/iTARGET_reg[6]
  -------------------------------------------------------------------
                         required time                        -32.887    
                         arrival time                          62.718    
  -------------------------------------------------------------------
                         slack                                 29.830    

Slack (MET) :             29.830ns  (arrival time - required time)
  Source:                 dbg_hub/inst/U_ICON/iDATA_CMD_reg/C
                            (rising edge-triggered cell FDCE clocked by dbg_hub/inst/bscan_inst/SERIES7_BSCAN.bscan_inst/UPDATE  {rise@0.000ns fall@30.000ns period=60.000ns})
  Destination:            dbg_hub/inst/U_ICON/U_CMD/iTARGET_reg[7]/CE
                            (rising edge-triggered cell FDCE clocked by dbg_hub/inst/bscan_inst/SERIES7_BSCAN.bscan_inst/DRCK  {rise@0.000ns fall@15.000ns period=30.000ns})
  Path Group:             dbg_hub/inst/bscan_inst/SERIES7_BSCAN.bscan_inst/DRCK
  Path Type:              Hold (Min at Fast Process Corner)
  Requirement:            -30.000ns  (dbg_hub/inst/bscan_inst/SERIES7_BSCAN.bscan_inst/DRCK rise@30.000ns - dbg_hub/inst/bscan_inst/SERIES7_BSCAN.bscan_inst/UPDATE rise@60.000ns)
  Data Path Delay:        0.439ns  (logic 0.146ns (33.229%)  route 0.293ns (66.771%))
  Logic Levels:           1  (LUT2=1)
  Clock Path Skew:        0.564ns (DCD - SCD - CPR)
    Destination Clock Delay (DCD):    2.842ns
    Source Clock Delay      (SCD):    2.278ns
    Clock Pessimism Removal (CPR):    -0.000ns
  Clock Uncertainty:      0.035ns  ((TSJ^2 + TIJ^2)^1/2 + DJ) / 2 + PE
    Total System Jitter     (TSJ):    0.071ns
    Total Input Jitter      (TIJ):    0.000ns
    Discrete Jitter          (DJ):    0.000ns
    Phase Error              (PE):    0.000ns
  Timing Exception:       MultiCycle Path   Setup -end   2    Hold  -start 1  

    Location             Delay type                Incr(ns)  Path(ns)    Netlist Resource(s)
  -------------------------------------------------------------------    -------------------
                         (clock dbg_hub/inst/bscan_inst/SERIES7_BSCAN.bscan_inst/UPDATE rise edge)
                                                     60.000    60.000 r  
    BSCAN_X0Y0           BSCANE2                      0.000    60.000 r  dbg_hub/inst/bscan_inst/SERIES7_BSCAN.bscan_inst/UPDATE
                         net (fo=1, routed)           1.560    61.560    dbg_hub/inst/UPDATE_temp
    BUFGCTRL_X0Y3        BUFG (Prop_bufg_I_O)         0.026    61.586 r  dbg_hub/inst/u_bufg_icon_update/O
                         net (fo=1, routed)           0.692    62.278    dbg_hub/inst/U_ICON/UPDATE
    SLICE_X14Y62                                                      r  dbg_hub/inst/U_ICON/iDATA_CMD_reg/C
  -------------------------------------------------------------------    -------------------
    SLICE_X14Y62         FDCE (Prop_fdce_C_Q)         0.118    62.396 f  dbg_hub/inst/U_ICON/iDATA_CMD_reg/Q
                         net (fo=2, routed)           0.148    62.544    dbg_hub/inst/bscan_inst/iDATA_CMD
    SLICE_X14Y62         LUT2 (Prop_lut2_I1_O)        0.028    62.572 r  dbg_hub/inst/bscan_inst/iTARGET[15]_i_1/O
                         net (fo=10, routed)          0.145    62.718    dbg_hub/inst/U_ICON/U_CMD/I4[0]
    SLICE_X13Y61         FDCE                                         r  dbg_hub/inst/U_ICON/U_CMD/iTARGET_reg[7]/CE
  -------------------------------------------------------------------    -------------------

                         (clock dbg_hub/inst/bscan_inst/SERIES7_BSCAN.bscan_inst/DRCK rise edge)
                                                     30.000    30.000 r  
    BSCAN_X0Y0           BSCANE2                      0.000    30.000 r  dbg_hub/inst/bscan_inst/SERIES7_BSCAN.bscan_inst/DRCK
                         net (fo=1, routed)           1.878    31.878    dbg_hub/inst/DRCK
    BUFGCTRL_X0Y1        BUFG (Prop_bufg_I_O)         0.030    31.908 r  dbg_hub/inst/u_bufg_icon/O
                         net (fo=457, routed)         0.934    32.842    dbg_hub/inst/U_ICON/U_CMD/CLK
    SLICE_X13Y61                                                      r  dbg_hub/inst/U_ICON/U_CMD/iTARGET_reg[7]/C
                         clock pessimism              0.000    32.842    
                         clock uncertainty            0.035    32.877    
    SLICE_X13Y61         FDCE (Hold_fdce_C_CE)        0.010    32.887    dbg_hub/inst/U_ICON/U_CMD/iTARGET_reg[7]
  -------------------------------------------------------------------
                         required time                        -32.887    
                         arrival time                          62.718    
  -------------------------------------------------------------------
                         slack                                 29.830    





---------------------------------------------------------------------------------------------------
From Clock:  clk_50M_clk_wiz_0_1
  To Clock:  clk_32M_clk_wiz_0_1

Setup :            0  Failing Endpoints,  Worst Slack       19.220ns,  Total Violation        0.000ns
Hold  :           NA  Failing Endpoints,  Worst Slack           NA  ,  Total Violation           NA
---------------------------------------------------------------------------------------------------


Max Delay Paths
--------------------------------------------------------------------------------------
Slack (MET) :             19.220ns  (required time - arrival time)
  Source:                 i_fifo_uart_recv/U0/inst_fifo_gen/gconvfifo.rf/grf.rf/gntv_or_sync_fifo.gcx.clkx/wr_pntr_gc_reg[5]/C
                            (rising edge-triggered cell FDCE clocked by clk_50M_clk_wiz_0_1)
  Destination:            i_fifo_uart_recv/U0/inst_fifo_gen/gconvfifo.rf/grf.rf/gntv_or_sync_fifo.gcx.clkx/gsync_stage[1].rd_stg_inst/Q_reg_reg[5]/D
                            (rising edge-triggered cell FDCE clocked by clk_32M_clk_wiz_0_1)
  Path Group:             clk_32M_clk_wiz_0_1
  Path Type:              Setup (Max at Slow Process Corner)
  Requirement:            20.000ns  (MaxDelay Path 20.000ns)
  Data Path Delay:        0.678ns  (logic 0.204ns (30.075%)  route 0.474ns (69.925%))
  Logic Levels:           0  
  Timing Exception:       MaxDelay Path 20.000ns -datapath_only

    Location             Delay type                Incr(ns)  Path(ns)    Netlist Resource(s)
  -------------------------------------------------------------------    -------------------
    SLICE_X7Y44                                       0.000     0.000 r  i_fifo_uart_recv/U0/inst_fifo_gen/gconvfifo.rf/grf.rf/gntv_or_sync_fifo.gcx.clkx/wr_pntr_gc_reg[5]/C
    SLICE_X7Y44          FDCE (Prop_fdce_C_Q)         0.204     0.204 r  i_fifo_uart_recv/U0/inst_fifo_gen/gconvfifo.rf/grf.rf/gntv_or_sync_fifo.gcx.clkx/wr_pntr_gc_reg[5]/Q
                         net (fo=1, routed)           0.474     0.678    i_fifo_uart_recv/U0/inst_fifo_gen/gconvfifo.rf/grf.rf/gntv_or_sync_fifo.gcx.clkx/gsync_stage[1].rd_stg_inst/I1[5]
    SLICE_X7Y45          FDCE                                         r  i_fifo_uart_recv/U0/inst_fifo_gen/gconvfifo.rf/grf.rf/gntv_or_sync_fifo.gcx.clkx/gsync_stage[1].rd_stg_inst/Q_reg_reg[5]/D
  -------------------------------------------------------------------    -------------------

                         max delay                   20.000    20.000    
    SLICE_X7Y45          FDCE (Setup_fdce_C_D)       -0.102    19.898    i_fifo_uart_recv/U0/inst_fifo_gen/gconvfifo.rf/grf.rf/gntv_or_sync_fifo.gcx.clkx/gsync_stage[1].rd_stg_inst/Q_reg_reg[5]
  -------------------------------------------------------------------
                         required time                         19.898    
                         arrival time                          -0.678    
  -------------------------------------------------------------------
                         slack                                 19.220    

Slack (MET) :             19.243ns  (required time - arrival time)
  Source:                 i_fifo_uart_send/U0/inst_fifo_gen/gconvfifo.rf/grf.rf/gntv_or_sync_fifo.gcx.clkx/rd_pntr_gc_reg[3]/C
                            (rising edge-triggered cell FDCE clocked by clk_50M_clk_wiz_0_1)
  Destination:            i_fifo_uart_send/U0/inst_fifo_gen/gconvfifo.rf/grf.rf/gntv_or_sync_fifo.gcx.clkx/gsync_stage[1].wr_stg_inst/Q_reg_reg[3]/D
                            (rising edge-triggered cell FDCE clocked by clk_32M_clk_wiz_0_1)
  Path Group:             clk_32M_clk_wiz_0_1
  Path Type:              Setup (Max at Slow Process Corner)
  Requirement:            20.000ns  (MaxDelay Path 20.000ns)
  Data Path Delay:        0.655ns  (logic 0.204ns (31.139%)  route 0.451ns (68.861%))
  Logic Levels:           0  
  Timing Exception:       MaxDelay Path 20.000ns -datapath_only

    Location             Delay type                Incr(ns)  Path(ns)    Netlist Resource(s)
  -------------------------------------------------------------------    -------------------
    SLICE_X24Y44                                      0.000     0.000 r  i_fifo_uart_send/U0/inst_fifo_gen/gconvfifo.rf/grf.rf/gntv_or_sync_fifo.gcx.clkx/rd_pntr_gc_reg[3]/C
    SLICE_X24Y44         FDCE (Prop_fdce_C_Q)         0.204     0.204 r  i_fifo_uart_send/U0/inst_fifo_gen/gconvfifo.rf/grf.rf/gntv_or_sync_fifo.gcx.clkx/rd_pntr_gc_reg[3]/Q
                         net (fo=1, routed)           0.451     0.655    i_fifo_uart_send/U0/inst_fifo_gen/gconvfifo.rf/grf.rf/gntv_or_sync_fifo.gcx.clkx/gsync_stage[1].wr_stg_inst/I1[3]
    SLICE_X24Y40         FDCE                                         r  i_fifo_uart_send/U0/inst_fifo_gen/gconvfifo.rf/grf.rf/gntv_or_sync_fifo.gcx.clkx/gsync_stage[1].wr_stg_inst/Q_reg_reg[3]/D
  -------------------------------------------------------------------    -------------------

                         max delay                   20.000    20.000    
    SLICE_X24Y40         FDCE (Setup_fdce_C_D)       -0.102    19.898    i_fifo_uart_send/U0/inst_fifo_gen/gconvfifo.rf/grf.rf/gntv_or_sync_fifo.gcx.clkx/gsync_stage[1].wr_stg_inst/Q_reg_reg[3]
  -------------------------------------------------------------------
                         required time                         19.898    
                         arrival time                          -0.655    
  -------------------------------------------------------------------
                         slack                                 19.243    

Slack (MET) :             19.298ns  (required time - arrival time)
  Source:                 i_fifo_uart_recv/U0/inst_fifo_gen/gconvfifo.rf/grf.rf/gntv_or_sync_fifo.gcx.clkx/wr_pntr_gc_reg[3]/C
                            (rising edge-triggered cell FDCE clocked by clk_50M_clk_wiz_0_1)
  Destination:            i_fifo_uart_recv/U0/inst_fifo_gen/gconvfifo.rf/grf.rf/gntv_or_sync_fifo.gcx.clkx/gsync_stage[1].rd_stg_inst/Q_reg_reg[3]/D
                            (rising edge-triggered cell FDCE clocked by clk_32M_clk_wiz_0_1)
  Path Group:             clk_32M_clk_wiz_0_1
  Path Type:              Setup (Max at Slow Process Corner)
  Requirement:            20.000ns  (MaxDelay Path 20.000ns)
  Data Path Delay:        0.625ns  (logic 0.236ns (37.770%)  route 0.389ns (62.230%))
  Logic Levels:           0  
  Timing Exception:       MaxDelay Path 20.000ns -datapath_only

    Location             Delay type                Incr(ns)  Path(ns)    Netlist Resource(s)
  -------------------------------------------------------------------    -------------------
    SLICE_X6Y42                                       0.000     0.000 r  i_fifo_uart_recv/U0/inst_fifo_gen/gconvfifo.rf/grf.rf/gntv_or_sync_fifo.gcx.clkx/wr_pntr_gc_reg[3]/C
    SLICE_X6Y42          FDCE (Prop_fdce_C_Q)         0.236     0.236 r  i_fifo_uart_recv/U0/inst_fifo_gen/gconvfifo.rf/grf.rf/gntv_or_sync_fifo.gcx.clkx/wr_pntr_gc_reg[3]/Q
                         net (fo=1, routed)           0.389     0.625    i_fifo_uart_recv/U0/inst_fifo_gen/gconvfifo.rf/grf.rf/gntv_or_sync_fifo.gcx.clkx/gsync_stage[1].rd_stg_inst/I1[3]
    SLICE_X6Y43          FDCE                                         r  i_fifo_uart_recv/U0/inst_fifo_gen/gconvfifo.rf/grf.rf/gntv_or_sync_fifo.gcx.clkx/gsync_stage[1].rd_stg_inst/Q_reg_reg[3]/D
  -------------------------------------------------------------------    -------------------

                         max delay                   20.000    20.000    
    SLICE_X6Y43          FDCE (Setup_fdce_C_D)       -0.077    19.923    i_fifo_uart_recv/U0/inst_fifo_gen/gconvfifo.rf/grf.rf/gntv_or_sync_fifo.gcx.clkx/gsync_stage[1].rd_stg_inst/Q_reg_reg[3]
  -------------------------------------------------------------------
                         required time                         19.923    
                         arrival time                          -0.625    
  -------------------------------------------------------------------
                         slack                                 19.298    

Slack (MET) :             19.335ns  (required time - arrival time)
  Source:                 i_fifo_uart_send/U0/inst_fifo_gen/gconvfifo.rf/grf.rf/gntv_or_sync_fifo.gcx.clkx/rd_pntr_gc_reg[5]/C
                            (rising edge-triggered cell FDCE clocked by clk_50M_clk_wiz_0_1)
  Destination:            i_fifo_uart_send/U0/inst_fifo_gen/gconvfifo.rf/grf.rf/gntv_or_sync_fifo.gcx.clkx/gsync_stage[1].wr_stg_inst/Q_reg_reg[5]/D
                            (rising edge-triggered cell FDCE clocked by clk_32M_clk_wiz_0_1)
  Path Group:             clk_32M_clk_wiz_0_1
  Path Type:              Setup (Max at Slow Process Corner)
  Requirement:            20.000ns  (MaxDelay Path 20.000ns)
  Data Path Delay:        0.575ns  (logic 0.204ns (35.454%)  route 0.371ns (64.546%))
  Logic Levels:           0  
  Timing Exception:       MaxDelay Path 20.000ns -datapath_only

    Location             Delay type                Incr(ns)  Path(ns)    Netlist Resource(s)
  -------------------------------------------------------------------    -------------------
    SLICE_X24Y44                                      0.000     0.000 r  i_fifo_uart_send/U0/inst_fifo_gen/gconvfifo.rf/grf.rf/gntv_or_sync_fifo.gcx.clkx/rd_pntr_gc_reg[5]/C
    SLICE_X24Y44         FDCE (Prop_fdce_C_Q)         0.204     0.204 r  i_fifo_uart_send/U0/inst_fifo_gen/gconvfifo.rf/grf.rf/gntv_or_sync_fifo.gcx.clkx/rd_pntr_gc_reg[5]/Q
                         net (fo=1, routed)           0.371     0.575    i_fifo_uart_send/U0/inst_fifo_gen/gconvfifo.rf/grf.rf/gntv_or_sync_fifo.gcx.clkx/gsync_stage[1].wr_stg_inst/I1[5]
    SLICE_X24Y41         FDCE                                         r  i_fifo_uart_send/U0/inst_fifo_gen/gconvfifo.rf/grf.rf/gntv_or_sync_fifo.gcx.clkx/gsync_stage[1].wr_stg_inst/Q_reg_reg[5]/D
  -------------------------------------------------------------------    -------------------

                         max delay                   20.000    20.000    
    SLICE_X24Y41         FDCE (Setup_fdce_C_D)       -0.090    19.910    i_fifo_uart_send/U0/inst_fifo_gen/gconvfifo.rf/grf.rf/gntv_or_sync_fifo.gcx.clkx/gsync_stage[1].wr_stg_inst/Q_reg_reg[5]
  -------------------------------------------------------------------
                         required time                         19.910    
                         arrival time                          -0.575    
  -------------------------------------------------------------------
                         slack                                 19.335    

Slack (MET) :             19.349ns  (required time - arrival time)
  Source:                 i_fifo_uart_send/U0/inst_fifo_gen/gconvfifo.rf/grf.rf/gntv_or_sync_fifo.gcx.clkx/rd_pntr_gc_reg[0]/C
                            (rising edge-triggered cell FDCE clocked by clk_50M_clk_wiz_0_1)
  Destination:            i_fifo_uart_send/U0/inst_fifo_gen/gconvfifo.rf/grf.rf/gntv_or_sync_fifo.gcx.clkx/gsync_stage[1].wr_stg_inst/Q_reg_reg[0]/D
                            (rising edge-triggered cell FDCE clocked by clk_32M_clk_wiz_0_1)
  Path Group:             clk_32M_clk_wiz_0_1
  Path Type:              Setup (Max at Slow Process Corner)
  Requirement:            20.000ns  (MaxDelay Path 20.000ns)
  Data Path Delay:        0.641ns  (logic 0.223ns (34.763%)  route 0.418ns (65.237%))
  Logic Levels:           0  
  Timing Exception:       MaxDelay Path 20.000ns -datapath_only

    Location             Delay type                Incr(ns)  Path(ns)    Netlist Resource(s)
  -------------------------------------------------------------------    -------------------
    SLICE_X25Y44                                      0.000     0.000 r  i_fifo_uart_send/U0/inst_fifo_gen/gconvfifo.rf/grf.rf/gntv_or_sync_fifo.gcx.clkx/rd_pntr_gc_reg[0]/C
    SLICE_X25Y44         FDCE (Prop_fdce_C_Q)         0.223     0.223 r  i_fifo_uart_send/U0/inst_fifo_gen/gconvfifo.rf/grf.rf/gntv_or_sync_fifo.gcx.clkx/rd_pntr_gc_reg[0]/Q
                         net (fo=1, routed)           0.418     0.641    i_fifo_uart_send/U0/inst_fifo_gen/gconvfifo.rf/grf.rf/gntv_or_sync_fifo.gcx.clkx/gsync_stage[1].wr_stg_inst/I1[0]
    SLICE_X24Y40         FDCE                                         r  i_fifo_uart_send/U0/inst_fifo_gen/gconvfifo.rf/grf.rf/gntv_or_sync_fifo.gcx.clkx/gsync_stage[1].wr_stg_inst/Q_reg_reg[0]/D
  -------------------------------------------------------------------    -------------------

                         max delay                   20.000    20.000    
    SLICE_X24Y40         FDCE (Setup_fdce_C_D)       -0.010    19.990    i_fifo_uart_send/U0/inst_fifo_gen/gconvfifo.rf/grf.rf/gntv_or_sync_fifo.gcx.clkx/gsync_stage[1].wr_stg_inst/Q_reg_reg[0]
  -------------------------------------------------------------------
                         required time                         19.990    
                         arrival time                          -0.641    
  -------------------------------------------------------------------
                         slack                                 19.349    

Slack (MET) :             19.422ns  (required time - arrival time)
  Source:                 i_fifo_uart_send/U0/inst_fifo_gen/gconvfifo.rf/grf.rf/gntv_or_sync_fifo.gcx.clkx/rd_pntr_gc_reg[7]/C
                            (rising edge-triggered cell FDCE clocked by clk_50M_clk_wiz_0_1)
  Destination:            i_fifo_uart_send/U0/inst_fifo_gen/gconvfifo.rf/grf.rf/gntv_or_sync_fifo.gcx.clkx/gsync_stage[1].wr_stg_inst/Q_reg_reg[7]/D
                            (rising edge-triggered cell FDCE clocked by clk_32M_clk_wiz_0_1)
  Path Group:             clk_32M_clk_wiz_0_1
  Path Type:              Setup (Max at Slow Process Corner)
  Requirement:            20.000ns  (MaxDelay Path 20.000ns)
  Data Path Delay:        0.478ns  (logic 0.204ns (42.681%)  route 0.274ns (57.319%))
  Logic Levels:           0  
  Timing Exception:       MaxDelay Path 20.000ns -datapath_only

    Location             Delay type                Incr(ns)  Path(ns)    Netlist Resource(s)
  -------------------------------------------------------------------    -------------------
    SLICE_X24Y44                                      0.000     0.000 r  i_fifo_uart_send/U0/inst_fifo_gen/gconvfifo.rf/grf.rf/gntv_or_sync_fifo.gcx.clkx/rd_pntr_gc_reg[7]/C
    SLICE_X24Y44         FDCE (Prop_fdce_C_Q)         0.204     0.204 r  i_fifo_uart_send/U0/inst_fifo_gen/gconvfifo.rf/grf.rf/gntv_or_sync_fifo.gcx.clkx/rd_pntr_gc_reg[7]/Q
                         net (fo=1, routed)           0.274     0.478    i_fifo_uart_send/U0/inst_fifo_gen/gconvfifo.rf/grf.rf/gntv_or_sync_fifo.gcx.clkx/gsync_stage[1].wr_stg_inst/I1[7]
    SLICE_X24Y42         FDCE                                         r  i_fifo_uart_send/U0/inst_fifo_gen/gconvfifo.rf/grf.rf/gntv_or_sync_fifo.gcx.clkx/gsync_stage[1].wr_stg_inst/Q_reg_reg[7]/D
  -------------------------------------------------------------------    -------------------

                         max delay                   20.000    20.000    
    SLICE_X24Y42         FDCE (Setup_fdce_C_D)       -0.100    19.900    i_fifo_uart_send/U0/inst_fifo_gen/gconvfifo.rf/grf.rf/gntv_or_sync_fifo.gcx.clkx/gsync_stage[1].wr_stg_inst/Q_reg_reg[7]
  -------------------------------------------------------------------
                         required time                         19.900    
                         arrival time                          -0.478    
  -------------------------------------------------------------------
                         slack                                 19.422    

Slack (MET) :             19.430ns  (required time - arrival time)
  Source:                 i_fifo_uart_send/U0/inst_fifo_gen/gconvfifo.rf/grf.rf/gntv_or_sync_fifo.gcx.clkx/rd_pntr_gc_reg[9]/C
                            (rising edge-triggered cell FDCE clocked by clk_50M_clk_wiz_0_1)
  Destination:            i_fifo_uart_send/U0/inst_fifo_gen/gconvfifo.rf/grf.rf/gntv_or_sync_fifo.gcx.clkx/gsync_stage[1].wr_stg_inst/Q_reg_reg[9]/D
                            (rising edge-triggered cell FDCE clocked by clk_32M_clk_wiz_0_1)
  Path Group:             clk_32M_clk_wiz_0_1
  Path Type:              Setup (Max at Slow Process Corner)
  Requirement:            20.000ns  (MaxDelay Path 20.000ns)
  Data Path Delay:        0.480ns  (logic 0.204ns (42.509%)  route 0.276ns (57.491%))
  Logic Levels:           0  
  Timing Exception:       MaxDelay Path 20.000ns -datapath_only

    Location             Delay type                Incr(ns)  Path(ns)    Netlist Resource(s)
  -------------------------------------------------------------------    -------------------
    SLICE_X24Y44                                      0.000     0.000 r  i_fifo_uart_send/U0/inst_fifo_gen/gconvfifo.rf/grf.rf/gntv_or_sync_fifo.gcx.clkx/rd_pntr_gc_reg[9]/C
    SLICE_X24Y44         FDCE (Prop_fdce_C_Q)         0.204     0.204 r  i_fifo_uart_send/U0/inst_fifo_gen/gconvfifo.rf/grf.rf/gntv_or_sync_fifo.gcx.clkx/rd_pntr_gc_reg[9]/Q
                         net (fo=1, routed)           0.276     0.480    i_fifo_uart_send/U0/inst_fifo_gen/gconvfifo.rf/grf.rf/gntv_or_sync_fifo.gcx.clkx/gsync_stage[1].wr_stg_inst/I1[9]
    SLICE_X24Y42         FDCE                                         r  i_fifo_uart_send/U0/inst_fifo_gen/gconvfifo.rf/grf.rf/gntv_or_sync_fifo.gcx.clkx/gsync_stage[1].wr_stg_inst/Q_reg_reg[9]/D
  -------------------------------------------------------------------    -------------------

                         max delay                   20.000    20.000    
    SLICE_X24Y42         FDCE (Setup_fdce_C_D)       -0.090    19.910    i_fifo_uart_send/U0/inst_fifo_gen/gconvfifo.rf/grf.rf/gntv_or_sync_fifo.gcx.clkx/gsync_stage[1].wr_stg_inst/Q_reg_reg[9]
  -------------------------------------------------------------------
                         required time                         19.910    
                         arrival time                          -0.480    
  -------------------------------------------------------------------
                         slack                                 19.430    

Slack (MET) :             19.449ns  (required time - arrival time)
  Source:                 i_fifo_uart_send/U0/inst_fifo_gen/gconvfifo.rf/grf.rf/gntv_or_sync_fifo.gcx.clkx/rd_pntr_gc_reg[6]/C
                            (rising edge-triggered cell FDCE clocked by clk_50M_clk_wiz_0_1)
  Destination:            i_fifo_uart_send/U0/inst_fifo_gen/gconvfifo.rf/grf.rf/gntv_or_sync_fifo.gcx.clkx/gsync_stage[1].wr_stg_inst/Q_reg_reg[6]/D
                            (rising edge-triggered cell FDCE clocked by clk_32M_clk_wiz_0_1)
  Path Group:             clk_32M_clk_wiz_0_1
  Path Type:              Setup (Max at Slow Process Corner)
  Requirement:            20.000ns  (MaxDelay Path 20.000ns)
  Data Path Delay:        0.541ns  (logic 0.223ns (41.203%)  route 0.318ns (58.797%))
  Logic Levels:           0  
  Timing Exception:       MaxDelay Path 20.000ns -datapath_only

    Location             Delay type                Incr(ns)  Path(ns)    Netlist Resource(s)
  -------------------------------------------------------------------    -------------------
    SLICE_X24Y44                                      0.000     0.000 r  i_fifo_uart_send/U0/inst_fifo_gen/gconvfifo.rf/grf.rf/gntv_or_sync_fifo.gcx.clkx/rd_pntr_gc_reg[6]/C
    SLICE_X24Y44         FDCE (Prop_fdce_C_Q)         0.223     0.223 r  i_fifo_uart_send/U0/inst_fifo_gen/gconvfifo.rf/grf.rf/gntv_or_sync_fifo.gcx.clkx/rd_pntr_gc_reg[6]/Q
                         net (fo=1, routed)           0.318     0.541    i_fifo_uart_send/U0/inst_fifo_gen/gconvfifo.rf/grf.rf/gntv_or_sync_fifo.gcx.clkx/gsync_stage[1].wr_stg_inst/I1[6]
    SLICE_X24Y42         FDCE                                         r  i_fifo_uart_send/U0/inst_fifo_gen/gconvfifo.rf/grf.rf/gntv_or_sync_fifo.gcx.clkx/gsync_stage[1].wr_stg_inst/Q_reg_reg[6]/D
  -------------------------------------------------------------------    -------------------

                         max delay                   20.000    20.000    
    SLICE_X24Y42         FDCE (Setup_fdce_C_D)       -0.010    19.990    i_fifo_uart_send/U0/inst_fifo_gen/gconvfifo.rf/grf.rf/gntv_or_sync_fifo.gcx.clkx/gsync_stage[1].wr_stg_inst/Q_reg_reg[6]
  -------------------------------------------------------------------
                         required time                         19.990    
                         arrival time                          -0.541    
  -------------------------------------------------------------------
                         slack                                 19.449    

Slack (MET) :             19.452ns  (required time - arrival time)
  Source:                 i_fifo_uart_recv/U0/inst_fifo_gen/gconvfifo.rf/grf.rf/gntv_or_sync_fifo.gcx.clkx/wr_pntr_gc_reg[9]/C
                            (rising edge-triggered cell FDCE clocked by clk_50M_clk_wiz_0_1)
  Destination:            i_fifo_uart_recv/U0/inst_fifo_gen/gconvfifo.rf/grf.rf/gntv_or_sync_fifo.gcx.clkx/gsync_stage[1].rd_stg_inst/Q_reg_reg[9]/D
                            (rising edge-triggered cell FDCE clocked by clk_32M_clk_wiz_0_1)
  Path Group:             clk_32M_clk_wiz_0_1
  Path Type:              Setup (Max at Slow Process Corner)
  Requirement:            20.000ns  (MaxDelay Path 20.000ns)
  Data Path Delay:        0.561ns  (logic 0.259ns (46.149%)  route 0.302ns (53.851%))
  Logic Levels:           0  
  Timing Exception:       MaxDelay Path 20.000ns -datapath_only

    Location             Delay type                Incr(ns)  Path(ns)    Netlist Resource(s)
  -------------------------------------------------------------------    -------------------
    SLICE_X6Y42                                       0.000     0.000 r  i_fifo_uart_recv/U0/inst_fifo_gen/gconvfifo.rf/grf.rf/gntv_or_sync_fifo.gcx.clkx/wr_pntr_gc_reg[9]/C
    SLICE_X6Y42          FDCE (Prop_fdce_C_Q)         0.259     0.259 r  i_fifo_uart_recv/U0/inst_fifo_gen/gconvfifo.rf/grf.rf/gntv_or_sync_fifo.gcx.clkx/wr_pntr_gc_reg[9]/Q
                         net (fo=1, routed)           0.302     0.561    i_fifo_uart_recv/U0/inst_fifo_gen/gconvfifo.rf/grf.rf/gntv_or_sync_fifo.gcx.clkx/gsync_stage[1].rd_stg_inst/I1[9]
    SLICE_X6Y43          FDCE                                         r  i_fifo_uart_recv/U0/inst_fifo_gen/gconvfifo.rf/grf.rf/gntv_or_sync_fifo.gcx.clkx/gsync_stage[1].rd_stg_inst/Q_reg_reg[9]/D
  -------------------------------------------------------------------    -------------------

                         max delay                   20.000    20.000    
    SLICE_X6Y43          FDCE (Setup_fdce_C_D)        0.013    20.013    i_fifo_uart_recv/U0/inst_fifo_gen/gconvfifo.rf/grf.rf/gntv_or_sync_fifo.gcx.clkx/gsync_stage[1].rd_stg_inst/Q_reg_reg[9]
  -------------------------------------------------------------------
                         required time                         20.013    
                         arrival time                          -0.561    
  -------------------------------------------------------------------
                         slack                                 19.452    

Slack (MET) :             19.475ns  (required time - arrival time)
  Source:                 i_fifo_uart_recv/U0/inst_fifo_gen/gconvfifo.rf/grf.rf/gntv_or_sync_fifo.gcx.clkx/wr_pntr_gc_reg[8]/C
                            (rising edge-triggered cell FDCE clocked by clk_50M_clk_wiz_0_1)
  Destination:            i_fifo_uart_recv/U0/inst_fifo_gen/gconvfifo.rf/grf.rf/gntv_or_sync_fifo.gcx.clkx/gsync_stage[1].rd_stg_inst/Q_reg_reg[8]/D
                            (rising edge-triggered cell FDCE clocked by clk_32M_clk_wiz_0_1)
  Path Group:             clk_32M_clk_wiz_0_1
  Path Type:              Setup (Max at Slow Process Corner)
  Requirement:            20.000ns  (MaxDelay Path 20.000ns)
  Data Path Delay:        0.506ns  (logic 0.223ns (44.060%)  route 0.283ns (55.940%))
  Logic Levels:           0  
  Timing Exception:       MaxDelay Path 20.000ns -datapath_only

    Location             Delay type                Incr(ns)  Path(ns)    Netlist Resource(s)
  -------------------------------------------------------------------    -------------------
    SLICE_X3Y44                                       0.000     0.000 r  i_fifo_uart_recv/U0/inst_fifo_gen/gconvfifo.rf/grf.rf/gntv_or_sync_fifo.gcx.clkx/wr_pntr_gc_reg[8]/C
    SLICE_X3Y44          FDCE (Prop_fdce_C_Q)         0.223     0.223 r  i_fifo_uart_recv/U0/inst_fifo_gen/gconvfifo.rf/grf.rf/gntv_or_sync_fifo.gcx.clkx/wr_pntr_gc_reg[8]/Q
                         net (fo=1, routed)           0.283     0.506    i_fifo_uart_recv/U0/inst_fifo_gen/gconvfifo.rf/grf.rf/gntv_or_sync_fifo.gcx.clkx/gsync_stage[1].rd_stg_inst/I1[8]
    SLICE_X4Y43          FDCE                                         r  i_fifo_uart_recv/U0/inst_fifo_gen/gconvfifo.rf/grf.rf/gntv_or_sync_fifo.gcx.clkx/gsync_stage[1].rd_stg_inst/Q_reg_reg[8]/D
  -------------------------------------------------------------------    -------------------

                         max delay                   20.000    20.000    
    SLICE_X4Y43          FDCE (Setup_fdce_C_D)       -0.019    19.981    i_fifo_uart_recv/U0/inst_fifo_gen/gconvfifo.rf/grf.rf/gntv_or_sync_fifo.gcx.clkx/gsync_stage[1].rd_stg_inst/Q_reg_reg[8]
  -------------------------------------------------------------------
                         required time                         19.981    
                         arrival time                          -0.506    
  -------------------------------------------------------------------
                         slack                                 19.475    





---------------------------------------------------------------------------------------------------
From Clock:  clk_32M_clk_wiz_0_1
  To Clock:  clk_50M_clk_wiz_0_1

Setup :            0  Failing Endpoints,  Worst Slack       30.536ns,  Total Violation        0.000ns
Hold  :           NA  Failing Endpoints,  Worst Slack           NA  ,  Total Violation           NA
---------------------------------------------------------------------------------------------------


Max Delay Paths
--------------------------------------------------------------------------------------
Slack (MET) :             30.536ns  (required time - arrival time)
  Source:                 i_fifo_uart_send/U0/inst_fifo_gen/gconvfifo.rf/grf.rf/gntv_or_sync_fifo.gcx.clkx/wr_pntr_gc_reg[4]/C
                            (rising edge-triggered cell FDCE clocked by clk_32M_clk_wiz_0_1)
  Destination:            i_fifo_uart_send/U0/inst_fifo_gen/gconvfifo.rf/grf.rf/gntv_or_sync_fifo.gcx.clkx/gsync_stage[1].rd_stg_inst/Q_reg_reg[4]/D
                            (rising edge-triggered cell FDCE clocked by clk_50M_clk_wiz_0_1)
  Path Group:             clk_50M_clk_wiz_0_1
  Path Type:              Setup (Max at Slow Process Corner)
  Requirement:            31.250ns  (MaxDelay Path 31.250ns)
  Data Path Delay:        0.695ns  (logic 0.223ns (32.074%)  route 0.472ns (67.926%))
  Logic Levels:           0  
  Timing Exception:       MaxDelay Path 31.250ns -datapath_only

    Location             Delay type                Incr(ns)  Path(ns)    Netlist Resource(s)
  -------------------------------------------------------------------    -------------------
    SLICE_X24Y43                                      0.000     0.000 r  i_fifo_uart_send/U0/inst_fifo_gen/gconvfifo.rf/grf.rf/gntv_or_sync_fifo.gcx.clkx/wr_pntr_gc_reg[4]/C
    SLICE_X24Y43         FDCE (Prop_fdce_C_Q)         0.223     0.223 r  i_fifo_uart_send/U0/inst_fifo_gen/gconvfifo.rf/grf.rf/gntv_or_sync_fifo.gcx.clkx/wr_pntr_gc_reg[4]/Q
                         net (fo=1, routed)           0.472     0.695    i_fifo_uart_send/U0/inst_fifo_gen/gconvfifo.rf/grf.rf/gntv_or_sync_fifo.gcx.clkx/gsync_stage[1].rd_stg_inst/I1[4]
    SLICE_X25Y43         FDCE                                         r  i_fifo_uart_send/U0/inst_fifo_gen/gconvfifo.rf/grf.rf/gntv_or_sync_fifo.gcx.clkx/gsync_stage[1].rd_stg_inst/Q_reg_reg[4]/D
  -------------------------------------------------------------------    -------------------

                         max delay                   31.250    31.250    
    SLICE_X25Y43         FDCE (Setup_fdce_C_D)       -0.019    31.231    i_fifo_uart_send/U0/inst_fifo_gen/gconvfifo.rf/grf.rf/gntv_or_sync_fifo.gcx.clkx/gsync_stage[1].rd_stg_inst/Q_reg_reg[4]
  -------------------------------------------------------------------
                         required time                         31.231    
                         arrival time                          -0.695    
  -------------------------------------------------------------------
                         slack                                 30.536    

Slack (MET) :             30.588ns  (required time - arrival time)
  Source:                 i_fifo_uart_send/U0/inst_fifo_gen/gconvfifo.rf/grf.rf/gntv_or_sync_fifo.gcx.clkx/wr_pntr_gc_reg[5]/C
                            (rising edge-triggered cell FDCE clocked by clk_32M_clk_wiz_0_1)
  Destination:            i_fifo_uart_send/U0/inst_fifo_gen/gconvfifo.rf/grf.rf/gntv_or_sync_fifo.gcx.clkx/gsync_stage[1].rd_stg_inst/Q_reg_reg[5]/D
                            (rising edge-triggered cell FDCE clocked by clk_50M_clk_wiz_0_1)
  Path Group:             clk_50M_clk_wiz_0_1
  Path Type:              Setup (Max at Slow Process Corner)
  Requirement:            31.250ns  (MaxDelay Path 31.250ns)
  Data Path Delay:        0.572ns  (logic 0.204ns (35.686%)  route 0.368ns (64.314%))
  Logic Levels:           0  
  Timing Exception:       MaxDelay Path 31.250ns -datapath_only

    Location             Delay type                Incr(ns)  Path(ns)    Netlist Resource(s)
  -------------------------------------------------------------------    -------------------
    SLICE_X24Y43                                      0.000     0.000 r  i_fifo_uart_send/U0/inst_fifo_gen/gconvfifo.rf/grf.rf/gntv_or_sync_fifo.gcx.clkx/wr_pntr_gc_reg[5]/C
    SLICE_X24Y43         FDCE (Prop_fdce_C_Q)         0.204     0.204 r  i_fifo_uart_send/U0/inst_fifo_gen/gconvfifo.rf/grf.rf/gntv_or_sync_fifo.gcx.clkx/wr_pntr_gc_reg[5]/Q
                         net (fo=1, routed)           0.368     0.572    i_fifo_uart_send/U0/inst_fifo_gen/gconvfifo.rf/grf.rf/gntv_or_sync_fifo.gcx.clkx/gsync_stage[1].rd_stg_inst/I1[5]
    SLICE_X25Y43         FDCE                                         r  i_fifo_uart_send/U0/inst_fifo_gen/gconvfifo.rf/grf.rf/gntv_or_sync_fifo.gcx.clkx/gsync_stage[1].rd_stg_inst/Q_reg_reg[5]/D
  -------------------------------------------------------------------    -------------------

                         max delay                   31.250    31.250    
    SLICE_X25Y43         FDCE (Setup_fdce_C_D)       -0.090    31.160    i_fifo_uart_send/U0/inst_fifo_gen/gconvfifo.rf/grf.rf/gntv_or_sync_fifo.gcx.clkx/gsync_stage[1].rd_stg_inst/Q_reg_reg[5]
  -------------------------------------------------------------------
                         required time                         31.160    
                         arrival time                          -0.572    
  -------------------------------------------------------------------
                         slack                                 30.588    

Slack (MET) :             30.596ns  (required time - arrival time)
  Source:                 i_fifo_uart_recv/U0/inst_fifo_gen/gconvfifo.rf/grf.rf/gntv_or_sync_fifo.gcx.clkx/rd_pntr_gc_reg[5]/C
                            (rising edge-triggered cell FDCE clocked by clk_32M_clk_wiz_0_1)
  Destination:            i_fifo_uart_recv/U0/inst_fifo_gen/gconvfifo.rf/grf.rf/gntv_or_sync_fifo.gcx.clkx/gsync_stage[1].wr_stg_inst/Q_reg_reg[5]/D
                            (rising edge-triggered cell FDCE clocked by clk_50M_clk_wiz_0_1)
  Path Group:             clk_50M_clk_wiz_0_1
  Path Type:              Setup (Max at Slow Process Corner)
  Requirement:            31.250ns  (MaxDelay Path 31.250ns)
  Data Path Delay:        0.562ns  (logic 0.204ns (36.268%)  route 0.358ns (63.732%))
  Logic Levels:           0  
  Timing Exception:       MaxDelay Path 31.250ns -datapath_only

    Location             Delay type                Incr(ns)  Path(ns)    Netlist Resource(s)
  -------------------------------------------------------------------    -------------------
    SLICE_X5Y43                                       0.000     0.000 r  i_fifo_uart_recv/U0/inst_fifo_gen/gconvfifo.rf/grf.rf/gntv_or_sync_fifo.gcx.clkx/rd_pntr_gc_reg[5]/C
    SLICE_X5Y43          FDCE (Prop_fdce_C_Q)         0.204     0.204 r  i_fifo_uart_recv/U0/inst_fifo_gen/gconvfifo.rf/grf.rf/gntv_or_sync_fifo.gcx.clkx/rd_pntr_gc_reg[5]/Q
                         net (fo=1, routed)           0.358     0.562    i_fifo_uart_recv/U0/inst_fifo_gen/gconvfifo.rf/grf.rf/gntv_or_sync_fifo.gcx.clkx/gsync_stage[1].wr_stg_inst/I1[5]
    SLICE_X5Y41          FDCE                                         r  i_fifo_uart_recv/U0/inst_fifo_gen/gconvfifo.rf/grf.rf/gntv_or_sync_fifo.gcx.clkx/gsync_stage[1].wr_stg_inst/Q_reg_reg[5]/D
  -------------------------------------------------------------------    -------------------

                         max delay                   31.250    31.250    
    SLICE_X5Y41          FDCE (Setup_fdce_C_D)       -0.092    31.158    i_fifo_uart_recv/U0/inst_fifo_gen/gconvfifo.rf/grf.rf/gntv_or_sync_fifo.gcx.clkx/gsync_stage[1].wr_stg_inst/Q_reg_reg[5]
  -------------------------------------------------------------------
                         required time                         31.158    
                         arrival time                          -0.562    
  -------------------------------------------------------------------
                         slack                                 30.596    

Slack (MET) :             30.624ns  (required time - arrival time)
  Source:                 i_fifo_uart_recv/U0/inst_fifo_gen/gconvfifo.rf/grf.rf/gntv_or_sync_fifo.gcx.clkx/rd_pntr_gc_reg[4]/C
                            (rising edge-triggered cell FDCE clocked by clk_32M_clk_wiz_0_1)
  Destination:            i_fifo_uart_recv/U0/inst_fifo_gen/gconvfifo.rf/grf.rf/gntv_or_sync_fifo.gcx.clkx/gsync_stage[1].wr_stg_inst/Q_reg_reg[4]/D
                            (rising edge-triggered cell FDCE clocked by clk_50M_clk_wiz_0_1)
  Path Group:             clk_50M_clk_wiz_0_1
  Path Type:              Setup (Max at Slow Process Corner)
  Requirement:            31.250ns  (MaxDelay Path 31.250ns)
  Data Path Delay:        0.607ns  (logic 0.223ns (36.731%)  route 0.384ns (63.269%))
  Logic Levels:           0  
  Timing Exception:       MaxDelay Path 31.250ns -datapath_only

    Location             Delay type                Incr(ns)  Path(ns)    Netlist Resource(s)
  -------------------------------------------------------------------    -------------------
    SLICE_X5Y43                                       0.000     0.000 r  i_fifo_uart_recv/U0/inst_fifo_gen/gconvfifo.rf/grf.rf/gntv_or_sync_fifo.gcx.clkx/rd_pntr_gc_reg[4]/C
    SLICE_X5Y43          FDCE (Prop_fdce_C_Q)         0.223     0.223 r  i_fifo_uart_recv/U0/inst_fifo_gen/gconvfifo.rf/grf.rf/gntv_or_sync_fifo.gcx.clkx/rd_pntr_gc_reg[4]/Q
                         net (fo=1, routed)           0.384     0.607    i_fifo_uart_recv/U0/inst_fifo_gen/gconvfifo.rf/grf.rf/gntv_or_sync_fifo.gcx.clkx/gsync_stage[1].wr_stg_inst/I1[4]
    SLICE_X5Y42          FDCE                                         r  i_fifo_uart_recv/U0/inst_fifo_gen/gconvfifo.rf/grf.rf/gntv_or_sync_fifo.gcx.clkx/gsync_stage[1].wr_stg_inst/Q_reg_reg[4]/D
  -------------------------------------------------------------------    -------------------

                         max delay                   31.250    31.250    
    SLICE_X5Y42          FDCE (Setup_fdce_C_D)       -0.019    31.231    i_fifo_uart_recv/U0/inst_fifo_gen/gconvfifo.rf/grf.rf/gntv_or_sync_fifo.gcx.clkx/gsync_stage[1].wr_stg_inst/Q_reg_reg[4]
  -------------------------------------------------------------------
                         required time                         31.231    
                         arrival time                          -0.607    
  -------------------------------------------------------------------
                         slack                                 30.624    

Slack (MET) :             30.627ns  (required time - arrival time)
  Source:                 i_fifo_uart_recv/U0/inst_fifo_gen/gconvfifo.rf/grf.rf/gntv_or_sync_fifo.gcx.clkx/rd_pntr_gc_reg[7]/C
                            (rising edge-triggered cell FDCE clocked by clk_32M_clk_wiz_0_1)
  Destination:            i_fifo_uart_recv/U0/inst_fifo_gen/gconvfifo.rf/grf.rf/gntv_or_sync_fifo.gcx.clkx/gsync_stage[1].wr_stg_inst/Q_reg_reg[7]/D
                            (rising edge-triggered cell FDCE clocked by clk_50M_clk_wiz_0_1)
  Path Group:             clk_50M_clk_wiz_0_1
  Path Type:              Setup (Max at Slow Process Corner)
  Requirement:            31.250ns  (MaxDelay Path 31.250ns)
  Data Path Delay:        0.534ns  (logic 0.204ns (38.178%)  route 0.330ns (61.822%))
  Logic Levels:           0  
  Timing Exception:       MaxDelay Path 31.250ns -datapath_only

    Location             Delay type                Incr(ns)  Path(ns)    Netlist Resource(s)
  -------------------------------------------------------------------    -------------------
    SLICE_X4Y43                                       0.000     0.000 r  i_fifo_uart_recv/U0/inst_fifo_gen/gconvfifo.rf/grf.rf/gntv_or_sync_fifo.gcx.clkx/rd_pntr_gc_reg[7]/C
    SLICE_X4Y43          FDCE (Prop_fdce_C_Q)         0.204     0.204 r  i_fifo_uart_recv/U0/inst_fifo_gen/gconvfifo.rf/grf.rf/gntv_or_sync_fifo.gcx.clkx/rd_pntr_gc_reg[7]/Q
                         net (fo=1, routed)           0.330     0.534    i_fifo_uart_recv/U0/inst_fifo_gen/gconvfifo.rf/grf.rf/gntv_or_sync_fifo.gcx.clkx/gsync_stage[1].wr_stg_inst/I1[7]
    SLICE_X4Y42          FDCE                                         r  i_fifo_uart_recv/U0/inst_fifo_gen/gconvfifo.rf/grf.rf/gntv_or_sync_fifo.gcx.clkx/gsync_stage[1].wr_stg_inst/Q_reg_reg[7]/D
  -------------------------------------------------------------------    -------------------

                         max delay                   31.250    31.250    
    SLICE_X4Y42          FDCE (Setup_fdce_C_D)       -0.089    31.161    i_fifo_uart_recv/U0/inst_fifo_gen/gconvfifo.rf/grf.rf/gntv_or_sync_fifo.gcx.clkx/gsync_stage[1].wr_stg_inst/Q_reg_reg[7]
  -------------------------------------------------------------------
                         required time                         31.161    
                         arrival time                          -0.534    
  -------------------------------------------------------------------
                         slack                                 30.627    

Slack (MET) :             30.638ns  (required time - arrival time)
  Source:                 i_fifo_uart_recv/U0/inst_fifo_gen/gconvfifo.rf/grf.rf/gntv_or_sync_fifo.gcx.clkx/rd_pntr_gc_reg[9]/C
                            (rising edge-triggered cell FDCE clocked by clk_32M_clk_wiz_0_1)
  Destination:            i_fifo_uart_recv/U0/inst_fifo_gen/gconvfifo.rf/grf.rf/gntv_or_sync_fifo.gcx.clkx/gsync_stage[1].wr_stg_inst/Q_reg_reg[9]/D
                            (rising edge-triggered cell FDCE clocked by clk_50M_clk_wiz_0_1)
  Path Group:             clk_50M_clk_wiz_0_1
  Path Type:              Setup (Max at Slow Process Corner)
  Requirement:            31.250ns  (MaxDelay Path 31.250ns)
  Data Path Delay:        0.593ns  (logic 0.223ns (37.608%)  route 0.370ns (62.392%))
  Logic Levels:           0  
  Timing Exception:       MaxDelay Path 31.250ns -datapath_only

    Location             Delay type                Incr(ns)  Path(ns)    Netlist Resource(s)
  -------------------------------------------------------------------    -------------------
    SLICE_X4Y45                                       0.000     0.000 r  i_fifo_uart_recv/U0/inst_fifo_gen/gconvfifo.rf/grf.rf/gntv_or_sync_fifo.gcx.clkx/rd_pntr_gc_reg[9]/C
    SLICE_X4Y45          FDCE (Prop_fdce_C_Q)         0.223     0.223 r  i_fifo_uart_recv/U0/inst_fifo_gen/gconvfifo.rf/grf.rf/gntv_or_sync_fifo.gcx.clkx/rd_pntr_gc_reg[9]/Q
                         net (fo=1, routed)           0.370     0.593    i_fifo_uart_recv/U0/inst_fifo_gen/gconvfifo.rf/grf.rf/gntv_or_sync_fifo.gcx.clkx/gsync_stage[1].wr_stg_inst/I1[9]
    SLICE_X5Y41          FDCE                                         r  i_fifo_uart_recv/U0/inst_fifo_gen/gconvfifo.rf/grf.rf/gntv_or_sync_fifo.gcx.clkx/gsync_stage[1].wr_stg_inst/Q_reg_reg[9]/D
  -------------------------------------------------------------------    -------------------

                         max delay                   31.250    31.250    
    SLICE_X5Y41          FDCE (Setup_fdce_C_D)       -0.019    31.231    i_fifo_uart_recv/U0/inst_fifo_gen/gconvfifo.rf/grf.rf/gntv_or_sync_fifo.gcx.clkx/gsync_stage[1].wr_stg_inst/Q_reg_reg[9]
  -------------------------------------------------------------------
                         required time                         31.231    
                         arrival time                          -0.593    
  -------------------------------------------------------------------
                         slack                                 30.638    

Slack (MET) :             30.642ns  (required time - arrival time)
  Source:                 i_fifo_uart_recv/U0/inst_fifo_gen/gconvfifo.rf/grf.rf/gntv_or_sync_fifo.gcx.clkx/rd_pntr_gc_reg[8]/C
                            (rising edge-triggered cell FDCE clocked by clk_32M_clk_wiz_0_1)
  Destination:            i_fifo_uart_recv/U0/inst_fifo_gen/gconvfifo.rf/grf.rf/gntv_or_sync_fifo.gcx.clkx/gsync_stage[1].wr_stg_inst/Q_reg_reg[8]/D
                            (rising edge-triggered cell FDCE clocked by clk_50M_clk_wiz_0_1)
  Path Group:             clk_50M_clk_wiz_0_1
  Path Type:              Setup (Max at Slow Process Corner)
  Requirement:            31.250ns  (MaxDelay Path 31.250ns)
  Data Path Delay:        0.600ns  (logic 0.223ns (37.180%)  route 0.377ns (62.820%))
  Logic Levels:           0  
  Timing Exception:       MaxDelay Path 31.250ns -datapath_only

    Location             Delay type                Incr(ns)  Path(ns)    Netlist Resource(s)
  -------------------------------------------------------------------    -------------------
    SLICE_X3Y45                                       0.000     0.000 r  i_fifo_uart_recv/U0/inst_fifo_gen/gconvfifo.rf/grf.rf/gntv_or_sync_fifo.gcx.clkx/rd_pntr_gc_reg[8]/C
    SLICE_X3Y45          FDCE (Prop_fdce_C_Q)         0.223     0.223 r  i_fifo_uart_recv/U0/inst_fifo_gen/gconvfifo.rf/grf.rf/gntv_or_sync_fifo.gcx.clkx/rd_pntr_gc_reg[8]/Q
                         net (fo=1, routed)           0.377     0.600    i_fifo_uart_recv/U0/inst_fifo_gen/gconvfifo.rf/grf.rf/gntv_or_sync_fifo.gcx.clkx/gsync_stage[1].wr_stg_inst/I1[8]
    SLICE_X4Y42          FDCE                                         r  i_fifo_uart_recv/U0/inst_fifo_gen/gconvfifo.rf/grf.rf/gntv_or_sync_fifo.gcx.clkx/gsync_stage[1].wr_stg_inst/Q_reg_reg[8]/D
  -------------------------------------------------------------------    -------------------

                         max delay                   31.250    31.250    
    SLICE_X4Y42          FDCE (Setup_fdce_C_D)       -0.008    31.242    i_fifo_uart_recv/U0/inst_fifo_gen/gconvfifo.rf/grf.rf/gntv_or_sync_fifo.gcx.clkx/gsync_stage[1].wr_stg_inst/Q_reg_reg[8]
  -------------------------------------------------------------------
                         required time                         31.242    
                         arrival time                          -0.600    
  -------------------------------------------------------------------
                         slack                                 30.642    

Slack (MET) :             30.643ns  (required time - arrival time)
  Source:                 i_fifo_uart_send/U0/inst_fifo_gen/gconvfifo.rf/grf.rf/gntv_or_sync_fifo.gcx.clkx/wr_pntr_gc_reg[3]/C
                            (rising edge-triggered cell FDCE clocked by clk_32M_clk_wiz_0_1)
  Destination:            i_fifo_uart_send/U0/inst_fifo_gen/gconvfifo.rf/grf.rf/gntv_or_sync_fifo.gcx.clkx/gsync_stage[1].rd_stg_inst/Q_reg_reg[3]/D
                            (rising edge-triggered cell FDCE clocked by clk_50M_clk_wiz_0_1)
  Path Group:             clk_50M_clk_wiz_0_1
  Path Type:              Setup (Max at Slow Process Corner)
  Requirement:            31.250ns  (MaxDelay Path 31.250ns)
  Data Path Delay:        0.505ns  (logic 0.204ns (40.433%)  route 0.301ns (59.567%))
  Logic Levels:           0  
  Timing Exception:       MaxDelay Path 31.250ns -datapath_only

    Location             Delay type                Incr(ns)  Path(ns)    Netlist Resource(s)
  -------------------------------------------------------------------    -------------------
    SLICE_X25Y45                                      0.000     0.000 r  i_fifo_uart_send/U0/inst_fifo_gen/gconvfifo.rf/grf.rf/gntv_or_sync_fifo.gcx.clkx/wr_pntr_gc_reg[3]/C
    SLICE_X25Y45         FDCE (Prop_fdce_C_Q)         0.204     0.204 r  i_fifo_uart_send/U0/inst_fifo_gen/gconvfifo.rf/grf.rf/gntv_or_sync_fifo.gcx.clkx/wr_pntr_gc_reg[3]/Q
                         net (fo=1, routed)           0.301     0.505    i_fifo_uart_send/U0/inst_fifo_gen/gconvfifo.rf/grf.rf/gntv_or_sync_fifo.gcx.clkx/gsync_stage[1].rd_stg_inst/I1[3]
    SLICE_X25Y44         FDCE                                         r  i_fifo_uart_send/U0/inst_fifo_gen/gconvfifo.rf/grf.rf/gntv_or_sync_fifo.gcx.clkx/gsync_stage[1].rd_stg_inst/Q_reg_reg[3]/D
  -------------------------------------------------------------------    -------------------

                         max delay                   31.250    31.250    
    SLICE_X25Y44         FDCE (Setup_fdce_C_D)       -0.102    31.148    i_fifo_uart_send/U0/inst_fifo_gen/gconvfifo.rf/grf.rf/gntv_or_sync_fifo.gcx.clkx/gsync_stage[1].rd_stg_inst/Q_reg_reg[3]
  -------------------------------------------------------------------
                         required time                         31.148    
                         arrival time                          -0.505    
  -------------------------------------------------------------------
                         slack                                 30.643    

Slack (MET) :             30.644ns  (required time - arrival time)
  Source:                 i_fifo_uart_send/U0/inst_fifo_gen/gconvfifo.rf/grf.rf/gntv_or_sync_fifo.gcx.clkx/wr_pntr_gc_reg[7]/C
                            (rising edge-triggered cell FDCE clocked by clk_32M_clk_wiz_0_1)
  Destination:            i_fifo_uart_send/U0/inst_fifo_gen/gconvfifo.rf/grf.rf/gntv_or_sync_fifo.gcx.clkx/gsync_stage[1].rd_stg_inst/Q_reg_reg[7]/D
                            (rising edge-triggered cell FDCE clocked by clk_50M_clk_wiz_0_1)
  Path Group:             clk_50M_clk_wiz_0_1
  Path Type:              Setup (Max at Slow Process Corner)
  Requirement:            31.250ns  (MaxDelay Path 31.250ns)
  Data Path Delay:        0.516ns  (logic 0.204ns (39.525%)  route 0.312ns (60.475%))
  Logic Levels:           0  
  Timing Exception:       MaxDelay Path 31.250ns -datapath_only

    Location             Delay type                Incr(ns)  Path(ns)    Netlist Resource(s)
  -------------------------------------------------------------------    -------------------
    SLICE_X24Y42                                      0.000     0.000 r  i_fifo_uart_send/U0/inst_fifo_gen/gconvfifo.rf/grf.rf/gntv_or_sync_fifo.gcx.clkx/wr_pntr_gc_reg[7]/C
    SLICE_X24Y42         FDCE (Prop_fdce_C_Q)         0.204     0.204 r  i_fifo_uart_send/U0/inst_fifo_gen/gconvfifo.rf/grf.rf/gntv_or_sync_fifo.gcx.clkx/wr_pntr_gc_reg[7]/Q
                         net (fo=1, routed)           0.312     0.516    i_fifo_uart_send/U0/inst_fifo_gen/gconvfifo.rf/grf.rf/gntv_or_sync_fifo.gcx.clkx/gsync_stage[1].rd_stg_inst/I1[7]
    SLICE_X25Y43         FDCE                                         r  i_fifo_uart_send/U0/inst_fifo_gen/gconvfifo.rf/grf.rf/gntv_or_sync_fifo.gcx.clkx/gsync_stage[1].rd_stg_inst/Q_reg_reg[7]/D
  -------------------------------------------------------------------    -------------------

                         max delay                   31.250    31.250    
    SLICE_X25Y43         FDCE (Setup_fdce_C_D)       -0.090    31.160    i_fifo_uart_send/U0/inst_fifo_gen/gconvfifo.rf/grf.rf/gntv_or_sync_fifo.gcx.clkx/gsync_stage[1].rd_stg_inst/Q_reg_reg[7]
  -------------------------------------------------------------------
                         required time                         31.160    
                         arrival time                          -0.516    
  -------------------------------------------------------------------
                         slack                                 30.644    

Slack (MET) :             30.716ns  (required time - arrival time)
  Source:                 i_fifo_uart_recv/U0/inst_fifo_gen/gconvfifo.rf/grf.rf/gntv_or_sync_fifo.gcx.clkx/rd_pntr_gc_reg[0]/C
                            (rising edge-triggered cell FDCE clocked by clk_32M_clk_wiz_0_1)
  Destination:            i_fifo_uart_recv/U0/inst_fifo_gen/gconvfifo.rf/grf.rf/gntv_or_sync_fifo.gcx.clkx/gsync_stage[1].wr_stg_inst/Q_reg_reg[0]/D
                            (rising edge-triggered cell FDCE clocked by clk_50M_clk_wiz_0_1)
  Path Group:             clk_50M_clk_wiz_0_1
  Path Type:              Setup (Max at Slow Process Corner)
  Requirement:            31.250ns  (MaxDelay Path 31.250ns)
  Data Path Delay:        0.524ns  (logic 0.223ns (42.539%)  route 0.301ns (57.461%))
  Logic Levels:           0  
  Timing Exception:       MaxDelay Path 31.250ns -datapath_only

    Location             Delay type                Incr(ns)  Path(ns)    Netlist Resource(s)
  -------------------------------------------------------------------    -------------------
    SLICE_X5Y43                                       0.000     0.000 r  i_fifo_uart_recv/U0/inst_fifo_gen/gconvfifo.rf/grf.rf/gntv_or_sync_fifo.gcx.clkx/rd_pntr_gc_reg[0]/C
    SLICE_X5Y43          FDCE (Prop_fdce_C_Q)         0.223     0.223 r  i_fifo_uart_recv/U0/inst_fifo_gen/gconvfifo.rf/grf.rf/gntv_or_sync_fifo.gcx.clkx/rd_pntr_gc_reg[0]/Q
                         net (fo=1, routed)           0.301     0.524    i_fifo_uart_recv/U0/inst_fifo_gen/gconvfifo.rf/grf.rf/gntv_or_sync_fifo.gcx.clkx/gsync_stage[1].wr_stg_inst/I1[0]
    SLICE_X5Y42          FDCE                                         r  i_fifo_uart_recv/U0/inst_fifo_gen/gconvfifo.rf/grf.rf/gntv_or_sync_fifo.gcx.clkx/gsync_stage[1].wr_stg_inst/Q_reg_reg[0]/D
  -------------------------------------------------------------------    -------------------

                         max delay                   31.250    31.250    
    SLICE_X5Y42          FDCE (Setup_fdce_C_D)       -0.010    31.240    i_fifo_uart_recv/U0/inst_fifo_gen/gconvfifo.rf/grf.rf/gntv_or_sync_fifo.gcx.clkx/gsync_stage[1].wr_stg_inst/Q_reg_reg[0]
  -------------------------------------------------------------------
                         required time                         31.240    
                         arrival time                          -0.524    
  -------------------------------------------------------------------
                         slack                                 30.716    





---------------------------------------------------------------------------------------------------
Path Group:  **async_default**
From Clock:  clk_32M_clk_wiz_0_1
  To Clock:  clk_32M_clk_wiz_0_1

Setup :            0  Failing Endpoints,  Worst Slack       29.140ns,  Total Violation        0.000ns
Hold  :            0  Failing Endpoints,  Worst Slack        0.232ns,  Total Violation        0.000ns
---------------------------------------------------------------------------------------------------


Max Delay Paths
--------------------------------------------------------------------------------------
Slack (MET) :             29.140ns  (required time - arrival time)
  Source:                 dbg_hub/inst/UUT_MASTER/U_ICON_INTERFACE/U_CMD1/ctl_reg_reg[0]/C
                            (rising edge-triggered cell FDRE clocked by clk_32M_clk_wiz_0_1  {rise@0.000ns fall@15.625ns period=31.250ns})
  Destination:            dbg_hub/inst/UUT_MASTER/U_ICON_INTERFACE/U_CMD6_WR/U_WR_FIFO/SUBCORE_FIFO.xsdbm_v1_0_wrfifo_inst/inst_fifo_gen/gconvfifo.rf/grf.rf/rstblk/ngwrdrst.grst.g7serrst.rd_rst_asreg_reg/PRE
                            (recovery check against rising-edge clock clk_32M_clk_wiz_0_1  {rise@0.000ns fall@15.625ns period=31.250ns})
  Path Group:             **async_default**
  Path Type:              Recovery (Max at Slow Process Corner)
  Requirement:            31.250ns  (clk_32M_clk_wiz_0_1 rise@31.250ns - clk_32M_clk_wiz_0_1 rise@0.000ns)
  Data Path Delay:        1.868ns  (logic 0.302ns (16.163%)  route 1.566ns (83.837%))
  Logic Levels:           1  (LUT2=1)
  Clock Path Skew:        0.016ns (DCD - SCD + CPR)
    Destination Clock Delay (DCD):    -1.401ns = ( 29.849 - 31.250 ) 
    Source Clock Delay      (SCD):    -2.028ns
    Clock Pessimism Removal (CPR):    -0.611ns
  Clock Uncertainty:      0.080ns  ((TSJ^2 + DJ^2)^1/2) / 2 + PE
    Total System Jitter     (TSJ):    0.071ns
    Discrete Jitter          (DJ):    0.143ns
    Phase Error              (PE):    0.000ns

    Location             Delay type                Incr(ns)  Path(ns)    Netlist Resource(s)
  -------------------------------------------------------------------    -------------------
                         (clock clk_32M_clk_wiz_0_1 rise edge)
                                                      0.000     0.000 r  
    AE10                                              0.000     0.000 r  sys_clk_p
                         net (fo=0)                   0.000     0.000    i_pll/inst/clk_in1_p
    AE10                 IBUFDS (Prop_ibufds_I_O)     0.818     0.818 r  i_pll/inst/clkin1_ibufgds/O
                         net (fo=1, routed)           1.081     1.899    i_pll/inst/clk_in1_clk_wiz_0
    MMCME2_ADV_X1Y1      MMCME2_ADV (Prop_mmcme2_adv_CLKIN1_CLKOUT1)
                                                     -7.786    -5.887 r  i_pll/inst/mmcm_adv_inst/CLKOUT1
                         net (fo=1, routed)           2.130    -3.757    i_pll/inst/clk_32M_clk_wiz_0
    BUFGCTRL_X0Y0        BUFG (Prop_bufg_I_O)         0.093    -3.664 r  i_pll/inst/clkout2_buf/O
                         net (fo=639, routed)         1.636    -2.028    dbg_hub/inst/UUT_MASTER/U_ICON_INTERFACE/U_CMD1/clk
    SLICE_X8Y65                                                       r  dbg_hub/inst/UUT_MASTER/U_ICON_INTERFACE/U_CMD1/ctl_reg_reg[0]/C
  -------------------------------------------------------------------    -------------------
    SLICE_X8Y65          FDRE (Prop_fdre_C_Q)         0.259    -1.769 f  dbg_hub/inst/UUT_MASTER/U_ICON_INTERFACE/U_CMD1/ctl_reg_reg[0]/Q
                         net (fo=160, routed)         0.589    -1.180    dbg_hub/inst/U_ICON/U_CMD/ma_rst
    SLICE_X8Y62          LUT2 (Prop_lut2_I1_O)        0.043    -1.137 f  dbg_hub/inst/U_ICON/U_CMD/ngwrdrst.grst.g7serrst.wr_rst_asreg_i_1/O
                         net (fo=36, routed)          0.978    -0.160    dbg_hub/inst/UUT_MASTER/U_ICON_INTERFACE/U_CMD6_WR/U_WR_FIFO/SUBCORE_FIFO.xsdbm_v1_0_wrfifo_inst/inst_fifo_gen/gconvfifo.rf/grf.rf/rstblk/AR[0]
    SLICE_X1Y53          FDPE                                         f  dbg_hub/inst/UUT_MASTER/U_ICON_INTERFACE/U_CMD6_WR/U_WR_FIFO/SUBCORE_FIFO.xsdbm_v1_0_wrfifo_inst/inst_fifo_gen/gconvfifo.rf/grf.rf/rstblk/ngwrdrst.grst.g7serrst.rd_rst_asreg_reg/PRE
  -------------------------------------------------------------------    -------------------

                         (clock clk_32M_clk_wiz_0_1 rise edge)
                                                     31.250    31.250 r  
    AE10                                              0.000    31.250 r  sys_clk_p
                         net (fo=0)                   0.000    31.250    i_pll/inst/clk_in1_p
    AE10                 IBUFDS (Prop_ibufds_I_O)     0.722    31.972 r  i_pll/inst/clkin1_ibufgds/O
                         net (fo=1, routed)           0.986    32.958    i_pll/inst/clk_in1_clk_wiz_0
    MMCME2_ADV_X1Y1      MMCME2_ADV (Prop_mmcme2_adv_CLKIN1_CLKOUT1)
                                                     -6.759    26.199 r  i_pll/inst/mmcm_adv_inst/CLKOUT1
                         net (fo=1, routed)           2.005    28.204    i_pll/inst/clk_32M_clk_wiz_0
    BUFGCTRL_X0Y0        BUFG (Prop_bufg_I_O)         0.083    28.287 r  i_pll/inst/clkout2_buf/O
                         net (fo=639, routed)         1.562    29.849    dbg_hub/inst/UUT_MASTER/U_ICON_INTERFACE/U_CMD6_WR/U_WR_FIFO/SUBCORE_FIFO.xsdbm_v1_0_wrfifo_inst/inst_fifo_gen/gconvfifo.rf/grf.rf/rstblk/clk
    SLICE_X1Y53                                                       r  dbg_hub/inst/UUT_MASTER/U_ICON_INTERFACE/U_CMD6_WR/U_WR_FIFO/SUBCORE_FIFO.xsdbm_v1_0_wrfifo_inst/inst_fifo_gen/gconvfifo.rf/grf.rf/rstblk/ngwrdrst.grst.g7serrst.rd_rst_asreg_reg/C
                         clock pessimism             -0.611    29.238    
                         clock uncertainty           -0.080    29.158    
    SLICE_X1Y53          FDPE (Recov_fdpe_C_PRE)     -0.178    28.980    dbg_hub/inst/UUT_MASTER/U_ICON_INTERFACE/U_CMD6_WR/U_WR_FIFO/SUBCORE_FIFO.xsdbm_v1_0_wrfifo_inst/inst_fifo_gen/gconvfifo.rf/grf.rf/rstblk/ngwrdrst.grst.g7serrst.rd_rst_asreg_reg
  -------------------------------------------------------------------
                         required time                         28.980    
                         arrival time                           0.160    
  -------------------------------------------------------------------
                         slack                                 29.140    

Slack (MET) :             29.566ns  (required time - arrival time)
  Source:                 dbg_hub/inst/UUT_MASTER/U_ICON_INTERFACE/U_CMD1/ctl_reg_reg[0]/C
                            (rising edge-triggered cell FDRE clocked by clk_32M_clk_wiz_0_1  {rise@0.000ns fall@15.625ns period=31.250ns})
  Destination:            dbg_hub/inst/UUT_MASTER/U_ICON_INTERFACE/U_CMD6_RD/U_RD_FIFO/SUBCORE_FIFO.xsdbm_v1_0_rdfifo_inst/inst_fifo_gen/gconvfifo.rf/grf.rf/rstblk/ngwrdrst.grst.g7serrst.wr_rst_asreg_reg/PRE
                            (recovery check against rising-edge clock clk_32M_clk_wiz_0_1  {rise@0.000ns fall@15.625ns period=31.250ns})
  Path Group:             **async_default**
  Path Type:              Recovery (Max at Slow Process Corner)
  Requirement:            31.250ns  (clk_32M_clk_wiz_0_1 rise@31.250ns - clk_32M_clk_wiz_0_1 rise@0.000ns)
  Data Path Delay:        1.437ns  (logic 0.302ns (21.009%)  route 1.135ns (78.991%))
  Logic Levels:           1  (LUT2=1)
  Clock Path Skew:        0.011ns (DCD - SCD + CPR)
    Destination Clock Delay (DCD):    -1.406ns = ( 29.844 - 31.250 ) 
    Source Clock Delay      (SCD):    -2.028ns
    Clock Pessimism Removal (CPR):    -0.611ns
  Clock Uncertainty:      0.080ns  ((TSJ^2 + DJ^2)^1/2) / 2 + PE
    Total System Jitter     (TSJ):    0.071ns
    Discrete Jitter          (DJ):    0.143ns
    Phase Error              (PE):    0.000ns

    Location             Delay type                Incr(ns)  Path(ns)    Netlist Resource(s)
  -------------------------------------------------------------------    -------------------
                         (clock clk_32M_clk_wiz_0_1 rise edge)
                                                      0.000     0.000 r  
    AE10                                              0.000     0.000 r  sys_clk_p
                         net (fo=0)                   0.000     0.000    i_pll/inst/clk_in1_p
    AE10                 IBUFDS (Prop_ibufds_I_O)     0.818     0.818 r  i_pll/inst/clkin1_ibufgds/O
                         net (fo=1, routed)           1.081     1.899    i_pll/inst/clk_in1_clk_wiz_0
    MMCME2_ADV_X1Y1      MMCME2_ADV (Prop_mmcme2_adv_CLKIN1_CLKOUT1)
                                                     -7.786    -5.887 r  i_pll/inst/mmcm_adv_inst/CLKOUT1
                         net (fo=1, routed)           2.130    -3.757    i_pll/inst/clk_32M_clk_wiz_0
    BUFGCTRL_X0Y0        BUFG (Prop_bufg_I_O)         0.093    -3.664 r  i_pll/inst/clkout2_buf/O
                         net (fo=639, routed)         1.636    -2.028    dbg_hub/inst/UUT_MASTER/U_ICON_INTERFACE/U_CMD1/clk
    SLICE_X8Y65                                                       r  dbg_hub/inst/UUT_MASTER/U_ICON_INTERFACE/U_CMD1/ctl_reg_reg[0]/C
  -------------------------------------------------------------------    -------------------
    SLICE_X8Y65          FDRE (Prop_fdre_C_Q)         0.259    -1.769 f  dbg_hub/inst/UUT_MASTER/U_ICON_INTERFACE/U_CMD1/ctl_reg_reg[0]/Q
                         net (fo=160, routed)         0.589    -1.180    dbg_hub/inst/U_ICON/U_CMD/ma_rst
    SLICE_X8Y62          LUT2 (Prop_lut2_I1_O)        0.043    -1.137 f  dbg_hub/inst/U_ICON/U_CMD/ngwrdrst.grst.g7serrst.wr_rst_asreg_i_1/O
                         net (fo=36, routed)          0.547    -0.591    dbg_hub/inst/UUT_MASTER/U_ICON_INTERFACE/U_CMD6_RD/U_RD_FIFO/SUBCORE_FIFO.xsdbm_v1_0_rdfifo_inst/inst_fifo_gen/gconvfifo.rf/grf.rf/rstblk/AR[0]
    SLICE_X0Y64          FDPE                                         f  dbg_hub/inst/UUT_MASTER/U_ICON_INTERFACE/U_CMD6_RD/U_RD_FIFO/SUBCORE_FIFO.xsdbm_v1_0_rdfifo_inst/inst_fifo_gen/gconvfifo.rf/grf.rf/rstblk/ngwrdrst.grst.g7serrst.wr_rst_asreg_reg/PRE
  -------------------------------------------------------------------    -------------------

                         (clock clk_32M_clk_wiz_0_1 rise edge)
                                                     31.250    31.250 r  
    AE10                                              0.000    31.250 r  sys_clk_p
                         net (fo=0)                   0.000    31.250    i_pll/inst/clk_in1_p
    AE10                 IBUFDS (Prop_ibufds_I_O)     0.722    31.972 r  i_pll/inst/clkin1_ibufgds/O
                         net (fo=1, routed)           0.986    32.958    i_pll/inst/clk_in1_clk_wiz_0
    MMCME2_ADV_X1Y1      MMCME2_ADV (Prop_mmcme2_adv_CLKIN1_CLKOUT1)
                                                     -6.759    26.199 r  i_pll/inst/mmcm_adv_inst/CLKOUT1
                         net (fo=1, routed)           2.005    28.204    i_pll/inst/clk_32M_clk_wiz_0
    BUFGCTRL_X0Y0        BUFG (Prop_bufg_I_O)         0.083    28.287 r  i_pll/inst/clkout2_buf/O
                         net (fo=639, routed)         1.557    29.844    dbg_hub/inst/UUT_MASTER/U_ICON_INTERFACE/U_CMD6_RD/U_RD_FIFO/SUBCORE_FIFO.xsdbm_v1_0_rdfifo_inst/inst_fifo_gen/gconvfifo.rf/grf.rf/rstblk/clk
    SLICE_X0Y64                                                       r  dbg_hub/inst/UUT_MASTER/U_ICON_INTERFACE/U_CMD6_RD/U_RD_FIFO/SUBCORE_FIFO.xsdbm_v1_0_rdfifo_inst/inst_fifo_gen/gconvfifo.rf/grf.rf/rstblk/ngwrdrst.grst.g7serrst.wr_rst_asreg_reg/C
                         clock pessimism             -0.611    29.233    
                         clock uncertainty           -0.080    29.153    
    SLICE_X0Y64          FDPE (Recov_fdpe_C_PRE)     -0.178    28.975    dbg_hub/inst/UUT_MASTER/U_ICON_INTERFACE/U_CMD6_RD/U_RD_FIFO/SUBCORE_FIFO.xsdbm_v1_0_rdfifo_inst/inst_fifo_gen/gconvfifo.rf/grf.rf/rstblk/ngwrdrst.grst.g7serrst.wr_rst_asreg_reg
  -------------------------------------------------------------------
                         required time                         28.975    
                         arrival time                           0.591    
  -------------------------------------------------------------------
                         slack                                 29.566    

Slack (MET) :             29.595ns  (required time - arrival time)
  Source:                 rst_32m_n_reg/C
                            (rising edge-triggered cell FDRE clocked by clk_32M_clk_wiz_0_1  {rise@0.000ns fall@15.625ns period=31.250ns})
  Destination:            read_d_int_reg[4]/CLR
                            (recovery check against rising-edge clock clk_32M_clk_wiz_0_1  {rise@0.000ns fall@15.625ns period=31.250ns})
  Path Group:             **async_default**
  Path Type:              Recovery (Max at Slow Process Corner)
  Requirement:            31.250ns  (clk_32M_clk_wiz_0_1 rise@31.250ns - clk_32M_clk_wiz_0_1 rise@0.000ns)
  Data Path Delay:        1.371ns  (logic 0.302ns (22.031%)  route 1.069ns (77.969%))
  Logic Levels:           1  (LUT1=1)
  Clock Path Skew:        0.007ns (DCD - SCD + CPR)
    Destination Clock Delay (DCD):    -1.232ns = ( 30.018 - 31.250 ) 
    Source Clock Delay      (SCD):    -1.848ns
    Clock Pessimism Removal (CPR):    -0.609ns
  Clock Uncertainty:      0.080ns  ((TSJ^2 + DJ^2)^1/2) / 2 + PE
    Total System Jitter     (TSJ):    0.071ns
    Discrete Jitter          (DJ):    0.143ns
    Phase Error              (PE):    0.000ns

    Location             Delay type                Incr(ns)  Path(ns)    Netlist Resource(s)
  -------------------------------------------------------------------    -------------------
                         (clock clk_32M_clk_wiz_0_1 rise edge)
                                                      0.000     0.000 r  
    AE10                                              0.000     0.000 r  sys_clk_p
                         net (fo=0)                   0.000     0.000    i_pll/inst/clk_in1_p
    AE10                 IBUFDS (Prop_ibufds_I_O)     0.818     0.818 r  i_pll/inst/clkin1_ibufgds/O
                         net (fo=1, routed)           1.081     1.899    i_pll/inst/clk_in1_clk_wiz_0
    MMCME2_ADV_X1Y1      MMCME2_ADV (Prop_mmcme2_adv_CLKIN1_CLKOUT1)
                                                     -7.786    -5.887 r  i_pll/inst/mmcm_adv_inst/CLKOUT1
                         net (fo=1, routed)           2.130    -3.757    i_pll/inst/clk_32M_clk_wiz_0
    BUFGCTRL_X0Y0        BUFG (Prop_bufg_I_O)         0.093    -3.664 r  i_pll/inst/clkout2_buf/O
                         net (fo=639, routed)         1.816    -1.848    wr_clk
    SLICE_X16Y49                                                      r  rst_32m_n_reg/C
  -------------------------------------------------------------------    -------------------
    SLICE_X16Y49         FDRE (Prop_fdre_C_Q)         0.259    -1.589 r  rst_32m_n_reg/Q
                         net (fo=1, routed)           0.370    -1.219    rst_32m_n
    SLICE_X12Y49         LUT1 (Prop_lut1_I0_O)        0.043    -1.176 f  fifo_rx_rd_en_i_2/O
                         net (fo=19, routed)          0.699    -0.477    n_0_fifo_rx_rd_en_i_2
    SLICE_X4Y46          FDCE                                         f  read_d_int_reg[4]/CLR
  -------------------------------------------------------------------    -------------------

                         (clock clk_32M_clk_wiz_0_1 rise edge)
                                                     31.250    31.250 r  
    AE10                                              0.000    31.250 r  sys_clk_p
                         net (fo=0)                   0.000    31.250    i_pll/inst/clk_in1_p
    AE10                 IBUFDS (Prop_ibufds_I_O)     0.722    31.972 r  i_pll/inst/clkin1_ibufgds/O
                         net (fo=1, routed)           0.986    32.958    i_pll/inst/clk_in1_clk_wiz_0
    MMCME2_ADV_X1Y1      MMCME2_ADV (Prop_mmcme2_adv_CLKIN1_CLKOUT1)
                                                     -6.759    26.199 r  i_pll/inst/mmcm_adv_inst/CLKOUT1
                         net (fo=1, routed)           2.005    28.204    i_pll/inst/clk_32M_clk_wiz_0
    BUFGCTRL_X0Y0        BUFG (Prop_bufg_I_O)         0.083    28.287 r  i_pll/inst/clkout2_buf/O
                         net (fo=639, routed)         1.731    30.018    wr_clk
    SLICE_X4Y46                                                       r  read_d_int_reg[4]/C
                         clock pessimism             -0.609    29.409    
                         clock uncertainty           -0.080    29.329    
    SLICE_X4Y46          FDCE (Recov_fdce_C_CLR)     -0.212    29.117    read_d_int_reg[4]
  -------------------------------------------------------------------
                         required time                         29.117    
                         arrival time                           0.477    
  -------------------------------------------------------------------
                         slack                                 29.595    

Slack (MET) :             29.595ns  (required time - arrival time)
  Source:                 rst_32m_n_reg/C
                            (rising edge-triggered cell FDRE clocked by clk_32M_clk_wiz_0_1  {rise@0.000ns fall@15.625ns period=31.250ns})
  Destination:            read_d_int_reg[5]/CLR
                            (recovery check against rising-edge clock clk_32M_clk_wiz_0_1  {rise@0.000ns fall@15.625ns period=31.250ns})
  Path Group:             **async_default**
  Path Type:              Recovery (Max at Slow Process Corner)
  Requirement:            31.250ns  (clk_32M_clk_wiz_0_1 rise@31.250ns - clk_32M_clk_wiz_0_1 rise@0.000ns)
  Data Path Delay:        1.371ns  (logic 0.302ns (22.031%)  route 1.069ns (77.969%))
  Logic Levels:           1  (LUT1=1)
  Clock Path Skew:        0.007ns (DCD - SCD + CPR)
    Destination Clock Delay (DCD):    -1.232ns = ( 30.018 - 31.250 ) 
    Source Clock Delay      (SCD):    -1.848ns
    Clock Pessimism Removal (CPR):    -0.609ns
  Clock Uncertainty:      0.080ns  ((TSJ^2 + DJ^2)^1/2) / 2 + PE
    Total System Jitter     (TSJ):    0.071ns
    Discrete Jitter          (DJ):    0.143ns
    Phase Error              (PE):    0.000ns

    Location             Delay type                Incr(ns)  Path(ns)    Netlist Resource(s)
  -------------------------------------------------------------------    -------------------
                         (clock clk_32M_clk_wiz_0_1 rise edge)
                                                      0.000     0.000 r  
    AE10                                              0.000     0.000 r  sys_clk_p
                         net (fo=0)                   0.000     0.000    i_pll/inst/clk_in1_p
    AE10                 IBUFDS (Prop_ibufds_I_O)     0.818     0.818 r  i_pll/inst/clkin1_ibufgds/O
                         net (fo=1, routed)           1.081     1.899    i_pll/inst/clk_in1_clk_wiz_0
    MMCME2_ADV_X1Y1      MMCME2_ADV (Prop_mmcme2_adv_CLKIN1_CLKOUT1)
                                                     -7.786    -5.887 r  i_pll/inst/mmcm_adv_inst/CLKOUT1
                         net (fo=1, routed)           2.130    -3.757    i_pll/inst/clk_32M_clk_wiz_0
    BUFGCTRL_X0Y0        BUFG (Prop_bufg_I_O)         0.093    -3.664 r  i_pll/inst/clkout2_buf/O
                         net (fo=639, routed)         1.816    -1.848    wr_clk
    SLICE_X16Y49                                                      r  rst_32m_n_reg/C
  -------------------------------------------------------------------    -------------------
    SLICE_X16Y49         FDRE (Prop_fdre_C_Q)         0.259    -1.589 r  rst_32m_n_reg/Q
                         net (fo=1, routed)           0.370    -1.219    rst_32m_n
    SLICE_X12Y49         LUT1 (Prop_lut1_I0_O)        0.043    -1.176 f  fifo_rx_rd_en_i_2/O
                         net (fo=19, routed)          0.699    -0.477    n_0_fifo_rx_rd_en_i_2
    SLICE_X4Y46          FDCE                                         f  read_d_int_reg[5]/CLR
  -------------------------------------------------------------------    -------------------

                         (clock clk_32M_clk_wiz_0_1 rise edge)
                                                     31.250    31.250 r  
    AE10                                              0.000    31.250 r  sys_clk_p
                         net (fo=0)                   0.000    31.250    i_pll/inst/clk_in1_p
    AE10                 IBUFDS (Prop_ibufds_I_O)     0.722    31.972 r  i_pll/inst/clkin1_ibufgds/O
                         net (fo=1, routed)           0.986    32.958    i_pll/inst/clk_in1_clk_wiz_0
    MMCME2_ADV_X1Y1      MMCME2_ADV (Prop_mmcme2_adv_CLKIN1_CLKOUT1)
                                                     -6.759    26.199 r  i_pll/inst/mmcm_adv_inst/CLKOUT1
                         net (fo=1, routed)           2.005    28.204    i_pll/inst/clk_32M_clk_wiz_0
    BUFGCTRL_X0Y0        BUFG (Prop_bufg_I_O)         0.083    28.287 r  i_pll/inst/clkout2_buf/O
                         net (fo=639, routed)         1.731    30.018    wr_clk
    SLICE_X4Y46                                                       r  read_d_int_reg[5]/C
                         clock pessimism             -0.609    29.409    
                         clock uncertainty           -0.080    29.329    
    SLICE_X4Y46          FDCE (Recov_fdce_C_CLR)     -0.212    29.117    read_d_int_reg[5]
  -------------------------------------------------------------------
                         required time                         29.117    
                         arrival time                           0.477    
  -------------------------------------------------------------------
                         slack                                 29.595    

Slack (MET) :             29.595ns  (required time - arrival time)
  Source:                 rst_32m_n_reg/C
                            (rising edge-triggered cell FDRE clocked by clk_32M_clk_wiz_0_1  {rise@0.000ns fall@15.625ns period=31.250ns})
  Destination:            read_d_int_reg[6]/CLR
                            (recovery check against rising-edge clock clk_32M_clk_wiz_0_1  {rise@0.000ns fall@15.625ns period=31.250ns})
  Path Group:             **async_default**
  Path Type:              Recovery (Max at Slow Process Corner)
  Requirement:            31.250ns  (clk_32M_clk_wiz_0_1 rise@31.250ns - clk_32M_clk_wiz_0_1 rise@0.000ns)
  Data Path Delay:        1.371ns  (logic 0.302ns (22.031%)  route 1.069ns (77.969%))
  Logic Levels:           1  (LUT1=1)
  Clock Path Skew:        0.007ns (DCD - SCD + CPR)
    Destination Clock Delay (DCD):    -1.232ns = ( 30.018 - 31.250 ) 
    Source Clock Delay      (SCD):    -1.848ns
    Clock Pessimism Removal (CPR):    -0.609ns
  Clock Uncertainty:      0.080ns  ((TSJ^2 + DJ^2)^1/2) / 2 + PE
    Total System Jitter     (TSJ):    0.071ns
    Discrete Jitter          (DJ):    0.143ns
    Phase Error              (PE):    0.000ns

    Location             Delay type                Incr(ns)  Path(ns)    Netlist Resource(s)
  -------------------------------------------------------------------    -------------------
                         (clock clk_32M_clk_wiz_0_1 rise edge)
                                                      0.000     0.000 r  
    AE10                                              0.000     0.000 r  sys_clk_p
                         net (fo=0)                   0.000     0.000    i_pll/inst/clk_in1_p
    AE10                 IBUFDS (Prop_ibufds_I_O)     0.818     0.818 r  i_pll/inst/clkin1_ibufgds/O
                         net (fo=1, routed)           1.081     1.899    i_pll/inst/clk_in1_clk_wiz_0
    MMCME2_ADV_X1Y1      MMCME2_ADV (Prop_mmcme2_adv_CLKIN1_CLKOUT1)
                                                     -7.786    -5.887 r  i_pll/inst/mmcm_adv_inst/CLKOUT1
                         net (fo=1, routed)           2.130    -3.757    i_pll/inst/clk_32M_clk_wiz_0
    BUFGCTRL_X0Y0        BUFG (Prop_bufg_I_O)         0.093    -3.664 r  i_pll/inst/clkout2_buf/O
                         net (fo=639, routed)         1.816    -1.848    wr_clk
    SLICE_X16Y49                                                      r  rst_32m_n_reg/C
  -------------------------------------------------------------------    -------------------
    SLICE_X16Y49         FDRE (Prop_fdre_C_Q)         0.259    -1.589 r  rst_32m_n_reg/Q
                         net (fo=1, routed)           0.370    -1.219    rst_32m_n
    SLICE_X12Y49         LUT1 (Prop_lut1_I0_O)        0.043    -1.176 f  fifo_rx_rd_en_i_2/O
                         net (fo=19, routed)          0.699    -0.477    n_0_fifo_rx_rd_en_i_2
    SLICE_X4Y46          FDCE                                         f  read_d_int_reg[6]/CLR
  -------------------------------------------------------------------    -------------------

                         (clock clk_32M_clk_wiz_0_1 rise edge)
                                                     31.250    31.250 r  
    AE10                                              0.000    31.250 r  sys_clk_p
                         net (fo=0)                   0.000    31.250    i_pll/inst/clk_in1_p
    AE10                 IBUFDS (Prop_ibufds_I_O)     0.722    31.972 r  i_pll/inst/clkin1_ibufgds/O
                         net (fo=1, routed)           0.986    32.958    i_pll/inst/clk_in1_clk_wiz_0
    MMCME2_ADV_X1Y1      MMCME2_ADV (Prop_mmcme2_adv_CLKIN1_CLKOUT1)
                                                     -6.759    26.199 r  i_pll/inst/mmcm_adv_inst/CLKOUT1
                         net (fo=1, routed)           2.005    28.204    i_pll/inst/clk_32M_clk_wiz_0
    BUFGCTRL_X0Y0        BUFG (Prop_bufg_I_O)         0.083    28.287 r  i_pll/inst/clkout2_buf/O
                         net (fo=639, routed)         1.731    30.018    wr_clk
    SLICE_X4Y46                                                       r  read_d_int_reg[6]/C
                         clock pessimism             -0.609    29.409    
                         clock uncertainty           -0.080    29.329    
    SLICE_X4Y46          FDCE (Recov_fdce_C_CLR)     -0.212    29.117    read_d_int_reg[6]
  -------------------------------------------------------------------
                         required time                         29.117    
                         arrival time                           0.477    
  -------------------------------------------------------------------
                         slack                                 29.595    

Slack (MET) :             29.595ns  (required time - arrival time)
  Source:                 rst_32m_n_reg/C
                            (rising edge-triggered cell FDRE clocked by clk_32M_clk_wiz_0_1  {rise@0.000ns fall@15.625ns period=31.250ns})
  Destination:            read_d_int_reg[7]/CLR
                            (recovery check against rising-edge clock clk_32M_clk_wiz_0_1  {rise@0.000ns fall@15.625ns period=31.250ns})
  Path Group:             **async_default**
  Path Type:              Recovery (Max at Slow Process Corner)
  Requirement:            31.250ns  (clk_32M_clk_wiz_0_1 rise@31.250ns - clk_32M_clk_wiz_0_1 rise@0.000ns)
  Data Path Delay:        1.371ns  (logic 0.302ns (22.031%)  route 1.069ns (77.969%))
  Logic Levels:           1  (LUT1=1)
  Clock Path Skew:        0.007ns (DCD - SCD + CPR)
    Destination Clock Delay (DCD):    -1.232ns = ( 30.018 - 31.250 ) 
    Source Clock Delay      (SCD):    -1.848ns
    Clock Pessimism Removal (CPR):    -0.609ns
  Clock Uncertainty:      0.080ns  ((TSJ^2 + DJ^2)^1/2) / 2 + PE
    Total System Jitter     (TSJ):    0.071ns
    Discrete Jitter          (DJ):    0.143ns
    Phase Error              (PE):    0.000ns

    Location             Delay type                Incr(ns)  Path(ns)    Netlist Resource(s)
  -------------------------------------------------------------------    -------------------
                         (clock clk_32M_clk_wiz_0_1 rise edge)
                                                      0.000     0.000 r  
    AE10                                              0.000     0.000 r  sys_clk_p
                         net (fo=0)                   0.000     0.000    i_pll/inst/clk_in1_p
    AE10                 IBUFDS (Prop_ibufds_I_O)     0.818     0.818 r  i_pll/inst/clkin1_ibufgds/O
                         net (fo=1, routed)           1.081     1.899    i_pll/inst/clk_in1_clk_wiz_0
    MMCME2_ADV_X1Y1      MMCME2_ADV (Prop_mmcme2_adv_CLKIN1_CLKOUT1)
                                                     -7.786    -5.887 r  i_pll/inst/mmcm_adv_inst/CLKOUT1
                         net (fo=1, routed)           2.130    -3.757    i_pll/inst/clk_32M_clk_wiz_0
    BUFGCTRL_X0Y0        BUFG (Prop_bufg_I_O)         0.093    -3.664 r  i_pll/inst/clkout2_buf/O
                         net (fo=639, routed)         1.816    -1.848    wr_clk
    SLICE_X16Y49                                                      r  rst_32m_n_reg/C
  -------------------------------------------------------------------    -------------------
    SLICE_X16Y49         FDRE (Prop_fdre_C_Q)         0.259    -1.589 r  rst_32m_n_reg/Q
                         net (fo=1, routed)           0.370    -1.219    rst_32m_n
    SLICE_X12Y49         LUT1 (Prop_lut1_I0_O)        0.043    -1.176 f  fifo_rx_rd_en_i_2/O
                         net (fo=19, routed)          0.699    -0.477    n_0_fifo_rx_rd_en_i_2
    SLICE_X4Y46          FDCE                                         f  read_d_int_reg[7]/CLR
  -------------------------------------------------------------------    -------------------

                         (clock clk_32M_clk_wiz_0_1 rise edge)
                                                     31.250    31.250 r  
    AE10                                              0.000    31.250 r  sys_clk_p
                         net (fo=0)                   0.000    31.250    i_pll/inst/clk_in1_p
    AE10                 IBUFDS (Prop_ibufds_I_O)     0.722    31.972 r  i_pll/inst/clkin1_ibufgds/O
                         net (fo=1, routed)           0.986    32.958    i_pll/inst/clk_in1_clk_wiz_0
    MMCME2_ADV_X1Y1      MMCME2_ADV (Prop_mmcme2_adv_CLKIN1_CLKOUT1)
                                                     -6.759    26.199 r  i_pll/inst/mmcm_adv_inst/CLKOUT1
                         net (fo=1, routed)           2.005    28.204    i_pll/inst/clk_32M_clk_wiz_0
    BUFGCTRL_X0Y0        BUFG (Prop_bufg_I_O)         0.083    28.287 r  i_pll/inst/clkout2_buf/O
                         net (fo=639, routed)         1.731    30.018    wr_clk
    SLICE_X4Y46                                                       r  read_d_int_reg[7]/C
                         clock pessimism             -0.609    29.409    
                         clock uncertainty           -0.080    29.329    
    SLICE_X4Y46          FDCE (Recov_fdce_C_CLR)     -0.212    29.117    read_d_int_reg[7]
  -------------------------------------------------------------------
                         required time                         29.117    
                         arrival time                           0.477    
  -------------------------------------------------------------------
                         slack                                 29.595    

Slack (MET) :             29.620ns  (required time - arrival time)
  Source:                 rst_32m_n_reg/C
                            (rising edge-triggered cell FDRE clocked by clk_32M_clk_wiz_0_1  {rise@0.000ns fall@15.625ns period=31.250ns})
  Destination:            fifo_rx_rd_en_reg/CLR
                            (recovery check against rising-edge clock clk_32M_clk_wiz_0_1  {rise@0.000ns fall@15.625ns period=31.250ns})
  Path Group:             **async_default**
  Path Type:              Recovery (Max at Slow Process Corner)
  Requirement:            31.250ns  (clk_32M_clk_wiz_0_1 rise@31.250ns - clk_32M_clk_wiz_0_1 rise@0.000ns)
  Data Path Delay:        1.347ns  (logic 0.302ns (22.422%)  route 1.045ns (77.578%))
  Logic Levels:           1  (LUT1=1)
  Clock Path Skew:        0.008ns (DCD - SCD + CPR)
    Destination Clock Delay (DCD):    -1.231ns = ( 30.019 - 31.250 ) 
    Source Clock Delay      (SCD):    -1.848ns
    Clock Pessimism Removal (CPR):    -0.609ns
  Clock Uncertainty:      0.080ns  ((TSJ^2 + DJ^2)^1/2) / 2 + PE
    Total System Jitter     (TSJ):    0.071ns
    Discrete Jitter          (DJ):    0.143ns
    Phase Error              (PE):    0.000ns

    Location             Delay type                Incr(ns)  Path(ns)    Netlist Resource(s)
  -------------------------------------------------------------------    -------------------
                         (clock clk_32M_clk_wiz_0_1 rise edge)
                                                      0.000     0.000 r  
    AE10                                              0.000     0.000 r  sys_clk_p
                         net (fo=0)                   0.000     0.000    i_pll/inst/clk_in1_p
    AE10                 IBUFDS (Prop_ibufds_I_O)     0.818     0.818 r  i_pll/inst/clkin1_ibufgds/O
                         net (fo=1, routed)           1.081     1.899    i_pll/inst/clk_in1_clk_wiz_0
    MMCME2_ADV_X1Y1      MMCME2_ADV (Prop_mmcme2_adv_CLKIN1_CLKOUT1)
                                                     -7.786    -5.887 r  i_pll/inst/mmcm_adv_inst/CLKOUT1
                         net (fo=1, routed)           2.130    -3.757    i_pll/inst/clk_32M_clk_wiz_0
    BUFGCTRL_X0Y0        BUFG (Prop_bufg_I_O)         0.093    -3.664 r  i_pll/inst/clkout2_buf/O
                         net (fo=639, routed)         1.816    -1.848    wr_clk
    SLICE_X16Y49                                                      r  rst_32m_n_reg/C
  -------------------------------------------------------------------    -------------------
    SLICE_X16Y49         FDRE (Prop_fdre_C_Q)         0.259    -1.589 r  rst_32m_n_reg/Q
                         net (fo=1, routed)           0.370    -1.219    rst_32m_n
    SLICE_X12Y49         LUT1 (Prop_lut1_I0_O)        0.043    -1.176 f  fifo_rx_rd_en_i_2/O
                         net (fo=19, routed)          0.675    -0.501    n_0_fifo_rx_rd_en_i_2
    SLICE_X3Y46          FDCE                                         f  fifo_rx_rd_en_reg/CLR
  -------------------------------------------------------------------    -------------------

                         (clock clk_32M_clk_wiz_0_1 rise edge)
                                                     31.250    31.250 r  
    AE10                                              0.000    31.250 r  sys_clk_p
                         net (fo=0)                   0.000    31.250    i_pll/inst/clk_in1_p
    AE10                 IBUFDS (Prop_ibufds_I_O)     0.722    31.972 r  i_pll/inst/clkin1_ibufgds/O
                         net (fo=1, routed)           0.986    32.958    i_pll/inst/clk_in1_clk_wiz_0
    MMCME2_ADV_X1Y1      MMCME2_ADV (Prop_mmcme2_adv_CLKIN1_CLKOUT1)
                                                     -6.759    26.199 r  i_pll/inst/mmcm_adv_inst/CLKOUT1
                         net (fo=1, routed)           2.005    28.204    i_pll/inst/clk_32M_clk_wiz_0
    BUFGCTRL_X0Y0        BUFG (Prop_bufg_I_O)         0.083    28.287 r  i_pll/inst/clkout2_buf/O
                         net (fo=639, routed)         1.732    30.019    wr_clk
    SLICE_X3Y46                                                       r  fifo_rx_rd_en_reg/C
                         clock pessimism             -0.609    29.410    
                         clock uncertainty           -0.080    29.330    
    SLICE_X3Y46          FDCE (Recov_fdce_C_CLR)     -0.212    29.118    fifo_rx_rd_en_reg
  -------------------------------------------------------------------
                         required time                         29.118    
                         arrival time                           0.501    
  -------------------------------------------------------------------
                         slack                                 29.620    

Slack (MET) :             29.620ns  (required time - arrival time)
  Source:                 rst_32m_n_reg/C
                            (rising edge-triggered cell FDRE clocked by clk_32M_clk_wiz_0_1  {rise@0.000ns fall@15.625ns period=31.250ns})
  Destination:            read_valid_int_reg/CLR
                            (recovery check against rising-edge clock clk_32M_clk_wiz_0_1  {rise@0.000ns fall@15.625ns period=31.250ns})
  Path Group:             **async_default**
  Path Type:              Recovery (Max at Slow Process Corner)
  Requirement:            31.250ns  (clk_32M_clk_wiz_0_1 rise@31.250ns - clk_32M_clk_wiz_0_1 rise@0.000ns)
  Data Path Delay:        1.347ns  (logic 0.302ns (22.422%)  route 1.045ns (77.578%))
  Logic Levels:           1  (LUT1=1)
  Clock Path Skew:        0.008ns (DCD - SCD + CPR)
    Destination Clock Delay (DCD):    -1.231ns = ( 30.019 - 31.250 ) 
    Source Clock Delay      (SCD):    -1.848ns
    Clock Pessimism Removal (CPR):    -0.609ns
  Clock Uncertainty:      0.080ns  ((TSJ^2 + DJ^2)^1/2) / 2 + PE
    Total System Jitter     (TSJ):    0.071ns
    Discrete Jitter          (DJ):    0.143ns
    Phase Error              (PE):    0.000ns

    Location             Delay type                Incr(ns)  Path(ns)    Netlist Resource(s)
  -------------------------------------------------------------------    -------------------
                         (clock clk_32M_clk_wiz_0_1 rise edge)
                                                      0.000     0.000 r  
    AE10                                              0.000     0.000 r  sys_clk_p
                         net (fo=0)                   0.000     0.000    i_pll/inst/clk_in1_p
    AE10                 IBUFDS (Prop_ibufds_I_O)     0.818     0.818 r  i_pll/inst/clkin1_ibufgds/O
                         net (fo=1, routed)           1.081     1.899    i_pll/inst/clk_in1_clk_wiz_0
    MMCME2_ADV_X1Y1      MMCME2_ADV (Prop_mmcme2_adv_CLKIN1_CLKOUT1)
                                                     -7.786    -5.887 r  i_pll/inst/mmcm_adv_inst/CLKOUT1
                         net (fo=1, routed)           2.130    -3.757    i_pll/inst/clk_32M_clk_wiz_0
    BUFGCTRL_X0Y0        BUFG (Prop_bufg_I_O)         0.093    -3.664 r  i_pll/inst/clkout2_buf/O
                         net (fo=639, routed)         1.816    -1.848    wr_clk
    SLICE_X16Y49                                                      r  rst_32m_n_reg/C
  -------------------------------------------------------------------    -------------------
    SLICE_X16Y49         FDRE (Prop_fdre_C_Q)         0.259    -1.589 r  rst_32m_n_reg/Q
                         net (fo=1, routed)           0.370    -1.219    rst_32m_n
    SLICE_X12Y49         LUT1 (Prop_lut1_I0_O)        0.043    -1.176 f  fifo_rx_rd_en_i_2/O
                         net (fo=19, routed)          0.675    -0.501    n_0_fifo_rx_rd_en_i_2
    SLICE_X3Y46          FDCE                                         f  read_valid_int_reg/CLR
  -------------------------------------------------------------------    -------------------

                         (clock clk_32M_clk_wiz_0_1 rise edge)
                                                     31.250    31.250 r  
    AE10                                              0.000    31.250 r  sys_clk_p
                         net (fo=0)                   0.000    31.250    i_pll/inst/clk_in1_p
    AE10                 IBUFDS (Prop_ibufds_I_O)     0.722    31.972 r  i_pll/inst/clkin1_ibufgds/O
                         net (fo=1, routed)           0.986    32.958    i_pll/inst/clk_in1_clk_wiz_0
    MMCME2_ADV_X1Y1      MMCME2_ADV (Prop_mmcme2_adv_CLKIN1_CLKOUT1)
                                                     -6.759    26.199 r  i_pll/inst/mmcm_adv_inst/CLKOUT1
                         net (fo=1, routed)           2.005    28.204    i_pll/inst/clk_32M_clk_wiz_0
    BUFGCTRL_X0Y0        BUFG (Prop_bufg_I_O)         0.083    28.287 r  i_pll/inst/clkout2_buf/O
                         net (fo=639, routed)         1.732    30.019    wr_clk
    SLICE_X3Y46                                                       r  read_valid_int_reg/C
                         clock pessimism             -0.609    29.410    
                         clock uncertainty           -0.080    29.330    
    SLICE_X3Y46          FDCE (Recov_fdce_C_CLR)     -0.212    29.118    read_valid_int_reg
  -------------------------------------------------------------------
                         required time                         29.118    
                         arrival time                           0.501    
  -------------------------------------------------------------------
                         slack                                 29.620    

Slack (MET) :             29.649ns  (required time - arrival time)
  Source:                 rst_32m_n_reg/C
                            (rising edge-triggered cell FDRE clocked by clk_32M_clk_wiz_0_1  {rise@0.000ns fall@15.625ns period=31.250ns})
  Destination:            fifo_tx_wr_data_reg[2]/CLR
                            (recovery check against rising-edge clock clk_32M_clk_wiz_0_1  {rise@0.000ns fall@15.625ns period=31.250ns})
  Path Group:             **async_default**
  Path Type:              Recovery (Max at Slow Process Corner)
  Requirement:            31.250ns  (clk_32M_clk_wiz_0_1 rise@31.250ns - clk_32M_clk_wiz_0_1 rise@0.000ns)
  Data Path Delay:        1.262ns  (logic 0.302ns (23.931%)  route 0.960ns (76.069%))
  Logic Levels:           1  (LUT1=1)
  Clock Path Skew:        -0.047ns (DCD - SCD + CPR)
    Destination Clock Delay (DCD):    -1.286ns = ( 29.964 - 31.250 ) 
    Source Clock Delay      (SCD):    -1.848ns
    Clock Pessimism Removal (CPR):    -0.609ns
  Clock Uncertainty:      0.080ns  ((TSJ^2 + DJ^2)^1/2) / 2 + PE
    Total System Jitter     (TSJ):    0.071ns
    Discrete Jitter          (DJ):    0.143ns
    Phase Error              (PE):    0.000ns

    Location             Delay type                Incr(ns)  Path(ns)    Netlist Resource(s)
  -------------------------------------------------------------------    -------------------
                         (clock clk_32M_clk_wiz_0_1 rise edge)
                                                      0.000     0.000 r  
    AE10                                              0.000     0.000 r  sys_clk_p
                         net (fo=0)                   0.000     0.000    i_pll/inst/clk_in1_p
    AE10                 IBUFDS (Prop_ibufds_I_O)     0.818     0.818 r  i_pll/inst/clkin1_ibufgds/O
                         net (fo=1, routed)           1.081     1.899    i_pll/inst/clk_in1_clk_wiz_0
    MMCME2_ADV_X1Y1      MMCME2_ADV (Prop_mmcme2_adv_CLKIN1_CLKOUT1)
                                                     -7.786    -5.887 r  i_pll/inst/mmcm_adv_inst/CLKOUT1
                         net (fo=1, routed)           2.130    -3.757    i_pll/inst/clk_32M_clk_wiz_0
    BUFGCTRL_X0Y0        BUFG (Prop_bufg_I_O)         0.093    -3.664 r  i_pll/inst/clkout2_buf/O
                         net (fo=639, routed)         1.816    -1.848    wr_clk
    SLICE_X16Y49                                                      r  rst_32m_n_reg/C
  -------------------------------------------------------------------    -------------------
    SLICE_X16Y49         FDRE (Prop_fdre_C_Q)         0.259    -1.589 r  rst_32m_n_reg/Q
                         net (fo=1, routed)           0.370    -1.219    rst_32m_n
    SLICE_X12Y49         LUT1 (Prop_lut1_I0_O)        0.043    -1.176 f  fifo_rx_rd_en_i_2/O
                         net (fo=19, routed)          0.590    -0.586    n_0_fifo_rx_rd_en_i_2
    SLICE_X11Y46         FDCE                                         f  fifo_tx_wr_data_reg[2]/CLR
  -------------------------------------------------------------------    -------------------

                         (clock clk_32M_clk_wiz_0_1 rise edge)
                                                     31.250    31.250 r  
    AE10                                              0.000    31.250 r  sys_clk_p
                         net (fo=0)                   0.000    31.250    i_pll/inst/clk_in1_p
    AE10                 IBUFDS (Prop_ibufds_I_O)     0.722    31.972 r  i_pll/inst/clkin1_ibufgds/O
                         net (fo=1, routed)           0.986    32.958    i_pll/inst/clk_in1_clk_wiz_0
    MMCME2_ADV_X1Y1      MMCME2_ADV (Prop_mmcme2_adv_CLKIN1_CLKOUT1)
                                                     -6.759    26.199 r  i_pll/inst/mmcm_adv_inst/CLKOUT1
                         net (fo=1, routed)           2.005    28.204    i_pll/inst/clk_32M_clk_wiz_0
    BUFGCTRL_X0Y0        BUFG (Prop_bufg_I_O)         0.083    28.287 r  i_pll/inst/clkout2_buf/O
                         net (fo=639, routed)         1.677    29.964    wr_clk
    SLICE_X11Y46                                                      r  fifo_tx_wr_data_reg[2]/C
                         clock pessimism             -0.609    29.355    
                         clock uncertainty           -0.080    29.275    
    SLICE_X11Y46         FDCE (Recov_fdce_C_CLR)     -0.212    29.063    fifo_tx_wr_data_reg[2]
  -------------------------------------------------------------------
                         required time                         29.063    
                         arrival time                           0.586    
  -------------------------------------------------------------------
                         slack                                 29.649    

Slack (MET) :             29.649ns  (required time - arrival time)
  Source:                 rst_32m_n_reg/C
                            (rising edge-triggered cell FDRE clocked by clk_32M_clk_wiz_0_1  {rise@0.000ns fall@15.625ns period=31.250ns})
  Destination:            fifo_tx_wr_data_reg[3]/CLR
                            (recovery check against rising-edge clock clk_32M_clk_wiz_0_1  {rise@0.000ns fall@15.625ns period=31.250ns})
  Path Group:             **async_default**
  Path Type:              Recovery (Max at Slow Process Corner)
  Requirement:            31.250ns  (clk_32M_clk_wiz_0_1 rise@31.250ns - clk_32M_clk_wiz_0_1 rise@0.000ns)
  Data Path Delay:        1.262ns  (logic 0.302ns (23.931%)  route 0.960ns (76.069%))
  Logic Levels:           1  (LUT1=1)
  Clock Path Skew:        -0.047ns (DCD - SCD + CPR)
    Destination Clock Delay (DCD):    -1.286ns = ( 29.964 - 31.250 ) 
    Source Clock Delay      (SCD):    -1.848ns
    Clock Pessimism Removal (CPR):    -0.609ns
  Clock Uncertainty:      0.080ns  ((TSJ^2 + DJ^2)^1/2) / 2 + PE
    Total System Jitter     (TSJ):    0.071ns
    Discrete Jitter          (DJ):    0.143ns
    Phase Error              (PE):    0.000ns

    Location             Delay type                Incr(ns)  Path(ns)    Netlist Resource(s)
  -------------------------------------------------------------------    -------------------
                         (clock clk_32M_clk_wiz_0_1 rise edge)
                                                      0.000     0.000 r  
    AE10                                              0.000     0.000 r  sys_clk_p
                         net (fo=0)                   0.000     0.000    i_pll/inst/clk_in1_p
    AE10                 IBUFDS (Prop_ibufds_I_O)     0.818     0.818 r  i_pll/inst/clkin1_ibufgds/O
                         net (fo=1, routed)           1.081     1.899    i_pll/inst/clk_in1_clk_wiz_0
    MMCME2_ADV_X1Y1      MMCME2_ADV (Prop_mmcme2_adv_CLKIN1_CLKOUT1)
                                                     -7.786    -5.887 r  i_pll/inst/mmcm_adv_inst/CLKOUT1
                         net (fo=1, routed)           2.130    -3.757    i_pll/inst/clk_32M_clk_wiz_0
    BUFGCTRL_X0Y0        BUFG (Prop_bufg_I_O)         0.093    -3.664 r  i_pll/inst/clkout2_buf/O
                         net (fo=639, routed)         1.816    -1.848    wr_clk
    SLICE_X16Y49                                                      r  rst_32m_n_reg/C
  -------------------------------------------------------------------    -------------------
    SLICE_X16Y49         FDRE (Prop_fdre_C_Q)         0.259    -1.589 r  rst_32m_n_reg/Q
                         net (fo=1, routed)           0.370    -1.219    rst_32m_n
    SLICE_X12Y49         LUT1 (Prop_lut1_I0_O)        0.043    -1.176 f  fifo_rx_rd_en_i_2/O
                         net (fo=19, routed)          0.590    -0.586    n_0_fifo_rx_rd_en_i_2
    SLICE_X11Y46         FDCE                                         f  fifo_tx_wr_data_reg[3]/CLR
  -------------------------------------------------------------------    -------------------

                         (clock clk_32M_clk_wiz_0_1 rise edge)
                                                     31.250    31.250 r  
    AE10                                              0.000    31.250 r  sys_clk_p
                         net (fo=0)                   0.000    31.250    i_pll/inst/clk_in1_p
    AE10                 IBUFDS (Prop_ibufds_I_O)     0.722    31.972 r  i_pll/inst/clkin1_ibufgds/O
                         net (fo=1, routed)           0.986    32.958    i_pll/inst/clk_in1_clk_wiz_0
    MMCME2_ADV_X1Y1      MMCME2_ADV (Prop_mmcme2_adv_CLKIN1_CLKOUT1)
                                                     -6.759    26.199 r  i_pll/inst/mmcm_adv_inst/CLKOUT1
                         net (fo=1, routed)           2.005    28.204    i_pll/inst/clk_32M_clk_wiz_0
    BUFGCTRL_X0Y0        BUFG (Prop_bufg_I_O)         0.083    28.287 r  i_pll/inst/clkout2_buf/O
                         net (fo=639, routed)         1.677    29.964    wr_clk
    SLICE_X11Y46                                                      r  fifo_tx_wr_data_reg[3]/C
                         clock pessimism             -0.609    29.355    
                         clock uncertainty           -0.080    29.275    
    SLICE_X11Y46         FDCE (Recov_fdce_C_CLR)     -0.212    29.063    fifo_tx_wr_data_reg[3]
  -------------------------------------------------------------------
                         required time                         29.063    
                         arrival time                           0.586    
  -------------------------------------------------------------------
                         slack                                 29.649    





Min Delay Paths
--------------------------------------------------------------------------------------
Slack (MET) :             0.232ns  (arrival time - required time)
  Source:                 dbg_hub/inst/UUT_MASTER/U_ICON_INTERFACE/U_CMD6_RD/U_RD_FIFO/SUBCORE_FIFO.xsdbm_v1_0_rdfifo_inst/inst_fifo_gen/gconvfifo.rf/grf.rf/rstblk/ngwrdrst.grst.g7serrst.wr_rst_reg_reg[1]/C
                            (rising edge-triggered cell FDPE clocked by clk_32M_clk_wiz_0_1  {rise@0.000ns fall@15.625ns period=31.250ns})
  Destination:            dbg_hub/inst/UUT_MASTER/U_ICON_INTERFACE/U_CMD6_RD/U_RD_FIFO/SUBCORE_FIFO.xsdbm_v1_0_rdfifo_inst/inst_fifo_gen/gconvfifo.rf/grf.rf/gntv_or_sync_fifo.gl0.wr/wpntr/gic0.gc0.count_reg[0]/CLR
                            (removal check against rising-edge clock clk_32M_clk_wiz_0_1  {rise@0.000ns fall@15.625ns period=31.250ns})
  Path Group:             **async_default**
  Path Type:              Removal (Min at Fast Process Corner)
  Requirement:            0.000ns  (clk_32M_clk_wiz_0_1 rise@0.000ns - clk_32M_clk_wiz_0_1 rise@0.000ns)
  Data Path Delay:        0.195ns  (logic 0.100ns (51.309%)  route 0.095ns (48.691%))
  Logic Levels:           0  
  Clock Path Skew:        0.013ns (DCD - SCD - CPR)
    Destination Clock Delay (DCD):    -0.508ns
    Source Clock Delay      (SCD):    -0.493ns
    Clock Pessimism Removal (CPR):    -0.028ns

    Location             Delay type                Incr(ns)  Path(ns)    Netlist Resource(s)
  -------------------------------------------------------------------    -------------------
                         (clock clk_32M_clk_wiz_0_1 rise edge)
                                                      0.000     0.000 r  
    AE10                                              0.000     0.000 r  sys_clk_p
                         net (fo=0)                   0.000     0.000    i_pll/inst/clk_in1_p
    AE10                 IBUFDS (Prop_ibufds_I_O)     0.354     0.354 r  i_pll/inst/clkin1_ibufgds/O
                         net (fo=1, routed)           0.503     0.857    i_pll/inst/clk_in1_clk_wiz_0
    MMCME2_ADV_X1Y1      MMCME2_ADV (Prop_mmcme2_adv_CLKIN1_CLKOUT1)
                                                     -3.040    -2.183 r  i_pll/inst/mmcm_adv_inst/CLKOUT1
                         net (fo=1, routed)           0.940    -1.243    i_pll/inst/clk_32M_clk_wiz_0
    BUFGCTRL_X0Y0        BUFG (Prop_bufg_I_O)         0.026    -1.217 r  i_pll/inst/clkout2_buf/O
                         net (fo=639, routed)         0.724    -0.493    dbg_hub/inst/UUT_MASTER/U_ICON_INTERFACE/U_CMD6_RD/U_RD_FIFO/SUBCORE_FIFO.xsdbm_v1_0_rdfifo_inst/inst_fifo_gen/gconvfifo.rf/grf.rf/rstblk/clk
    SLICE_X1Y64                                                       r  dbg_hub/inst/UUT_MASTER/U_ICON_INTERFACE/U_CMD6_RD/U_RD_FIFO/SUBCORE_FIFO.xsdbm_v1_0_rdfifo_inst/inst_fifo_gen/gconvfifo.rf/grf.rf/rstblk/ngwrdrst.grst.g7serrst.wr_rst_reg_reg[1]/C
  -------------------------------------------------------------------    -------------------
    SLICE_X1Y64          FDPE (Prop_fdpe_C_Q)         0.100    -0.393 f  dbg_hub/inst/UUT_MASTER/U_ICON_INTERFACE/U_CMD6_RD/U_RD_FIFO/SUBCORE_FIFO.xsdbm_v1_0_rdfifo_inst/inst_fifo_gen/gconvfifo.rf/grf.rf/rstblk/ngwrdrst.grst.g7serrst.wr_rst_reg_reg[1]/Q
                         net (fo=12, routed)          0.095    -0.298    dbg_hub/inst/UUT_MASTER/U_ICON_INTERFACE/U_CMD6_RD/U_RD_FIFO/SUBCORE_FIFO.xsdbm_v1_0_rdfifo_inst/inst_fifo_gen/gconvfifo.rf/grf.rf/gntv_or_sync_fifo.gl0.wr/wpntr/Q[0]
    SLICE_X2Y64          FDCE                                         f  dbg_hub/inst/UUT_MASTER/U_ICON_INTERFACE/U_CMD6_RD/U_RD_FIFO/SUBCORE_FIFO.xsdbm_v1_0_rdfifo_inst/inst_fifo_gen/gconvfifo.rf/grf.rf/gntv_or_sync_fifo.gl0.wr/wpntr/gic0.gc0.count_reg[0]/CLR
  -------------------------------------------------------------------    -------------------

                         (clock clk_32M_clk_wiz_0_1 rise edge)
                                                      0.000     0.000 r  
    AE10                                              0.000     0.000 r  sys_clk_p
                         net (fo=0)                   0.000     0.000    i_pll/inst/clk_in1_p
    AE10                 IBUFDS (Prop_ibufds_I_O)     0.432     0.432 r  i_pll/inst/clkin1_ibufgds/O
                         net (fo=1, routed)           0.553     0.985    i_pll/inst/clk_in1_clk_wiz_0
    MMCME2_ADV_X1Y1      MMCME2_ADV (Prop_mmcme2_adv_CLKIN1_CLKOUT1)
                                                     -3.493    -2.508 r  i_pll/inst/mmcm_adv_inst/CLKOUT1
                         net (fo=1, routed)           1.007    -1.501    i_pll/inst/clk_32M_clk_wiz_0
    BUFGCTRL_X0Y0        BUFG (Prop_bufg_I_O)         0.030    -1.471 r  i_pll/inst/clkout2_buf/O
                         net (fo=639, routed)         0.963    -0.508    dbg_hub/inst/UUT_MASTER/U_ICON_INTERFACE/U_CMD6_RD/U_RD_FIFO/SUBCORE_FIFO.xsdbm_v1_0_rdfifo_inst/inst_fifo_gen/gconvfifo.rf/grf.rf/gntv_or_sync_fifo.gl0.wr/wpntr/clk
    SLICE_X2Y64                                                       r  dbg_hub/inst/UUT_MASTER/U_ICON_INTERFACE/U_CMD6_RD/U_RD_FIFO/SUBCORE_FIFO.xsdbm_v1_0_rdfifo_inst/inst_fifo_gen/gconvfifo.rf/grf.rf/gntv_or_sync_fifo.gl0.wr/wpntr/gic0.gc0.count_reg[0]/C
                         clock pessimism              0.028    -0.480    
    SLICE_X2Y64          FDCE (Remov_fdce_C_CLR)     -0.050    -0.530    dbg_hub/inst/UUT_MASTER/U_ICON_INTERFACE/U_CMD6_RD/U_RD_FIFO/SUBCORE_FIFO.xsdbm_v1_0_rdfifo_inst/inst_fifo_gen/gconvfifo.rf/grf.rf/gntv_or_sync_fifo.gl0.wr/wpntr/gic0.gc0.count_reg[0]
  -------------------------------------------------------------------
                         required time                          0.530    
                         arrival time                          -0.298    
  -------------------------------------------------------------------
                         slack                                  0.232    

Slack (MET) :             0.232ns  (arrival time - required time)
  Source:                 dbg_hub/inst/UUT_MASTER/U_ICON_INTERFACE/U_CMD6_RD/U_RD_FIFO/SUBCORE_FIFO.xsdbm_v1_0_rdfifo_inst/inst_fifo_gen/gconvfifo.rf/grf.rf/rstblk/ngwrdrst.grst.g7serrst.wr_rst_reg_reg[1]/C
                            (rising edge-triggered cell FDPE clocked by clk_32M_clk_wiz_0_1  {rise@0.000ns fall@15.625ns period=31.250ns})
  Destination:            dbg_hub/inst/UUT_MASTER/U_ICON_INTERFACE/U_CMD6_RD/U_RD_FIFO/SUBCORE_FIFO.xsdbm_v1_0_rdfifo_inst/inst_fifo_gen/gconvfifo.rf/grf.rf/gntv_or_sync_fifo.gl0.wr/wpntr/gic0.gc0.count_reg[2]/CLR
                            (removal check against rising-edge clock clk_32M_clk_wiz_0_1  {rise@0.000ns fall@15.625ns period=31.250ns})
  Path Group:             **async_default**
  Path Type:              Removal (Min at Fast Process Corner)
  Requirement:            0.000ns  (clk_32M_clk_wiz_0_1 rise@0.000ns - clk_32M_clk_wiz_0_1 rise@0.000ns)
  Data Path Delay:        0.195ns  (logic 0.100ns (51.309%)  route 0.095ns (48.691%))
  Logic Levels:           0  
  Clock Path Skew:        0.013ns (DCD - SCD - CPR)
    Destination Clock Delay (DCD):    -0.508ns
    Source Clock Delay      (SCD):    -0.493ns
    Clock Pessimism Removal (CPR):    -0.028ns

    Location             Delay type                Incr(ns)  Path(ns)    Netlist Resource(s)
  -------------------------------------------------------------------    -------------------
                         (clock clk_32M_clk_wiz_0_1 rise edge)
                                                      0.000     0.000 r  
    AE10                                              0.000     0.000 r  sys_clk_p
                         net (fo=0)                   0.000     0.000    i_pll/inst/clk_in1_p
    AE10                 IBUFDS (Prop_ibufds_I_O)     0.354     0.354 r  i_pll/inst/clkin1_ibufgds/O
                         net (fo=1, routed)           0.503     0.857    i_pll/inst/clk_in1_clk_wiz_0
    MMCME2_ADV_X1Y1      MMCME2_ADV (Prop_mmcme2_adv_CLKIN1_CLKOUT1)
                                                     -3.040    -2.183 r  i_pll/inst/mmcm_adv_inst/CLKOUT1
                         net (fo=1, routed)           0.940    -1.243    i_pll/inst/clk_32M_clk_wiz_0
    BUFGCTRL_X0Y0        BUFG (Prop_bufg_I_O)         0.026    -1.217 r  i_pll/inst/clkout2_buf/O
                         net (fo=639, routed)         0.724    -0.493    dbg_hub/inst/UUT_MASTER/U_ICON_INTERFACE/U_CMD6_RD/U_RD_FIFO/SUBCORE_FIFO.xsdbm_v1_0_rdfifo_inst/inst_fifo_gen/gconvfifo.rf/grf.rf/rstblk/clk
    SLICE_X1Y64                                                       r  dbg_hub/inst/UUT_MASTER/U_ICON_INTERFACE/U_CMD6_RD/U_RD_FIFO/SUBCORE_FIFO.xsdbm_v1_0_rdfifo_inst/inst_fifo_gen/gconvfifo.rf/grf.rf/rstblk/ngwrdrst.grst.g7serrst.wr_rst_reg_reg[1]/C
  -------------------------------------------------------------------    -------------------
    SLICE_X1Y64          FDPE (Prop_fdpe_C_Q)         0.100    -0.393 f  dbg_hub/inst/UUT_MASTER/U_ICON_INTERFACE/U_CMD6_RD/U_RD_FIFO/SUBCORE_FIFO.xsdbm_v1_0_rdfifo_inst/inst_fifo_gen/gconvfifo.rf/grf.rf/rstblk/ngwrdrst.grst.g7serrst.wr_rst_reg_reg[1]/Q
                         net (fo=12, routed)          0.095    -0.298    dbg_hub/inst/UUT_MASTER/U_ICON_INTERFACE/U_CMD6_RD/U_RD_FIFO/SUBCORE_FIFO.xsdbm_v1_0_rdfifo_inst/inst_fifo_gen/gconvfifo.rf/grf.rf/gntv_or_sync_fifo.gl0.wr/wpntr/Q[0]
    SLICE_X2Y64          FDCE                                         f  dbg_hub/inst/UUT_MASTER/U_ICON_INTERFACE/U_CMD6_RD/U_RD_FIFO/SUBCORE_FIFO.xsdbm_v1_0_rdfifo_inst/inst_fifo_gen/gconvfifo.rf/grf.rf/gntv_or_sync_fifo.gl0.wr/wpntr/gic0.gc0.count_reg[2]/CLR
  -------------------------------------------------------------------    -------------------

                         (clock clk_32M_clk_wiz_0_1 rise edge)
                                                      0.000     0.000 r  
    AE10                                              0.000     0.000 r  sys_clk_p
                         net (fo=0)                   0.000     0.000    i_pll/inst/clk_in1_p
    AE10                 IBUFDS (Prop_ibufds_I_O)     0.432     0.432 r  i_pll/inst/clkin1_ibufgds/O
                         net (fo=1, routed)           0.553     0.985    i_pll/inst/clk_in1_clk_wiz_0
    MMCME2_ADV_X1Y1      MMCME2_ADV (Prop_mmcme2_adv_CLKIN1_CLKOUT1)
                                                     -3.493    -2.508 r  i_pll/inst/mmcm_adv_inst/CLKOUT1
                         net (fo=1, routed)           1.007    -1.501    i_pll/inst/clk_32M_clk_wiz_0
    BUFGCTRL_X0Y0        BUFG (Prop_bufg_I_O)         0.030    -1.471 r  i_pll/inst/clkout2_buf/O
                         net (fo=639, routed)         0.963    -0.508    dbg_hub/inst/UUT_MASTER/U_ICON_INTERFACE/U_CMD6_RD/U_RD_FIFO/SUBCORE_FIFO.xsdbm_v1_0_rdfifo_inst/inst_fifo_gen/gconvfifo.rf/grf.rf/gntv_or_sync_fifo.gl0.wr/wpntr/clk
    SLICE_X2Y64                                                       r  dbg_hub/inst/UUT_MASTER/U_ICON_INTERFACE/U_CMD6_RD/U_RD_FIFO/SUBCORE_FIFO.xsdbm_v1_0_rdfifo_inst/inst_fifo_gen/gconvfifo.rf/grf.rf/gntv_or_sync_fifo.gl0.wr/wpntr/gic0.gc0.count_reg[2]/C
                         clock pessimism              0.028    -0.480    
    SLICE_X2Y64          FDCE (Remov_fdce_C_CLR)     -0.050    -0.530    dbg_hub/inst/UUT_MASTER/U_ICON_INTERFACE/U_CMD6_RD/U_RD_FIFO/SUBCORE_FIFO.xsdbm_v1_0_rdfifo_inst/inst_fifo_gen/gconvfifo.rf/grf.rf/gntv_or_sync_fifo.gl0.wr/wpntr/gic0.gc0.count_reg[2]
  -------------------------------------------------------------------
                         required time                          0.530    
                         arrival time                          -0.298    
  -------------------------------------------------------------------
                         slack                                  0.232    

Slack (MET) :             0.232ns  (arrival time - required time)
  Source:                 dbg_hub/inst/UUT_MASTER/U_ICON_INTERFACE/U_CMD6_RD/U_RD_FIFO/SUBCORE_FIFO.xsdbm_v1_0_rdfifo_inst/inst_fifo_gen/gconvfifo.rf/grf.rf/rstblk/ngwrdrst.grst.g7serrst.wr_rst_reg_reg[1]/C
                            (rising edge-triggered cell FDPE clocked by clk_32M_clk_wiz_0_1  {rise@0.000ns fall@15.625ns period=31.250ns})
  Destination:            dbg_hub/inst/UUT_MASTER/U_ICON_INTERFACE/U_CMD6_RD/U_RD_FIFO/SUBCORE_FIFO.xsdbm_v1_0_rdfifo_inst/inst_fifo_gen/gconvfifo.rf/grf.rf/gntv_or_sync_fifo.gl0.wr/wpntr/gic0.gc0.count_reg[3]/CLR
                            (removal check against rising-edge clock clk_32M_clk_wiz_0_1  {rise@0.000ns fall@15.625ns period=31.250ns})
  Path Group:             **async_default**
  Path Type:              Removal (Min at Fast Process Corner)
  Requirement:            0.000ns  (clk_32M_clk_wiz_0_1 rise@0.000ns - clk_32M_clk_wiz_0_1 rise@0.000ns)
  Data Path Delay:        0.195ns  (logic 0.100ns (51.309%)  route 0.095ns (48.691%))
  Logic Levels:           0  
  Clock Path Skew:        0.013ns (DCD - SCD - CPR)
    Destination Clock Delay (DCD):    -0.508ns
    Source Clock Delay      (SCD):    -0.493ns
    Clock Pessimism Removal (CPR):    -0.028ns

    Location             Delay type                Incr(ns)  Path(ns)    Netlist Resource(s)
  -------------------------------------------------------------------    -------------------
                         (clock clk_32M_clk_wiz_0_1 rise edge)
                                                      0.000     0.000 r  
    AE10                                              0.000     0.000 r  sys_clk_p
                         net (fo=0)                   0.000     0.000    i_pll/inst/clk_in1_p
    AE10                 IBUFDS (Prop_ibufds_I_O)     0.354     0.354 r  i_pll/inst/clkin1_ibufgds/O
                         net (fo=1, routed)           0.503     0.857    i_pll/inst/clk_in1_clk_wiz_0
    MMCME2_ADV_X1Y1      MMCME2_ADV (Prop_mmcme2_adv_CLKIN1_CLKOUT1)
                                                     -3.040    -2.183 r  i_pll/inst/mmcm_adv_inst/CLKOUT1
                         net (fo=1, routed)           0.940    -1.243    i_pll/inst/clk_32M_clk_wiz_0
    BUFGCTRL_X0Y0        BUFG (Prop_bufg_I_O)         0.026    -1.217 r  i_pll/inst/clkout2_buf/O
                         net (fo=639, routed)         0.724    -0.493    dbg_hub/inst/UUT_MASTER/U_ICON_INTERFACE/U_CMD6_RD/U_RD_FIFO/SUBCORE_FIFO.xsdbm_v1_0_rdfifo_inst/inst_fifo_gen/gconvfifo.rf/grf.rf/rstblk/clk
    SLICE_X1Y64                                                       r  dbg_hub/inst/UUT_MASTER/U_ICON_INTERFACE/U_CMD6_RD/U_RD_FIFO/SUBCORE_FIFO.xsdbm_v1_0_rdfifo_inst/inst_fifo_gen/gconvfifo.rf/grf.rf/rstblk/ngwrdrst.grst.g7serrst.wr_rst_reg_reg[1]/C
  -------------------------------------------------------------------    -------------------
    SLICE_X1Y64          FDPE (Prop_fdpe_C_Q)         0.100    -0.393 f  dbg_hub/inst/UUT_MASTER/U_ICON_INTERFACE/U_CMD6_RD/U_RD_FIFO/SUBCORE_FIFO.xsdbm_v1_0_rdfifo_inst/inst_fifo_gen/gconvfifo.rf/grf.rf/rstblk/ngwrdrst.grst.g7serrst.wr_rst_reg_reg[1]/Q
                         net (fo=12, routed)          0.095    -0.298    dbg_hub/inst/UUT_MASTER/U_ICON_INTERFACE/U_CMD6_RD/U_RD_FIFO/SUBCORE_FIFO.xsdbm_v1_0_rdfifo_inst/inst_fifo_gen/gconvfifo.rf/grf.rf/gntv_or_sync_fifo.gl0.wr/wpntr/Q[0]
    SLICE_X2Y64          FDCE                                         f  dbg_hub/inst/UUT_MASTER/U_ICON_INTERFACE/U_CMD6_RD/U_RD_FIFO/SUBCORE_FIFO.xsdbm_v1_0_rdfifo_inst/inst_fifo_gen/gconvfifo.rf/grf.rf/gntv_or_sync_fifo.gl0.wr/wpntr/gic0.gc0.count_reg[3]/CLR
  -------------------------------------------------------------------    -------------------

                         (clock clk_32M_clk_wiz_0_1 rise edge)
                                                      0.000     0.000 r  
    AE10                                              0.000     0.000 r  sys_clk_p
                         net (fo=0)                   0.000     0.000    i_pll/inst/clk_in1_p
    AE10                 IBUFDS (Prop_ibufds_I_O)     0.432     0.432 r  i_pll/inst/clkin1_ibufgds/O
                         net (fo=1, routed)           0.553     0.985    i_pll/inst/clk_in1_clk_wiz_0
    MMCME2_ADV_X1Y1      MMCME2_ADV (Prop_mmcme2_adv_CLKIN1_CLKOUT1)
                                                     -3.493    -2.508 r  i_pll/inst/mmcm_adv_inst/CLKOUT1
                         net (fo=1, routed)           1.007    -1.501    i_pll/inst/clk_32M_clk_wiz_0
    BUFGCTRL_X0Y0        BUFG (Prop_bufg_I_O)         0.030    -1.471 r  i_pll/inst/clkout2_buf/O
                         net (fo=639, routed)         0.963    -0.508    dbg_hub/inst/UUT_MASTER/U_ICON_INTERFACE/U_CMD6_RD/U_RD_FIFO/SUBCORE_FIFO.xsdbm_v1_0_rdfifo_inst/inst_fifo_gen/gconvfifo.rf/grf.rf/gntv_or_sync_fifo.gl0.wr/wpntr/clk
    SLICE_X2Y64                                                       r  dbg_hub/inst/UUT_MASTER/U_ICON_INTERFACE/U_CMD6_RD/U_RD_FIFO/SUBCORE_FIFO.xsdbm_v1_0_rdfifo_inst/inst_fifo_gen/gconvfifo.rf/grf.rf/gntv_or_sync_fifo.gl0.wr/wpntr/gic0.gc0.count_reg[3]/C
                         clock pessimism              0.028    -0.480    
    SLICE_X2Y64          FDCE (Remov_fdce_C_CLR)     -0.050    -0.530    dbg_hub/inst/UUT_MASTER/U_ICON_INTERFACE/U_CMD6_RD/U_RD_FIFO/SUBCORE_FIFO.xsdbm_v1_0_rdfifo_inst/inst_fifo_gen/gconvfifo.rf/grf.rf/gntv_or_sync_fifo.gl0.wr/wpntr/gic0.gc0.count_reg[3]
  -------------------------------------------------------------------
                         required time                          0.530    
                         arrival time                          -0.298    
  -------------------------------------------------------------------
                         slack                                  0.232    

Slack (MET) :             0.234ns  (arrival time - required time)
  Source:                 dbg_hub/inst/UUT_MASTER/U_ICON_INTERFACE/U_CMD6_RD/U_RD_FIFO/SUBCORE_FIFO.xsdbm_v1_0_rdfifo_inst/inst_fifo_gen/gconvfifo.rf/grf.rf/rstblk/ngwrdrst.grst.g7serrst.wr_rst_reg_reg[1]/C
                            (rising edge-triggered cell FDPE clocked by clk_32M_clk_wiz_0_1  {rise@0.000ns fall@15.625ns period=31.250ns})
  Destination:            dbg_hub/inst/UUT_MASTER/U_ICON_INTERFACE/U_CMD6_RD/U_RD_FIFO/SUBCORE_FIFO.xsdbm_v1_0_rdfifo_inst/inst_fifo_gen/gconvfifo.rf/grf.rf/gntv_or_sync_fifo.gl0.wr/wpntr/gic0.gc0.count_reg[1]/PRE
                            (removal check against rising-edge clock clk_32M_clk_wiz_0_1  {rise@0.000ns fall@15.625ns period=31.250ns})
  Path Group:             **async_default**
  Path Type:              Removal (Min at Fast Process Corner)
  Requirement:            0.000ns  (clk_32M_clk_wiz_0_1 rise@0.000ns - clk_32M_clk_wiz_0_1 rise@0.000ns)
  Data Path Delay:        0.195ns  (logic 0.100ns (51.309%)  route 0.095ns (48.691%))
  Logic Levels:           0  
  Clock Path Skew:        0.013ns (DCD - SCD - CPR)
    Destination Clock Delay (DCD):    -0.508ns
    Source Clock Delay      (SCD):    -0.493ns
    Clock Pessimism Removal (CPR):    -0.028ns

    Location             Delay type                Incr(ns)  Path(ns)    Netlist Resource(s)
  -------------------------------------------------------------------    -------------------
                         (clock clk_32M_clk_wiz_0_1 rise edge)
                                                      0.000     0.000 r  
    AE10                                              0.000     0.000 r  sys_clk_p
                         net (fo=0)                   0.000     0.000    i_pll/inst/clk_in1_p
    AE10                 IBUFDS (Prop_ibufds_I_O)     0.354     0.354 r  i_pll/inst/clkin1_ibufgds/O
                         net (fo=1, routed)           0.503     0.857    i_pll/inst/clk_in1_clk_wiz_0
    MMCME2_ADV_X1Y1      MMCME2_ADV (Prop_mmcme2_adv_CLKIN1_CLKOUT1)
                                                     -3.040    -2.183 r  i_pll/inst/mmcm_adv_inst/CLKOUT1
                         net (fo=1, routed)           0.940    -1.243    i_pll/inst/clk_32M_clk_wiz_0
    BUFGCTRL_X0Y0        BUFG (Prop_bufg_I_O)         0.026    -1.217 r  i_pll/inst/clkout2_buf/O
                         net (fo=639, routed)         0.724    -0.493    dbg_hub/inst/UUT_MASTER/U_ICON_INTERFACE/U_CMD6_RD/U_RD_FIFO/SUBCORE_FIFO.xsdbm_v1_0_rdfifo_inst/inst_fifo_gen/gconvfifo.rf/grf.rf/rstblk/clk
    SLICE_X1Y64                                                       r  dbg_hub/inst/UUT_MASTER/U_ICON_INTERFACE/U_CMD6_RD/U_RD_FIFO/SUBCORE_FIFO.xsdbm_v1_0_rdfifo_inst/inst_fifo_gen/gconvfifo.rf/grf.rf/rstblk/ngwrdrst.grst.g7serrst.wr_rst_reg_reg[1]/C
  -------------------------------------------------------------------    -------------------
    SLICE_X1Y64          FDPE (Prop_fdpe_C_Q)         0.100    -0.393 f  dbg_hub/inst/UUT_MASTER/U_ICON_INTERFACE/U_CMD6_RD/U_RD_FIFO/SUBCORE_FIFO.xsdbm_v1_0_rdfifo_inst/inst_fifo_gen/gconvfifo.rf/grf.rf/rstblk/ngwrdrst.grst.g7serrst.wr_rst_reg_reg[1]/Q
                         net (fo=12, routed)          0.095    -0.298    dbg_hub/inst/UUT_MASTER/U_ICON_INTERFACE/U_CMD6_RD/U_RD_FIFO/SUBCORE_FIFO.xsdbm_v1_0_rdfifo_inst/inst_fifo_gen/gconvfifo.rf/grf.rf/gntv_or_sync_fifo.gl0.wr/wpntr/Q[0]
    SLICE_X2Y64          FDPE                                         f  dbg_hub/inst/UUT_MASTER/U_ICON_INTERFACE/U_CMD6_RD/U_RD_FIFO/SUBCORE_FIFO.xsdbm_v1_0_rdfifo_inst/inst_fifo_gen/gconvfifo.rf/grf.rf/gntv_or_sync_fifo.gl0.wr/wpntr/gic0.gc0.count_reg[1]/PRE
  -------------------------------------------------------------------    -------------------

                         (clock clk_32M_clk_wiz_0_1 rise edge)
                                                      0.000     0.000 r  
    AE10                                              0.000     0.000 r  sys_clk_p
                         net (fo=0)                   0.000     0.000    i_pll/inst/clk_in1_p
    AE10                 IBUFDS (Prop_ibufds_I_O)     0.432     0.432 r  i_pll/inst/clkin1_ibufgds/O
                         net (fo=1, routed)           0.553     0.985    i_pll/inst/clk_in1_clk_wiz_0
    MMCME2_ADV_X1Y1      MMCME2_ADV (Prop_mmcme2_adv_CLKIN1_CLKOUT1)
                                                     -3.493    -2.508 r  i_pll/inst/mmcm_adv_inst/CLKOUT1
                         net (fo=1, routed)           1.007    -1.501    i_pll/inst/clk_32M_clk_wiz_0
    BUFGCTRL_X0Y0        BUFG (Prop_bufg_I_O)         0.030    -1.471 r  i_pll/inst/clkout2_buf/O
                         net (fo=639, routed)         0.963    -0.508    dbg_hub/inst/UUT_MASTER/U_ICON_INTERFACE/U_CMD6_RD/U_RD_FIFO/SUBCORE_FIFO.xsdbm_v1_0_rdfifo_inst/inst_fifo_gen/gconvfifo.rf/grf.rf/gntv_or_sync_fifo.gl0.wr/wpntr/clk
    SLICE_X2Y64                                                       r  dbg_hub/inst/UUT_MASTER/U_ICON_INTERFACE/U_CMD6_RD/U_RD_FIFO/SUBCORE_FIFO.xsdbm_v1_0_rdfifo_inst/inst_fifo_gen/gconvfifo.rf/grf.rf/gntv_or_sync_fifo.gl0.wr/wpntr/gic0.gc0.count_reg[1]/C
                         clock pessimism              0.028    -0.480    
    SLICE_X2Y64          FDPE (Remov_fdpe_C_PRE)     -0.052    -0.532    dbg_hub/inst/UUT_MASTER/U_ICON_INTERFACE/U_CMD6_RD/U_RD_FIFO/SUBCORE_FIFO.xsdbm_v1_0_rdfifo_inst/inst_fifo_gen/gconvfifo.rf/grf.rf/gntv_or_sync_fifo.gl0.wr/wpntr/gic0.gc0.count_reg[1]
  -------------------------------------------------------------------
                         required time                          0.532    
                         arrival time                          -0.298    
  -------------------------------------------------------------------
                         slack                                  0.234    

Slack (MET) :             0.298ns  (arrival time - required time)
  Source:                 i_fifo_uart_send/U0/inst_fifo_gen/gconvfifo.rf/grf.rf/rstblk/grstd1.grst_full.grst_f.rst_d2_reg/C
                            (rising edge-triggered cell FDPE clocked by clk_32M_clk_wiz_0_1  {rise@0.000ns fall@15.625ns period=31.250ns})
  Destination:            i_fifo_uart_send/U0/inst_fifo_gen/gconvfifo.rf/grf.rf/gntv_or_sync_fifo.gl0.wr/gwas.wsts/ram_full_i_reg/PRE
                            (removal check against rising-edge clock clk_32M_clk_wiz_0_1  {rise@0.000ns fall@15.625ns period=31.250ns})
  Path Group:             **async_default**
  Path Type:              Removal (Min at Fast Process Corner)
  Requirement:            0.000ns  (clk_32M_clk_wiz_0_1 rise@0.000ns - clk_32M_clk_wiz_0_1 rise@0.000ns)
  Data Path Delay:        0.257ns  (logic 0.100ns (38.952%)  route 0.157ns (61.048%))
  Logic Levels:           0  
  Clock Path Skew:        0.011ns (DCD - SCD - CPR)
    Destination Clock Delay (DCD):    -0.464ns
    Source Clock Delay      (SCD):    -0.470ns
    Clock Pessimism Removal (CPR):    -0.005ns

    Location             Delay type                Incr(ns)  Path(ns)    Netlist Resource(s)
  -------------------------------------------------------------------    -------------------
                         (clock clk_32M_clk_wiz_0_1 rise edge)
                                                      0.000     0.000 r  
    AE10                                              0.000     0.000 r  sys_clk_p
                         net (fo=0)                   0.000     0.000    i_pll/inst/clk_in1_p
    AE10                 IBUFDS (Prop_ibufds_I_O)     0.354     0.354 r  i_pll/inst/clkin1_ibufgds/O
                         net (fo=1, routed)           0.503     0.857    i_pll/inst/clk_in1_clk_wiz_0
    MMCME2_ADV_X1Y1      MMCME2_ADV (Prop_mmcme2_adv_CLKIN1_CLKOUT1)
                                                     -3.040    -2.183 r  i_pll/inst/mmcm_adv_inst/CLKOUT1
                         net (fo=1, routed)           0.940    -1.243    i_pll/inst/clk_32M_clk_wiz_0
    BUFGCTRL_X0Y0        BUFG (Prop_bufg_I_O)         0.026    -1.217 r  i_pll/inst/clkout2_buf/O
                         net (fo=639, routed)         0.747    -0.470    i_fifo_uart_send/U0/inst_fifo_gen/gconvfifo.rf/grf.rf/rstblk/wr_clk
    SLICE_X19Y45                                                      r  i_fifo_uart_send/U0/inst_fifo_gen/gconvfifo.rf/grf.rf/rstblk/grstd1.grst_full.grst_f.rst_d2_reg/C
  -------------------------------------------------------------------    -------------------
    SLICE_X19Y45         FDPE (Prop_fdpe_C_Q)         0.100    -0.370 f  i_fifo_uart_send/U0/inst_fifo_gen/gconvfifo.rf/grf.rf/rstblk/grstd1.grst_full.grst_f.rst_d2_reg/Q
                         net (fo=3, routed)           0.157    -0.213    i_fifo_uart_send/U0/inst_fifo_gen/gconvfifo.rf/grf.rf/gntv_or_sync_fifo.gl0.wr/gwas.wsts/rst_d2
    SLICE_X18Y45         FDPE                                         f  i_fifo_uart_send/U0/inst_fifo_gen/gconvfifo.rf/grf.rf/gntv_or_sync_fifo.gl0.wr/gwas.wsts/ram_full_i_reg/PRE
  -------------------------------------------------------------------    -------------------

                         (clock clk_32M_clk_wiz_0_1 rise edge)
                                                      0.000     0.000 r  
    AE10                                              0.000     0.000 r  sys_clk_p
                         net (fo=0)                   0.000     0.000    i_pll/inst/clk_in1_p
    AE10                 IBUFDS (Prop_ibufds_I_O)     0.432     0.432 r  i_pll/inst/clkin1_ibufgds/O
                         net (fo=1, routed)           0.553     0.985    i_pll/inst/clk_in1_clk_wiz_0
    MMCME2_ADV_X1Y1      MMCME2_ADV (Prop_mmcme2_adv_CLKIN1_CLKOUT1)
                                                     -3.493    -2.508 r  i_pll/inst/mmcm_adv_inst/CLKOUT1
                         net (fo=1, routed)           1.007    -1.501    i_pll/inst/clk_32M_clk_wiz_0
    BUFGCTRL_X0Y0        BUFG (Prop_bufg_I_O)         0.030    -1.471 r  i_pll/inst/clkout2_buf/O
                         net (fo=639, routed)         1.007    -0.464    i_fifo_uart_send/U0/inst_fifo_gen/gconvfifo.rf/grf.rf/gntv_or_sync_fifo.gl0.wr/gwas.wsts/wr_clk
    SLICE_X18Y45                                                      r  i_fifo_uart_send/U0/inst_fifo_gen/gconvfifo.rf/grf.rf/gntv_or_sync_fifo.gl0.wr/gwas.wsts/ram_full_i_reg/C
                         clock pessimism              0.005    -0.459    
    SLICE_X18Y45         FDPE (Remov_fdpe_C_PRE)     -0.052    -0.511    i_fifo_uart_send/U0/inst_fifo_gen/gconvfifo.rf/grf.rf/gntv_or_sync_fifo.gl0.wr/gwas.wsts/ram_full_i_reg
  -------------------------------------------------------------------
                         required time                          0.511    
                         arrival time                          -0.213    
  -------------------------------------------------------------------
                         slack                                  0.298    

Slack (MET) :             0.301ns  (arrival time - required time)
  Source:                 dbg_hub/inst/UUT_MASTER/U_ICON_INTERFACE/U_CMD6_RD/U_RD_FIFO/SUBCORE_FIFO.xsdbm_v1_0_rdfifo_inst/inst_fifo_gen/gconvfifo.rf/grf.rf/rstblk/ngwrdrst.grst.g7serrst.wr_rst_reg_reg[0]/C
                            (rising edge-triggered cell FDPE clocked by clk_32M_clk_wiz_0_1  {rise@0.000ns fall@15.625ns period=31.250ns})
  Destination:            dbg_hub/inst/UUT_MASTER/U_ICON_INTERFACE/U_CMD6_RD/U_RD_FIFO/SUBCORE_FIFO.xsdbm_v1_0_rdfifo_inst/inst_fifo_gen/gconvfifo.rf/grf.rf/gntv_or_sync_fifo.gcx.clkx/gsync_stage[1].wr_stg_inst/Q_reg_reg[2]/CLR
                            (removal check against rising-edge clock clk_32M_clk_wiz_0_1  {rise@0.000ns fall@15.625ns period=31.250ns})
  Path Group:             **async_default**
  Path Type:              Removal (Min at Fast Process Corner)
  Requirement:            0.000ns  (clk_32M_clk_wiz_0_1 rise@0.000ns - clk_32M_clk_wiz_0_1 rise@0.000ns)
  Data Path Delay:        0.245ns  (logic 0.100ns (40.891%)  route 0.145ns (59.109%))
  Logic Levels:           0  
  Clock Path Skew:        0.013ns (DCD - SCD - CPR)
    Destination Clock Delay (DCD):    -0.508ns
    Source Clock Delay      (SCD):    -0.493ns
    Clock Pessimism Removal (CPR):    -0.028ns

    Location             Delay type                Incr(ns)  Path(ns)    Netlist Resource(s)
  -------------------------------------------------------------------    -------------------
                         (clock clk_32M_clk_wiz_0_1 rise edge)
                                                      0.000     0.000 r  
    AE10                                              0.000     0.000 r  sys_clk_p
                         net (fo=0)                   0.000     0.000    i_pll/inst/clk_in1_p
    AE10                 IBUFDS (Prop_ibufds_I_O)     0.354     0.354 r  i_pll/inst/clkin1_ibufgds/O
                         net (fo=1, routed)           0.503     0.857    i_pll/inst/clk_in1_clk_wiz_0
    MMCME2_ADV_X1Y1      MMCME2_ADV (Prop_mmcme2_adv_CLKIN1_CLKOUT1)
                                                     -3.040    -2.183 r  i_pll/inst/mmcm_adv_inst/CLKOUT1
                         net (fo=1, routed)           0.940    -1.243    i_pll/inst/clk_32M_clk_wiz_0
    BUFGCTRL_X0Y0        BUFG (Prop_bufg_I_O)         0.026    -1.217 r  i_pll/inst/clkout2_buf/O
                         net (fo=639, routed)         0.724    -0.493    dbg_hub/inst/UUT_MASTER/U_ICON_INTERFACE/U_CMD6_RD/U_RD_FIFO/SUBCORE_FIFO.xsdbm_v1_0_rdfifo_inst/inst_fifo_gen/gconvfifo.rf/grf.rf/rstblk/clk
    SLICE_X1Y64                                                       r  dbg_hub/inst/UUT_MASTER/U_ICON_INTERFACE/U_CMD6_RD/U_RD_FIFO/SUBCORE_FIFO.xsdbm_v1_0_rdfifo_inst/inst_fifo_gen/gconvfifo.rf/grf.rf/rstblk/ngwrdrst.grst.g7serrst.wr_rst_reg_reg[0]/C
  -------------------------------------------------------------------    -------------------
    SLICE_X1Y64          FDPE (Prop_fdpe_C_Q)         0.100    -0.393 f  dbg_hub/inst/UUT_MASTER/U_ICON_INTERFACE/U_CMD6_RD/U_RD_FIFO/SUBCORE_FIFO.xsdbm_v1_0_rdfifo_inst/inst_fifo_gen/gconvfifo.rf/grf.rf/rstblk/ngwrdrst.grst.g7serrst.wr_rst_reg_reg[0]/Q
                         net (fo=18, routed)          0.145    -0.249    dbg_hub/inst/UUT_MASTER/U_ICON_INTERFACE/U_CMD6_RD/U_RD_FIFO/SUBCORE_FIFO.xsdbm_v1_0_rdfifo_inst/inst_fifo_gen/gconvfifo.rf/grf.rf/gntv_or_sync_fifo.gcx.clkx/gsync_stage[1].wr_stg_inst/I3[0]
    SLICE_X3Y63          FDCE                                         f  dbg_hub/inst/UUT_MASTER/U_ICON_INTERFACE/U_CMD6_RD/U_RD_FIFO/SUBCORE_FIFO.xsdbm_v1_0_rdfifo_inst/inst_fifo_gen/gconvfifo.rf/grf.rf/gntv_or_sync_fifo.gcx.clkx/gsync_stage[1].wr_stg_inst/Q_reg_reg[2]/CLR
  -------------------------------------------------------------------    -------------------

                         (clock clk_32M_clk_wiz_0_1 rise edge)
                                                      0.000     0.000 r  
    AE10                                              0.000     0.000 r  sys_clk_p
                         net (fo=0)                   0.000     0.000    i_pll/inst/clk_in1_p
    AE10                 IBUFDS (Prop_ibufds_I_O)     0.432     0.432 r  i_pll/inst/clkin1_ibufgds/O
                         net (fo=1, routed)           0.553     0.985    i_pll/inst/clk_in1_clk_wiz_0
    MMCME2_ADV_X1Y1      MMCME2_ADV (Prop_mmcme2_adv_CLKIN1_CLKOUT1)
                                                     -3.493    -2.508 r  i_pll/inst/mmcm_adv_inst/CLKOUT1
                         net (fo=1, routed)           1.007    -1.501    i_pll/inst/clk_32M_clk_wiz_0
    BUFGCTRL_X0Y0        BUFG (Prop_bufg_I_O)         0.030    -1.471 r  i_pll/inst/clkout2_buf/O
                         net (fo=639, routed)         0.963    -0.508    dbg_hub/inst/UUT_MASTER/U_ICON_INTERFACE/U_CMD6_RD/U_RD_FIFO/SUBCORE_FIFO.xsdbm_v1_0_rdfifo_inst/inst_fifo_gen/gconvfifo.rf/grf.rf/gntv_or_sync_fifo.gcx.clkx/gsync_stage[1].wr_stg_inst/clk
    SLICE_X3Y63                                                       r  dbg_hub/inst/UUT_MASTER/U_ICON_INTERFACE/U_CMD6_RD/U_RD_FIFO/SUBCORE_FIFO.xsdbm_v1_0_rdfifo_inst/inst_fifo_gen/gconvfifo.rf/grf.rf/gntv_or_sync_fifo.gcx.clkx/gsync_stage[1].wr_stg_inst/Q_reg_reg[2]/C
                         clock pessimism              0.028    -0.480    
    SLICE_X3Y63          FDCE (Remov_fdce_C_CLR)     -0.069    -0.549    dbg_hub/inst/UUT_MASTER/U_ICON_INTERFACE/U_CMD6_RD/U_RD_FIFO/SUBCORE_FIFO.xsdbm_v1_0_rdfifo_inst/inst_fifo_gen/gconvfifo.rf/grf.rf/gntv_or_sync_fifo.gcx.clkx/gsync_stage[1].wr_stg_inst/Q_reg_reg[2]
  -------------------------------------------------------------------
                         required time                          0.549    
                         arrival time                          -0.249    
  -------------------------------------------------------------------
                         slack                                  0.301    

Slack (MET) :             0.301ns  (arrival time - required time)
  Source:                 dbg_hub/inst/UUT_MASTER/U_ICON_INTERFACE/U_CMD6_RD/U_RD_FIFO/SUBCORE_FIFO.xsdbm_v1_0_rdfifo_inst/inst_fifo_gen/gconvfifo.rf/grf.rf/rstblk/ngwrdrst.grst.g7serrst.wr_rst_reg_reg[0]/C
                            (rising edge-triggered cell FDPE clocked by clk_32M_clk_wiz_0_1  {rise@0.000ns fall@15.625ns period=31.250ns})
  Destination:            dbg_hub/inst/UUT_MASTER/U_ICON_INTERFACE/U_CMD6_RD/U_RD_FIFO/SUBCORE_FIFO.xsdbm_v1_0_rdfifo_inst/inst_fifo_gen/gconvfifo.rf/grf.rf/gntv_or_sync_fifo.gcx.clkx/gsync_stage[2].wr_stg_inst/Q_reg_reg[2]/CLR
                            (removal check against rising-edge clock clk_32M_clk_wiz_0_1  {rise@0.000ns fall@15.625ns period=31.250ns})
  Path Group:             **async_default**
  Path Type:              Removal (Min at Fast Process Corner)
  Requirement:            0.000ns  (clk_32M_clk_wiz_0_1 rise@0.000ns - clk_32M_clk_wiz_0_1 rise@0.000ns)
  Data Path Delay:        0.245ns  (logic 0.100ns (40.891%)  route 0.145ns (59.109%))
  Logic Levels:           0  
  Clock Path Skew:        0.013ns (DCD - SCD - CPR)
    Destination Clock Delay (DCD):    -0.508ns
    Source Clock Delay      (SCD):    -0.493ns
    Clock Pessimism Removal (CPR):    -0.028ns

    Location             Delay type                Incr(ns)  Path(ns)    Netlist Resource(s)
  -------------------------------------------------------------------    -------------------
                         (clock clk_32M_clk_wiz_0_1 rise edge)
                                                      0.000     0.000 r  
    AE10                                              0.000     0.000 r  sys_clk_p
                         net (fo=0)                   0.000     0.000    i_pll/inst/clk_in1_p
    AE10                 IBUFDS (Prop_ibufds_I_O)     0.354     0.354 r  i_pll/inst/clkin1_ibufgds/O
                         net (fo=1, routed)           0.503     0.857    i_pll/inst/clk_in1_clk_wiz_0
    MMCME2_ADV_X1Y1      MMCME2_ADV (Prop_mmcme2_adv_CLKIN1_CLKOUT1)
                                                     -3.040    -2.183 r  i_pll/inst/mmcm_adv_inst/CLKOUT1
                         net (fo=1, routed)           0.940    -1.243    i_pll/inst/clk_32M_clk_wiz_0
    BUFGCTRL_X0Y0        BUFG (Prop_bufg_I_O)         0.026    -1.217 r  i_pll/inst/clkout2_buf/O
                         net (fo=639, routed)         0.724    -0.493    dbg_hub/inst/UUT_MASTER/U_ICON_INTERFACE/U_CMD6_RD/U_RD_FIFO/SUBCORE_FIFO.xsdbm_v1_0_rdfifo_inst/inst_fifo_gen/gconvfifo.rf/grf.rf/rstblk/clk
    SLICE_X1Y64                                                       r  dbg_hub/inst/UUT_MASTER/U_ICON_INTERFACE/U_CMD6_RD/U_RD_FIFO/SUBCORE_FIFO.xsdbm_v1_0_rdfifo_inst/inst_fifo_gen/gconvfifo.rf/grf.rf/rstblk/ngwrdrst.grst.g7serrst.wr_rst_reg_reg[0]/C
  -------------------------------------------------------------------    -------------------
    SLICE_X1Y64          FDPE (Prop_fdpe_C_Q)         0.100    -0.393 f  dbg_hub/inst/UUT_MASTER/U_ICON_INTERFACE/U_CMD6_RD/U_RD_FIFO/SUBCORE_FIFO.xsdbm_v1_0_rdfifo_inst/inst_fifo_gen/gconvfifo.rf/grf.rf/rstblk/ngwrdrst.grst.g7serrst.wr_rst_reg_reg[0]/Q
                         net (fo=18, routed)          0.145    -0.249    dbg_hub/inst/UUT_MASTER/U_ICON_INTERFACE/U_CMD6_RD/U_RD_FIFO/SUBCORE_FIFO.xsdbm_v1_0_rdfifo_inst/inst_fifo_gen/gconvfifo.rf/grf.rf/gntv_or_sync_fifo.gcx.clkx/gsync_stage[2].wr_stg_inst/I3[0]
    SLICE_X3Y63          FDCE                                         f  dbg_hub/inst/UUT_MASTER/U_ICON_INTERFACE/U_CMD6_RD/U_RD_FIFO/SUBCORE_FIFO.xsdbm_v1_0_rdfifo_inst/inst_fifo_gen/gconvfifo.rf/grf.rf/gntv_or_sync_fifo.gcx.clkx/gsync_stage[2].wr_stg_inst/Q_reg_reg[2]/CLR
  -------------------------------------------------------------------    -------------------

                         (clock clk_32M_clk_wiz_0_1 rise edge)
                                                      0.000     0.000 r  
    AE10                                              0.000     0.000 r  sys_clk_p
                         net (fo=0)                   0.000     0.000    i_pll/inst/clk_in1_p
    AE10                 IBUFDS (Prop_ibufds_I_O)     0.432     0.432 r  i_pll/inst/clkin1_ibufgds/O
                         net (fo=1, routed)           0.553     0.985    i_pll/inst/clk_in1_clk_wiz_0
    MMCME2_ADV_X1Y1      MMCME2_ADV (Prop_mmcme2_adv_CLKIN1_CLKOUT1)
                                                     -3.493    -2.508 r  i_pll/inst/mmcm_adv_inst/CLKOUT1
                         net (fo=1, routed)           1.007    -1.501    i_pll/inst/clk_32M_clk_wiz_0
    BUFGCTRL_X0Y0        BUFG (Prop_bufg_I_O)         0.030    -1.471 r  i_pll/inst/clkout2_buf/O
                         net (fo=639, routed)         0.963    -0.508    dbg_hub/inst/UUT_MASTER/U_ICON_INTERFACE/U_CMD6_RD/U_RD_FIFO/SUBCORE_FIFO.xsdbm_v1_0_rdfifo_inst/inst_fifo_gen/gconvfifo.rf/grf.rf/gntv_or_sync_fifo.gcx.clkx/gsync_stage[2].wr_stg_inst/clk
    SLICE_X3Y63                                                       r  dbg_hub/inst/UUT_MASTER/U_ICON_INTERFACE/U_CMD6_RD/U_RD_FIFO/SUBCORE_FIFO.xsdbm_v1_0_rdfifo_inst/inst_fifo_gen/gconvfifo.rf/grf.rf/gntv_or_sync_fifo.gcx.clkx/gsync_stage[2].wr_stg_inst/Q_reg_reg[2]/C
                         clock pessimism              0.028    -0.480    
    SLICE_X3Y63          FDCE (Remov_fdce_C_CLR)     -0.069    -0.549    dbg_hub/inst/UUT_MASTER/U_ICON_INTERFACE/U_CMD6_RD/U_RD_FIFO/SUBCORE_FIFO.xsdbm_v1_0_rdfifo_inst/inst_fifo_gen/gconvfifo.rf/grf.rf/gntv_or_sync_fifo.gcx.clkx/gsync_stage[2].wr_stg_inst/Q_reg_reg[2]
  -------------------------------------------------------------------
                         required time                          0.549    
                         arrival time                          -0.249    
  -------------------------------------------------------------------
                         slack                                  0.301    

Slack (MET) :             0.301ns  (arrival time - required time)
  Source:                 dbg_hub/inst/UUT_MASTER/U_ICON_INTERFACE/U_CMD6_RD/U_RD_FIFO/SUBCORE_FIFO.xsdbm_v1_0_rdfifo_inst/inst_fifo_gen/gconvfifo.rf/grf.rf/rstblk/ngwrdrst.grst.g7serrst.wr_rst_reg_reg[0]/C
                            (rising edge-triggered cell FDPE clocked by clk_32M_clk_wiz_0_1  {rise@0.000ns fall@15.625ns period=31.250ns})
  Destination:            dbg_hub/inst/UUT_MASTER/U_ICON_INTERFACE/U_CMD6_RD/U_RD_FIFO/SUBCORE_FIFO.xsdbm_v1_0_rdfifo_inst/inst_fifo_gen/gconvfifo.rf/grf.rf/gntv_or_sync_fifo.gcx.clkx/rd_pntr_bin_reg[0]/CLR
                            (removal check against rising-edge clock clk_32M_clk_wiz_0_1  {rise@0.000ns fall@15.625ns period=31.250ns})
  Path Group:             **async_default**
  Path Type:              Removal (Min at Fast Process Corner)
  Requirement:            0.000ns  (clk_32M_clk_wiz_0_1 rise@0.000ns - clk_32M_clk_wiz_0_1 rise@0.000ns)
  Data Path Delay:        0.245ns  (logic 0.100ns (40.891%)  route 0.145ns (59.109%))
  Logic Levels:           0  
  Clock Path Skew:        0.013ns (DCD - SCD - CPR)
    Destination Clock Delay (DCD):    -0.508ns
    Source Clock Delay      (SCD):    -0.493ns
    Clock Pessimism Removal (CPR):    -0.028ns

    Location             Delay type                Incr(ns)  Path(ns)    Netlist Resource(s)
  -------------------------------------------------------------------    -------------------
                         (clock clk_32M_clk_wiz_0_1 rise edge)
                                                      0.000     0.000 r  
    AE10                                              0.000     0.000 r  sys_clk_p
                         net (fo=0)                   0.000     0.000    i_pll/inst/clk_in1_p
    AE10                 IBUFDS (Prop_ibufds_I_O)     0.354     0.354 r  i_pll/inst/clkin1_ibufgds/O
                         net (fo=1, routed)           0.503     0.857    i_pll/inst/clk_in1_clk_wiz_0
    MMCME2_ADV_X1Y1      MMCME2_ADV (Prop_mmcme2_adv_CLKIN1_CLKOUT1)
                                                     -3.040    -2.183 r  i_pll/inst/mmcm_adv_inst/CLKOUT1
                         net (fo=1, routed)           0.940    -1.243    i_pll/inst/clk_32M_clk_wiz_0
    BUFGCTRL_X0Y0        BUFG (Prop_bufg_I_O)         0.026    -1.217 r  i_pll/inst/clkout2_buf/O
                         net (fo=639, routed)         0.724    -0.493    dbg_hub/inst/UUT_MASTER/U_ICON_INTERFACE/U_CMD6_RD/U_RD_FIFO/SUBCORE_FIFO.xsdbm_v1_0_rdfifo_inst/inst_fifo_gen/gconvfifo.rf/grf.rf/rstblk/clk
    SLICE_X1Y64                                                       r  dbg_hub/inst/UUT_MASTER/U_ICON_INTERFACE/U_CMD6_RD/U_RD_FIFO/SUBCORE_FIFO.xsdbm_v1_0_rdfifo_inst/inst_fifo_gen/gconvfifo.rf/grf.rf/rstblk/ngwrdrst.grst.g7serrst.wr_rst_reg_reg[0]/C
  -------------------------------------------------------------------    -------------------
    SLICE_X1Y64          FDPE (Prop_fdpe_C_Q)         0.100    -0.393 f  dbg_hub/inst/UUT_MASTER/U_ICON_INTERFACE/U_CMD6_RD/U_RD_FIFO/SUBCORE_FIFO.xsdbm_v1_0_rdfifo_inst/inst_fifo_gen/gconvfifo.rf/grf.rf/rstblk/ngwrdrst.grst.g7serrst.wr_rst_reg_reg[0]/Q
                         net (fo=18, routed)          0.145    -0.249    dbg_hub/inst/UUT_MASTER/U_ICON_INTERFACE/U_CMD6_RD/U_RD_FIFO/SUBCORE_FIFO.xsdbm_v1_0_rdfifo_inst/inst_fifo_gen/gconvfifo.rf/grf.rf/gntv_or_sync_fifo.gcx.clkx/I3[0]
    SLICE_X3Y63          FDCE                                         f  dbg_hub/inst/UUT_MASTER/U_ICON_INTERFACE/U_CMD6_RD/U_RD_FIFO/SUBCORE_FIFO.xsdbm_v1_0_rdfifo_inst/inst_fifo_gen/gconvfifo.rf/grf.rf/gntv_or_sync_fifo.gcx.clkx/rd_pntr_bin_reg[0]/CLR
  -------------------------------------------------------------------    -------------------

                         (clock clk_32M_clk_wiz_0_1 rise edge)
                                                      0.000     0.000 r  
    AE10                                              0.000     0.000 r  sys_clk_p
                         net (fo=0)                   0.000     0.000    i_pll/inst/clk_in1_p
    AE10                 IBUFDS (Prop_ibufds_I_O)     0.432     0.432 r  i_pll/inst/clkin1_ibufgds/O
                         net (fo=1, routed)           0.553     0.985    i_pll/inst/clk_in1_clk_wiz_0
    MMCME2_ADV_X1Y1      MMCME2_ADV (Prop_mmcme2_adv_CLKIN1_CLKOUT1)
                                                     -3.493    -2.508 r  i_pll/inst/mmcm_adv_inst/CLKOUT1
                         net (fo=1, routed)           1.007    -1.501    i_pll/inst/clk_32M_clk_wiz_0
    BUFGCTRL_X0Y0        BUFG (Prop_bufg_I_O)         0.030    -1.471 r  i_pll/inst/clkout2_buf/O
                         net (fo=639, routed)         0.963    -0.508    dbg_hub/inst/UUT_MASTER/U_ICON_INTERFACE/U_CMD6_RD/U_RD_FIFO/SUBCORE_FIFO.xsdbm_v1_0_rdfifo_inst/inst_fifo_gen/gconvfifo.rf/grf.rf/gntv_or_sync_fifo.gcx.clkx/clk
    SLICE_X3Y63                                                       r  dbg_hub/inst/UUT_MASTER/U_ICON_INTERFACE/U_CMD6_RD/U_RD_FIFO/SUBCORE_FIFO.xsdbm_v1_0_rdfifo_inst/inst_fifo_gen/gconvfifo.rf/grf.rf/gntv_or_sync_fifo.gcx.clkx/rd_pntr_bin_reg[0]/C
                         clock pessimism              0.028    -0.480    
    SLICE_X3Y63          FDCE (Remov_fdce_C_CLR)     -0.069    -0.549    dbg_hub/inst/UUT_MASTER/U_ICON_INTERFACE/U_CMD6_RD/U_RD_FIFO/SUBCORE_FIFO.xsdbm_v1_0_rdfifo_inst/inst_fifo_gen/gconvfifo.rf/grf.rf/gntv_or_sync_fifo.gcx.clkx/rd_pntr_bin_reg[0]
  -------------------------------------------------------------------
                         required time                          0.549    
                         arrival time                          -0.249    
  -------------------------------------------------------------------
                         slack                                  0.301    

Slack (MET) :             0.301ns  (arrival time - required time)
  Source:                 dbg_hub/inst/UUT_MASTER/U_ICON_INTERFACE/U_CMD6_RD/U_RD_FIFO/SUBCORE_FIFO.xsdbm_v1_0_rdfifo_inst/inst_fifo_gen/gconvfifo.rf/grf.rf/rstblk/ngwrdrst.grst.g7serrst.wr_rst_reg_reg[0]/C
                            (rising edge-triggered cell FDPE clocked by clk_32M_clk_wiz_0_1  {rise@0.000ns fall@15.625ns period=31.250ns})
  Destination:            dbg_hub/inst/UUT_MASTER/U_ICON_INTERFACE/U_CMD6_RD/U_RD_FIFO/SUBCORE_FIFO.xsdbm_v1_0_rdfifo_inst/inst_fifo_gen/gconvfifo.rf/grf.rf/gntv_or_sync_fifo.gcx.clkx/rd_pntr_bin_reg[1]/CLR
                            (removal check against rising-edge clock clk_32M_clk_wiz_0_1  {rise@0.000ns fall@15.625ns period=31.250ns})
  Path Group:             **async_default**
  Path Type:              Removal (Min at Fast Process Corner)
  Requirement:            0.000ns  (clk_32M_clk_wiz_0_1 rise@0.000ns - clk_32M_clk_wiz_0_1 rise@0.000ns)
  Data Path Delay:        0.245ns  (logic 0.100ns (40.891%)  route 0.145ns (59.109%))
  Logic Levels:           0  
  Clock Path Skew:        0.013ns (DCD - SCD - CPR)
    Destination Clock Delay (DCD):    -0.508ns
    Source Clock Delay      (SCD):    -0.493ns
    Clock Pessimism Removal (CPR):    -0.028ns

    Location             Delay type                Incr(ns)  Path(ns)    Netlist Resource(s)
  -------------------------------------------------------------------    -------------------
                         (clock clk_32M_clk_wiz_0_1 rise edge)
                                                      0.000     0.000 r  
    AE10                                              0.000     0.000 r  sys_clk_p
                         net (fo=0)                   0.000     0.000    i_pll/inst/clk_in1_p
    AE10                 IBUFDS (Prop_ibufds_I_O)     0.354     0.354 r  i_pll/inst/clkin1_ibufgds/O
                         net (fo=1, routed)           0.503     0.857    i_pll/inst/clk_in1_clk_wiz_0
    MMCME2_ADV_X1Y1      MMCME2_ADV (Prop_mmcme2_adv_CLKIN1_CLKOUT1)
                                                     -3.040    -2.183 r  i_pll/inst/mmcm_adv_inst/CLKOUT1
                         net (fo=1, routed)           0.940    -1.243    i_pll/inst/clk_32M_clk_wiz_0
    BUFGCTRL_X0Y0        BUFG (Prop_bufg_I_O)         0.026    -1.217 r  i_pll/inst/clkout2_buf/O
                         net (fo=639, routed)         0.724    -0.493    dbg_hub/inst/UUT_MASTER/U_ICON_INTERFACE/U_CMD6_RD/U_RD_FIFO/SUBCORE_FIFO.xsdbm_v1_0_rdfifo_inst/inst_fifo_gen/gconvfifo.rf/grf.rf/rstblk/clk
    SLICE_X1Y64                                                       r  dbg_hub/inst/UUT_MASTER/U_ICON_INTERFACE/U_CMD6_RD/U_RD_FIFO/SUBCORE_FIFO.xsdbm_v1_0_rdfifo_inst/inst_fifo_gen/gconvfifo.rf/grf.rf/rstblk/ngwrdrst.grst.g7serrst.wr_rst_reg_reg[0]/C
  -------------------------------------------------------------------    -------------------
    SLICE_X1Y64          FDPE (Prop_fdpe_C_Q)         0.100    -0.393 f  dbg_hub/inst/UUT_MASTER/U_ICON_INTERFACE/U_CMD6_RD/U_RD_FIFO/SUBCORE_FIFO.xsdbm_v1_0_rdfifo_inst/inst_fifo_gen/gconvfifo.rf/grf.rf/rstblk/ngwrdrst.grst.g7serrst.wr_rst_reg_reg[0]/Q
                         net (fo=18, routed)          0.145    -0.249    dbg_hub/inst/UUT_MASTER/U_ICON_INTERFACE/U_CMD6_RD/U_RD_FIFO/SUBCORE_FIFO.xsdbm_v1_0_rdfifo_inst/inst_fifo_gen/gconvfifo.rf/grf.rf/gntv_or_sync_fifo.gcx.clkx/I3[0]
    SLICE_X3Y63          FDCE                                         f  dbg_hub/inst/UUT_MASTER/U_ICON_INTERFACE/U_CMD6_RD/U_RD_FIFO/SUBCORE_FIFO.xsdbm_v1_0_rdfifo_inst/inst_fifo_gen/gconvfifo.rf/grf.rf/gntv_or_sync_fifo.gcx.clkx/rd_pntr_bin_reg[1]/CLR
  -------------------------------------------------------------------    -------------------

                         (clock clk_32M_clk_wiz_0_1 rise edge)
                                                      0.000     0.000 r  
    AE10                                              0.000     0.000 r  sys_clk_p
                         net (fo=0)                   0.000     0.000    i_pll/inst/clk_in1_p
    AE10                 IBUFDS (Prop_ibufds_I_O)     0.432     0.432 r  i_pll/inst/clkin1_ibufgds/O
                         net (fo=1, routed)           0.553     0.985    i_pll/inst/clk_in1_clk_wiz_0
    MMCME2_ADV_X1Y1      MMCME2_ADV (Prop_mmcme2_adv_CLKIN1_CLKOUT1)
                                                     -3.493    -2.508 r  i_pll/inst/mmcm_adv_inst/CLKOUT1
                         net (fo=1, routed)           1.007    -1.501    i_pll/inst/clk_32M_clk_wiz_0
    BUFGCTRL_X0Y0        BUFG (Prop_bufg_I_O)         0.030    -1.471 r  i_pll/inst/clkout2_buf/O
                         net (fo=639, routed)         0.963    -0.508    dbg_hub/inst/UUT_MASTER/U_ICON_INTERFACE/U_CMD6_RD/U_RD_FIFO/SUBCORE_FIFO.xsdbm_v1_0_rdfifo_inst/inst_fifo_gen/gconvfifo.rf/grf.rf/gntv_or_sync_fifo.gcx.clkx/clk
    SLICE_X3Y63                                                       r  dbg_hub/inst/UUT_MASTER/U_ICON_INTERFACE/U_CMD6_RD/U_RD_FIFO/SUBCORE_FIFO.xsdbm_v1_0_rdfifo_inst/inst_fifo_gen/gconvfifo.rf/grf.rf/gntv_or_sync_fifo.gcx.clkx/rd_pntr_bin_reg[1]/C
                         clock pessimism              0.028    -0.480    
    SLICE_X3Y63          FDCE (Remov_fdce_C_CLR)     -0.069    -0.549    dbg_hub/inst/UUT_MASTER/U_ICON_INTERFACE/U_CMD6_RD/U_RD_FIFO/SUBCORE_FIFO.xsdbm_v1_0_rdfifo_inst/inst_fifo_gen/gconvfifo.rf/grf.rf/gntv_or_sync_fifo.gcx.clkx/rd_pntr_bin_reg[1]
  -------------------------------------------------------------------
                         required time                          0.549    
                         arrival time                          -0.249    
  -------------------------------------------------------------------
                         slack                                  0.301    

Slack (MET) :             0.301ns  (arrival time - required time)
  Source:                 dbg_hub/inst/UUT_MASTER/U_ICON_INTERFACE/U_CMD6_RD/U_RD_FIFO/SUBCORE_FIFO.xsdbm_v1_0_rdfifo_inst/inst_fifo_gen/gconvfifo.rf/grf.rf/rstblk/ngwrdrst.grst.g7serrst.wr_rst_reg_reg[0]/C
                            (rising edge-triggered cell FDPE clocked by clk_32M_clk_wiz_0_1  {rise@0.000ns fall@15.625ns period=31.250ns})
  Destination:            dbg_hub/inst/UUT_MASTER/U_ICON_INTERFACE/U_CMD6_RD/U_RD_FIFO/SUBCORE_FIFO.xsdbm_v1_0_rdfifo_inst/inst_fifo_gen/gconvfifo.rf/grf.rf/gntv_or_sync_fifo.gcx.clkx/rd_pntr_bin_reg[2]/CLR
                            (removal check against rising-edge clock clk_32M_clk_wiz_0_1  {rise@0.000ns fall@15.625ns period=31.250ns})
  Path Group:             **async_default**
  Path Type:              Removal (Min at Fast Process Corner)
  Requirement:            0.000ns  (clk_32M_clk_wiz_0_1 rise@0.000ns - clk_32M_clk_wiz_0_1 rise@0.000ns)
  Data Path Delay:        0.245ns  (logic 0.100ns (40.891%)  route 0.145ns (59.109%))
  Logic Levels:           0  
  Clock Path Skew:        0.013ns (DCD - SCD - CPR)
    Destination Clock Delay (DCD):    -0.508ns
    Source Clock Delay      (SCD):    -0.493ns
    Clock Pessimism Removal (CPR):    -0.028ns

    Location             Delay type                Incr(ns)  Path(ns)    Netlist Resource(s)
  -------------------------------------------------------------------    -------------------
                         (clock clk_32M_clk_wiz_0_1 rise edge)
                                                      0.000     0.000 r  
    AE10                                              0.000     0.000 r  sys_clk_p
                         net (fo=0)                   0.000     0.000    i_pll/inst/clk_in1_p
    AE10                 IBUFDS (Prop_ibufds_I_O)     0.354     0.354 r  i_pll/inst/clkin1_ibufgds/O
                         net (fo=1, routed)           0.503     0.857    i_pll/inst/clk_in1_clk_wiz_0
    MMCME2_ADV_X1Y1      MMCME2_ADV (Prop_mmcme2_adv_CLKIN1_CLKOUT1)
                                                     -3.040    -2.183 r  i_pll/inst/mmcm_adv_inst/CLKOUT1
                         net (fo=1, routed)           0.940    -1.243    i_pll/inst/clk_32M_clk_wiz_0
    BUFGCTRL_X0Y0        BUFG (Prop_bufg_I_O)         0.026    -1.217 r  i_pll/inst/clkout2_buf/O
                         net (fo=639, routed)         0.724    -0.493    dbg_hub/inst/UUT_MASTER/U_ICON_INTERFACE/U_CMD6_RD/U_RD_FIFO/SUBCORE_FIFO.xsdbm_v1_0_rdfifo_inst/inst_fifo_gen/gconvfifo.rf/grf.rf/rstblk/clk
    SLICE_X1Y64                                                       r  dbg_hub/inst/UUT_MASTER/U_ICON_INTERFACE/U_CMD6_RD/U_RD_FIFO/SUBCORE_FIFO.xsdbm_v1_0_rdfifo_inst/inst_fifo_gen/gconvfifo.rf/grf.rf/rstblk/ngwrdrst.grst.g7serrst.wr_rst_reg_reg[0]/C
  -------------------------------------------------------------------    -------------------
    SLICE_X1Y64          FDPE (Prop_fdpe_C_Q)         0.100    -0.393 f  dbg_hub/inst/UUT_MASTER/U_ICON_INTERFACE/U_CMD6_RD/U_RD_FIFO/SUBCORE_FIFO.xsdbm_v1_0_rdfifo_inst/inst_fifo_gen/gconvfifo.rf/grf.rf/rstblk/ngwrdrst.grst.g7serrst.wr_rst_reg_reg[0]/Q
                         net (fo=18, routed)          0.145    -0.249    dbg_hub/inst/UUT_MASTER/U_ICON_INTERFACE/U_CMD6_RD/U_RD_FIFO/SUBCORE_FIFO.xsdbm_v1_0_rdfifo_inst/inst_fifo_gen/gconvfifo.rf/grf.rf/gntv_or_sync_fifo.gcx.clkx/I3[0]
    SLICE_X3Y63          FDCE                                         f  dbg_hub/inst/UUT_MASTER/U_ICON_INTERFACE/U_CMD6_RD/U_RD_FIFO/SUBCORE_FIFO.xsdbm_v1_0_rdfifo_inst/inst_fifo_gen/gconvfifo.rf/grf.rf/gntv_or_sync_fifo.gcx.clkx/rd_pntr_bin_reg[2]/CLR
  -------------------------------------------------------------------    -------------------

                         (clock clk_32M_clk_wiz_0_1 rise edge)
                                                      0.000     0.000 r  
    AE10                                              0.000     0.000 r  sys_clk_p
                         net (fo=0)                   0.000     0.000    i_pll/inst/clk_in1_p
    AE10                 IBUFDS (Prop_ibufds_I_O)     0.432     0.432 r  i_pll/inst/clkin1_ibufgds/O
                         net (fo=1, routed)           0.553     0.985    i_pll/inst/clk_in1_clk_wiz_0
    MMCME2_ADV_X1Y1      MMCME2_ADV (Prop_mmcme2_adv_CLKIN1_CLKOUT1)
                                                     -3.493    -2.508 r  i_pll/inst/mmcm_adv_inst/CLKOUT1
                         net (fo=1, routed)           1.007    -1.501    i_pll/inst/clk_32M_clk_wiz_0
    BUFGCTRL_X0Y0        BUFG (Prop_bufg_I_O)         0.030    -1.471 r  i_pll/inst/clkout2_buf/O
                         net (fo=639, routed)         0.963    -0.508    dbg_hub/inst/UUT_MASTER/U_ICON_INTERFACE/U_CMD6_RD/U_RD_FIFO/SUBCORE_FIFO.xsdbm_v1_0_rdfifo_inst/inst_fifo_gen/gconvfifo.rf/grf.rf/gntv_or_sync_fifo.gcx.clkx/clk
    SLICE_X3Y63                                                       r  dbg_hub/inst/UUT_MASTER/U_ICON_INTERFACE/U_CMD6_RD/U_RD_FIFO/SUBCORE_FIFO.xsdbm_v1_0_rdfifo_inst/inst_fifo_gen/gconvfifo.rf/grf.rf/gntv_or_sync_fifo.gcx.clkx/rd_pntr_bin_reg[2]/C
                         clock pessimism              0.028    -0.480    
    SLICE_X3Y63          FDCE (Remov_fdce_C_CLR)     -0.069    -0.549    dbg_hub/inst/UUT_MASTER/U_ICON_INTERFACE/U_CMD6_RD/U_RD_FIFO/SUBCORE_FIFO.xsdbm_v1_0_rdfifo_inst/inst_fifo_gen/gconvfifo.rf/grf.rf/gntv_or_sync_fifo.gcx.clkx/rd_pntr_bin_reg[2]
  -------------------------------------------------------------------
                         required time                          0.549    
                         arrival time                          -0.249    
  -------------------------------------------------------------------
                         slack                                  0.301    





---------------------------------------------------------------------------------------------------
Path Group:  **async_default**
From Clock:  clk_50M_clk_wiz_0_1
  To Clock:  clk_50M_clk_wiz_0_1

Setup :            0  Failing Endpoints,  Worst Slack       17.922ns,  Total Violation        0.000ns
Hold  :            0  Failing Endpoints,  Worst Slack        0.290ns,  Total Violation        0.000ns
---------------------------------------------------------------------------------------------------


Max Delay Paths
--------------------------------------------------------------------------------------
Slack (MET) :             17.922ns  (required time - arrival time)
  Source:                 rst_50m_n_reg/C
                            (rising edge-triggered cell FDRE clocked by clk_50M_clk_wiz_0_1  {rise@0.000ns fall@10.000ns period=20.000ns})
  Destination:            i_uart_rx/clk_cnt_reg[3]/CLR
                            (recovery check against rising-edge clock clk_50M_clk_wiz_0_1  {rise@0.000ns fall@10.000ns period=20.000ns})
  Path Group:             **async_default**
  Path Type:              Recovery (Max at Slow Process Corner)
  Requirement:            20.000ns  (clk_50M_clk_wiz_0_1 rise@20.000ns - clk_50M_clk_wiz_0_1 rise@0.000ns)
  Data Path Delay:        1.800ns  (logic 0.266ns (14.777%)  route 1.534ns (85.223%))
  Logic Levels:           1  (LUT1=1)
  Clock Path Skew:        0.008ns (DCD - SCD + CPR)
    Destination Clock Delay (DCD):    -1.231ns = ( 18.769 - 20.000 ) 
    Source Clock Delay      (SCD):    -1.848ns
    Clock Pessimism Removal (CPR):    -0.609ns
  Clock Uncertainty:      0.074ns  ((TSJ^2 + DJ^2)^1/2) / 2 + PE
    Total System Jitter     (TSJ):    0.071ns
    Discrete Jitter          (DJ):    0.131ns
    Phase Error              (PE):    0.000ns

    Location             Delay type                Incr(ns)  Path(ns)    Netlist Resource(s)
  -------------------------------------------------------------------    -------------------
                         (clock clk_50M_clk_wiz_0_1 rise edge)
                                                      0.000     0.000 r  
    AE10                                              0.000     0.000 r  sys_clk_p
                         net (fo=0)                   0.000     0.000    i_pll/inst/clk_in1_p
    AE10                 IBUFDS (Prop_ibufds_I_O)     0.818     0.818 r  i_pll/inst/clkin1_ibufgds/O
                         net (fo=1, routed)           1.081     1.899    i_pll/inst/clk_in1_clk_wiz_0
    MMCME2_ADV_X1Y1      MMCME2_ADV (Prop_mmcme2_adv_CLKIN1_CLKOUT0)
                                                     -7.786    -5.887 r  i_pll/inst/mmcm_adv_inst/CLKOUT0
                         net (fo=1, routed)           2.130    -3.757    i_pll/inst/clk_50M_clk_wiz_0
    BUFGCTRL_X0Y2        BUFG (Prop_bufg_I_O)         0.093    -3.664 r  i_pll/inst/clkout1_buf/O
                         net (fo=236, routed)         1.816    -1.848    rd_clk
    SLICE_X19Y49                                                      r  rst_50m_n_reg/C
  -------------------------------------------------------------------    -------------------
    SLICE_X19Y49         FDRE (Prop_fdre_C_Q)         0.223    -1.625 r  rst_50m_n_reg/Q
                         net (fo=1, routed)           0.263    -1.363    i_uart_rx/rst_50m_n
    SLICE_X19Y49         LUT1 (Prop_lut1_I0_O)        0.043    -1.320 f  i_uart_rx/rxd_sync_1_i_1/O
                         net (fo=83, routed)          1.272    -0.048    i_uart_rx/O1
    SLICE_X0Y46          FDCE                                         f  i_uart_rx/clk_cnt_reg[3]/CLR
  -------------------------------------------------------------------    -------------------

                         (clock clk_50M_clk_wiz_0_1 rise edge)
                                                     20.000    20.000 r  
    AE10                                              0.000    20.000 r  sys_clk_p
                         net (fo=0)                   0.000    20.000    i_pll/inst/clk_in1_p
    AE10                 IBUFDS (Prop_ibufds_I_O)     0.722    20.722 r  i_pll/inst/clkin1_ibufgds/O
                         net (fo=1, routed)           0.986    21.708    i_pll/inst/clk_in1_clk_wiz_0
    MMCME2_ADV_X1Y1      MMCME2_ADV (Prop_mmcme2_adv_CLKIN1_CLKOUT0)
                                                     -6.759    14.949 r  i_pll/inst/mmcm_adv_inst/CLKOUT0
                         net (fo=1, routed)           2.005    16.954    i_pll/inst/clk_50M_clk_wiz_0
    BUFGCTRL_X0Y2        BUFG (Prop_bufg_I_O)         0.083    17.037 r  i_pll/inst/clkout1_buf/O
                         net (fo=236, routed)         1.732    18.769    i_uart_rx/CLK
    SLICE_X0Y46                                                       r  i_uart_rx/clk_cnt_reg[3]/C
                         clock pessimism             -0.609    18.160    
                         clock uncertainty           -0.074    18.086    
    SLICE_X0Y46          FDCE (Recov_fdce_C_CLR)     -0.212    17.874    i_uart_rx/clk_cnt_reg[3]
  -------------------------------------------------------------------
                         required time                         17.874    
                         arrival time                           0.048    
  -------------------------------------------------------------------
                         slack                                 17.922    

Slack (MET) :             17.924ns  (required time - arrival time)
  Source:                 rst_50m_n_reg/C
                            (rising edge-triggered cell FDRE clocked by clk_50M_clk_wiz_0_1  {rise@0.000ns fall@10.000ns period=20.000ns})
  Destination:            i_uart_rx/clk_cnt_reg[2]/CLR
                            (recovery check against rising-edge clock clk_50M_clk_wiz_0_1  {rise@0.000ns fall@10.000ns period=20.000ns})
  Path Group:             **async_default**
  Path Type:              Recovery (Max at Slow Process Corner)
  Requirement:            20.000ns  (clk_50M_clk_wiz_0_1 rise@20.000ns - clk_50M_clk_wiz_0_1 rise@0.000ns)
  Data Path Delay:        1.798ns  (logic 0.266ns (14.794%)  route 1.532ns (85.206%))
  Logic Levels:           1  (LUT1=1)
  Clock Path Skew:        0.008ns (DCD - SCD + CPR)
    Destination Clock Delay (DCD):    -1.231ns = ( 18.769 - 20.000 ) 
    Source Clock Delay      (SCD):    -1.848ns
    Clock Pessimism Removal (CPR):    -0.609ns
  Clock Uncertainty:      0.074ns  ((TSJ^2 + DJ^2)^1/2) / 2 + PE
    Total System Jitter     (TSJ):    0.071ns
    Discrete Jitter          (DJ):    0.131ns
    Phase Error              (PE):    0.000ns

    Location             Delay type                Incr(ns)  Path(ns)    Netlist Resource(s)
  -------------------------------------------------------------------    -------------------
                         (clock clk_50M_clk_wiz_0_1 rise edge)
                                                      0.000     0.000 r  
    AE10                                              0.000     0.000 r  sys_clk_p
                         net (fo=0)                   0.000     0.000    i_pll/inst/clk_in1_p
    AE10                 IBUFDS (Prop_ibufds_I_O)     0.818     0.818 r  i_pll/inst/clkin1_ibufgds/O
                         net (fo=1, routed)           1.081     1.899    i_pll/inst/clk_in1_clk_wiz_0
    MMCME2_ADV_X1Y1      MMCME2_ADV (Prop_mmcme2_adv_CLKIN1_CLKOUT0)
                                                     -7.786    -5.887 r  i_pll/inst/mmcm_adv_inst/CLKOUT0
                         net (fo=1, routed)           2.130    -3.757    i_pll/inst/clk_50M_clk_wiz_0
    BUFGCTRL_X0Y2        BUFG (Prop_bufg_I_O)         0.093    -3.664 r  i_pll/inst/clkout1_buf/O
                         net (fo=236, routed)         1.816    -1.848    rd_clk
    SLICE_X19Y49                                                      r  rst_50m_n_reg/C
  -------------------------------------------------------------------    -------------------
    SLICE_X19Y49         FDRE (Prop_fdre_C_Q)         0.223    -1.625 r  rst_50m_n_reg/Q
                         net (fo=1, routed)           0.263    -1.363    i_uart_rx/rst_50m_n
    SLICE_X19Y49         LUT1 (Prop_lut1_I0_O)        0.043    -1.320 f  i_uart_rx/rxd_sync_1_i_1/O
                         net (fo=83, routed)          1.270    -0.050    i_uart_rx/O1
    SLICE_X1Y46          FDCE                                         f  i_uart_rx/clk_cnt_reg[2]/CLR
  -------------------------------------------------------------------    -------------------

                         (clock clk_50M_clk_wiz_0_1 rise edge)
                                                     20.000    20.000 r  
    AE10                                              0.000    20.000 r  sys_clk_p
                         net (fo=0)                   0.000    20.000    i_pll/inst/clk_in1_p
    AE10                 IBUFDS (Prop_ibufds_I_O)     0.722    20.722 r  i_pll/inst/clkin1_ibufgds/O
                         net (fo=1, routed)           0.986    21.708    i_pll/inst/clk_in1_clk_wiz_0
    MMCME2_ADV_X1Y1      MMCME2_ADV (Prop_mmcme2_adv_CLKIN1_CLKOUT0)
                                                     -6.759    14.949 r  i_pll/inst/mmcm_adv_inst/CLKOUT0
                         net (fo=1, routed)           2.005    16.954    i_pll/inst/clk_50M_clk_wiz_0
    BUFGCTRL_X0Y2        BUFG (Prop_bufg_I_O)         0.083    17.037 r  i_pll/inst/clkout1_buf/O
                         net (fo=236, routed)         1.732    18.769    i_uart_rx/CLK
    SLICE_X1Y46                                                       r  i_uart_rx/clk_cnt_reg[2]/C
                         clock pessimism             -0.609    18.160    
                         clock uncertainty           -0.074    18.086    
    SLICE_X1Y46          FDCE (Recov_fdce_C_CLR)     -0.212    17.874    i_uart_rx/clk_cnt_reg[2]
  -------------------------------------------------------------------
                         required time                         17.874    
                         arrival time                           0.050    
  -------------------------------------------------------------------
                         slack                                 17.924    

Slack (MET) :             18.023ns  (required time - arrival time)
  Source:                 rst_50m_n_reg/C
                            (rising edge-triggered cell FDRE clocked by clk_50M_clk_wiz_0_1  {rise@0.000ns fall@10.000ns period=20.000ns})
  Destination:            i_uart_rx/clk_cnt_reg[10]/CLR
                            (recovery check against rising-edge clock clk_50M_clk_wiz_0_1  {rise@0.000ns fall@10.000ns period=20.000ns})
  Path Group:             **async_default**
  Path Type:              Recovery (Max at Slow Process Corner)
  Requirement:            20.000ns  (clk_50M_clk_wiz_0_1 rise@20.000ns - clk_50M_clk_wiz_0_1 rise@0.000ns)
  Data Path Delay:        1.698ns  (logic 0.266ns (15.663%)  route 1.432ns (84.337%))
  Logic Levels:           1  (LUT1=1)
  Clock Path Skew:        0.008ns (DCD - SCD + CPR)
    Destination Clock Delay (DCD):    -1.231ns = ( 18.769 - 20.000 ) 
    Source Clock Delay      (SCD):    -1.848ns
    Clock Pessimism Removal (CPR):    -0.609ns
  Clock Uncertainty:      0.074ns  ((TSJ^2 + DJ^2)^1/2) / 2 + PE
    Total System Jitter     (TSJ):    0.071ns
    Discrete Jitter          (DJ):    0.131ns
    Phase Error              (PE):    0.000ns

    Location             Delay type                Incr(ns)  Path(ns)    Netlist Resource(s)
  -------------------------------------------------------------------    -------------------
                         (clock clk_50M_clk_wiz_0_1 rise edge)
                                                      0.000     0.000 r  
    AE10                                              0.000     0.000 r  sys_clk_p
                         net (fo=0)                   0.000     0.000    i_pll/inst/clk_in1_p
    AE10                 IBUFDS (Prop_ibufds_I_O)     0.818     0.818 r  i_pll/inst/clkin1_ibufgds/O
                         net (fo=1, routed)           1.081     1.899    i_pll/inst/clk_in1_clk_wiz_0
    MMCME2_ADV_X1Y1      MMCME2_ADV (Prop_mmcme2_adv_CLKIN1_CLKOUT0)
                                                     -7.786    -5.887 r  i_pll/inst/mmcm_adv_inst/CLKOUT0
                         net (fo=1, routed)           2.130    -3.757    i_pll/inst/clk_50M_clk_wiz_0
    BUFGCTRL_X0Y2        BUFG (Prop_bufg_I_O)         0.093    -3.664 r  i_pll/inst/clkout1_buf/O
                         net (fo=236, routed)         1.816    -1.848    rd_clk
    SLICE_X19Y49                                                      r  rst_50m_n_reg/C
  -------------------------------------------------------------------    -------------------
    SLICE_X19Y49         FDRE (Prop_fdre_C_Q)         0.223    -1.625 r  rst_50m_n_reg/Q
                         net (fo=1, routed)           0.263    -1.363    i_uart_rx/rst_50m_n
    SLICE_X19Y49         LUT1 (Prop_lut1_I0_O)        0.043    -1.320 f  i_uart_rx/rxd_sync_1_i_1/O
                         net (fo=83, routed)          1.170    -0.150    i_uart_rx/O1
    SLICE_X1Y48          FDCE                                         f  i_uart_rx/clk_cnt_reg[10]/CLR
  -------------------------------------------------------------------    -------------------

                         (clock clk_50M_clk_wiz_0_1 rise edge)
                                                     20.000    20.000 r  
    AE10                                              0.000    20.000 r  sys_clk_p
                         net (fo=0)                   0.000    20.000    i_pll/inst/clk_in1_p
    AE10                 IBUFDS (Prop_ibufds_I_O)     0.722    20.722 r  i_pll/inst/clkin1_ibufgds/O
                         net (fo=1, routed)           0.986    21.708    i_pll/inst/clk_in1_clk_wiz_0
    MMCME2_ADV_X1Y1      MMCME2_ADV (Prop_mmcme2_adv_CLKIN1_CLKOUT0)
                                                     -6.759    14.949 r  i_pll/inst/mmcm_adv_inst/CLKOUT0
                         net (fo=1, routed)           2.005    16.954    i_pll/inst/clk_50M_clk_wiz_0
    BUFGCTRL_X0Y2        BUFG (Prop_bufg_I_O)         0.083    17.037 r  i_pll/inst/clkout1_buf/O
                         net (fo=236, routed)         1.732    18.769    i_uart_rx/CLK
    SLICE_X1Y48                                                       r  i_uart_rx/clk_cnt_reg[10]/C
                         clock pessimism             -0.609    18.160    
                         clock uncertainty           -0.074    18.086    
    SLICE_X1Y48          FDCE (Recov_fdce_C_CLR)     -0.212    17.874    i_uart_rx/clk_cnt_reg[10]
  -------------------------------------------------------------------
                         required time                         17.874    
                         arrival time                           0.150    
  -------------------------------------------------------------------
                         slack                                 18.023    

Slack (MET) :             18.023ns  (required time - arrival time)
  Source:                 rst_50m_n_reg/C
                            (rising edge-triggered cell FDRE clocked by clk_50M_clk_wiz_0_1  {rise@0.000ns fall@10.000ns period=20.000ns})
  Destination:            i_uart_rx/clk_cnt_reg[11]/CLR
                            (recovery check against rising-edge clock clk_50M_clk_wiz_0_1  {rise@0.000ns fall@10.000ns period=20.000ns})
  Path Group:             **async_default**
  Path Type:              Recovery (Max at Slow Process Corner)
  Requirement:            20.000ns  (clk_50M_clk_wiz_0_1 rise@20.000ns - clk_50M_clk_wiz_0_1 rise@0.000ns)
  Data Path Delay:        1.698ns  (logic 0.266ns (15.663%)  route 1.432ns (84.337%))
  Logic Levels:           1  (LUT1=1)
  Clock Path Skew:        0.008ns (DCD - SCD + CPR)
    Destination Clock Delay (DCD):    -1.231ns = ( 18.769 - 20.000 ) 
    Source Clock Delay      (SCD):    -1.848ns
    Clock Pessimism Removal (CPR):    -0.609ns
  Clock Uncertainty:      0.074ns  ((TSJ^2 + DJ^2)^1/2) / 2 + PE
    Total System Jitter     (TSJ):    0.071ns
    Discrete Jitter          (DJ):    0.131ns
    Phase Error              (PE):    0.000ns

    Location             Delay type                Incr(ns)  Path(ns)    Netlist Resource(s)
  -------------------------------------------------------------------    -------------------
                         (clock clk_50M_clk_wiz_0_1 rise edge)
                                                      0.000     0.000 r  
    AE10                                              0.000     0.000 r  sys_clk_p
                         net (fo=0)                   0.000     0.000    i_pll/inst/clk_in1_p
    AE10                 IBUFDS (Prop_ibufds_I_O)     0.818     0.818 r  i_pll/inst/clkin1_ibufgds/O
                         net (fo=1, routed)           1.081     1.899    i_pll/inst/clk_in1_clk_wiz_0
    MMCME2_ADV_X1Y1      MMCME2_ADV (Prop_mmcme2_adv_CLKIN1_CLKOUT0)
                                                     -7.786    -5.887 r  i_pll/inst/mmcm_adv_inst/CLKOUT0
                         net (fo=1, routed)           2.130    -3.757    i_pll/inst/clk_50M_clk_wiz_0
    BUFGCTRL_X0Y2        BUFG (Prop_bufg_I_O)         0.093    -3.664 r  i_pll/inst/clkout1_buf/O
                         net (fo=236, routed)         1.816    -1.848    rd_clk
    SLICE_X19Y49                                                      r  rst_50m_n_reg/C
  -------------------------------------------------------------------    -------------------
    SLICE_X19Y49         FDRE (Prop_fdre_C_Q)         0.223    -1.625 r  rst_50m_n_reg/Q
                         net (fo=1, routed)           0.263    -1.363    i_uart_rx/rst_50m_n
    SLICE_X19Y49         LUT1 (Prop_lut1_I0_O)        0.043    -1.320 f  i_uart_rx/rxd_sync_1_i_1/O
                         net (fo=83, routed)          1.170    -0.150    i_uart_rx/O1
    SLICE_X1Y48          FDCE                                         f  i_uart_rx/clk_cnt_reg[11]/CLR
  -------------------------------------------------------------------    -------------------

                         (clock clk_50M_clk_wiz_0_1 rise edge)
                                                     20.000    20.000 r  
    AE10                                              0.000    20.000 r  sys_clk_p
                         net (fo=0)                   0.000    20.000    i_pll/inst/clk_in1_p
    AE10                 IBUFDS (Prop_ibufds_I_O)     0.722    20.722 r  i_pll/inst/clkin1_ibufgds/O
                         net (fo=1, routed)           0.986    21.708    i_pll/inst/clk_in1_clk_wiz_0
    MMCME2_ADV_X1Y1      MMCME2_ADV (Prop_mmcme2_adv_CLKIN1_CLKOUT0)
                                                     -6.759    14.949 r  i_pll/inst/mmcm_adv_inst/CLKOUT0
                         net (fo=1, routed)           2.005    16.954    i_pll/inst/clk_50M_clk_wiz_0
    BUFGCTRL_X0Y2        BUFG (Prop_bufg_I_O)         0.083    17.037 r  i_pll/inst/clkout1_buf/O
                         net (fo=236, routed)         1.732    18.769    i_uart_rx/CLK
    SLICE_X1Y48                                                       r  i_uart_rx/clk_cnt_reg[11]/C
                         clock pessimism             -0.609    18.160    
                         clock uncertainty           -0.074    18.086    
    SLICE_X1Y48          FDCE (Recov_fdce_C_CLR)     -0.212    17.874    i_uart_rx/clk_cnt_reg[11]
  -------------------------------------------------------------------
                         required time                         17.874    
                         arrival time                           0.150    
  -------------------------------------------------------------------
                         slack                                 18.023    

Slack (MET) :             18.023ns  (required time - arrival time)
  Source:                 rst_50m_n_reg/C
                            (rising edge-triggered cell FDRE clocked by clk_50M_clk_wiz_0_1  {rise@0.000ns fall@10.000ns period=20.000ns})
  Destination:            i_uart_rx/clk_cnt_reg[12]/CLR
                            (recovery check against rising-edge clock clk_50M_clk_wiz_0_1  {rise@0.000ns fall@10.000ns period=20.000ns})
  Path Group:             **async_default**
  Path Type:              Recovery (Max at Slow Process Corner)
  Requirement:            20.000ns  (clk_50M_clk_wiz_0_1 rise@20.000ns - clk_50M_clk_wiz_0_1 rise@0.000ns)
  Data Path Delay:        1.698ns  (logic 0.266ns (15.663%)  route 1.432ns (84.337%))
  Logic Levels:           1  (LUT1=1)
  Clock Path Skew:        0.008ns (DCD - SCD + CPR)
    Destination Clock Delay (DCD):    -1.231ns = ( 18.769 - 20.000 ) 
    Source Clock Delay      (SCD):    -1.848ns
    Clock Pessimism Removal (CPR):    -0.609ns
  Clock Uncertainty:      0.074ns  ((TSJ^2 + DJ^2)^1/2) / 2 + PE
    Total System Jitter     (TSJ):    0.071ns
    Discrete Jitter          (DJ):    0.131ns
    Phase Error              (PE):    0.000ns

    Location             Delay type                Incr(ns)  Path(ns)    Netlist Resource(s)
  -------------------------------------------------------------------    -------------------
                         (clock clk_50M_clk_wiz_0_1 rise edge)
                                                      0.000     0.000 r  
    AE10                                              0.000     0.000 r  sys_clk_p
                         net (fo=0)                   0.000     0.000    i_pll/inst/clk_in1_p
    AE10                 IBUFDS (Prop_ibufds_I_O)     0.818     0.818 r  i_pll/inst/clkin1_ibufgds/O
                         net (fo=1, routed)           1.081     1.899    i_pll/inst/clk_in1_clk_wiz_0
    MMCME2_ADV_X1Y1      MMCME2_ADV (Prop_mmcme2_adv_CLKIN1_CLKOUT0)
                                                     -7.786    -5.887 r  i_pll/inst/mmcm_adv_inst/CLKOUT0
                         net (fo=1, routed)           2.130    -3.757    i_pll/inst/clk_50M_clk_wiz_0
    BUFGCTRL_X0Y2        BUFG (Prop_bufg_I_O)         0.093    -3.664 r  i_pll/inst/clkout1_buf/O
                         net (fo=236, routed)         1.816    -1.848    rd_clk
    SLICE_X19Y49                                                      r  rst_50m_n_reg/C
  -------------------------------------------------------------------    -------------------
    SLICE_X19Y49         FDRE (Prop_fdre_C_Q)         0.223    -1.625 r  rst_50m_n_reg/Q
                         net (fo=1, routed)           0.263    -1.363    i_uart_rx/rst_50m_n
    SLICE_X19Y49         LUT1 (Prop_lut1_I0_O)        0.043    -1.320 f  i_uart_rx/rxd_sync_1_i_1/O
                         net (fo=83, routed)          1.170    -0.150    i_uart_rx/O1
    SLICE_X1Y48          FDCE                                         f  i_uart_rx/clk_cnt_reg[12]/CLR
  -------------------------------------------------------------------    -------------------

                         (clock clk_50M_clk_wiz_0_1 rise edge)
                                                     20.000    20.000 r  
    AE10                                              0.000    20.000 r  sys_clk_p
                         net (fo=0)                   0.000    20.000    i_pll/inst/clk_in1_p
    AE10                 IBUFDS (Prop_ibufds_I_O)     0.722    20.722 r  i_pll/inst/clkin1_ibufgds/O
                         net (fo=1, routed)           0.986    21.708    i_pll/inst/clk_in1_clk_wiz_0
    MMCME2_ADV_X1Y1      MMCME2_ADV (Prop_mmcme2_adv_CLKIN1_CLKOUT0)
                                                     -6.759    14.949 r  i_pll/inst/mmcm_adv_inst/CLKOUT0
                         net (fo=1, routed)           2.005    16.954    i_pll/inst/clk_50M_clk_wiz_0
    BUFGCTRL_X0Y2        BUFG (Prop_bufg_I_O)         0.083    17.037 r  i_pll/inst/clkout1_buf/O
                         net (fo=236, routed)         1.732    18.769    i_uart_rx/CLK
    SLICE_X1Y48                                                       r  i_uart_rx/clk_cnt_reg[12]/C
                         clock pessimism             -0.609    18.160    
                         clock uncertainty           -0.074    18.086    
    SLICE_X1Y48          FDCE (Recov_fdce_C_CLR)     -0.212    17.874    i_uart_rx/clk_cnt_reg[12]
  -------------------------------------------------------------------
                         required time                         17.874    
                         arrival time                           0.150    
  -------------------------------------------------------------------
                         slack                                 18.023    

Slack (MET) :             18.023ns  (required time - arrival time)
  Source:                 rst_50m_n_reg/C
                            (rising edge-triggered cell FDRE clocked by clk_50M_clk_wiz_0_1  {rise@0.000ns fall@10.000ns period=20.000ns})
  Destination:            i_uart_rx/clk_cnt_reg[9]/CLR
                            (recovery check against rising-edge clock clk_50M_clk_wiz_0_1  {rise@0.000ns fall@10.000ns period=20.000ns})
  Path Group:             **async_default**
  Path Type:              Recovery (Max at Slow Process Corner)
  Requirement:            20.000ns  (clk_50M_clk_wiz_0_1 rise@20.000ns - clk_50M_clk_wiz_0_1 rise@0.000ns)
  Data Path Delay:        1.698ns  (logic 0.266ns (15.663%)  route 1.432ns (84.337%))
  Logic Levels:           1  (LUT1=1)
  Clock Path Skew:        0.008ns (DCD - SCD + CPR)
    Destination Clock Delay (DCD):    -1.231ns = ( 18.769 - 20.000 ) 
    Source Clock Delay      (SCD):    -1.848ns
    Clock Pessimism Removal (CPR):    -0.609ns
  Clock Uncertainty:      0.074ns  ((TSJ^2 + DJ^2)^1/2) / 2 + PE
    Total System Jitter     (TSJ):    0.071ns
    Discrete Jitter          (DJ):    0.131ns
    Phase Error              (PE):    0.000ns

    Location             Delay type                Incr(ns)  Path(ns)    Netlist Resource(s)
  -------------------------------------------------------------------    -------------------
                         (clock clk_50M_clk_wiz_0_1 rise edge)
                                                      0.000     0.000 r  
    AE10                                              0.000     0.000 r  sys_clk_p
                         net (fo=0)                   0.000     0.000    i_pll/inst/clk_in1_p
    AE10                 IBUFDS (Prop_ibufds_I_O)     0.818     0.818 r  i_pll/inst/clkin1_ibufgds/O
                         net (fo=1, routed)           1.081     1.899    i_pll/inst/clk_in1_clk_wiz_0
    MMCME2_ADV_X1Y1      MMCME2_ADV (Prop_mmcme2_adv_CLKIN1_CLKOUT0)
                                                     -7.786    -5.887 r  i_pll/inst/mmcm_adv_inst/CLKOUT0
                         net (fo=1, routed)           2.130    -3.757    i_pll/inst/clk_50M_clk_wiz_0
    BUFGCTRL_X0Y2        BUFG (Prop_bufg_I_O)         0.093    -3.664 r  i_pll/inst/clkout1_buf/O
                         net (fo=236, routed)         1.816    -1.848    rd_clk
    SLICE_X19Y49                                                      r  rst_50m_n_reg/C
  -------------------------------------------------------------------    -------------------
    SLICE_X19Y49         FDRE (Prop_fdre_C_Q)         0.223    -1.625 r  rst_50m_n_reg/Q
                         net (fo=1, routed)           0.263    -1.363    i_uart_rx/rst_50m_n
    SLICE_X19Y49         LUT1 (Prop_lut1_I0_O)        0.043    -1.320 f  i_uart_rx/rxd_sync_1_i_1/O
                         net (fo=83, routed)          1.170    -0.150    i_uart_rx/O1
    SLICE_X1Y48          FDCE                                         f  i_uart_rx/clk_cnt_reg[9]/CLR
  -------------------------------------------------------------------    -------------------

                         (clock clk_50M_clk_wiz_0_1 rise edge)
                                                     20.000    20.000 r  
    AE10                                              0.000    20.000 r  sys_clk_p
                         net (fo=0)                   0.000    20.000    i_pll/inst/clk_in1_p
    AE10                 IBUFDS (Prop_ibufds_I_O)     0.722    20.722 r  i_pll/inst/clkin1_ibufgds/O
                         net (fo=1, routed)           0.986    21.708    i_pll/inst/clk_in1_clk_wiz_0
    MMCME2_ADV_X1Y1      MMCME2_ADV (Prop_mmcme2_adv_CLKIN1_CLKOUT0)
                                                     -6.759    14.949 r  i_pll/inst/mmcm_adv_inst/CLKOUT0
                         net (fo=1, routed)           2.005    16.954    i_pll/inst/clk_50M_clk_wiz_0
    BUFGCTRL_X0Y2        BUFG (Prop_bufg_I_O)         0.083    17.037 r  i_pll/inst/clkout1_buf/O
                         net (fo=236, routed)         1.732    18.769    i_uart_rx/CLK
    SLICE_X1Y48                                                       r  i_uart_rx/clk_cnt_reg[9]/C
                         clock pessimism             -0.609    18.160    
                         clock uncertainty           -0.074    18.086    
    SLICE_X1Y48          FDCE (Recov_fdce_C_CLR)     -0.212    17.874    i_uart_rx/clk_cnt_reg[9]
  -------------------------------------------------------------------
                         required time                         17.874    
                         arrival time                           0.150    
  -------------------------------------------------------------------
                         slack                                 18.023    

Slack (MET) :             18.075ns  (required time - arrival time)
  Source:                 rst_50m_n_reg/C
                            (rising edge-triggered cell FDRE clocked by clk_50M_clk_wiz_0_1  {rise@0.000ns fall@10.000ns period=20.000ns})
  Destination:            fifo_tx_rd_en_reg/CLR
                            (recovery check against rising-edge clock clk_50M_clk_wiz_0_1  {rise@0.000ns fall@10.000ns period=20.000ns})
  Path Group:             **async_default**
  Path Type:              Recovery (Max at Slow Process Corner)
  Requirement:            20.000ns  (clk_50M_clk_wiz_0_1 rise@20.000ns - clk_50M_clk_wiz_0_1 rise@0.000ns)
  Data Path Delay:        1.590ns  (logic 0.266ns (16.731%)  route 1.324ns (83.269%))
  Logic Levels:           1  (LUT1=1)
  Clock Path Skew:        -0.049ns (DCD - SCD + CPR)
    Destination Clock Delay (DCD):    -1.288ns = ( 18.712 - 20.000 ) 
    Source Clock Delay      (SCD):    -1.848ns
    Clock Pessimism Removal (CPR):    -0.609ns
  Clock Uncertainty:      0.074ns  ((TSJ^2 + DJ^2)^1/2) / 2 + PE
    Total System Jitter     (TSJ):    0.071ns
    Discrete Jitter          (DJ):    0.131ns
    Phase Error              (PE):    0.000ns

    Location             Delay type                Incr(ns)  Path(ns)    Netlist Resource(s)
  -------------------------------------------------------------------    -------------------
                         (clock clk_50M_clk_wiz_0_1 rise edge)
                                                      0.000     0.000 r  
    AE10                                              0.000     0.000 r  sys_clk_p
                         net (fo=0)                   0.000     0.000    i_pll/inst/clk_in1_p
    AE10                 IBUFDS (Prop_ibufds_I_O)     0.818     0.818 r  i_pll/inst/clkin1_ibufgds/O
                         net (fo=1, routed)           1.081     1.899    i_pll/inst/clk_in1_clk_wiz_0
    MMCME2_ADV_X1Y1      MMCME2_ADV (Prop_mmcme2_adv_CLKIN1_CLKOUT0)
                                                     -7.786    -5.887 r  i_pll/inst/mmcm_adv_inst/CLKOUT0
                         net (fo=1, routed)           2.130    -3.757    i_pll/inst/clk_50M_clk_wiz_0
    BUFGCTRL_X0Y2        BUFG (Prop_bufg_I_O)         0.093    -3.664 r  i_pll/inst/clkout1_buf/O
                         net (fo=236, routed)         1.816    -1.848    rd_clk
    SLICE_X19Y49                                                      r  rst_50m_n_reg/C
  -------------------------------------------------------------------    -------------------
    SLICE_X19Y49         FDRE (Prop_fdre_C_Q)         0.223    -1.625 r  rst_50m_n_reg/Q
                         net (fo=1, routed)           0.263    -1.363    i_uart_rx/rst_50m_n
    SLICE_X19Y49         LUT1 (Prop_lut1_I0_O)        0.043    -1.320 f  i_uart_rx/rxd_sync_1_i_1/O
                         net (fo=83, routed)          1.061    -0.258    n_0_i_uart_rx
    SLICE_X23Y44         FDCE                                         f  fifo_tx_rd_en_reg/CLR
  -------------------------------------------------------------------    -------------------

                         (clock clk_50M_clk_wiz_0_1 rise edge)
                                                     20.000    20.000 r  
    AE10                                              0.000    20.000 r  sys_clk_p
                         net (fo=0)                   0.000    20.000    i_pll/inst/clk_in1_p
    AE10                 IBUFDS (Prop_ibufds_I_O)     0.722    20.722 r  i_pll/inst/clkin1_ibufgds/O
                         net (fo=1, routed)           0.986    21.708    i_pll/inst/clk_in1_clk_wiz_0
    MMCME2_ADV_X1Y1      MMCME2_ADV (Prop_mmcme2_adv_CLKIN1_CLKOUT0)
                                                     -6.759    14.949 r  i_pll/inst/mmcm_adv_inst/CLKOUT0
                         net (fo=1, routed)           2.005    16.954    i_pll/inst/clk_50M_clk_wiz_0
    BUFGCTRL_X0Y2        BUFG (Prop_bufg_I_O)         0.083    17.037 r  i_pll/inst/clkout1_buf/O
                         net (fo=236, routed)         1.675    18.712    rd_clk
    SLICE_X23Y44                                                      r  fifo_tx_rd_en_reg/C
                         clock pessimism             -0.609    18.103    
                         clock uncertainty           -0.074    18.029    
    SLICE_X23Y44         FDCE (Recov_fdce_C_CLR)     -0.212    17.817    fifo_tx_rd_en_reg
  -------------------------------------------------------------------
                         required time                         17.817    
                         arrival time                           0.258    
  -------------------------------------------------------------------
                         slack                                 18.075    

Slack (MET) :             18.175ns  (required time - arrival time)
  Source:                 rst_50m_n_reg/C
                            (rising edge-triggered cell FDRE clocked by clk_50M_clk_wiz_0_1  {rise@0.000ns fall@10.000ns period=20.000ns})
  Destination:            i_uart_tx/tx_shift_reg[0]/CLR
                            (recovery check against rising-edge clock clk_50M_clk_wiz_0_1  {rise@0.000ns fall@10.000ns period=20.000ns})
  Path Group:             **async_default**
  Path Type:              Recovery (Max at Slow Process Corner)
  Requirement:            20.000ns  (clk_50M_clk_wiz_0_1 rise@20.000ns - clk_50M_clk_wiz_0_1 rise@0.000ns)
  Data Path Delay:        1.490ns  (logic 0.266ns (17.854%)  route 1.224ns (82.146%))
  Logic Levels:           1  (LUT1=1)
  Clock Path Skew:        -0.049ns (DCD - SCD + CPR)
    Destination Clock Delay (DCD):    -1.288ns = ( 18.712 - 20.000 ) 
    Source Clock Delay      (SCD):    -1.848ns
    Clock Pessimism Removal (CPR):    -0.609ns
  Clock Uncertainty:      0.074ns  ((TSJ^2 + DJ^2)^1/2) / 2 + PE
    Total System Jitter     (TSJ):    0.071ns
    Discrete Jitter          (DJ):    0.131ns
    Phase Error              (PE):    0.000ns

    Location             Delay type                Incr(ns)  Path(ns)    Netlist Resource(s)
  -------------------------------------------------------------------    -------------------
                         (clock clk_50M_clk_wiz_0_1 rise edge)
                                                      0.000     0.000 r  
    AE10                                              0.000     0.000 r  sys_clk_p
                         net (fo=0)                   0.000     0.000    i_pll/inst/clk_in1_p
    AE10                 IBUFDS (Prop_ibufds_I_O)     0.818     0.818 r  i_pll/inst/clkin1_ibufgds/O
                         net (fo=1, routed)           1.081     1.899    i_pll/inst/clk_in1_clk_wiz_0
    MMCME2_ADV_X1Y1      MMCME2_ADV (Prop_mmcme2_adv_CLKIN1_CLKOUT0)
                                                     -7.786    -5.887 r  i_pll/inst/mmcm_adv_inst/CLKOUT0
                         net (fo=1, routed)           2.130    -3.757    i_pll/inst/clk_50M_clk_wiz_0
    BUFGCTRL_X0Y2        BUFG (Prop_bufg_I_O)         0.093    -3.664 r  i_pll/inst/clkout1_buf/O
                         net (fo=236, routed)         1.816    -1.848    rd_clk
    SLICE_X19Y49                                                      r  rst_50m_n_reg/C
  -------------------------------------------------------------------    -------------------
    SLICE_X19Y49         FDRE (Prop_fdre_C_Q)         0.223    -1.625 r  rst_50m_n_reg/Q
                         net (fo=1, routed)           0.263    -1.363    i_uart_rx/rst_50m_n
    SLICE_X19Y49         LUT1 (Prop_lut1_I0_O)        0.043    -1.320 f  i_uart_rx/rxd_sync_1_i_1/O
                         net (fo=83, routed)          0.961    -0.358    i_uart_tx/I1
    SLICE_X23Y45         FDCE                                         f  i_uart_tx/tx_shift_reg[0]/CLR
  -------------------------------------------------------------------    -------------------

                         (clock clk_50M_clk_wiz_0_1 rise edge)
                                                     20.000    20.000 r  
    AE10                                              0.000    20.000 r  sys_clk_p
                         net (fo=0)                   0.000    20.000    i_pll/inst/clk_in1_p
    AE10                 IBUFDS (Prop_ibufds_I_O)     0.722    20.722 r  i_pll/inst/clkin1_ibufgds/O
                         net (fo=1, routed)           0.986    21.708    i_pll/inst/clk_in1_clk_wiz_0
    MMCME2_ADV_X1Y1      MMCME2_ADV (Prop_mmcme2_adv_CLKIN1_CLKOUT0)
                                                     -6.759    14.949 r  i_pll/inst/mmcm_adv_inst/CLKOUT0
                         net (fo=1, routed)           2.005    16.954    i_pll/inst/clk_50M_clk_wiz_0
    BUFGCTRL_X0Y2        BUFG (Prop_bufg_I_O)         0.083    17.037 r  i_pll/inst/clkout1_buf/O
                         net (fo=236, routed)         1.675    18.712    i_uart_tx/CLK
    SLICE_X23Y45                                                      r  i_uart_tx/tx_shift_reg[0]/C
                         clock pessimism             -0.609    18.103    
                         clock uncertainty           -0.074    18.029    
    SLICE_X23Y45         FDCE (Recov_fdce_C_CLR)     -0.212    17.817    i_uart_tx/tx_shift_reg[0]
  -------------------------------------------------------------------
                         required time                         17.817    
                         arrival time                           0.358    
  -------------------------------------------------------------------
                         slack                                 18.175    

Slack (MET) :             18.175ns  (required time - arrival time)
  Source:                 rst_50m_n_reg/C
                            (rising edge-triggered cell FDRE clocked by clk_50M_clk_wiz_0_1  {rise@0.000ns fall@10.000ns period=20.000ns})
  Destination:            i_uart_tx/tx_shift_reg[1]/CLR
                            (recovery check against rising-edge clock clk_50M_clk_wiz_0_1  {rise@0.000ns fall@10.000ns period=20.000ns})
  Path Group:             **async_default**
  Path Type:              Recovery (Max at Slow Process Corner)
  Requirement:            20.000ns  (clk_50M_clk_wiz_0_1 rise@20.000ns - clk_50M_clk_wiz_0_1 rise@0.000ns)
  Data Path Delay:        1.490ns  (logic 0.266ns (17.854%)  route 1.224ns (82.146%))
  Logic Levels:           1  (LUT1=1)
  Clock Path Skew:        -0.049ns (DCD - SCD + CPR)
    Destination Clock Delay (DCD):    -1.288ns = ( 18.712 - 20.000 ) 
    Source Clock Delay      (SCD):    -1.848ns
    Clock Pessimism Removal (CPR):    -0.609ns
  Clock Uncertainty:      0.074ns  ((TSJ^2 + DJ^2)^1/2) / 2 + PE
    Total System Jitter     (TSJ):    0.071ns
    Discrete Jitter          (DJ):    0.131ns
    Phase Error              (PE):    0.000ns

    Location             Delay type                Incr(ns)  Path(ns)    Netlist Resource(s)
  -------------------------------------------------------------------    -------------------
                         (clock clk_50M_clk_wiz_0_1 rise edge)
                                                      0.000     0.000 r  
    AE10                                              0.000     0.000 r  sys_clk_p
                         net (fo=0)                   0.000     0.000    i_pll/inst/clk_in1_p
    AE10                 IBUFDS (Prop_ibufds_I_O)     0.818     0.818 r  i_pll/inst/clkin1_ibufgds/O
                         net (fo=1, routed)           1.081     1.899    i_pll/inst/clk_in1_clk_wiz_0
    MMCME2_ADV_X1Y1      MMCME2_ADV (Prop_mmcme2_adv_CLKIN1_CLKOUT0)
                                                     -7.786    -5.887 r  i_pll/inst/mmcm_adv_inst/CLKOUT0
                         net (fo=1, routed)           2.130    -3.757    i_pll/inst/clk_50M_clk_wiz_0
    BUFGCTRL_X0Y2        BUFG (Prop_bufg_I_O)         0.093    -3.664 r  i_pll/inst/clkout1_buf/O
                         net (fo=236, routed)         1.816    -1.848    rd_clk
    SLICE_X19Y49                                                      r  rst_50m_n_reg/C
  -------------------------------------------------------------------    -------------------
    SLICE_X19Y49         FDRE (Prop_fdre_C_Q)         0.223    -1.625 r  rst_50m_n_reg/Q
                         net (fo=1, routed)           0.263    -1.363    i_uart_rx/rst_50m_n
    SLICE_X19Y49         LUT1 (Prop_lut1_I0_O)        0.043    -1.320 f  i_uart_rx/rxd_sync_1_i_1/O
                         net (fo=83, routed)          0.961    -0.358    i_uart_tx/I1
    SLICE_X23Y45         FDCE                                         f  i_uart_tx/tx_shift_reg[1]/CLR
  -------------------------------------------------------------------    -------------------

                         (clock clk_50M_clk_wiz_0_1 rise edge)
                                                     20.000    20.000 r  
    AE10                                              0.000    20.000 r  sys_clk_p
                         net (fo=0)                   0.000    20.000    i_pll/inst/clk_in1_p
    AE10                 IBUFDS (Prop_ibufds_I_O)     0.722    20.722 r  i_pll/inst/clkin1_ibufgds/O
                         net (fo=1, routed)           0.986    21.708    i_pll/inst/clk_in1_clk_wiz_0
    MMCME2_ADV_X1Y1      MMCME2_ADV (Prop_mmcme2_adv_CLKIN1_CLKOUT0)
                                                     -6.759    14.949 r  i_pll/inst/mmcm_adv_inst/CLKOUT0
                         net (fo=1, routed)           2.005    16.954    i_pll/inst/clk_50M_clk_wiz_0
    BUFGCTRL_X0Y2        BUFG (Prop_bufg_I_O)         0.083    17.037 r  i_pll/inst/clkout1_buf/O
                         net (fo=236, routed)         1.675    18.712    i_uart_tx/CLK
    SLICE_X23Y45                                                      r  i_uart_tx/tx_shift_reg[1]/C
                         clock pessimism             -0.609    18.103    
                         clock uncertainty           -0.074    18.029    
    SLICE_X23Y45         FDCE (Recov_fdce_C_CLR)     -0.212    17.817    i_uart_tx/tx_shift_reg[1]
  -------------------------------------------------------------------
                         required time                         17.817    
                         arrival time                           0.358    
  -------------------------------------------------------------------
                         slack                                 18.175    

Slack (MET) :             18.175ns  (required time - arrival time)
  Source:                 rst_50m_n_reg/C
                            (rising edge-triggered cell FDRE clocked by clk_50M_clk_wiz_0_1  {rise@0.000ns fall@10.000ns period=20.000ns})
  Destination:            i_uart_tx/tx_shift_reg[2]/CLR
                            (recovery check against rising-edge clock clk_50M_clk_wiz_0_1  {rise@0.000ns fall@10.000ns period=20.000ns})
  Path Group:             **async_default**
  Path Type:              Recovery (Max at Slow Process Corner)
  Requirement:            20.000ns  (clk_50M_clk_wiz_0_1 rise@20.000ns - clk_50M_clk_wiz_0_1 rise@0.000ns)
  Data Path Delay:        1.490ns  (logic 0.266ns (17.854%)  route 1.224ns (82.146%))
  Logic Levels:           1  (LUT1=1)
  Clock Path Skew:        -0.049ns (DCD - SCD + CPR)
    Destination Clock Delay (DCD):    -1.288ns = ( 18.712 - 20.000 ) 
    Source Clock Delay      (SCD):    -1.848ns
    Clock Pessimism Removal (CPR):    -0.609ns
  Clock Uncertainty:      0.074ns  ((TSJ^2 + DJ^2)^1/2) / 2 + PE
    Total System Jitter     (TSJ):    0.071ns
    Discrete Jitter          (DJ):    0.131ns
    Phase Error              (PE):    0.000ns

    Location             Delay type                Incr(ns)  Path(ns)    Netlist Resource(s)
  -------------------------------------------------------------------    -------------------
                         (clock clk_50M_clk_wiz_0_1 rise edge)
                                                      0.000     0.000 r  
    AE10                                              0.000     0.000 r  sys_clk_p
                         net (fo=0)                   0.000     0.000    i_pll/inst/clk_in1_p
    AE10                 IBUFDS (Prop_ibufds_I_O)     0.818     0.818 r  i_pll/inst/clkin1_ibufgds/O
                         net (fo=1, routed)           1.081     1.899    i_pll/inst/clk_in1_clk_wiz_0
    MMCME2_ADV_X1Y1      MMCME2_ADV (Prop_mmcme2_adv_CLKIN1_CLKOUT0)
                                                     -7.786    -5.887 r  i_pll/inst/mmcm_adv_inst/CLKOUT0
                         net (fo=1, routed)           2.130    -3.757    i_pll/inst/clk_50M_clk_wiz_0
    BUFGCTRL_X0Y2        BUFG (Prop_bufg_I_O)         0.093    -3.664 r  i_pll/inst/clkout1_buf/O
                         net (fo=236, routed)         1.816    -1.848    rd_clk
    SLICE_X19Y49                                                      r  rst_50m_n_reg/C
  -------------------------------------------------------------------    -------------------
    SLICE_X19Y49         FDRE (Prop_fdre_C_Q)         0.223    -1.625 r  rst_50m_n_reg/Q
                         net (fo=1, routed)           0.263    -1.363    i_uart_rx/rst_50m_n
    SLICE_X19Y49         LUT1 (Prop_lut1_I0_O)        0.043    -1.320 f  i_uart_rx/rxd_sync_1_i_1/O
                         net (fo=83, routed)          0.961    -0.358    i_uart_tx/I1
    SLICE_X23Y45         FDCE                                         f  i_uart_tx/tx_shift_reg[2]/CLR
  -------------------------------------------------------------------    -------------------

                         (clock clk_50M_clk_wiz_0_1 rise edge)
                                                     20.000    20.000 r  
    AE10                                              0.000    20.000 r  sys_clk_p
                         net (fo=0)                   0.000    20.000    i_pll/inst/clk_in1_p
    AE10                 IBUFDS (Prop_ibufds_I_O)     0.722    20.722 r  i_pll/inst/clkin1_ibufgds/O
                         net (fo=1, routed)           0.986    21.708    i_pll/inst/clk_in1_clk_wiz_0
    MMCME2_ADV_X1Y1      MMCME2_ADV (Prop_mmcme2_adv_CLKIN1_CLKOUT0)
                                                     -6.759    14.949 r  i_pll/inst/mmcm_adv_inst/CLKOUT0
                         net (fo=1, routed)           2.005    16.954    i_pll/inst/clk_50M_clk_wiz_0
    BUFGCTRL_X0Y2        BUFG (Prop_bufg_I_O)         0.083    17.037 r  i_pll/inst/clkout1_buf/O
                         net (fo=236, routed)         1.675    18.712    i_uart_tx/CLK
    SLICE_X23Y45                                                      r  i_uart_tx/tx_shift_reg[2]/C
                         clock pessimism             -0.609    18.103    
                         clock uncertainty           -0.074    18.029    
    SLICE_X23Y45         FDCE (Recov_fdce_C_CLR)     -0.212    17.817    i_uart_tx/tx_shift_reg[2]
  -------------------------------------------------------------------
                         required time                         17.817    
                         arrival time                           0.358    
  -------------------------------------------------------------------
                         slack                                 18.175    





Min Delay Paths
--------------------------------------------------------------------------------------
Slack (MET) :             0.290ns  (arrival time - required time)
  Source:                 i_fifo_uart_recv/U0/inst_fifo_gen/gconvfifo.rf/grf.rf/rstblk/grstd1.grst_full.grst_f.rst_d2_reg/C
                            (rising edge-triggered cell FDPE clocked by clk_50M_clk_wiz_0_1  {rise@0.000ns fall@10.000ns period=20.000ns})
  Destination:            i_fifo_uart_recv/U0/inst_fifo_gen/gconvfifo.rf/grf.rf/gntv_or_sync_fifo.gl0.wr/gwas.wsts/ram_full_fb_i_reg/PRE
                            (removal check against rising-edge clock clk_50M_clk_wiz_0_1  {rise@0.000ns fall@10.000ns period=20.000ns})
  Path Group:             **async_default**
  Path Type:              Removal (Min at Fast Process Corner)
  Requirement:            0.000ns  (clk_50M_clk_wiz_0_1 rise@0.000ns - clk_50M_clk_wiz_0_1 rise@0.000ns)
  Data Path Delay:        0.249ns  (logic 0.100ns (40.140%)  route 0.149ns (59.860%))
  Logic Levels:           0  
  Clock Path Skew:        0.011ns (DCD - SCD - CPR)
    Destination Clock Delay (DCD):    -0.463ns
    Source Clock Delay      (SCD):    -0.469ns
    Clock Pessimism Removal (CPR):    -0.005ns

    Location             Delay type                Incr(ns)  Path(ns)    Netlist Resource(s)
  -------------------------------------------------------------------    -------------------
                         (clock clk_50M_clk_wiz_0_1 rise edge)
                                                      0.000     0.000 r  
    AE10                                              0.000     0.000 r  sys_clk_p
                         net (fo=0)                   0.000     0.000    i_pll/inst/clk_in1_p
    AE10                 IBUFDS (Prop_ibufds_I_O)     0.354     0.354 r  i_pll/inst/clkin1_ibufgds/O
                         net (fo=1, routed)           0.503     0.857    i_pll/inst/clk_in1_clk_wiz_0
    MMCME2_ADV_X1Y1      MMCME2_ADV (Prop_mmcme2_adv_CLKIN1_CLKOUT0)
                                                     -3.040    -2.183 r  i_pll/inst/mmcm_adv_inst/CLKOUT0
                         net (fo=1, routed)           0.940    -1.243    i_pll/inst/clk_50M_clk_wiz_0
    BUFGCTRL_X0Y2        BUFG (Prop_bufg_I_O)         0.026    -1.217 r  i_pll/inst/clkout1_buf/O
                         net (fo=236, routed)         0.748    -0.469    i_fifo_uart_recv/U0/inst_fifo_gen/gconvfifo.rf/grf.rf/rstblk/wr_clk
    SLICE_X11Y45                                                      r  i_fifo_uart_recv/U0/inst_fifo_gen/gconvfifo.rf/grf.rf/rstblk/grstd1.grst_full.grst_f.rst_d2_reg/C
  -------------------------------------------------------------------    -------------------
    SLICE_X11Y45         FDPE (Prop_fdpe_C_Q)         0.100    -0.369 f  i_fifo_uart_recv/U0/inst_fifo_gen/gconvfifo.rf/grf.rf/rstblk/grstd1.grst_full.grst_f.rst_d2_reg/Q
                         net (fo=3, routed)           0.149    -0.220    i_fifo_uart_recv/U0/inst_fifo_gen/gconvfifo.rf/grf.rf/gntv_or_sync_fifo.gl0.wr/gwas.wsts/rst_d2
    SLICE_X10Y45         FDPE                                         f  i_fifo_uart_recv/U0/inst_fifo_gen/gconvfifo.rf/grf.rf/gntv_or_sync_fifo.gl0.wr/gwas.wsts/ram_full_fb_i_reg/PRE
  -------------------------------------------------------------------    -------------------

                         (clock clk_50M_clk_wiz_0_1 rise edge)
                                                      0.000     0.000 r  
    AE10                                              0.000     0.000 r  sys_clk_p
                         net (fo=0)                   0.000     0.000    i_pll/inst/clk_in1_p
    AE10                 IBUFDS (Prop_ibufds_I_O)     0.432     0.432 r  i_pll/inst/clkin1_ibufgds/O
                         net (fo=1, routed)           0.553     0.985    i_pll/inst/clk_in1_clk_wiz_0
    MMCME2_ADV_X1Y1      MMCME2_ADV (Prop_mmcme2_adv_CLKIN1_CLKOUT0)
                                                     -3.493    -2.508 r  i_pll/inst/mmcm_adv_inst/CLKOUT0
                         net (fo=1, routed)           1.007    -1.501    i_pll/inst/clk_50M_clk_wiz_0
    BUFGCTRL_X0Y2        BUFG (Prop_bufg_I_O)         0.030    -1.471 r  i_pll/inst/clkout1_buf/O
                         net (fo=236, routed)         1.008    -0.463    i_fifo_uart_recv/U0/inst_fifo_gen/gconvfifo.rf/grf.rf/gntv_or_sync_fifo.gl0.wr/gwas.wsts/wr_clk
    SLICE_X10Y45                                                      r  i_fifo_uart_recv/U0/inst_fifo_gen/gconvfifo.rf/grf.rf/gntv_or_sync_fifo.gl0.wr/gwas.wsts/ram_full_fb_i_reg/C
                         clock pessimism              0.005    -0.458    
    SLICE_X10Y45         FDPE (Remov_fdpe_C_PRE)     -0.052    -0.510    i_fifo_uart_recv/U0/inst_fifo_gen/gconvfifo.rf/grf.rf/gntv_or_sync_fifo.gl0.wr/gwas.wsts/ram_full_fb_i_reg
  -------------------------------------------------------------------
                         required time                          0.510    
                         arrival time                          -0.220    
  -------------------------------------------------------------------
                         slack                                  0.290    

Slack (MET) :             0.290ns  (arrival time - required time)
  Source:                 i_fifo_uart_recv/U0/inst_fifo_gen/gconvfifo.rf/grf.rf/rstblk/grstd1.grst_full.grst_f.rst_d2_reg/C
                            (rising edge-triggered cell FDPE clocked by clk_50M_clk_wiz_0_1  {rise@0.000ns fall@10.000ns period=20.000ns})
  Destination:            i_fifo_uart_recv/U0/inst_fifo_gen/gconvfifo.rf/grf.rf/gntv_or_sync_fifo.gl0.wr/gwas.wsts/ram_full_i_reg/PRE
                            (removal check against rising-edge clock clk_50M_clk_wiz_0_1  {rise@0.000ns fall@10.000ns period=20.000ns})
  Path Group:             **async_default**
  Path Type:              Removal (Min at Fast Process Corner)
  Requirement:            0.000ns  (clk_50M_clk_wiz_0_1 rise@0.000ns - clk_50M_clk_wiz_0_1 rise@0.000ns)
  Data Path Delay:        0.249ns  (logic 0.100ns (40.140%)  route 0.149ns (59.860%))
  Logic Levels:           0  
  Clock Path Skew:        0.011ns (DCD - SCD - CPR)
    Destination Clock Delay (DCD):    -0.463ns
    Source Clock Delay      (SCD):    -0.469ns
    Clock Pessimism Removal (CPR):    -0.005ns

    Location             Delay type                Incr(ns)  Path(ns)    Netlist Resource(s)
  -------------------------------------------------------------------    -------------------
                         (clock clk_50M_clk_wiz_0_1 rise edge)
                                                      0.000     0.000 r  
    AE10                                              0.000     0.000 r  sys_clk_p
                         net (fo=0)                   0.000     0.000    i_pll/inst/clk_in1_p
    AE10                 IBUFDS (Prop_ibufds_I_O)     0.354     0.354 r  i_pll/inst/clkin1_ibufgds/O
                         net (fo=1, routed)           0.503     0.857    i_pll/inst/clk_in1_clk_wiz_0
    MMCME2_ADV_X1Y1      MMCME2_ADV (Prop_mmcme2_adv_CLKIN1_CLKOUT0)
                                                     -3.040    -2.183 r  i_pll/inst/mmcm_adv_inst/CLKOUT0
                         net (fo=1, routed)           0.940    -1.243    i_pll/inst/clk_50M_clk_wiz_0
    BUFGCTRL_X0Y2        BUFG (Prop_bufg_I_O)         0.026    -1.217 r  i_pll/inst/clkout1_buf/O
                         net (fo=236, routed)         0.748    -0.469    i_fifo_uart_recv/U0/inst_fifo_gen/gconvfifo.rf/grf.rf/rstblk/wr_clk
    SLICE_X11Y45                                                      r  i_fifo_uart_recv/U0/inst_fifo_gen/gconvfifo.rf/grf.rf/rstblk/grstd1.grst_full.grst_f.rst_d2_reg/C
  -------------------------------------------------------------------    -------------------
    SLICE_X11Y45         FDPE (Prop_fdpe_C_Q)         0.100    -0.369 f  i_fifo_uart_recv/U0/inst_fifo_gen/gconvfifo.rf/grf.rf/rstblk/grstd1.grst_full.grst_f.rst_d2_reg/Q
                         net (fo=3, routed)           0.149    -0.220    i_fifo_uart_recv/U0/inst_fifo_gen/gconvfifo.rf/grf.rf/gntv_or_sync_fifo.gl0.wr/gwas.wsts/rst_d2
    SLICE_X10Y45         FDPE                                         f  i_fifo_uart_recv/U0/inst_fifo_gen/gconvfifo.rf/grf.rf/gntv_or_sync_fifo.gl0.wr/gwas.wsts/ram_full_i_reg/PRE
  -------------------------------------------------------------------    -------------------

                         (clock clk_50M_clk_wiz_0_1 rise edge)
                                                      0.000     0.000 r  
    AE10                                              0.000     0.000 r  sys_clk_p
                         net (fo=0)                   0.000     0.000    i_pll/inst/clk_in1_p
    AE10                 IBUFDS (Prop_ibufds_I_O)     0.432     0.432 r  i_pll/inst/clkin1_ibufgds/O
                         net (fo=1, routed)           0.553     0.985    i_pll/inst/clk_in1_clk_wiz_0
    MMCME2_ADV_X1Y1      MMCME2_ADV (Prop_mmcme2_adv_CLKIN1_CLKOUT0)
                                                     -3.493    -2.508 r  i_pll/inst/mmcm_adv_inst/CLKOUT0
                         net (fo=1, routed)           1.007    -1.501    i_pll/inst/clk_50M_clk_wiz_0
    BUFGCTRL_X0Y2        BUFG (Prop_bufg_I_O)         0.030    -1.471 r  i_pll/inst/clkout1_buf/O
                         net (fo=236, routed)         1.008    -0.463    i_fifo_uart_recv/U0/inst_fifo_gen/gconvfifo.rf/grf.rf/gntv_or_sync_fifo.gl0.wr/gwas.wsts/wr_clk
    SLICE_X10Y45                                                      r  i_fifo_uart_recv/U0/inst_fifo_gen/gconvfifo.rf/grf.rf/gntv_or_sync_fifo.gl0.wr/gwas.wsts/ram_full_i_reg/C
                         clock pessimism              0.005    -0.458    
    SLICE_X10Y45         FDPE (Remov_fdpe_C_PRE)     -0.052    -0.510    i_fifo_uart_recv/U0/inst_fifo_gen/gconvfifo.rf/grf.rf/gntv_or_sync_fifo.gl0.wr/gwas.wsts/ram_full_i_reg
  -------------------------------------------------------------------
                         required time                          0.510    
                         arrival time                          -0.220    
  -------------------------------------------------------------------
                         slack                                  0.290    

Slack (MET) :             0.489ns  (arrival time - required time)
  Source:                 rst_50m_n_reg/C
                            (rising edge-triggered cell FDRE clocked by clk_50M_clk_wiz_0_1  {rise@0.000ns fall@10.000ns period=20.000ns})
  Destination:            i_uart_rx/rx_shift_reg[1]/CLR
                            (removal check against rising-edge clock clk_50M_clk_wiz_0_1  {rise@0.000ns fall@10.000ns period=20.000ns})
  Path Group:             **async_default**
  Path Type:              Removal (Min at Fast Process Corner)
  Requirement:            0.000ns  (clk_50M_clk_wiz_0_1 rise@0.000ns - clk_50M_clk_wiz_0_1 rise@0.000ns)
  Data Path Delay:        0.472ns  (logic 0.128ns (27.126%)  route 0.344ns (72.874%))
  Logic Levels:           1  (LUT1=1)
  Clock Path Skew:        0.033ns (DCD - SCD - CPR)
    Destination Clock Delay (DCD):    -0.462ns
    Source Clock Delay      (SCD):    -0.469ns
    Clock Pessimism Removal (CPR):    -0.026ns

    Location             Delay type                Incr(ns)  Path(ns)    Netlist Resource(s)
  -------------------------------------------------------------------    -------------------
                         (clock clk_50M_clk_wiz_0_1 rise edge)
                                                      0.000     0.000 r  
    AE10                                              0.000     0.000 r  sys_clk_p
                         net (fo=0)                   0.000     0.000    i_pll/inst/clk_in1_p
    AE10                 IBUFDS (Prop_ibufds_I_O)     0.354     0.354 r  i_pll/inst/clkin1_ibufgds/O
                         net (fo=1, routed)           0.503     0.857    i_pll/inst/clk_in1_clk_wiz_0
    MMCME2_ADV_X1Y1      MMCME2_ADV (Prop_mmcme2_adv_CLKIN1_CLKOUT0)
                                                     -3.040    -2.183 r  i_pll/inst/mmcm_adv_inst/CLKOUT0
                         net (fo=1, routed)           0.940    -1.243    i_pll/inst/clk_50M_clk_wiz_0
    BUFGCTRL_X0Y2        BUFG (Prop_bufg_I_O)         0.026    -1.217 r  i_pll/inst/clkout1_buf/O
                         net (fo=236, routed)         0.748    -0.469    rd_clk
    SLICE_X19Y49                                                      r  rst_50m_n_reg/C
  -------------------------------------------------------------------    -------------------
    SLICE_X19Y49         FDRE (Prop_fdre_C_Q)         0.100    -0.369 r  rst_50m_n_reg/Q
                         net (fo=1, routed)           0.129    -0.241    i_uart_rx/rst_50m_n
    SLICE_X19Y49         LUT1 (Prop_lut1_I0_O)        0.028    -0.213 f  i_uart_rx/rxd_sync_1_i_1/O
                         net (fo=83, routed)          0.215     0.003    i_uart_rx/O1
    SLICE_X10Y47         FDCE                                         f  i_uart_rx/rx_shift_reg[1]/CLR
  -------------------------------------------------------------------    -------------------

                         (clock clk_50M_clk_wiz_0_1 rise edge)
                                                      0.000     0.000 r  
    AE10                                              0.000     0.000 r  sys_clk_p
                         net (fo=0)                   0.000     0.000    i_pll/inst/clk_in1_p
    AE10                 IBUFDS (Prop_ibufds_I_O)     0.432     0.432 r  i_pll/inst/clkin1_ibufgds/O
                         net (fo=1, routed)           0.553     0.985    i_pll/inst/clk_in1_clk_wiz_0
    MMCME2_ADV_X1Y1      MMCME2_ADV (Prop_mmcme2_adv_CLKIN1_CLKOUT0)
                                                     -3.493    -2.508 r  i_pll/inst/mmcm_adv_inst/CLKOUT0
                         net (fo=1, routed)           1.007    -1.501    i_pll/inst/clk_50M_clk_wiz_0
    BUFGCTRL_X0Y2        BUFG (Prop_bufg_I_O)         0.030    -1.471 r  i_pll/inst/clkout1_buf/O
                         net (fo=236, routed)         1.009    -0.462    i_uart_rx/CLK
    SLICE_X10Y47                                                      r  i_uart_rx/rx_shift_reg[1]/C
                         clock pessimism              0.026    -0.436    
    SLICE_X10Y47         FDCE (Remov_fdce_C_CLR)     -0.050    -0.486    i_uart_rx/rx_shift_reg[1]
  -------------------------------------------------------------------
                         required time                          0.486    
                         arrival time                           0.003    
  -------------------------------------------------------------------
                         slack                                  0.489    

Slack (MET) :             0.489ns  (arrival time - required time)
  Source:                 rst_50m_n_reg/C
                            (rising edge-triggered cell FDRE clocked by clk_50M_clk_wiz_0_1  {rise@0.000ns fall@10.000ns period=20.000ns})
  Destination:            i_uart_rx/rx_shift_reg[4]/CLR
                            (removal check against rising-edge clock clk_50M_clk_wiz_0_1  {rise@0.000ns fall@10.000ns period=20.000ns})
  Path Group:             **async_default**
  Path Type:              Removal (Min at Fast Process Corner)
  Requirement:            0.000ns  (clk_50M_clk_wiz_0_1 rise@0.000ns - clk_50M_clk_wiz_0_1 rise@0.000ns)
  Data Path Delay:        0.472ns  (logic 0.128ns (27.126%)  route 0.344ns (72.874%))
  Logic Levels:           1  (LUT1=1)
  Clock Path Skew:        0.033ns (DCD - SCD - CPR)
    Destination Clock Delay (DCD):    -0.462ns
    Source Clock Delay      (SCD):    -0.469ns
    Clock Pessimism Removal (CPR):    -0.026ns

    Location             Delay type                Incr(ns)  Path(ns)    Netlist Resource(s)
  -------------------------------------------------------------------    -------------------
                         (clock clk_50M_clk_wiz_0_1 rise edge)
                                                      0.000     0.000 r  
    AE10                                              0.000     0.000 r  sys_clk_p
                         net (fo=0)                   0.000     0.000    i_pll/inst/clk_in1_p
    AE10                 IBUFDS (Prop_ibufds_I_O)     0.354     0.354 r  i_pll/inst/clkin1_ibufgds/O
                         net (fo=1, routed)           0.503     0.857    i_pll/inst/clk_in1_clk_wiz_0
    MMCME2_ADV_X1Y1      MMCME2_ADV (Prop_mmcme2_adv_CLKIN1_CLKOUT0)
                                                     -3.040    -2.183 r  i_pll/inst/mmcm_adv_inst/CLKOUT0
                         net (fo=1, routed)           0.940    -1.243    i_pll/inst/clk_50M_clk_wiz_0
    BUFGCTRL_X0Y2        BUFG (Prop_bufg_I_O)         0.026    -1.217 r  i_pll/inst/clkout1_buf/O
                         net (fo=236, routed)         0.748    -0.469    rd_clk
    SLICE_X19Y49                                                      r  rst_50m_n_reg/C
  -------------------------------------------------------------------    -------------------
    SLICE_X19Y49         FDRE (Prop_fdre_C_Q)         0.100    -0.369 r  rst_50m_n_reg/Q
                         net (fo=1, routed)           0.129    -0.241    i_uart_rx/rst_50m_n
    SLICE_X19Y49         LUT1 (Prop_lut1_I0_O)        0.028    -0.213 f  i_uart_rx/rxd_sync_1_i_1/O
                         net (fo=83, routed)          0.215     0.003    i_uart_rx/O1
    SLICE_X10Y47         FDCE                                         f  i_uart_rx/rx_shift_reg[4]/CLR
  -------------------------------------------------------------------    -------------------

                         (clock clk_50M_clk_wiz_0_1 rise edge)
                                                      0.000     0.000 r  
    AE10                                              0.000     0.000 r  sys_clk_p
                         net (fo=0)                   0.000     0.000    i_pll/inst/clk_in1_p
    AE10                 IBUFDS (Prop_ibufds_I_O)     0.432     0.432 r  i_pll/inst/clkin1_ibufgds/O
                         net (fo=1, routed)           0.553     0.985    i_pll/inst/clk_in1_clk_wiz_0
    MMCME2_ADV_X1Y1      MMCME2_ADV (Prop_mmcme2_adv_CLKIN1_CLKOUT0)
                                                     -3.493    -2.508 r  i_pll/inst/mmcm_adv_inst/CLKOUT0
                         net (fo=1, routed)           1.007    -1.501    i_pll/inst/clk_50M_clk_wiz_0
    BUFGCTRL_X0Y2        BUFG (Prop_bufg_I_O)         0.030    -1.471 r  i_pll/inst/clkout1_buf/O
                         net (fo=236, routed)         1.009    -0.462    i_uart_rx/CLK
    SLICE_X10Y47                                                      r  i_uart_rx/rx_shift_reg[4]/C
                         clock pessimism              0.026    -0.436    
    SLICE_X10Y47         FDCE (Remov_fdce_C_CLR)     -0.050    -0.486    i_uart_rx/rx_shift_reg[4]
  -------------------------------------------------------------------
                         required time                          0.486    
                         arrival time                           0.003    
  -------------------------------------------------------------------
                         slack                                  0.489    

Slack (MET) :             0.489ns  (arrival time - required time)
  Source:                 rst_50m_n_reg/C
                            (rising edge-triggered cell FDRE clocked by clk_50M_clk_wiz_0_1  {rise@0.000ns fall@10.000ns period=20.000ns})
  Destination:            i_uart_rx/rx_shift_reg[6]/CLR
                            (removal check against rising-edge clock clk_50M_clk_wiz_0_1  {rise@0.000ns fall@10.000ns period=20.000ns})
  Path Group:             **async_default**
  Path Type:              Removal (Min at Fast Process Corner)
  Requirement:            0.000ns  (clk_50M_clk_wiz_0_1 rise@0.000ns - clk_50M_clk_wiz_0_1 rise@0.000ns)
  Data Path Delay:        0.472ns  (logic 0.128ns (27.126%)  route 0.344ns (72.874%))
  Logic Levels:           1  (LUT1=1)
  Clock Path Skew:        0.033ns (DCD - SCD - CPR)
    Destination Clock Delay (DCD):    -0.462ns
    Source Clock Delay      (SCD):    -0.469ns
    Clock Pessimism Removal (CPR):    -0.026ns

    Location             Delay type                Incr(ns)  Path(ns)    Netlist Resource(s)
  -------------------------------------------------------------------    -------------------
                         (clock clk_50M_clk_wiz_0_1 rise edge)
                                                      0.000     0.000 r  
    AE10                                              0.000     0.000 r  sys_clk_p
                         net (fo=0)                   0.000     0.000    i_pll/inst/clk_in1_p
    AE10                 IBUFDS (Prop_ibufds_I_O)     0.354     0.354 r  i_pll/inst/clkin1_ibufgds/O
                         net (fo=1, routed)           0.503     0.857    i_pll/inst/clk_in1_clk_wiz_0
    MMCME2_ADV_X1Y1      MMCME2_ADV (Prop_mmcme2_adv_CLKIN1_CLKOUT0)
                                                     -3.040    -2.183 r  i_pll/inst/mmcm_adv_inst/CLKOUT0
                         net (fo=1, routed)           0.940    -1.243    i_pll/inst/clk_50M_clk_wiz_0
    BUFGCTRL_X0Y2        BUFG (Prop_bufg_I_O)         0.026    -1.217 r  i_pll/inst/clkout1_buf/O
                         net (fo=236, routed)         0.748    -0.469    rd_clk
    SLICE_X19Y49                                                      r  rst_50m_n_reg/C
  -------------------------------------------------------------------    -------------------
    SLICE_X19Y49         FDRE (Prop_fdre_C_Q)         0.100    -0.369 r  rst_50m_n_reg/Q
                         net (fo=1, routed)           0.129    -0.241    i_uart_rx/rst_50m_n
    SLICE_X19Y49         LUT1 (Prop_lut1_I0_O)        0.028    -0.213 f  i_uart_rx/rxd_sync_1_i_1/O
                         net (fo=83, routed)          0.215     0.003    i_uart_rx/O1
    SLICE_X10Y47         FDCE                                         f  i_uart_rx/rx_shift_reg[6]/CLR
  -------------------------------------------------------------------    -------------------

                         (clock clk_50M_clk_wiz_0_1 rise edge)
                                                      0.000     0.000 r  
    AE10                                              0.000     0.000 r  sys_clk_p
                         net (fo=0)                   0.000     0.000    i_pll/inst/clk_in1_p
    AE10                 IBUFDS (Prop_ibufds_I_O)     0.432     0.432 r  i_pll/inst/clkin1_ibufgds/O
                         net (fo=1, routed)           0.553     0.985    i_pll/inst/clk_in1_clk_wiz_0
    MMCME2_ADV_X1Y1      MMCME2_ADV (Prop_mmcme2_adv_CLKIN1_CLKOUT0)
                                                     -3.493    -2.508 r  i_pll/inst/mmcm_adv_inst/CLKOUT0
                         net (fo=1, routed)           1.007    -1.501    i_pll/inst/clk_50M_clk_wiz_0
    BUFGCTRL_X0Y2        BUFG (Prop_bufg_I_O)         0.030    -1.471 r  i_pll/inst/clkout1_buf/O
                         net (fo=236, routed)         1.009    -0.462    i_uart_rx/CLK
    SLICE_X10Y47                                                      r  i_uart_rx/rx_shift_reg[6]/C
                         clock pessimism              0.026    -0.436    
    SLICE_X10Y47         FDCE (Remov_fdce_C_CLR)     -0.050    -0.486    i_uart_rx/rx_shift_reg[6]
  -------------------------------------------------------------------
                         required time                          0.486    
                         arrival time                           0.003    
  -------------------------------------------------------------------
                         slack                                  0.489    

Slack (MET) :             0.489ns  (arrival time - required time)
  Source:                 rst_50m_n_reg/C
                            (rising edge-triggered cell FDRE clocked by clk_50M_clk_wiz_0_1  {rise@0.000ns fall@10.000ns period=20.000ns})
  Destination:            i_uart_rx/rx_shift_reg[7]/CLR
                            (removal check against rising-edge clock clk_50M_clk_wiz_0_1  {rise@0.000ns fall@10.000ns period=20.000ns})
  Path Group:             **async_default**
  Path Type:              Removal (Min at Fast Process Corner)
  Requirement:            0.000ns  (clk_50M_clk_wiz_0_1 rise@0.000ns - clk_50M_clk_wiz_0_1 rise@0.000ns)
  Data Path Delay:        0.472ns  (logic 0.128ns (27.126%)  route 0.344ns (72.874%))
  Logic Levels:           1  (LUT1=1)
  Clock Path Skew:        0.033ns (DCD - SCD - CPR)
    Destination Clock Delay (DCD):    -0.462ns
    Source Clock Delay      (SCD):    -0.469ns
    Clock Pessimism Removal (CPR):    -0.026ns

    Location             Delay type                Incr(ns)  Path(ns)    Netlist Resource(s)
  -------------------------------------------------------------------    -------------------
                         (clock clk_50M_clk_wiz_0_1 rise edge)
                                                      0.000     0.000 r  
    AE10                                              0.000     0.000 r  sys_clk_p
                         net (fo=0)                   0.000     0.000    i_pll/inst/clk_in1_p
    AE10                 IBUFDS (Prop_ibufds_I_O)     0.354     0.354 r  i_pll/inst/clkin1_ibufgds/O
                         net (fo=1, routed)           0.503     0.857    i_pll/inst/clk_in1_clk_wiz_0
    MMCME2_ADV_X1Y1      MMCME2_ADV (Prop_mmcme2_adv_CLKIN1_CLKOUT0)
                                                     -3.040    -2.183 r  i_pll/inst/mmcm_adv_inst/CLKOUT0
                         net (fo=1, routed)           0.940    -1.243    i_pll/inst/clk_50M_clk_wiz_0
    BUFGCTRL_X0Y2        BUFG (Prop_bufg_I_O)         0.026    -1.217 r  i_pll/inst/clkout1_buf/O
                         net (fo=236, routed)         0.748    -0.469    rd_clk
    SLICE_X19Y49                                                      r  rst_50m_n_reg/C
  -------------------------------------------------------------------    -------------------
    SLICE_X19Y49         FDRE (Prop_fdre_C_Q)         0.100    -0.369 r  rst_50m_n_reg/Q
                         net (fo=1, routed)           0.129    -0.241    i_uart_rx/rst_50m_n
    SLICE_X19Y49         LUT1 (Prop_lut1_I0_O)        0.028    -0.213 f  i_uart_rx/rxd_sync_1_i_1/O
                         net (fo=83, routed)          0.215     0.003    i_uart_rx/O1
    SLICE_X10Y47         FDCE                                         f  i_uart_rx/rx_shift_reg[7]/CLR
  -------------------------------------------------------------------    -------------------

                         (clock clk_50M_clk_wiz_0_1 rise edge)
                                                      0.000     0.000 r  
    AE10                                              0.000     0.000 r  sys_clk_p
                         net (fo=0)                   0.000     0.000    i_pll/inst/clk_in1_p
    AE10                 IBUFDS (Prop_ibufds_I_O)     0.432     0.432 r  i_pll/inst/clkin1_ibufgds/O
                         net (fo=1, routed)           0.553     0.985    i_pll/inst/clk_in1_clk_wiz_0
    MMCME2_ADV_X1Y1      MMCME2_ADV (Prop_mmcme2_adv_CLKIN1_CLKOUT0)
                                                     -3.493    -2.508 r  i_pll/inst/mmcm_adv_inst/CLKOUT0
                         net (fo=1, routed)           1.007    -1.501    i_pll/inst/clk_50M_clk_wiz_0
    BUFGCTRL_X0Y2        BUFG (Prop_bufg_I_O)         0.030    -1.471 r  i_pll/inst/clkout1_buf/O
                         net (fo=236, routed)         1.009    -0.462    i_uart_rx/CLK
    SLICE_X10Y47                                                      r  i_uart_rx/rx_shift_reg[7]/C
                         clock pessimism              0.026    -0.436    
    SLICE_X10Y47         FDCE (Remov_fdce_C_CLR)     -0.050    -0.486    i_uart_rx/rx_shift_reg[7]
  -------------------------------------------------------------------
                         required time                          0.486    
                         arrival time                           0.003    
  -------------------------------------------------------------------
                         slack                                  0.489    

Slack (MET) :             0.489ns  (arrival time - required time)
  Source:                 rst_50m_n_reg/C
                            (rising edge-triggered cell FDRE clocked by clk_50M_clk_wiz_0_1  {rise@0.000ns fall@10.000ns period=20.000ns})
  Destination:            i_uart_rx/rx_valid_reg/CLR
                            (removal check against rising-edge clock clk_50M_clk_wiz_0_1  {rise@0.000ns fall@10.000ns period=20.000ns})
  Path Group:             **async_default**
  Path Type:              Removal (Min at Fast Process Corner)
  Requirement:            0.000ns  (clk_50M_clk_wiz_0_1 rise@0.000ns - clk_50M_clk_wiz_0_1 rise@0.000ns)
  Data Path Delay:        0.472ns  (logic 0.128ns (27.126%)  route 0.344ns (72.874%))
  Logic Levels:           1  (LUT1=1)
  Clock Path Skew:        0.033ns (DCD - SCD - CPR)
    Destination Clock Delay (DCD):    -0.462ns
    Source Clock Delay      (SCD):    -0.469ns
    Clock Pessimism Removal (CPR):    -0.026ns

    Location             Delay type                Incr(ns)  Path(ns)    Netlist Resource(s)
  -------------------------------------------------------------------    -------------------
                         (clock clk_50M_clk_wiz_0_1 rise edge)
                                                      0.000     0.000 r  
    AE10                                              0.000     0.000 r  sys_clk_p
                         net (fo=0)                   0.000     0.000    i_pll/inst/clk_in1_p
    AE10                 IBUFDS (Prop_ibufds_I_O)     0.354     0.354 r  i_pll/inst/clkin1_ibufgds/O
                         net (fo=1, routed)           0.503     0.857    i_pll/inst/clk_in1_clk_wiz_0
    MMCME2_ADV_X1Y1      MMCME2_ADV (Prop_mmcme2_adv_CLKIN1_CLKOUT0)
                                                     -3.040    -2.183 r  i_pll/inst/mmcm_adv_inst/CLKOUT0
                         net (fo=1, routed)           0.940    -1.243    i_pll/inst/clk_50M_clk_wiz_0
    BUFGCTRL_X0Y2        BUFG (Prop_bufg_I_O)         0.026    -1.217 r  i_pll/inst/clkout1_buf/O
                         net (fo=236, routed)         0.748    -0.469    rd_clk
    SLICE_X19Y49                                                      r  rst_50m_n_reg/C
  -------------------------------------------------------------------    -------------------
    SLICE_X19Y49         FDRE (Prop_fdre_C_Q)         0.100    -0.369 r  rst_50m_n_reg/Q
                         net (fo=1, routed)           0.129    -0.241    i_uart_rx/rst_50m_n
    SLICE_X19Y49         LUT1 (Prop_lut1_I0_O)        0.028    -0.213 f  i_uart_rx/rxd_sync_1_i_1/O
                         net (fo=83, routed)          0.215     0.003    i_uart_rx/O1
    SLICE_X10Y47         FDCE                                         f  i_uart_rx/rx_valid_reg/CLR
  -------------------------------------------------------------------    -------------------

                         (clock clk_50M_clk_wiz_0_1 rise edge)
                                                      0.000     0.000 r  
    AE10                                              0.000     0.000 r  sys_clk_p
                         net (fo=0)                   0.000     0.000    i_pll/inst/clk_in1_p
    AE10                 IBUFDS (Prop_ibufds_I_O)     0.432     0.432 r  i_pll/inst/clkin1_ibufgds/O
                         net (fo=1, routed)           0.553     0.985    i_pll/inst/clk_in1_clk_wiz_0
    MMCME2_ADV_X1Y1      MMCME2_ADV (Prop_mmcme2_adv_CLKIN1_CLKOUT0)
                                                     -3.493    -2.508 r  i_pll/inst/mmcm_adv_inst/CLKOUT0
                         net (fo=1, routed)           1.007    -1.501    i_pll/inst/clk_50M_clk_wiz_0
    BUFGCTRL_X0Y2        BUFG (Prop_bufg_I_O)         0.030    -1.471 r  i_pll/inst/clkout1_buf/O
                         net (fo=236, routed)         1.009    -0.462    i_uart_rx/CLK
    SLICE_X10Y47                                                      r  i_uart_rx/rx_valid_reg/C
                         clock pessimism              0.026    -0.436    
    SLICE_X10Y47         FDCE (Remov_fdce_C_CLR)     -0.050    -0.486    i_uart_rx/rx_valid_reg
  -------------------------------------------------------------------
                         required time                          0.486    
                         arrival time                           0.003    
  -------------------------------------------------------------------
                         slack                                  0.489    

Slack (MET) :             0.506ns  (arrival time - required time)
  Source:                 i_fifo_uart_send/U0/inst_fifo_gen/gconvfifo.rf/grf.rf/rstblk/ngwrdrst.grst.g7serrst.rd_rst_asreg_reg/C
                            (rising edge-triggered cell FDPE clocked by clk_50M_clk_wiz_0_1  {rise@0.000ns fall@10.000ns period=20.000ns})
  Destination:            i_fifo_uart_send/U0/inst_fifo_gen/gconvfifo.rf/grf.rf/rstblk/ngwrdrst.grst.g7serrst.rd_rst_reg_reg[1]/PRE
                            (removal check against rising-edge clock clk_50M_clk_wiz_0_1  {rise@0.000ns fall@10.000ns period=20.000ns})
  Path Group:             **async_default**
  Path Type:              Removal (Min at Fast Process Corner)
  Requirement:            0.000ns  (clk_50M_clk_wiz_0_1 rise@0.000ns - clk_50M_clk_wiz_0_1 rise@0.000ns)
  Data Path Delay:        0.463ns  (logic 0.157ns (33.904%)  route 0.306ns (66.096%))
  Logic Levels:           1  (LUT2=1)
  Clock Path Skew:        0.029ns (DCD - SCD - CPR)
    Destination Clock Delay (DCD):    -0.469ns
    Source Clock Delay      (SCD):    -0.472ns
    Clock Pessimism Removal (CPR):    -0.026ns

    Location             Delay type                Incr(ns)  Path(ns)    Netlist Resource(s)
  -------------------------------------------------------------------    -------------------
                         (clock clk_50M_clk_wiz_0_1 rise edge)
                                                      0.000     0.000 r  
    AE10                                              0.000     0.000 r  sys_clk_p
                         net (fo=0)                   0.000     0.000    i_pll/inst/clk_in1_p
    AE10                 IBUFDS (Prop_ibufds_I_O)     0.354     0.354 r  i_pll/inst/clkin1_ibufgds/O
                         net (fo=1, routed)           0.503     0.857    i_pll/inst/clk_in1_clk_wiz_0
    MMCME2_ADV_X1Y1      MMCME2_ADV (Prop_mmcme2_adv_CLKIN1_CLKOUT0)
                                                     -3.040    -2.183 r  i_pll/inst/mmcm_adv_inst/CLKOUT0
                         net (fo=1, routed)           0.940    -1.243    i_pll/inst/clk_50M_clk_wiz_0
    BUFGCTRL_X0Y2        BUFG (Prop_bufg_I_O)         0.026    -1.217 r  i_pll/inst/clkout1_buf/O
                         net (fo=236, routed)         0.745    -0.472    i_fifo_uart_send/U0/inst_fifo_gen/gconvfifo.rf/grf.rf/rstblk/rd_clk
    SLICE_X23Y46                                                      r  i_fifo_uart_send/U0/inst_fifo_gen/gconvfifo.rf/grf.rf/rstblk/ngwrdrst.grst.g7serrst.rd_rst_asreg_reg/C
  -------------------------------------------------------------------    -------------------
    SLICE_X23Y46         FDPE (Prop_fdpe_C_Q)         0.091    -0.381 f  i_fifo_uart_send/U0/inst_fifo_gen/gconvfifo.rf/grf.rf/rstblk/ngwrdrst.grst.g7serrst.rd_rst_asreg_reg/Q
                         net (fo=2, routed)           0.122    -0.260    i_fifo_uart_send/U0/inst_fifo_gen/gconvfifo.rf/grf.rf/rstblk/rd_rst_asreg
    SLICE_X23Y46         LUT2 (Prop_lut2_I0_O)        0.066    -0.194 f  i_fifo_uart_send/U0/inst_fifo_gen/gconvfifo.rf/grf.rf/rstblk/ngwrdrst.grst.g7serrst.rd_rst_reg[2]_i_1/O
                         net (fo=3, routed)           0.184    -0.009    i_fifo_uart_send/U0/inst_fifo_gen/gconvfifo.rf/grf.rf/rstblk/n_0_ngwrdrst.grst.g7serrst.rd_rst_reg[2]_i_1
    SLICE_X24Y46         FDPE                                         f  i_fifo_uart_send/U0/inst_fifo_gen/gconvfifo.rf/grf.rf/rstblk/ngwrdrst.grst.g7serrst.rd_rst_reg_reg[1]/PRE
  -------------------------------------------------------------------    -------------------

                         (clock clk_50M_clk_wiz_0_1 rise edge)
                                                      0.000     0.000 r  
    AE10                                              0.000     0.000 r  sys_clk_p
                         net (fo=0)                   0.000     0.000    i_pll/inst/clk_in1_p
    AE10                 IBUFDS (Prop_ibufds_I_O)     0.432     0.432 r  i_pll/inst/clkin1_ibufgds/O
                         net (fo=1, routed)           0.553     0.985    i_pll/inst/clk_in1_clk_wiz_0
    MMCME2_ADV_X1Y1      MMCME2_ADV (Prop_mmcme2_adv_CLKIN1_CLKOUT0)
                                                     -3.493    -2.508 r  i_pll/inst/mmcm_adv_inst/CLKOUT0
                         net (fo=1, routed)           1.007    -1.501    i_pll/inst/clk_50M_clk_wiz_0
    BUFGCTRL_X0Y2        BUFG (Prop_bufg_I_O)         0.030    -1.471 r  i_pll/inst/clkout1_buf/O
                         net (fo=236, routed)         1.002    -0.469    i_fifo_uart_send/U0/inst_fifo_gen/gconvfifo.rf/grf.rf/rstblk/rd_clk
    SLICE_X24Y46                                                      r  i_fifo_uart_send/U0/inst_fifo_gen/gconvfifo.rf/grf.rf/rstblk/ngwrdrst.grst.g7serrst.rd_rst_reg_reg[1]/C
                         clock pessimism              0.026    -0.443    
    SLICE_X24Y46         FDPE (Remov_fdpe_C_PRE)     -0.072    -0.515    i_fifo_uart_send/U0/inst_fifo_gen/gconvfifo.rf/grf.rf/rstblk/ngwrdrst.grst.g7serrst.rd_rst_reg_reg[1]
  -------------------------------------------------------------------
                         required time                          0.515    
                         arrival time                          -0.009    
  -------------------------------------------------------------------
                         slack                                  0.506    

Slack (MET) :             0.506ns  (arrival time - required time)
  Source:                 i_fifo_uart_send/U0/inst_fifo_gen/gconvfifo.rf/grf.rf/rstblk/ngwrdrst.grst.g7serrst.rd_rst_asreg_reg/C
                            (rising edge-triggered cell FDPE clocked by clk_50M_clk_wiz_0_1  {rise@0.000ns fall@10.000ns period=20.000ns})
  Destination:            i_fifo_uart_send/U0/inst_fifo_gen/gconvfifo.rf/grf.rf/rstblk/ngwrdrst.grst.g7serrst.rd_rst_reg_reg[2]/PRE
                            (removal check against rising-edge clock clk_50M_clk_wiz_0_1  {rise@0.000ns fall@10.000ns period=20.000ns})
  Path Group:             **async_default**
  Path Type:              Removal (Min at Fast Process Corner)
  Requirement:            0.000ns  (clk_50M_clk_wiz_0_1 rise@0.000ns - clk_50M_clk_wiz_0_1 rise@0.000ns)
  Data Path Delay:        0.463ns  (logic 0.157ns (33.904%)  route 0.306ns (66.096%))
  Logic Levels:           1  (LUT2=1)
  Clock Path Skew:        0.029ns (DCD - SCD - CPR)
    Destination Clock Delay (DCD):    -0.469ns
    Source Clock Delay      (SCD):    -0.472ns
    Clock Pessimism Removal (CPR):    -0.026ns

    Location             Delay type                Incr(ns)  Path(ns)    Netlist Resource(s)
  -------------------------------------------------------------------    -------------------
                         (clock clk_50M_clk_wiz_0_1 rise edge)
                                                      0.000     0.000 r  
    AE10                                              0.000     0.000 r  sys_clk_p
                         net (fo=0)                   0.000     0.000    i_pll/inst/clk_in1_p
    AE10                 IBUFDS (Prop_ibufds_I_O)     0.354     0.354 r  i_pll/inst/clkin1_ibufgds/O
                         net (fo=1, routed)           0.503     0.857    i_pll/inst/clk_in1_clk_wiz_0
    MMCME2_ADV_X1Y1      MMCME2_ADV (Prop_mmcme2_adv_CLKIN1_CLKOUT0)
                                                     -3.040    -2.183 r  i_pll/inst/mmcm_adv_inst/CLKOUT0
                         net (fo=1, routed)           0.940    -1.243    i_pll/inst/clk_50M_clk_wiz_0
    BUFGCTRL_X0Y2        BUFG (Prop_bufg_I_O)         0.026    -1.217 r  i_pll/inst/clkout1_buf/O
                         net (fo=236, routed)         0.745    -0.472    i_fifo_uart_send/U0/inst_fifo_gen/gconvfifo.rf/grf.rf/rstblk/rd_clk
    SLICE_X23Y46                                                      r  i_fifo_uart_send/U0/inst_fifo_gen/gconvfifo.rf/grf.rf/rstblk/ngwrdrst.grst.g7serrst.rd_rst_asreg_reg/C
  -------------------------------------------------------------------    -------------------
    SLICE_X23Y46         FDPE (Prop_fdpe_C_Q)         0.091    -0.381 f  i_fifo_uart_send/U0/inst_fifo_gen/gconvfifo.rf/grf.rf/rstblk/ngwrdrst.grst.g7serrst.rd_rst_asreg_reg/Q
                         net (fo=2, routed)           0.122    -0.260    i_fifo_uart_send/U0/inst_fifo_gen/gconvfifo.rf/grf.rf/rstblk/rd_rst_asreg
    SLICE_X23Y46         LUT2 (Prop_lut2_I0_O)        0.066    -0.194 f  i_fifo_uart_send/U0/inst_fifo_gen/gconvfifo.rf/grf.rf/rstblk/ngwrdrst.grst.g7serrst.rd_rst_reg[2]_i_1/O
                         net (fo=3, routed)           0.184    -0.009    i_fifo_uart_send/U0/inst_fifo_gen/gconvfifo.rf/grf.rf/rstblk/n_0_ngwrdrst.grst.g7serrst.rd_rst_reg[2]_i_1
    SLICE_X24Y46         FDPE                                         f  i_fifo_uart_send/U0/inst_fifo_gen/gconvfifo.rf/grf.rf/rstblk/ngwrdrst.grst.g7serrst.rd_rst_reg_reg[2]/PRE
  -------------------------------------------------------------------    -------------------

                         (clock clk_50M_clk_wiz_0_1 rise edge)
                                                      0.000     0.000 r  
    AE10                                              0.000     0.000 r  sys_clk_p
                         net (fo=0)                   0.000     0.000    i_pll/inst/clk_in1_p
    AE10                 IBUFDS (Prop_ibufds_I_O)     0.432     0.432 r  i_pll/inst/clkin1_ibufgds/O
                         net (fo=1, routed)           0.553     0.985    i_pll/inst/clk_in1_clk_wiz_0
    MMCME2_ADV_X1Y1      MMCME2_ADV (Prop_mmcme2_adv_CLKIN1_CLKOUT0)
                                                     -3.493    -2.508 r  i_pll/inst/mmcm_adv_inst/CLKOUT0
                         net (fo=1, routed)           1.007    -1.501    i_pll/inst/clk_50M_clk_wiz_0
    BUFGCTRL_X0Y2        BUFG (Prop_bufg_I_O)         0.030    -1.471 r  i_pll/inst/clkout1_buf/O
                         net (fo=236, routed)         1.002    -0.469    i_fifo_uart_send/U0/inst_fifo_gen/gconvfifo.rf/grf.rf/rstblk/rd_clk
    SLICE_X24Y46                                                      r  i_fifo_uart_send/U0/inst_fifo_gen/gconvfifo.rf/grf.rf/rstblk/ngwrdrst.grst.g7serrst.rd_rst_reg_reg[2]/C
                         clock pessimism              0.026    -0.443    
    SLICE_X24Y46         FDPE (Remov_fdpe_C_PRE)     -0.072    -0.515    i_fifo_uart_send/U0/inst_fifo_gen/gconvfifo.rf/grf.rf/rstblk/ngwrdrst.grst.g7serrst.rd_rst_reg_reg[2]
  -------------------------------------------------------------------
                         required time                          0.515    
                         arrival time                          -0.009    
  -------------------------------------------------------------------
                         slack                                  0.506    

Slack (MET) :             0.514ns  (arrival time - required time)
  Source:                 i_fifo_uart_send/U0/inst_fifo_gen/gconvfifo.rf/grf.rf/rstblk/ngwrdrst.grst.g7serrst.rd_rst_asreg_reg/C
                            (rising edge-triggered cell FDPE clocked by clk_50M_clk_wiz_0_1  {rise@0.000ns fall@10.000ns period=20.000ns})
  Destination:            i_fifo_uart_send/U0/inst_fifo_gen/gconvfifo.rf/grf.rf/rstblk/ngwrdrst.grst.g7serrst.rd_rst_reg_reg[0]/PRE
                            (removal check against rising-edge clock clk_50M_clk_wiz_0_1  {rise@0.000ns fall@10.000ns period=20.000ns})
  Path Group:             **async_default**
  Path Type:              Removal (Min at Fast Process Corner)
  Requirement:            0.000ns  (clk_50M_clk_wiz_0_1 rise@0.000ns - clk_50M_clk_wiz_0_1 rise@0.000ns)
  Data Path Delay:        0.473ns  (logic 0.157ns (33.211%)  route 0.316ns (66.789%))
  Logic Levels:           1  (LUT2=1)
  Clock Path Skew:        0.011ns (DCD - SCD - CPR)
    Destination Clock Delay (DCD):    -0.466ns
    Source Clock Delay      (SCD):    -0.472ns
    Clock Pessimism Removal (CPR):    -0.005ns

    Location             Delay type                Incr(ns)  Path(ns)    Netlist Resource(s)
  -------------------------------------------------------------------    -------------------
                         (clock clk_50M_clk_wiz_0_1 rise edge)
                                                      0.000     0.000 r  
    AE10                                              0.000     0.000 r  sys_clk_p
                         net (fo=0)                   0.000     0.000    i_pll/inst/clk_in1_p
    AE10                 IBUFDS (Prop_ibufds_I_O)     0.354     0.354 r  i_pll/inst/clkin1_ibufgds/O
                         net (fo=1, routed)           0.503     0.857    i_pll/inst/clk_in1_clk_wiz_0
    MMCME2_ADV_X1Y1      MMCME2_ADV (Prop_mmcme2_adv_CLKIN1_CLKOUT0)
                                                     -3.040    -2.183 r  i_pll/inst/mmcm_adv_inst/CLKOUT0
                         net (fo=1, routed)           0.940    -1.243    i_pll/inst/clk_50M_clk_wiz_0
    BUFGCTRL_X0Y2        BUFG (Prop_bufg_I_O)         0.026    -1.217 r  i_pll/inst/clkout1_buf/O
                         net (fo=236, routed)         0.745    -0.472    i_fifo_uart_send/U0/inst_fifo_gen/gconvfifo.rf/grf.rf/rstblk/rd_clk
    SLICE_X23Y46                                                      r  i_fifo_uart_send/U0/inst_fifo_gen/gconvfifo.rf/grf.rf/rstblk/ngwrdrst.grst.g7serrst.rd_rst_asreg_reg/C
  -------------------------------------------------------------------    -------------------
    SLICE_X23Y46         FDPE (Prop_fdpe_C_Q)         0.091    -0.381 f  i_fifo_uart_send/U0/inst_fifo_gen/gconvfifo.rf/grf.rf/rstblk/ngwrdrst.grst.g7serrst.rd_rst_asreg_reg/Q
                         net (fo=2, routed)           0.122    -0.260    i_fifo_uart_send/U0/inst_fifo_gen/gconvfifo.rf/grf.rf/rstblk/rd_rst_asreg
    SLICE_X23Y46         LUT2 (Prop_lut2_I0_O)        0.066    -0.194 f  i_fifo_uart_send/U0/inst_fifo_gen/gconvfifo.rf/grf.rf/rstblk/ngwrdrst.grst.g7serrst.rd_rst_reg[2]_i_1/O
                         net (fo=3, routed)           0.194     0.001    i_fifo_uart_send/U0/inst_fifo_gen/gconvfifo.rf/grf.rf/rstblk/n_0_ngwrdrst.grst.g7serrst.rd_rst_reg[2]_i_1
    SLICE_X22Y46         FDPE                                         f  i_fifo_uart_send/U0/inst_fifo_gen/gconvfifo.rf/grf.rf/rstblk/ngwrdrst.grst.g7serrst.rd_rst_reg_reg[0]/PRE
  -------------------------------------------------------------------    -------------------

                         (clock clk_50M_clk_wiz_0_1 rise edge)
                                                      0.000     0.000 r  
    AE10                                              0.000     0.000 r  sys_clk_p
                         net (fo=0)                   0.000     0.000    i_pll/inst/clk_in1_p
    AE10                 IBUFDS (Prop_ibufds_I_O)     0.432     0.432 r  i_pll/inst/clkin1_ibufgds/O
                         net (fo=1, routed)           0.553     0.985    i_pll/inst/clk_in1_clk_wiz_0
    MMCME2_ADV_X1Y1      MMCME2_ADV (Prop_mmcme2_adv_CLKIN1_CLKOUT0)
                                                     -3.493    -2.508 r  i_pll/inst/mmcm_adv_inst/CLKOUT0
                         net (fo=1, routed)           1.007    -1.501    i_pll/inst/clk_50M_clk_wiz_0
    BUFGCTRL_X0Y2        BUFG (Prop_bufg_I_O)         0.030    -1.471 r  i_pll/inst/clkout1_buf/O
                         net (fo=236, routed)         1.005    -0.466    i_fifo_uart_send/U0/inst_fifo_gen/gconvfifo.rf/grf.rf/rstblk/rd_clk
    SLICE_X22Y46                                                      r  i_fifo_uart_send/U0/inst_fifo_gen/gconvfifo.rf/grf.rf/rstblk/ngwrdrst.grst.g7serrst.rd_rst_reg_reg[0]/C
                         clock pessimism              0.005    -0.461    
    SLICE_X22Y46         FDPE (Remov_fdpe_C_PRE)     -0.052    -0.513    i_fifo_uart_send/U0/inst_fifo_gen/gconvfifo.rf/grf.rf/rstblk/ngwrdrst.grst.g7serrst.rd_rst_reg_reg[0]
  -------------------------------------------------------------------
                         required time                          0.513    
                         arrival time                           0.001    
  -------------------------------------------------------------------
                         slack                                  0.514    





---------------------------------------------------------------------------------------------------
Path Group:  **async_default**
From Clock:  dbg_hub/inst/bscan_inst/SERIES7_BSCAN.bscan_inst/DRCK
  To Clock:  dbg_hub/inst/bscan_inst/SERIES7_BSCAN.bscan_inst/DRCK

Setup :            0  Failing Endpoints,  Worst Slack       27.064ns,  Total Violation        0.000ns
Hold  :            0  Failing Endpoints,  Worst Slack        0.248ns,  Total Violation        0.000ns
---------------------------------------------------------------------------------------------------


Max Delay Paths
--------------------------------------------------------------------------------------
Slack (MET) :             27.064ns  (required time - arrival time)
  Source:                 dbg_hub/inst/U_ICON/U_SYNC/SYNC_reg/C
                            (rising edge-triggered cell FDRE clocked by dbg_hub/inst/bscan_inst/SERIES7_BSCAN.bscan_inst/DRCK  {rise@0.000ns fall@15.000ns period=30.000ns})
  Destination:            dbg_hub/inst/UUT_MASTER/U_ICON_INTERFACE/U_CMD6_WR/shift_reg_in_reg[10]/CLR
                            (recovery check against rising-edge clock dbg_hub/inst/bscan_inst/SERIES7_BSCAN.bscan_inst/DRCK  {rise@0.000ns fall@15.000ns period=30.000ns})
  Path Group:             **async_default**
  Path Type:              Recovery (Max at Slow Process Corner)
  Requirement:            30.000ns  (dbg_hub/inst/bscan_inst/SERIES7_BSCAN.bscan_inst/DRCK rise@30.000ns - dbg_hub/inst/bscan_inst/SERIES7_BSCAN.bscan_inst/DRCK rise@0.000ns)
  Data Path Delay:        2.701ns  (logic 0.352ns (13.032%)  route 2.349ns (86.968%))
  Logic Levels:           3  (LUT2=2 LUT6=1)
  Clock Path Skew:        0.012ns (DCD - SCD + CPR)
    Destination Clock Delay (DCD):    4.187ns = ( 34.187 - 30.000 ) 
    Source Clock Delay      (SCD):    4.742ns
    Clock Pessimism Removal (CPR):    0.567ns
  Clock Uncertainty:      0.035ns  ((TSJ^2 + TIJ^2)^1/2 + DJ) / 2 + PE
    Total System Jitter     (TSJ):    0.071ns
    Total Input Jitter      (TIJ):    0.000ns
    Discrete Jitter          (DJ):    0.000ns
    Phase Error              (PE):    0.000ns

    Location             Delay type                Incr(ns)  Path(ns)    Netlist Resource(s)
  -------------------------------------------------------------------    -------------------
                         (clock dbg_hub/inst/bscan_inst/SERIES7_BSCAN.bscan_inst/DRCK rise edge)
                                                      0.000     0.000 r  
    BSCAN_X0Y0           BSCANE2                      0.000     0.000 r  dbg_hub/inst/bscan_inst/SERIES7_BSCAN.bscan_inst/DRCK
                         net (fo=1, routed)           3.009     3.009    dbg_hub/inst/DRCK
    BUFGCTRL_X0Y1        BUFG (Prop_bufg_I_O)         0.093     3.102 r  dbg_hub/inst/u_bufg_icon/O
                         net (fo=457, routed)         1.640     4.742    dbg_hub/inst/U_ICON/U_SYNC/CLK
    SLICE_X17Y61                                                      r  dbg_hub/inst/U_ICON/U_SYNC/SYNC_reg/C
  -------------------------------------------------------------------    -------------------
    SLICE_X17Y61         FDRE (Prop_fdre_C_Q)         0.223     4.965 f  dbg_hub/inst/U_ICON/U_SYNC/SYNC_reg/Q
                         net (fo=3, routed)           0.467     5.432    dbg_hub/inst/U_ICON/U_SYNC/iSYNC
    SLICE_X14Y61         LUT2 (Prop_lut2_I0_O)        0.043     5.475 f  dbg_hub/inst/U_ICON/U_SYNC/LC_STAT_INIT_SLV[127]_i_2/O
                         net (fo=9, routed)           0.629     6.104    dbg_hub/inst/U_ICON/U_CMD/p_103_in
    SLICE_X9Y62          LUT6 (Prop_lut6_I1_O)        0.043     6.147 f  dbg_hub/inst/U_ICON/U_CMD/shift_reg_in[17]_i_1/O
                         net (fo=23, routed)          0.360     6.507    dbg_hub/inst/U_ICON/U_CMD/O5
    SLICE_X8Y62          LUT2 (Prop_lut2_I0_O)        0.043     6.550 f  dbg_hub/inst/U_ICON/U_CMD/ngwrdrst.grst.g7serrst.wr_rst_asreg_i_1/O
                         net (fo=36, routed)          0.893     7.443    dbg_hub/inst/UUT_MASTER/U_ICON_INTERFACE/U_CMD6_WR/AR[0]
    SLICE_X3Y55          FDCE                                         f  dbg_hub/inst/UUT_MASTER/U_ICON_INTERFACE/U_CMD6_WR/shift_reg_in_reg[10]/CLR
  -------------------------------------------------------------------    -------------------

                         (clock dbg_hub/inst/bscan_inst/SERIES7_BSCAN.bscan_inst/DRCK rise edge)
                                                     30.000    30.000 r  
    BSCAN_X0Y0           BSCANE2                      0.000    30.000 r  dbg_hub/inst/bscan_inst/SERIES7_BSCAN.bscan_inst/DRCK
                         net (fo=1, routed)           2.542    32.542    dbg_hub/inst/DRCK
    BUFGCTRL_X0Y1        BUFG (Prop_bufg_I_O)         0.083    32.625 r  dbg_hub/inst/u_bufg_icon/O
                         net (fo=457, routed)         1.562    34.187    dbg_hub/inst/UUT_MASTER/U_ICON_INTERFACE/U_CMD6_WR/idrck
    SLICE_X3Y55                                                       r  dbg_hub/inst/UUT_MASTER/U_ICON_INTERFACE/U_CMD6_WR/shift_reg_in_reg[10]/C
                         clock pessimism              0.567    34.754    
                         clock uncertainty           -0.035    34.719    
    SLICE_X3Y55          FDCE (Recov_fdce_C_CLR)     -0.212    34.507    dbg_hub/inst/UUT_MASTER/U_ICON_INTERFACE/U_CMD6_WR/shift_reg_in_reg[10]
  -------------------------------------------------------------------
                         required time                         34.507    
                         arrival time                          -7.443    
  -------------------------------------------------------------------
                         slack                                 27.064    

Slack (MET) :             27.064ns  (required time - arrival time)
  Source:                 dbg_hub/inst/U_ICON/U_SYNC/SYNC_reg/C
                            (rising edge-triggered cell FDRE clocked by dbg_hub/inst/bscan_inst/SERIES7_BSCAN.bscan_inst/DRCK  {rise@0.000ns fall@15.000ns period=30.000ns})
  Destination:            dbg_hub/inst/UUT_MASTER/U_ICON_INTERFACE/U_CMD6_WR/shift_reg_in_reg[11]/CLR
                            (recovery check against rising-edge clock dbg_hub/inst/bscan_inst/SERIES7_BSCAN.bscan_inst/DRCK  {rise@0.000ns fall@15.000ns period=30.000ns})
  Path Group:             **async_default**
  Path Type:              Recovery (Max at Slow Process Corner)
  Requirement:            30.000ns  (dbg_hub/inst/bscan_inst/SERIES7_BSCAN.bscan_inst/DRCK rise@30.000ns - dbg_hub/inst/bscan_inst/SERIES7_BSCAN.bscan_inst/DRCK rise@0.000ns)
  Data Path Delay:        2.701ns  (logic 0.352ns (13.032%)  route 2.349ns (86.968%))
  Logic Levels:           3  (LUT2=2 LUT6=1)
  Clock Path Skew:        0.012ns (DCD - SCD + CPR)
    Destination Clock Delay (DCD):    4.187ns = ( 34.187 - 30.000 ) 
    Source Clock Delay      (SCD):    4.742ns
    Clock Pessimism Removal (CPR):    0.567ns
  Clock Uncertainty:      0.035ns  ((TSJ^2 + TIJ^2)^1/2 + DJ) / 2 + PE
    Total System Jitter     (TSJ):    0.071ns
    Total Input Jitter      (TIJ):    0.000ns
    Discrete Jitter          (DJ):    0.000ns
    Phase Error              (PE):    0.000ns

    Location             Delay type                Incr(ns)  Path(ns)    Netlist Resource(s)
  -------------------------------------------------------------------    -------------------
                         (clock dbg_hub/inst/bscan_inst/SERIES7_BSCAN.bscan_inst/DRCK rise edge)
                                                      0.000     0.000 r  
    BSCAN_X0Y0           BSCANE2                      0.000     0.000 r  dbg_hub/inst/bscan_inst/SERIES7_BSCAN.bscan_inst/DRCK
                         net (fo=1, routed)           3.009     3.009    dbg_hub/inst/DRCK
    BUFGCTRL_X0Y1        BUFG (Prop_bufg_I_O)         0.093     3.102 r  dbg_hub/inst/u_bufg_icon/O
                         net (fo=457, routed)         1.640     4.742    dbg_hub/inst/U_ICON/U_SYNC/CLK
    SLICE_X17Y61                                                      r  dbg_hub/inst/U_ICON/U_SYNC/SYNC_reg/C
  -------------------------------------------------------------------    -------------------
    SLICE_X17Y61         FDRE (Prop_fdre_C_Q)         0.223     4.965 f  dbg_hub/inst/U_ICON/U_SYNC/SYNC_reg/Q
                         net (fo=3, routed)           0.467     5.432    dbg_hub/inst/U_ICON/U_SYNC/iSYNC
    SLICE_X14Y61         LUT2 (Prop_lut2_I0_O)        0.043     5.475 f  dbg_hub/inst/U_ICON/U_SYNC/LC_STAT_INIT_SLV[127]_i_2/O
                         net (fo=9, routed)           0.629     6.104    dbg_hub/inst/U_ICON/U_CMD/p_103_in
    SLICE_X9Y62          LUT6 (Prop_lut6_I1_O)        0.043     6.147 f  dbg_hub/inst/U_ICON/U_CMD/shift_reg_in[17]_i_1/O
                         net (fo=23, routed)          0.360     6.507    dbg_hub/inst/U_ICON/U_CMD/O5
    SLICE_X8Y62          LUT2 (Prop_lut2_I0_O)        0.043     6.550 f  dbg_hub/inst/U_ICON/U_CMD/ngwrdrst.grst.g7serrst.wr_rst_asreg_i_1/O
                         net (fo=36, routed)          0.893     7.443    dbg_hub/inst/UUT_MASTER/U_ICON_INTERFACE/U_CMD6_WR/AR[0]
    SLICE_X3Y55          FDCE                                         f  dbg_hub/inst/UUT_MASTER/U_ICON_INTERFACE/U_CMD6_WR/shift_reg_in_reg[11]/CLR
  -------------------------------------------------------------------    -------------------

                         (clock dbg_hub/inst/bscan_inst/SERIES7_BSCAN.bscan_inst/DRCK rise edge)
                                                     30.000    30.000 r  
    BSCAN_X0Y0           BSCANE2                      0.000    30.000 r  dbg_hub/inst/bscan_inst/SERIES7_BSCAN.bscan_inst/DRCK
                         net (fo=1, routed)           2.542    32.542    dbg_hub/inst/DRCK
    BUFGCTRL_X0Y1        BUFG (Prop_bufg_I_O)         0.083    32.625 r  dbg_hub/inst/u_bufg_icon/O
                         net (fo=457, routed)         1.562    34.187    dbg_hub/inst/UUT_MASTER/U_ICON_INTERFACE/U_CMD6_WR/idrck
    SLICE_X3Y55                                                       r  dbg_hub/inst/UUT_MASTER/U_ICON_INTERFACE/U_CMD6_WR/shift_reg_in_reg[11]/C
                         clock pessimism              0.567    34.754    
                         clock uncertainty           -0.035    34.719    
    SLICE_X3Y55          FDCE (Recov_fdce_C_CLR)     -0.212    34.507    dbg_hub/inst/UUT_MASTER/U_ICON_INTERFACE/U_CMD6_WR/shift_reg_in_reg[11]
  -------------------------------------------------------------------
                         required time                         34.507    
                         arrival time                          -7.443    
  -------------------------------------------------------------------
                         slack                                 27.064    

Slack (MET) :             27.064ns  (required time - arrival time)
  Source:                 dbg_hub/inst/U_ICON/U_SYNC/SYNC_reg/C
                            (rising edge-triggered cell FDRE clocked by dbg_hub/inst/bscan_inst/SERIES7_BSCAN.bscan_inst/DRCK  {rise@0.000ns fall@15.000ns period=30.000ns})
  Destination:            dbg_hub/inst/UUT_MASTER/U_ICON_INTERFACE/U_CMD6_WR/shift_reg_in_reg[12]/CLR
                            (recovery check against rising-edge clock dbg_hub/inst/bscan_inst/SERIES7_BSCAN.bscan_inst/DRCK  {rise@0.000ns fall@15.000ns period=30.000ns})
  Path Group:             **async_default**
  Path Type:              Recovery (Max at Slow Process Corner)
  Requirement:            30.000ns  (dbg_hub/inst/bscan_inst/SERIES7_BSCAN.bscan_inst/DRCK rise@30.000ns - dbg_hub/inst/bscan_inst/SERIES7_BSCAN.bscan_inst/DRCK rise@0.000ns)
  Data Path Delay:        2.701ns  (logic 0.352ns (13.032%)  route 2.349ns (86.968%))
  Logic Levels:           3  (LUT2=2 LUT6=1)
  Clock Path Skew:        0.012ns (DCD - SCD + CPR)
    Destination Clock Delay (DCD):    4.187ns = ( 34.187 - 30.000 ) 
    Source Clock Delay      (SCD):    4.742ns
    Clock Pessimism Removal (CPR):    0.567ns
  Clock Uncertainty:      0.035ns  ((TSJ^2 + TIJ^2)^1/2 + DJ) / 2 + PE
    Total System Jitter     (TSJ):    0.071ns
    Total Input Jitter      (TIJ):    0.000ns
    Discrete Jitter          (DJ):    0.000ns
    Phase Error              (PE):    0.000ns

    Location             Delay type                Incr(ns)  Path(ns)    Netlist Resource(s)
  -------------------------------------------------------------------    -------------------
                         (clock dbg_hub/inst/bscan_inst/SERIES7_BSCAN.bscan_inst/DRCK rise edge)
                                                      0.000     0.000 r  
    BSCAN_X0Y0           BSCANE2                      0.000     0.000 r  dbg_hub/inst/bscan_inst/SERIES7_BSCAN.bscan_inst/DRCK
                         net (fo=1, routed)           3.009     3.009    dbg_hub/inst/DRCK
    BUFGCTRL_X0Y1        BUFG (Prop_bufg_I_O)         0.093     3.102 r  dbg_hub/inst/u_bufg_icon/O
                         net (fo=457, routed)         1.640     4.742    dbg_hub/inst/U_ICON/U_SYNC/CLK
    SLICE_X17Y61                                                      r  dbg_hub/inst/U_ICON/U_SYNC/SYNC_reg/C
  -------------------------------------------------------------------    -------------------
    SLICE_X17Y61         FDRE (Prop_fdre_C_Q)         0.223     4.965 f  dbg_hub/inst/U_ICON/U_SYNC/SYNC_reg/Q
                         net (fo=3, routed)           0.467     5.432    dbg_hub/inst/U_ICON/U_SYNC/iSYNC
    SLICE_X14Y61         LUT2 (Prop_lut2_I0_O)        0.043     5.475 f  dbg_hub/inst/U_ICON/U_SYNC/LC_STAT_INIT_SLV[127]_i_2/O
                         net (fo=9, routed)           0.629     6.104    dbg_hub/inst/U_ICON/U_CMD/p_103_in
    SLICE_X9Y62          LUT6 (Prop_lut6_I1_O)        0.043     6.147 f  dbg_hub/inst/U_ICON/U_CMD/shift_reg_in[17]_i_1/O
                         net (fo=23, routed)          0.360     6.507    dbg_hub/inst/U_ICON/U_CMD/O5
    SLICE_X8Y62          LUT2 (Prop_lut2_I0_O)        0.043     6.550 f  dbg_hub/inst/U_ICON/U_CMD/ngwrdrst.grst.g7serrst.wr_rst_asreg_i_1/O
                         net (fo=36, routed)          0.893     7.443    dbg_hub/inst/UUT_MASTER/U_ICON_INTERFACE/U_CMD6_WR/AR[0]
    SLICE_X3Y55          FDCE                                         f  dbg_hub/inst/UUT_MASTER/U_ICON_INTERFACE/U_CMD6_WR/shift_reg_in_reg[12]/CLR
  -------------------------------------------------------------------    -------------------

                         (clock dbg_hub/inst/bscan_inst/SERIES7_BSCAN.bscan_inst/DRCK rise edge)
                                                     30.000    30.000 r  
    BSCAN_X0Y0           BSCANE2                      0.000    30.000 r  dbg_hub/inst/bscan_inst/SERIES7_BSCAN.bscan_inst/DRCK
                         net (fo=1, routed)           2.542    32.542    dbg_hub/inst/DRCK
    BUFGCTRL_X0Y1        BUFG (Prop_bufg_I_O)         0.083    32.625 r  dbg_hub/inst/u_bufg_icon/O
                         net (fo=457, routed)         1.562    34.187    dbg_hub/inst/UUT_MASTER/U_ICON_INTERFACE/U_CMD6_WR/idrck
    SLICE_X3Y55                                                       r  dbg_hub/inst/UUT_MASTER/U_ICON_INTERFACE/U_CMD6_WR/shift_reg_in_reg[12]/C
                         clock pessimism              0.567    34.754    
                         clock uncertainty           -0.035    34.719    
    SLICE_X3Y55          FDCE (Recov_fdce_C_CLR)     -0.212    34.507    dbg_hub/inst/UUT_MASTER/U_ICON_INTERFACE/U_CMD6_WR/shift_reg_in_reg[12]
  -------------------------------------------------------------------
                         required time                         34.507    
                         arrival time                          -7.443    
  -------------------------------------------------------------------
                         slack                                 27.064    

Slack (MET) :             27.064ns  (required time - arrival time)
  Source:                 dbg_hub/inst/U_ICON/U_SYNC/SYNC_reg/C
                            (rising edge-triggered cell FDRE clocked by dbg_hub/inst/bscan_inst/SERIES7_BSCAN.bscan_inst/DRCK  {rise@0.000ns fall@15.000ns period=30.000ns})
  Destination:            dbg_hub/inst/UUT_MASTER/U_ICON_INTERFACE/U_CMD6_WR/shift_reg_in_reg[13]/CLR
                            (recovery check against rising-edge clock dbg_hub/inst/bscan_inst/SERIES7_BSCAN.bscan_inst/DRCK  {rise@0.000ns fall@15.000ns period=30.000ns})
  Path Group:             **async_default**
  Path Type:              Recovery (Max at Slow Process Corner)
  Requirement:            30.000ns  (dbg_hub/inst/bscan_inst/SERIES7_BSCAN.bscan_inst/DRCK rise@30.000ns - dbg_hub/inst/bscan_inst/SERIES7_BSCAN.bscan_inst/DRCK rise@0.000ns)
  Data Path Delay:        2.701ns  (logic 0.352ns (13.032%)  route 2.349ns (86.968%))
  Logic Levels:           3  (LUT2=2 LUT6=1)
  Clock Path Skew:        0.012ns (DCD - SCD + CPR)
    Destination Clock Delay (DCD):    4.187ns = ( 34.187 - 30.000 ) 
    Source Clock Delay      (SCD):    4.742ns
    Clock Pessimism Removal (CPR):    0.567ns
  Clock Uncertainty:      0.035ns  ((TSJ^2 + TIJ^2)^1/2 + DJ) / 2 + PE
    Total System Jitter     (TSJ):    0.071ns
    Total Input Jitter      (TIJ):    0.000ns
    Discrete Jitter          (DJ):    0.000ns
    Phase Error              (PE):    0.000ns

    Location             Delay type                Incr(ns)  Path(ns)    Netlist Resource(s)
  -------------------------------------------------------------------    -------------------
                         (clock dbg_hub/inst/bscan_inst/SERIES7_BSCAN.bscan_inst/DRCK rise edge)
                                                      0.000     0.000 r  
    BSCAN_X0Y0           BSCANE2                      0.000     0.000 r  dbg_hub/inst/bscan_inst/SERIES7_BSCAN.bscan_inst/DRCK
                         net (fo=1, routed)           3.009     3.009    dbg_hub/inst/DRCK
    BUFGCTRL_X0Y1        BUFG (Prop_bufg_I_O)         0.093     3.102 r  dbg_hub/inst/u_bufg_icon/O
                         net (fo=457, routed)         1.640     4.742    dbg_hub/inst/U_ICON/U_SYNC/CLK
    SLICE_X17Y61                                                      r  dbg_hub/inst/U_ICON/U_SYNC/SYNC_reg/C
  -------------------------------------------------------------------    -------------------
    SLICE_X17Y61         FDRE (Prop_fdre_C_Q)         0.223     4.965 f  dbg_hub/inst/U_ICON/U_SYNC/SYNC_reg/Q
                         net (fo=3, routed)           0.467     5.432    dbg_hub/inst/U_ICON/U_SYNC/iSYNC
    SLICE_X14Y61         LUT2 (Prop_lut2_I0_O)        0.043     5.475 f  dbg_hub/inst/U_ICON/U_SYNC/LC_STAT_INIT_SLV[127]_i_2/O
                         net (fo=9, routed)           0.629     6.104    dbg_hub/inst/U_ICON/U_CMD/p_103_in
    SLICE_X9Y62          LUT6 (Prop_lut6_I1_O)        0.043     6.147 f  dbg_hub/inst/U_ICON/U_CMD/shift_reg_in[17]_i_1/O
                         net (fo=23, routed)          0.360     6.507    dbg_hub/inst/U_ICON/U_CMD/O5
    SLICE_X8Y62          LUT2 (Prop_lut2_I0_O)        0.043     6.550 f  dbg_hub/inst/U_ICON/U_CMD/ngwrdrst.grst.g7serrst.wr_rst_asreg_i_1/O
                         net (fo=36, routed)          0.893     7.443    dbg_hub/inst/UUT_MASTER/U_ICON_INTERFACE/U_CMD6_WR/AR[0]
    SLICE_X3Y55          FDCE                                         f  dbg_hub/inst/UUT_MASTER/U_ICON_INTERFACE/U_CMD6_WR/shift_reg_in_reg[13]/CLR
  -------------------------------------------------------------------    -------------------

                         (clock dbg_hub/inst/bscan_inst/SERIES7_BSCAN.bscan_inst/DRCK rise edge)
                                                     30.000    30.000 r  
    BSCAN_X0Y0           BSCANE2                      0.000    30.000 r  dbg_hub/inst/bscan_inst/SERIES7_BSCAN.bscan_inst/DRCK
                         net (fo=1, routed)           2.542    32.542    dbg_hub/inst/DRCK
    BUFGCTRL_X0Y1        BUFG (Prop_bufg_I_O)         0.083    32.625 r  dbg_hub/inst/u_bufg_icon/O
                         net (fo=457, routed)         1.562    34.187    dbg_hub/inst/UUT_MASTER/U_ICON_INTERFACE/U_CMD6_WR/idrck
    SLICE_X3Y55                                                       r  dbg_hub/inst/UUT_MASTER/U_ICON_INTERFACE/U_CMD6_WR/shift_reg_in_reg[13]/C
                         clock pessimism              0.567    34.754    
                         clock uncertainty           -0.035    34.719    
    SLICE_X3Y55          FDCE (Recov_fdce_C_CLR)     -0.212    34.507    dbg_hub/inst/UUT_MASTER/U_ICON_INTERFACE/U_CMD6_WR/shift_reg_in_reg[13]
  -------------------------------------------------------------------
                         required time                         34.507    
                         arrival time                          -7.443    
  -------------------------------------------------------------------
                         slack                                 27.064    

Slack (MET) :             27.064ns  (required time - arrival time)
  Source:                 dbg_hub/inst/U_ICON/U_SYNC/SYNC_reg/C
                            (rising edge-triggered cell FDRE clocked by dbg_hub/inst/bscan_inst/SERIES7_BSCAN.bscan_inst/DRCK  {rise@0.000ns fall@15.000ns period=30.000ns})
  Destination:            dbg_hub/inst/UUT_MASTER/U_ICON_INTERFACE/U_CMD6_WR/shift_reg_in_reg[4]/CLR
                            (recovery check against rising-edge clock dbg_hub/inst/bscan_inst/SERIES7_BSCAN.bscan_inst/DRCK  {rise@0.000ns fall@15.000ns period=30.000ns})
  Path Group:             **async_default**
  Path Type:              Recovery (Max at Slow Process Corner)
  Requirement:            30.000ns  (dbg_hub/inst/bscan_inst/SERIES7_BSCAN.bscan_inst/DRCK rise@30.000ns - dbg_hub/inst/bscan_inst/SERIES7_BSCAN.bscan_inst/DRCK rise@0.000ns)
  Data Path Delay:        2.701ns  (logic 0.352ns (13.032%)  route 2.349ns (86.968%))
  Logic Levels:           3  (LUT2=2 LUT6=1)
  Clock Path Skew:        0.012ns (DCD - SCD + CPR)
    Destination Clock Delay (DCD):    4.187ns = ( 34.187 - 30.000 ) 
    Source Clock Delay      (SCD):    4.742ns
    Clock Pessimism Removal (CPR):    0.567ns
  Clock Uncertainty:      0.035ns  ((TSJ^2 + TIJ^2)^1/2 + DJ) / 2 + PE
    Total System Jitter     (TSJ):    0.071ns
    Total Input Jitter      (TIJ):    0.000ns
    Discrete Jitter          (DJ):    0.000ns
    Phase Error              (PE):    0.000ns

    Location             Delay type                Incr(ns)  Path(ns)    Netlist Resource(s)
  -------------------------------------------------------------------    -------------------
                         (clock dbg_hub/inst/bscan_inst/SERIES7_BSCAN.bscan_inst/DRCK rise edge)
                                                      0.000     0.000 r  
    BSCAN_X0Y0           BSCANE2                      0.000     0.000 r  dbg_hub/inst/bscan_inst/SERIES7_BSCAN.bscan_inst/DRCK
                         net (fo=1, routed)           3.009     3.009    dbg_hub/inst/DRCK
    BUFGCTRL_X0Y1        BUFG (Prop_bufg_I_O)         0.093     3.102 r  dbg_hub/inst/u_bufg_icon/O
                         net (fo=457, routed)         1.640     4.742    dbg_hub/inst/U_ICON/U_SYNC/CLK
    SLICE_X17Y61                                                      r  dbg_hub/inst/U_ICON/U_SYNC/SYNC_reg/C
  -------------------------------------------------------------------    -------------------
    SLICE_X17Y61         FDRE (Prop_fdre_C_Q)         0.223     4.965 f  dbg_hub/inst/U_ICON/U_SYNC/SYNC_reg/Q
                         net (fo=3, routed)           0.467     5.432    dbg_hub/inst/U_ICON/U_SYNC/iSYNC
    SLICE_X14Y61         LUT2 (Prop_lut2_I0_O)        0.043     5.475 f  dbg_hub/inst/U_ICON/U_SYNC/LC_STAT_INIT_SLV[127]_i_2/O
                         net (fo=9, routed)           0.629     6.104    dbg_hub/inst/U_ICON/U_CMD/p_103_in
    SLICE_X9Y62          LUT6 (Prop_lut6_I1_O)        0.043     6.147 f  dbg_hub/inst/U_ICON/U_CMD/shift_reg_in[17]_i_1/O
                         net (fo=23, routed)          0.360     6.507    dbg_hub/inst/U_ICON/U_CMD/O5
    SLICE_X8Y62          LUT2 (Prop_lut2_I0_O)        0.043     6.550 f  dbg_hub/inst/U_ICON/U_CMD/ngwrdrst.grst.g7serrst.wr_rst_asreg_i_1/O
                         net (fo=36, routed)          0.893     7.443    dbg_hub/inst/UUT_MASTER/U_ICON_INTERFACE/U_CMD6_WR/AR[0]
    SLICE_X3Y55          FDCE                                         f  dbg_hub/inst/UUT_MASTER/U_ICON_INTERFACE/U_CMD6_WR/shift_reg_in_reg[4]/CLR
  -------------------------------------------------------------------    -------------------

                         (clock dbg_hub/inst/bscan_inst/SERIES7_BSCAN.bscan_inst/DRCK rise edge)
                                                     30.000    30.000 r  
    BSCAN_X0Y0           BSCANE2                      0.000    30.000 r  dbg_hub/inst/bscan_inst/SERIES7_BSCAN.bscan_inst/DRCK
                         net (fo=1, routed)           2.542    32.542    dbg_hub/inst/DRCK
    BUFGCTRL_X0Y1        BUFG (Prop_bufg_I_O)         0.083    32.625 r  dbg_hub/inst/u_bufg_icon/O
                         net (fo=457, routed)         1.562    34.187    dbg_hub/inst/UUT_MASTER/U_ICON_INTERFACE/U_CMD6_WR/idrck
    SLICE_X3Y55                                                       r  dbg_hub/inst/UUT_MASTER/U_ICON_INTERFACE/U_CMD6_WR/shift_reg_in_reg[4]/C
                         clock pessimism              0.567    34.754    
                         clock uncertainty           -0.035    34.719    
    SLICE_X3Y55          FDCE (Recov_fdce_C_CLR)     -0.212    34.507    dbg_hub/inst/UUT_MASTER/U_ICON_INTERFACE/U_CMD6_WR/shift_reg_in_reg[4]
  -------------------------------------------------------------------
                         required time                         34.507    
                         arrival time                          -7.443    
  -------------------------------------------------------------------
                         slack                                 27.064    

Slack (MET) :             27.064ns  (required time - arrival time)
  Source:                 dbg_hub/inst/U_ICON/U_SYNC/SYNC_reg/C
                            (rising edge-triggered cell FDRE clocked by dbg_hub/inst/bscan_inst/SERIES7_BSCAN.bscan_inst/DRCK  {rise@0.000ns fall@15.000ns period=30.000ns})
  Destination:            dbg_hub/inst/UUT_MASTER/U_ICON_INTERFACE/U_CMD6_WR/shift_reg_in_reg[5]/CLR
                            (recovery check against rising-edge clock dbg_hub/inst/bscan_inst/SERIES7_BSCAN.bscan_inst/DRCK  {rise@0.000ns fall@15.000ns period=30.000ns})
  Path Group:             **async_default**
  Path Type:              Recovery (Max at Slow Process Corner)
  Requirement:            30.000ns  (dbg_hub/inst/bscan_inst/SERIES7_BSCAN.bscan_inst/DRCK rise@30.000ns - dbg_hub/inst/bscan_inst/SERIES7_BSCAN.bscan_inst/DRCK rise@0.000ns)
  Data Path Delay:        2.701ns  (logic 0.352ns (13.032%)  route 2.349ns (86.968%))
  Logic Levels:           3  (LUT2=2 LUT6=1)
  Clock Path Skew:        0.012ns (DCD - SCD + CPR)
    Destination Clock Delay (DCD):    4.187ns = ( 34.187 - 30.000 ) 
    Source Clock Delay      (SCD):    4.742ns
    Clock Pessimism Removal (CPR):    0.567ns
  Clock Uncertainty:      0.035ns  ((TSJ^2 + TIJ^2)^1/2 + DJ) / 2 + PE
    Total System Jitter     (TSJ):    0.071ns
    Total Input Jitter      (TIJ):    0.000ns
    Discrete Jitter          (DJ):    0.000ns
    Phase Error              (PE):    0.000ns

    Location             Delay type                Incr(ns)  Path(ns)    Netlist Resource(s)
  -------------------------------------------------------------------    -------------------
                         (clock dbg_hub/inst/bscan_inst/SERIES7_BSCAN.bscan_inst/DRCK rise edge)
                                                      0.000     0.000 r  
    BSCAN_X0Y0           BSCANE2                      0.000     0.000 r  dbg_hub/inst/bscan_inst/SERIES7_BSCAN.bscan_inst/DRCK
                         net (fo=1, routed)           3.009     3.009    dbg_hub/inst/DRCK
    BUFGCTRL_X0Y1        BUFG (Prop_bufg_I_O)         0.093     3.102 r  dbg_hub/inst/u_bufg_icon/O
                         net (fo=457, routed)         1.640     4.742    dbg_hub/inst/U_ICON/U_SYNC/CLK
    SLICE_X17Y61                                                      r  dbg_hub/inst/U_ICON/U_SYNC/SYNC_reg/C
  -------------------------------------------------------------------    -------------------
    SLICE_X17Y61         FDRE (Prop_fdre_C_Q)         0.223     4.965 f  dbg_hub/inst/U_ICON/U_SYNC/SYNC_reg/Q
                         net (fo=3, routed)           0.467     5.432    dbg_hub/inst/U_ICON/U_SYNC/iSYNC
    SLICE_X14Y61         LUT2 (Prop_lut2_I0_O)        0.043     5.475 f  dbg_hub/inst/U_ICON/U_SYNC/LC_STAT_INIT_SLV[127]_i_2/O
                         net (fo=9, routed)           0.629     6.104    dbg_hub/inst/U_ICON/U_CMD/p_103_in
    SLICE_X9Y62          LUT6 (Prop_lut6_I1_O)        0.043     6.147 f  dbg_hub/inst/U_ICON/U_CMD/shift_reg_in[17]_i_1/O
                         net (fo=23, routed)          0.360     6.507    dbg_hub/inst/U_ICON/U_CMD/O5
    SLICE_X8Y62          LUT2 (Prop_lut2_I0_O)        0.043     6.550 f  dbg_hub/inst/U_ICON/U_CMD/ngwrdrst.grst.g7serrst.wr_rst_asreg_i_1/O
                         net (fo=36, routed)          0.893     7.443    dbg_hub/inst/UUT_MASTER/U_ICON_INTERFACE/U_CMD6_WR/AR[0]
    SLICE_X3Y55          FDCE                                         f  dbg_hub/inst/UUT_MASTER/U_ICON_INTERFACE/U_CMD6_WR/shift_reg_in_reg[5]/CLR
  -------------------------------------------------------------------    -------------------

                         (clock dbg_hub/inst/bscan_inst/SERIES7_BSCAN.bscan_inst/DRCK rise edge)
                                                     30.000    30.000 r  
    BSCAN_X0Y0           BSCANE2                      0.000    30.000 r  dbg_hub/inst/bscan_inst/SERIES7_BSCAN.bscan_inst/DRCK
                         net (fo=1, routed)           2.542    32.542    dbg_hub/inst/DRCK
    BUFGCTRL_X0Y1        BUFG (Prop_bufg_I_O)         0.083    32.625 r  dbg_hub/inst/u_bufg_icon/O
                         net (fo=457, routed)         1.562    34.187    dbg_hub/inst/UUT_MASTER/U_ICON_INTERFACE/U_CMD6_WR/idrck
    SLICE_X3Y55                                                       r  dbg_hub/inst/UUT_MASTER/U_ICON_INTERFACE/U_CMD6_WR/shift_reg_in_reg[5]/C
                         clock pessimism              0.567    34.754    
                         clock uncertainty           -0.035    34.719    
    SLICE_X3Y55          FDCE (Recov_fdce_C_CLR)     -0.212    34.507    dbg_hub/inst/UUT_MASTER/U_ICON_INTERFACE/U_CMD6_WR/shift_reg_in_reg[5]
  -------------------------------------------------------------------
                         required time                         34.507    
                         arrival time                          -7.443    
  -------------------------------------------------------------------
                         slack                                 27.064    

Slack (MET) :             27.064ns  (required time - arrival time)
  Source:                 dbg_hub/inst/U_ICON/U_SYNC/SYNC_reg/C
                            (rising edge-triggered cell FDRE clocked by dbg_hub/inst/bscan_inst/SERIES7_BSCAN.bscan_inst/DRCK  {rise@0.000ns fall@15.000ns period=30.000ns})
  Destination:            dbg_hub/inst/UUT_MASTER/U_ICON_INTERFACE/U_CMD6_WR/shift_reg_in_reg[6]/CLR
                            (recovery check against rising-edge clock dbg_hub/inst/bscan_inst/SERIES7_BSCAN.bscan_inst/DRCK  {rise@0.000ns fall@15.000ns period=30.000ns})
  Path Group:             **async_default**
  Path Type:              Recovery (Max at Slow Process Corner)
  Requirement:            30.000ns  (dbg_hub/inst/bscan_inst/SERIES7_BSCAN.bscan_inst/DRCK rise@30.000ns - dbg_hub/inst/bscan_inst/SERIES7_BSCAN.bscan_inst/DRCK rise@0.000ns)
  Data Path Delay:        2.701ns  (logic 0.352ns (13.032%)  route 2.349ns (86.968%))
  Logic Levels:           3  (LUT2=2 LUT6=1)
  Clock Path Skew:        0.012ns (DCD - SCD + CPR)
    Destination Clock Delay (DCD):    4.187ns = ( 34.187 - 30.000 ) 
    Source Clock Delay      (SCD):    4.742ns
    Clock Pessimism Removal (CPR):    0.567ns
  Clock Uncertainty:      0.035ns  ((TSJ^2 + TIJ^2)^1/2 + DJ) / 2 + PE
    Total System Jitter     (TSJ):    0.071ns
    Total Input Jitter      (TIJ):    0.000ns
    Discrete Jitter          (DJ):    0.000ns
    Phase Error              (PE):    0.000ns

    Location             Delay type                Incr(ns)  Path(ns)    Netlist Resource(s)
  -------------------------------------------------------------------    -------------------
                         (clock dbg_hub/inst/bscan_inst/SERIES7_BSCAN.bscan_inst/DRCK rise edge)
                                                      0.000     0.000 r  
    BSCAN_X0Y0           BSCANE2                      0.000     0.000 r  dbg_hub/inst/bscan_inst/SERIES7_BSCAN.bscan_inst/DRCK
                         net (fo=1, routed)           3.009     3.009    dbg_hub/inst/DRCK
    BUFGCTRL_X0Y1        BUFG (Prop_bufg_I_O)         0.093     3.102 r  dbg_hub/inst/u_bufg_icon/O
                         net (fo=457, routed)         1.640     4.742    dbg_hub/inst/U_ICON/U_SYNC/CLK
    SLICE_X17Y61                                                      r  dbg_hub/inst/U_ICON/U_SYNC/SYNC_reg/C
  -------------------------------------------------------------------    -------------------
    SLICE_X17Y61         FDRE (Prop_fdre_C_Q)         0.223     4.965 f  dbg_hub/inst/U_ICON/U_SYNC/SYNC_reg/Q
                         net (fo=3, routed)           0.467     5.432    dbg_hub/inst/U_ICON/U_SYNC/iSYNC
    SLICE_X14Y61         LUT2 (Prop_lut2_I0_O)        0.043     5.475 f  dbg_hub/inst/U_ICON/U_SYNC/LC_STAT_INIT_SLV[127]_i_2/O
                         net (fo=9, routed)           0.629     6.104    dbg_hub/inst/U_ICON/U_CMD/p_103_in
    SLICE_X9Y62          LUT6 (Prop_lut6_I1_O)        0.043     6.147 f  dbg_hub/inst/U_ICON/U_CMD/shift_reg_in[17]_i_1/O
                         net (fo=23, routed)          0.360     6.507    dbg_hub/inst/U_ICON/U_CMD/O5
    SLICE_X8Y62          LUT2 (Prop_lut2_I0_O)        0.043     6.550 f  dbg_hub/inst/U_ICON/U_CMD/ngwrdrst.grst.g7serrst.wr_rst_asreg_i_1/O
                         net (fo=36, routed)          0.893     7.443    dbg_hub/inst/UUT_MASTER/U_ICON_INTERFACE/U_CMD6_WR/AR[0]
    SLICE_X3Y55          FDCE                                         f  dbg_hub/inst/UUT_MASTER/U_ICON_INTERFACE/U_CMD6_WR/shift_reg_in_reg[6]/CLR
  -------------------------------------------------------------------    -------------------

                         (clock dbg_hub/inst/bscan_inst/SERIES7_BSCAN.bscan_inst/DRCK rise edge)
                                                     30.000    30.000 r  
    BSCAN_X0Y0           BSCANE2                      0.000    30.000 r  dbg_hub/inst/bscan_inst/SERIES7_BSCAN.bscan_inst/DRCK
                         net (fo=1, routed)           2.542    32.542    dbg_hub/inst/DRCK
    BUFGCTRL_X0Y1        BUFG (Prop_bufg_I_O)         0.083    32.625 r  dbg_hub/inst/u_bufg_icon/O
                         net (fo=457, routed)         1.562    34.187    dbg_hub/inst/UUT_MASTER/U_ICON_INTERFACE/U_CMD6_WR/idrck
    SLICE_X3Y55                                                       r  dbg_hub/inst/UUT_MASTER/U_ICON_INTERFACE/U_CMD6_WR/shift_reg_in_reg[6]/C
                         clock pessimism              0.567    34.754    
                         clock uncertainty           -0.035    34.719    
    SLICE_X3Y55          FDCE (Recov_fdce_C_CLR)     -0.212    34.507    dbg_hub/inst/UUT_MASTER/U_ICON_INTERFACE/U_CMD6_WR/shift_reg_in_reg[6]
  -------------------------------------------------------------------
                         required time                         34.507    
                         arrival time                          -7.443    
  -------------------------------------------------------------------
                         slack                                 27.064    

Slack (MET) :             27.064ns  (required time - arrival time)
  Source:                 dbg_hub/inst/U_ICON/U_SYNC/SYNC_reg/C
                            (rising edge-triggered cell FDRE clocked by dbg_hub/inst/bscan_inst/SERIES7_BSCAN.bscan_inst/DRCK  {rise@0.000ns fall@15.000ns period=30.000ns})
  Destination:            dbg_hub/inst/UUT_MASTER/U_ICON_INTERFACE/U_CMD6_WR/shift_reg_in_reg[7]/CLR
                            (recovery check against rising-edge clock dbg_hub/inst/bscan_inst/SERIES7_BSCAN.bscan_inst/DRCK  {rise@0.000ns fall@15.000ns period=30.000ns})
  Path Group:             **async_default**
  Path Type:              Recovery (Max at Slow Process Corner)
  Requirement:            30.000ns  (dbg_hub/inst/bscan_inst/SERIES7_BSCAN.bscan_inst/DRCK rise@30.000ns - dbg_hub/inst/bscan_inst/SERIES7_BSCAN.bscan_inst/DRCK rise@0.000ns)
  Data Path Delay:        2.701ns  (logic 0.352ns (13.032%)  route 2.349ns (86.968%))
  Logic Levels:           3  (LUT2=2 LUT6=1)
  Clock Path Skew:        0.012ns (DCD - SCD + CPR)
    Destination Clock Delay (DCD):    4.187ns = ( 34.187 - 30.000 ) 
    Source Clock Delay      (SCD):    4.742ns
    Clock Pessimism Removal (CPR):    0.567ns
  Clock Uncertainty:      0.035ns  ((TSJ^2 + TIJ^2)^1/2 + DJ) / 2 + PE
    Total System Jitter     (TSJ):    0.071ns
    Total Input Jitter      (TIJ):    0.000ns
    Discrete Jitter          (DJ):    0.000ns
    Phase Error              (PE):    0.000ns

    Location             Delay type                Incr(ns)  Path(ns)    Netlist Resource(s)
  -------------------------------------------------------------------    -------------------
                         (clock dbg_hub/inst/bscan_inst/SERIES7_BSCAN.bscan_inst/DRCK rise edge)
                                                      0.000     0.000 r  
    BSCAN_X0Y0           BSCANE2                      0.000     0.000 r  dbg_hub/inst/bscan_inst/SERIES7_BSCAN.bscan_inst/DRCK
                         net (fo=1, routed)           3.009     3.009    dbg_hub/inst/DRCK
    BUFGCTRL_X0Y1        BUFG (Prop_bufg_I_O)         0.093     3.102 r  dbg_hub/inst/u_bufg_icon/O
                         net (fo=457, routed)         1.640     4.742    dbg_hub/inst/U_ICON/U_SYNC/CLK
    SLICE_X17Y61                                                      r  dbg_hub/inst/U_ICON/U_SYNC/SYNC_reg/C
  -------------------------------------------------------------------    -------------------
    SLICE_X17Y61         FDRE (Prop_fdre_C_Q)         0.223     4.965 f  dbg_hub/inst/U_ICON/U_SYNC/SYNC_reg/Q
                         net (fo=3, routed)           0.467     5.432    dbg_hub/inst/U_ICON/U_SYNC/iSYNC
    SLICE_X14Y61         LUT2 (Prop_lut2_I0_O)        0.043     5.475 f  dbg_hub/inst/U_ICON/U_SYNC/LC_STAT_INIT_SLV[127]_i_2/O
                         net (fo=9, routed)           0.629     6.104    dbg_hub/inst/U_ICON/U_CMD/p_103_in
    SLICE_X9Y62          LUT6 (Prop_lut6_I1_O)        0.043     6.147 f  dbg_hub/inst/U_ICON/U_CMD/shift_reg_in[17]_i_1/O
                         net (fo=23, routed)          0.360     6.507    dbg_hub/inst/U_ICON/U_CMD/O5
    SLICE_X8Y62          LUT2 (Prop_lut2_I0_O)        0.043     6.550 f  dbg_hub/inst/U_ICON/U_CMD/ngwrdrst.grst.g7serrst.wr_rst_asreg_i_1/O
                         net (fo=36, routed)          0.893     7.443    dbg_hub/inst/UUT_MASTER/U_ICON_INTERFACE/U_CMD6_WR/AR[0]
    SLICE_X3Y55          FDCE                                         f  dbg_hub/inst/UUT_MASTER/U_ICON_INTERFACE/U_CMD6_WR/shift_reg_in_reg[7]/CLR
  -------------------------------------------------------------------    -------------------

                         (clock dbg_hub/inst/bscan_inst/SERIES7_BSCAN.bscan_inst/DRCK rise edge)
                                                     30.000    30.000 r  
    BSCAN_X0Y0           BSCANE2                      0.000    30.000 r  dbg_hub/inst/bscan_inst/SERIES7_BSCAN.bscan_inst/DRCK
                         net (fo=1, routed)           2.542    32.542    dbg_hub/inst/DRCK
    BUFGCTRL_X0Y1        BUFG (Prop_bufg_I_O)         0.083    32.625 r  dbg_hub/inst/u_bufg_icon/O
                         net (fo=457, routed)         1.562    34.187    dbg_hub/inst/UUT_MASTER/U_ICON_INTERFACE/U_CMD6_WR/idrck
    SLICE_X3Y55                                                       r  dbg_hub/inst/UUT_MASTER/U_ICON_INTERFACE/U_CMD6_WR/shift_reg_in_reg[7]/C
                         clock pessimism              0.567    34.754    
                         clock uncertainty           -0.035    34.719    
    SLICE_X3Y55          FDCE (Recov_fdce_C_CLR)     -0.212    34.507    dbg_hub/inst/UUT_MASTER/U_ICON_INTERFACE/U_CMD6_WR/shift_reg_in_reg[7]
  -------------------------------------------------------------------
                         required time                         34.507    
                         arrival time                          -7.443    
  -------------------------------------------------------------------
                         slack                                 27.064    

Slack (MET) :             27.156ns  (required time - arrival time)
  Source:                 dbg_hub/inst/U_ICON/U_SYNC/SYNC_reg/C
                            (rising edge-triggered cell FDRE clocked by dbg_hub/inst/bscan_inst/SERIES7_BSCAN.bscan_inst/DRCK  {rise@0.000ns fall@15.000ns period=30.000ns})
  Destination:            dbg_hub/inst/UUT_MASTER/U_ICON_INTERFACE/U_CMD6_WR/shift_reg_in_reg[1]/CLR
                            (recovery check against rising-edge clock dbg_hub/inst/bscan_inst/SERIES7_BSCAN.bscan_inst/DRCK  {rise@0.000ns fall@15.000ns period=30.000ns})
  Path Group:             **async_default**
  Path Type:              Recovery (Max at Slow Process Corner)
  Requirement:            30.000ns  (dbg_hub/inst/bscan_inst/SERIES7_BSCAN.bscan_inst/DRCK rise@30.000ns - dbg_hub/inst/bscan_inst/SERIES7_BSCAN.bscan_inst/DRCK rise@0.000ns)
  Data Path Delay:        2.607ns  (logic 0.352ns (13.500%)  route 2.255ns (86.500%))
  Logic Levels:           3  (LUT2=2 LUT6=1)
  Clock Path Skew:        0.011ns (DCD - SCD + CPR)
    Destination Clock Delay (DCD):    4.186ns = ( 34.186 - 30.000 ) 
    Source Clock Delay      (SCD):    4.742ns
    Clock Pessimism Removal (CPR):    0.567ns
  Clock Uncertainty:      0.035ns  ((TSJ^2 + TIJ^2)^1/2 + DJ) / 2 + PE
    Total System Jitter     (TSJ):    0.071ns
    Total Input Jitter      (TIJ):    0.000ns
    Discrete Jitter          (DJ):    0.000ns
    Phase Error              (PE):    0.000ns

    Location             Delay type                Incr(ns)  Path(ns)    Netlist Resource(s)
  -------------------------------------------------------------------    -------------------
                         (clock dbg_hub/inst/bscan_inst/SERIES7_BSCAN.bscan_inst/DRCK rise edge)
                                                      0.000     0.000 r  
    BSCAN_X0Y0           BSCANE2                      0.000     0.000 r  dbg_hub/inst/bscan_inst/SERIES7_BSCAN.bscan_inst/DRCK
                         net (fo=1, routed)           3.009     3.009    dbg_hub/inst/DRCK
    BUFGCTRL_X0Y1        BUFG (Prop_bufg_I_O)         0.093     3.102 r  dbg_hub/inst/u_bufg_icon/O
                         net (fo=457, routed)         1.640     4.742    dbg_hub/inst/U_ICON/U_SYNC/CLK
    SLICE_X17Y61                                                      r  dbg_hub/inst/U_ICON/U_SYNC/SYNC_reg/C
  -------------------------------------------------------------------    -------------------
    SLICE_X17Y61         FDRE (Prop_fdre_C_Q)         0.223     4.965 f  dbg_hub/inst/U_ICON/U_SYNC/SYNC_reg/Q
                         net (fo=3, routed)           0.467     5.432    dbg_hub/inst/U_ICON/U_SYNC/iSYNC
    SLICE_X14Y61         LUT2 (Prop_lut2_I0_O)        0.043     5.475 f  dbg_hub/inst/U_ICON/U_SYNC/LC_STAT_INIT_SLV[127]_i_2/O
                         net (fo=9, routed)           0.629     6.104    dbg_hub/inst/U_ICON/U_CMD/p_103_in
    SLICE_X9Y62          LUT6 (Prop_lut6_I1_O)        0.043     6.147 f  dbg_hub/inst/U_ICON/U_CMD/shift_reg_in[17]_i_1/O
                         net (fo=23, routed)          0.360     6.507    dbg_hub/inst/U_ICON/U_CMD/O5
    SLICE_X8Y62          LUT2 (Prop_lut2_I0_O)        0.043     6.550 f  dbg_hub/inst/U_ICON/U_CMD/ngwrdrst.grst.g7serrst.wr_rst_asreg_i_1/O
                         net (fo=36, routed)          0.799     7.349    dbg_hub/inst/UUT_MASTER/U_ICON_INTERFACE/U_CMD6_WR/AR[0]
    SLICE_X5Y55          FDCE                                         f  dbg_hub/inst/UUT_MASTER/U_ICON_INTERFACE/U_CMD6_WR/shift_reg_in_reg[1]/CLR
  -------------------------------------------------------------------    -------------------

                         (clock dbg_hub/inst/bscan_inst/SERIES7_BSCAN.bscan_inst/DRCK rise edge)
                                                     30.000    30.000 r  
    BSCAN_X0Y0           BSCANE2                      0.000    30.000 r  dbg_hub/inst/bscan_inst/SERIES7_BSCAN.bscan_inst/DRCK
                         net (fo=1, routed)           2.542    32.542    dbg_hub/inst/DRCK
    BUFGCTRL_X0Y1        BUFG (Prop_bufg_I_O)         0.083    32.625 r  dbg_hub/inst/u_bufg_icon/O
                         net (fo=457, routed)         1.561    34.186    dbg_hub/inst/UUT_MASTER/U_ICON_INTERFACE/U_CMD6_WR/idrck
    SLICE_X5Y55                                                       r  dbg_hub/inst/UUT_MASTER/U_ICON_INTERFACE/U_CMD6_WR/shift_reg_in_reg[1]/C
                         clock pessimism              0.567    34.753    
                         clock uncertainty           -0.035    34.718    
    SLICE_X5Y55          FDCE (Recov_fdce_C_CLR)     -0.212    34.506    dbg_hub/inst/UUT_MASTER/U_ICON_INTERFACE/U_CMD6_WR/shift_reg_in_reg[1]
  -------------------------------------------------------------------
                         required time                         34.506    
                         arrival time                          -7.349    
  -------------------------------------------------------------------
                         slack                                 27.156    

Slack (MET) :             27.156ns  (required time - arrival time)
  Source:                 dbg_hub/inst/U_ICON/U_SYNC/SYNC_reg/C
                            (rising edge-triggered cell FDRE clocked by dbg_hub/inst/bscan_inst/SERIES7_BSCAN.bscan_inst/DRCK  {rise@0.000ns fall@15.000ns period=30.000ns})
  Destination:            dbg_hub/inst/UUT_MASTER/U_ICON_INTERFACE/U_CMD6_WR/shift_reg_in_reg[2]/CLR
                            (recovery check against rising-edge clock dbg_hub/inst/bscan_inst/SERIES7_BSCAN.bscan_inst/DRCK  {rise@0.000ns fall@15.000ns period=30.000ns})
  Path Group:             **async_default**
  Path Type:              Recovery (Max at Slow Process Corner)
  Requirement:            30.000ns  (dbg_hub/inst/bscan_inst/SERIES7_BSCAN.bscan_inst/DRCK rise@30.000ns - dbg_hub/inst/bscan_inst/SERIES7_BSCAN.bscan_inst/DRCK rise@0.000ns)
  Data Path Delay:        2.607ns  (logic 0.352ns (13.500%)  route 2.255ns (86.500%))
  Logic Levels:           3  (LUT2=2 LUT6=1)
  Clock Path Skew:        0.011ns (DCD - SCD + CPR)
    Destination Clock Delay (DCD):    4.186ns = ( 34.186 - 30.000 ) 
    Source Clock Delay      (SCD):    4.742ns
    Clock Pessimism Removal (CPR):    0.567ns
  Clock Uncertainty:      0.035ns  ((TSJ^2 + TIJ^2)^1/2 + DJ) / 2 + PE
    Total System Jitter     (TSJ):    0.071ns
    Total Input Jitter      (TIJ):    0.000ns
    Discrete Jitter          (DJ):    0.000ns
    Phase Error              (PE):    0.000ns

    Location             Delay type                Incr(ns)  Path(ns)    Netlist Resource(s)
  -------------------------------------------------------------------    -------------------
                         (clock dbg_hub/inst/bscan_inst/SERIES7_BSCAN.bscan_inst/DRCK rise edge)
                                                      0.000     0.000 r  
    BSCAN_X0Y0           BSCANE2                      0.000     0.000 r  dbg_hub/inst/bscan_inst/SERIES7_BSCAN.bscan_inst/DRCK
                         net (fo=1, routed)           3.009     3.009    dbg_hub/inst/DRCK
    BUFGCTRL_X0Y1        BUFG (Prop_bufg_I_O)         0.093     3.102 r  dbg_hub/inst/u_bufg_icon/O
                         net (fo=457, routed)         1.640     4.742    dbg_hub/inst/U_ICON/U_SYNC/CLK
    SLICE_X17Y61                                                      r  dbg_hub/inst/U_ICON/U_SYNC/SYNC_reg/C
  -------------------------------------------------------------------    -------------------
    SLICE_X17Y61         FDRE (Prop_fdre_C_Q)         0.223     4.965 f  dbg_hub/inst/U_ICON/U_SYNC/SYNC_reg/Q
                         net (fo=3, routed)           0.467     5.432    dbg_hub/inst/U_ICON/U_SYNC/iSYNC
    SLICE_X14Y61         LUT2 (Prop_lut2_I0_O)        0.043     5.475 f  dbg_hub/inst/U_ICON/U_SYNC/LC_STAT_INIT_SLV[127]_i_2/O
                         net (fo=9, routed)           0.629     6.104    dbg_hub/inst/U_ICON/U_CMD/p_103_in
    SLICE_X9Y62          LUT6 (Prop_lut6_I1_O)        0.043     6.147 f  dbg_hub/inst/U_ICON/U_CMD/shift_reg_in[17]_i_1/O
                         net (fo=23, routed)          0.360     6.507    dbg_hub/inst/U_ICON/U_CMD/O5
    SLICE_X8Y62          LUT2 (Prop_lut2_I0_O)        0.043     6.550 f  dbg_hub/inst/U_ICON/U_CMD/ngwrdrst.grst.g7serrst.wr_rst_asreg_i_1/O
                         net (fo=36, routed)          0.799     7.349    dbg_hub/inst/UUT_MASTER/U_ICON_INTERFACE/U_CMD6_WR/AR[0]
    SLICE_X5Y55          FDCE                                         f  dbg_hub/inst/UUT_MASTER/U_ICON_INTERFACE/U_CMD6_WR/shift_reg_in_reg[2]/CLR
  -------------------------------------------------------------------    -------------------

                         (clock dbg_hub/inst/bscan_inst/SERIES7_BSCAN.bscan_inst/DRCK rise edge)
                                                     30.000    30.000 r  
    BSCAN_X0Y0           BSCANE2                      0.000    30.000 r  dbg_hub/inst/bscan_inst/SERIES7_BSCAN.bscan_inst/DRCK
                         net (fo=1, routed)           2.542    32.542    dbg_hub/inst/DRCK
    BUFGCTRL_X0Y1        BUFG (Prop_bufg_I_O)         0.083    32.625 r  dbg_hub/inst/u_bufg_icon/O
                         net (fo=457, routed)         1.561    34.186    dbg_hub/inst/UUT_MASTER/U_ICON_INTERFACE/U_CMD6_WR/idrck
    SLICE_X5Y55                                                       r  dbg_hub/inst/UUT_MASTER/U_ICON_INTERFACE/U_CMD6_WR/shift_reg_in_reg[2]/C
                         clock pessimism              0.567    34.753    
                         clock uncertainty           -0.035    34.718    
    SLICE_X5Y55          FDCE (Recov_fdce_C_CLR)     -0.212    34.506    dbg_hub/inst/UUT_MASTER/U_ICON_INTERFACE/U_CMD6_WR/shift_reg_in_reg[2]
  -------------------------------------------------------------------
                         required time                         34.506    
                         arrival time                          -7.349    
  -------------------------------------------------------------------
                         slack                                 27.156    





Min Delay Paths
--------------------------------------------------------------------------------------
Slack (MET) :             0.248ns  (arrival time - required time)
  Source:                 dbg_hub/inst/UUT_MASTER/U_ICON_INTERFACE/U_CMD6_RD/U_RD_FIFO/SUBCORE_FIFO.xsdbm_v1_0_rdfifo_inst/inst_fifo_gen/gconvfifo.rf/grf.rf/rstblk/ngwrdrst.grst.g7serrst.rd_rst_reg_reg[1]/C
                            (rising edge-triggered cell FDPE clocked by dbg_hub/inst/bscan_inst/SERIES7_BSCAN.bscan_inst/DRCK  {rise@0.000ns fall@15.000ns period=30.000ns})
  Destination:            dbg_hub/inst/UUT_MASTER/U_ICON_INTERFACE/U_CMD6_RD/U_RD_FIFO/SUBCORE_FIFO.xsdbm_v1_0_rdfifo_inst/inst_fifo_gen/gconvfifo.rf/grf.rf/gntv_or_sync_fifo.gcx.clkx/gsync_stage[1].rd_stg_inst/Q_reg_reg[1]/CLR
                            (removal check against rising-edge clock dbg_hub/inst/bscan_inst/SERIES7_BSCAN.bscan_inst/DRCK  {rise@0.000ns fall@15.000ns period=30.000ns})
  Path Group:             **async_default**
  Path Type:              Removal (Min at Fast Process Corner)
  Requirement:            0.000ns  (dbg_hub/inst/bscan_inst/SERIES7_BSCAN.bscan_inst/DRCK rise@0.000ns - dbg_hub/inst/bscan_inst/SERIES7_BSCAN.bscan_inst/DRCK rise@0.000ns)
  Data Path Delay:        0.209ns  (logic 0.100ns (47.849%)  route 0.109ns (52.151%))
  Logic Levels:           0  
  Clock Path Skew:        0.030ns (DCD - SCD - CPR)
    Destination Clock Delay (DCD):    2.871ns
    Source Clock Delay      (SCD):    2.349ns
    Clock Pessimism Removal (CPR):    0.492ns

    Location             Delay type                Incr(ns)  Path(ns)    Netlist Resource(s)
  -------------------------------------------------------------------    -------------------
                         (clock dbg_hub/inst/bscan_inst/SERIES7_BSCAN.bscan_inst/DRCK rise edge)
                                                      0.000     0.000 r  
    BSCAN_X0Y0           BSCANE2                      0.000     0.000 r  dbg_hub/inst/bscan_inst/SERIES7_BSCAN.bscan_inst/DRCK
                         net (fo=1, routed)           1.598     1.598    dbg_hub/inst/DRCK
    BUFGCTRL_X0Y1        BUFG (Prop_bufg_I_O)         0.026     1.624 r  dbg_hub/inst/u_bufg_icon/O
                         net (fo=457, routed)         0.725     2.349    dbg_hub/inst/UUT_MASTER/U_ICON_INTERFACE/U_CMD6_RD/U_RD_FIFO/SUBCORE_FIFO.xsdbm_v1_0_rdfifo_inst/inst_fifo_gen/gconvfifo.rf/grf.rf/rstblk/idrck
    SLICE_X3Y62                                                       r  dbg_hub/inst/UUT_MASTER/U_ICON_INTERFACE/U_CMD6_RD/U_RD_FIFO/SUBCORE_FIFO.xsdbm_v1_0_rdfifo_inst/inst_fifo_gen/gconvfifo.rf/grf.rf/rstblk/ngwrdrst.grst.g7serrst.rd_rst_reg_reg[1]/C
  -------------------------------------------------------------------    -------------------
    SLICE_X3Y62          FDPE (Prop_fdpe_C_Q)         0.100     2.449 f  dbg_hub/inst/UUT_MASTER/U_ICON_INTERFACE/U_CMD6_RD/U_RD_FIFO/SUBCORE_FIFO.xsdbm_v1_0_rdfifo_inst/inst_fifo_gen/gconvfifo.rf/grf.rf/rstblk/ngwrdrst.grst.g7serrst.rd_rst_reg_reg[1]/Q
                         net (fo=16, routed)          0.109     2.558    dbg_hub/inst/UUT_MASTER/U_ICON_INTERFACE/U_CMD6_RD/U_RD_FIFO/SUBCORE_FIFO.xsdbm_v1_0_rdfifo_inst/inst_fifo_gen/gconvfifo.rf/grf.rf/gntv_or_sync_fifo.gcx.clkx/gsync_stage[1].rd_stg_inst/I4[0]
    SLICE_X4Y62          FDCE                                         f  dbg_hub/inst/UUT_MASTER/U_ICON_INTERFACE/U_CMD6_RD/U_RD_FIFO/SUBCORE_FIFO.xsdbm_v1_0_rdfifo_inst/inst_fifo_gen/gconvfifo.rf/grf.rf/gntv_or_sync_fifo.gcx.clkx/gsync_stage[1].rd_stg_inst/Q_reg_reg[1]/CLR
  -------------------------------------------------------------------    -------------------

                         (clock dbg_hub/inst/bscan_inst/SERIES7_BSCAN.bscan_inst/DRCK rise edge)
                                                      0.000     0.000 r  
    BSCAN_X0Y0           BSCANE2                      0.000     0.000 r  dbg_hub/inst/bscan_inst/SERIES7_BSCAN.bscan_inst/DRCK
                         net (fo=1, routed)           1.878     1.878    dbg_hub/inst/DRCK
    BUFGCTRL_X0Y1        BUFG (Prop_bufg_I_O)         0.030     1.908 r  dbg_hub/inst/u_bufg_icon/O
                         net (fo=457, routed)         0.963     2.871    dbg_hub/inst/UUT_MASTER/U_ICON_INTERFACE/U_CMD6_RD/U_RD_FIFO/SUBCORE_FIFO.xsdbm_v1_0_rdfifo_inst/inst_fifo_gen/gconvfifo.rf/grf.rf/gntv_or_sync_fifo.gcx.clkx/gsync_stage[1].rd_stg_inst/idrck
    SLICE_X4Y62                                                       r  dbg_hub/inst/UUT_MASTER/U_ICON_INTERFACE/U_CMD6_RD/U_RD_FIFO/SUBCORE_FIFO.xsdbm_v1_0_rdfifo_inst/inst_fifo_gen/gconvfifo.rf/grf.rf/gntv_or_sync_fifo.gcx.clkx/gsync_stage[1].rd_stg_inst/Q_reg_reg[1]/C
                         clock pessimism             -0.492     2.379    
    SLICE_X4Y62          FDCE (Remov_fdce_C_CLR)     -0.069     2.310    dbg_hub/inst/UUT_MASTER/U_ICON_INTERFACE/U_CMD6_RD/U_RD_FIFO/SUBCORE_FIFO.xsdbm_v1_0_rdfifo_inst/inst_fifo_gen/gconvfifo.rf/grf.rf/gntv_or_sync_fifo.gcx.clkx/gsync_stage[1].rd_stg_inst/Q_reg_reg[1]
  -------------------------------------------------------------------
                         required time                         -2.310    
                         arrival time                           2.558    
  -------------------------------------------------------------------
                         slack                                  0.248    

Slack (MET) :             0.248ns  (arrival time - required time)
  Source:                 dbg_hub/inst/UUT_MASTER/U_ICON_INTERFACE/U_CMD6_RD/U_RD_FIFO/SUBCORE_FIFO.xsdbm_v1_0_rdfifo_inst/inst_fifo_gen/gconvfifo.rf/grf.rf/rstblk/ngwrdrst.grst.g7serrst.rd_rst_reg_reg[1]/C
                            (rising edge-triggered cell FDPE clocked by dbg_hub/inst/bscan_inst/SERIES7_BSCAN.bscan_inst/DRCK  {rise@0.000ns fall@15.000ns period=30.000ns})
  Destination:            dbg_hub/inst/UUT_MASTER/U_ICON_INTERFACE/U_CMD6_RD/U_RD_FIFO/SUBCORE_FIFO.xsdbm_v1_0_rdfifo_inst/inst_fifo_gen/gconvfifo.rf/grf.rf/gntv_or_sync_fifo.gcx.clkx/gsync_stage[2].rd_stg_inst/Q_reg_reg[1]/CLR
                            (removal check against rising-edge clock dbg_hub/inst/bscan_inst/SERIES7_BSCAN.bscan_inst/DRCK  {rise@0.000ns fall@15.000ns period=30.000ns})
  Path Group:             **async_default**
  Path Type:              Removal (Min at Fast Process Corner)
  Requirement:            0.000ns  (dbg_hub/inst/bscan_inst/SERIES7_BSCAN.bscan_inst/DRCK rise@0.000ns - dbg_hub/inst/bscan_inst/SERIES7_BSCAN.bscan_inst/DRCK rise@0.000ns)
  Data Path Delay:        0.209ns  (logic 0.100ns (47.849%)  route 0.109ns (52.151%))
  Logic Levels:           0  
  Clock Path Skew:        0.030ns (DCD - SCD - CPR)
    Destination Clock Delay (DCD):    2.871ns
    Source Clock Delay      (SCD):    2.349ns
    Clock Pessimism Removal (CPR):    0.492ns

    Location             Delay type                Incr(ns)  Path(ns)    Netlist Resource(s)
  -------------------------------------------------------------------    -------------------
                         (clock dbg_hub/inst/bscan_inst/SERIES7_BSCAN.bscan_inst/DRCK rise edge)
                                                      0.000     0.000 r  
    BSCAN_X0Y0           BSCANE2                      0.000     0.000 r  dbg_hub/inst/bscan_inst/SERIES7_BSCAN.bscan_inst/DRCK
                         net (fo=1, routed)           1.598     1.598    dbg_hub/inst/DRCK
    BUFGCTRL_X0Y1        BUFG (Prop_bufg_I_O)         0.026     1.624 r  dbg_hub/inst/u_bufg_icon/O
                         net (fo=457, routed)         0.725     2.349    dbg_hub/inst/UUT_MASTER/U_ICON_INTERFACE/U_CMD6_RD/U_RD_FIFO/SUBCORE_FIFO.xsdbm_v1_0_rdfifo_inst/inst_fifo_gen/gconvfifo.rf/grf.rf/rstblk/idrck
    SLICE_X3Y62                                                       r  dbg_hub/inst/UUT_MASTER/U_ICON_INTERFACE/U_CMD6_RD/U_RD_FIFO/SUBCORE_FIFO.xsdbm_v1_0_rdfifo_inst/inst_fifo_gen/gconvfifo.rf/grf.rf/rstblk/ngwrdrst.grst.g7serrst.rd_rst_reg_reg[1]/C
  -------------------------------------------------------------------    -------------------
    SLICE_X3Y62          FDPE (Prop_fdpe_C_Q)         0.100     2.449 f  dbg_hub/inst/UUT_MASTER/U_ICON_INTERFACE/U_CMD6_RD/U_RD_FIFO/SUBCORE_FIFO.xsdbm_v1_0_rdfifo_inst/inst_fifo_gen/gconvfifo.rf/grf.rf/rstblk/ngwrdrst.grst.g7serrst.rd_rst_reg_reg[1]/Q
                         net (fo=16, routed)          0.109     2.558    dbg_hub/inst/UUT_MASTER/U_ICON_INTERFACE/U_CMD6_RD/U_RD_FIFO/SUBCORE_FIFO.xsdbm_v1_0_rdfifo_inst/inst_fifo_gen/gconvfifo.rf/grf.rf/gntv_or_sync_fifo.gcx.clkx/gsync_stage[2].rd_stg_inst/I4[0]
    SLICE_X4Y62          FDCE                                         f  dbg_hub/inst/UUT_MASTER/U_ICON_INTERFACE/U_CMD6_RD/U_RD_FIFO/SUBCORE_FIFO.xsdbm_v1_0_rdfifo_inst/inst_fifo_gen/gconvfifo.rf/grf.rf/gntv_or_sync_fifo.gcx.clkx/gsync_stage[2].rd_stg_inst/Q_reg_reg[1]/CLR
  -------------------------------------------------------------------    -------------------

                         (clock dbg_hub/inst/bscan_inst/SERIES7_BSCAN.bscan_inst/DRCK rise edge)
                                                      0.000     0.000 r  
    BSCAN_X0Y0           BSCANE2                      0.000     0.000 r  dbg_hub/inst/bscan_inst/SERIES7_BSCAN.bscan_inst/DRCK
                         net (fo=1, routed)           1.878     1.878    dbg_hub/inst/DRCK
    BUFGCTRL_X0Y1        BUFG (Prop_bufg_I_O)         0.030     1.908 r  dbg_hub/inst/u_bufg_icon/O
                         net (fo=457, routed)         0.963     2.871    dbg_hub/inst/UUT_MASTER/U_ICON_INTERFACE/U_CMD6_RD/U_RD_FIFO/SUBCORE_FIFO.xsdbm_v1_0_rdfifo_inst/inst_fifo_gen/gconvfifo.rf/grf.rf/gntv_or_sync_fifo.gcx.clkx/gsync_stage[2].rd_stg_inst/idrck
    SLICE_X4Y62                                                       r  dbg_hub/inst/UUT_MASTER/U_ICON_INTERFACE/U_CMD6_RD/U_RD_FIFO/SUBCORE_FIFO.xsdbm_v1_0_rdfifo_inst/inst_fifo_gen/gconvfifo.rf/grf.rf/gntv_or_sync_fifo.gcx.clkx/gsync_stage[2].rd_stg_inst/Q_reg_reg[1]/C
                         clock pessimism             -0.492     2.379    
    SLICE_X4Y62          FDCE (Remov_fdce_C_CLR)     -0.069     2.310    dbg_hub/inst/UUT_MASTER/U_ICON_INTERFACE/U_CMD6_RD/U_RD_FIFO/SUBCORE_FIFO.xsdbm_v1_0_rdfifo_inst/inst_fifo_gen/gconvfifo.rf/grf.rf/gntv_or_sync_fifo.gcx.clkx/gsync_stage[2].rd_stg_inst/Q_reg_reg[1]
  -------------------------------------------------------------------
                         required time                         -2.310    
                         arrival time                           2.558    
  -------------------------------------------------------------------
                         slack                                  0.248    

Slack (MET) :             0.252ns  (arrival time - required time)
  Source:                 dbg_hub/inst/UUT_MASTER/U_ICON_INTERFACE/U_CMD6_WR/U_WR_FIFO/SUBCORE_FIFO.xsdbm_v1_0_wrfifo_inst/inst_fifo_gen/gconvfifo.rf/grf.rf/rstblk/ngwrdrst.grst.g7serrst.wr_rst_reg_reg[1]/C
                            (rising edge-triggered cell FDPE clocked by dbg_hub/inst/bscan_inst/SERIES7_BSCAN.bscan_inst/DRCK  {rise@0.000ns fall@15.000ns period=30.000ns})
  Destination:            dbg_hub/inst/UUT_MASTER/U_ICON_INTERFACE/U_CMD6_WR/U_WR_FIFO/SUBCORE_FIFO.xsdbm_v1_0_wrfifo_inst/inst_fifo_gen/gconvfifo.rf/grf.rf/gntv_or_sync_fifo.gl0.wr/wpntr/gic0.gc0.count_d1_reg[2]/CLR
                            (removal check against rising-edge clock dbg_hub/inst/bscan_inst/SERIES7_BSCAN.bscan_inst/DRCK  {rise@0.000ns fall@15.000ns period=30.000ns})
  Path Group:             **async_default**
  Path Type:              Removal (Min at Fast Process Corner)
  Requirement:            0.000ns  (dbg_hub/inst/bscan_inst/SERIES7_BSCAN.bscan_inst/DRCK rise@0.000ns - dbg_hub/inst/bscan_inst/SERIES7_BSCAN.bscan_inst/DRCK rise@0.000ns)
  Data Path Delay:        0.198ns  (logic 0.100ns (50.592%)  route 0.098ns (49.408%))
  Logic Levels:           0  
  Clock Path Skew:        0.015ns (DCD - SCD - CPR)
    Destination Clock Delay (DCD):    2.876ns
    Source Clock Delay      (SCD):    2.351ns
    Clock Pessimism Removal (CPR):    0.510ns

    Location             Delay type                Incr(ns)  Path(ns)    Netlist Resource(s)
  -------------------------------------------------------------------    -------------------
                         (clock dbg_hub/inst/bscan_inst/SERIES7_BSCAN.bscan_inst/DRCK rise edge)
                                                      0.000     0.000 r  
    BSCAN_X0Y0           BSCANE2                      0.000     0.000 r  dbg_hub/inst/bscan_inst/SERIES7_BSCAN.bscan_inst/DRCK
                         net (fo=1, routed)           1.598     1.598    dbg_hub/inst/DRCK
    BUFGCTRL_X0Y1        BUFG (Prop_bufg_I_O)         0.026     1.624 r  dbg_hub/inst/u_bufg_icon/O
                         net (fo=457, routed)         0.727     2.351    dbg_hub/inst/UUT_MASTER/U_ICON_INTERFACE/U_CMD6_WR/U_WR_FIFO/SUBCORE_FIFO.xsdbm_v1_0_wrfifo_inst/inst_fifo_gen/gconvfifo.rf/grf.rf/rstblk/idrck
    SLICE_X0Y57                                                       r  dbg_hub/inst/UUT_MASTER/U_ICON_INTERFACE/U_CMD6_WR/U_WR_FIFO/SUBCORE_FIFO.xsdbm_v1_0_wrfifo_inst/inst_fifo_gen/gconvfifo.rf/grf.rf/rstblk/ngwrdrst.grst.g7serrst.wr_rst_reg_reg[1]/C
  -------------------------------------------------------------------    -------------------
    SLICE_X0Y57          FDPE (Prop_fdpe_C_Q)         0.100     2.451 f  dbg_hub/inst/UUT_MASTER/U_ICON_INTERFACE/U_CMD6_WR/U_WR_FIFO/SUBCORE_FIFO.xsdbm_v1_0_wrfifo_inst/inst_fifo_gen/gconvfifo.rf/grf.rf/rstblk/ngwrdrst.grst.g7serrst.wr_rst_reg_reg[1]/Q
                         net (fo=12, routed)          0.098     2.549    dbg_hub/inst/UUT_MASTER/U_ICON_INTERFACE/U_CMD6_WR/U_WR_FIFO/SUBCORE_FIFO.xsdbm_v1_0_wrfifo_inst/inst_fifo_gen/gconvfifo.rf/grf.rf/gntv_or_sync_fifo.gl0.wr/wpntr/Q[0]
    SLICE_X1Y56          FDCE                                         f  dbg_hub/inst/UUT_MASTER/U_ICON_INTERFACE/U_CMD6_WR/U_WR_FIFO/SUBCORE_FIFO.xsdbm_v1_0_wrfifo_inst/inst_fifo_gen/gconvfifo.rf/grf.rf/gntv_or_sync_fifo.gl0.wr/wpntr/gic0.gc0.count_d1_reg[2]/CLR
  -------------------------------------------------------------------    -------------------

                         (clock dbg_hub/inst/bscan_inst/SERIES7_BSCAN.bscan_inst/DRCK rise edge)
                                                      0.000     0.000 r  
    BSCAN_X0Y0           BSCANE2                      0.000     0.000 r  dbg_hub/inst/bscan_inst/SERIES7_BSCAN.bscan_inst/DRCK
                         net (fo=1, routed)           1.878     1.878    dbg_hub/inst/DRCK
    BUFGCTRL_X0Y1        BUFG (Prop_bufg_I_O)         0.030     1.908 r  dbg_hub/inst/u_bufg_icon/O
                         net (fo=457, routed)         0.968     2.876    dbg_hub/inst/UUT_MASTER/U_ICON_INTERFACE/U_CMD6_WR/U_WR_FIFO/SUBCORE_FIFO.xsdbm_v1_0_wrfifo_inst/inst_fifo_gen/gconvfifo.rf/grf.rf/gntv_or_sync_fifo.gl0.wr/wpntr/idrck
    SLICE_X1Y56                                                       r  dbg_hub/inst/UUT_MASTER/U_ICON_INTERFACE/U_CMD6_WR/U_WR_FIFO/SUBCORE_FIFO.xsdbm_v1_0_wrfifo_inst/inst_fifo_gen/gconvfifo.rf/grf.rf/gntv_or_sync_fifo.gl0.wr/wpntr/gic0.gc0.count_d1_reg[2]/C
                         clock pessimism             -0.510     2.366    
    SLICE_X1Y56          FDCE (Remov_fdce_C_CLR)     -0.069     2.297    dbg_hub/inst/UUT_MASTER/U_ICON_INTERFACE/U_CMD6_WR/U_WR_FIFO/SUBCORE_FIFO.xsdbm_v1_0_wrfifo_inst/inst_fifo_gen/gconvfifo.rf/grf.rf/gntv_or_sync_fifo.gl0.wr/wpntr/gic0.gc0.count_d1_reg[2]
  -------------------------------------------------------------------
                         required time                         -2.297    
                         arrival time                           2.549    
  -------------------------------------------------------------------
                         slack                                  0.252    

Slack (MET) :             0.252ns  (arrival time - required time)
  Source:                 dbg_hub/inst/UUT_MASTER/U_ICON_INTERFACE/U_CMD6_WR/U_WR_FIFO/SUBCORE_FIFO.xsdbm_v1_0_wrfifo_inst/inst_fifo_gen/gconvfifo.rf/grf.rf/rstblk/ngwrdrst.grst.g7serrst.wr_rst_reg_reg[1]/C
                            (rising edge-triggered cell FDPE clocked by dbg_hub/inst/bscan_inst/SERIES7_BSCAN.bscan_inst/DRCK  {rise@0.000ns fall@15.000ns period=30.000ns})
  Destination:            dbg_hub/inst/UUT_MASTER/U_ICON_INTERFACE/U_CMD6_WR/U_WR_FIFO/SUBCORE_FIFO.xsdbm_v1_0_wrfifo_inst/inst_fifo_gen/gconvfifo.rf/grf.rf/gntv_or_sync_fifo.gl0.wr/wpntr/gic0.gc0.count_d1_reg[3]/CLR
                            (removal check against rising-edge clock dbg_hub/inst/bscan_inst/SERIES7_BSCAN.bscan_inst/DRCK  {rise@0.000ns fall@15.000ns period=30.000ns})
  Path Group:             **async_default**
  Path Type:              Removal (Min at Fast Process Corner)
  Requirement:            0.000ns  (dbg_hub/inst/bscan_inst/SERIES7_BSCAN.bscan_inst/DRCK rise@0.000ns - dbg_hub/inst/bscan_inst/SERIES7_BSCAN.bscan_inst/DRCK rise@0.000ns)
  Data Path Delay:        0.198ns  (logic 0.100ns (50.592%)  route 0.098ns (49.408%))
  Logic Levels:           0  
  Clock Path Skew:        0.015ns (DCD - SCD - CPR)
    Destination Clock Delay (DCD):    2.876ns
    Source Clock Delay      (SCD):    2.351ns
    Clock Pessimism Removal (CPR):    0.510ns

    Location             Delay type                Incr(ns)  Path(ns)    Netlist Resource(s)
  -------------------------------------------------------------------    -------------------
                         (clock dbg_hub/inst/bscan_inst/SERIES7_BSCAN.bscan_inst/DRCK rise edge)
                                                      0.000     0.000 r  
    BSCAN_X0Y0           BSCANE2                      0.000     0.000 r  dbg_hub/inst/bscan_inst/SERIES7_BSCAN.bscan_inst/DRCK
                         net (fo=1, routed)           1.598     1.598    dbg_hub/inst/DRCK
    BUFGCTRL_X0Y1        BUFG (Prop_bufg_I_O)         0.026     1.624 r  dbg_hub/inst/u_bufg_icon/O
                         net (fo=457, routed)         0.727     2.351    dbg_hub/inst/UUT_MASTER/U_ICON_INTERFACE/U_CMD6_WR/U_WR_FIFO/SUBCORE_FIFO.xsdbm_v1_0_wrfifo_inst/inst_fifo_gen/gconvfifo.rf/grf.rf/rstblk/idrck
    SLICE_X0Y57                                                       r  dbg_hub/inst/UUT_MASTER/U_ICON_INTERFACE/U_CMD6_WR/U_WR_FIFO/SUBCORE_FIFO.xsdbm_v1_0_wrfifo_inst/inst_fifo_gen/gconvfifo.rf/grf.rf/rstblk/ngwrdrst.grst.g7serrst.wr_rst_reg_reg[1]/C
  -------------------------------------------------------------------    -------------------
    SLICE_X0Y57          FDPE (Prop_fdpe_C_Q)         0.100     2.451 f  dbg_hub/inst/UUT_MASTER/U_ICON_INTERFACE/U_CMD6_WR/U_WR_FIFO/SUBCORE_FIFO.xsdbm_v1_0_wrfifo_inst/inst_fifo_gen/gconvfifo.rf/grf.rf/rstblk/ngwrdrst.grst.g7serrst.wr_rst_reg_reg[1]/Q
                         net (fo=12, routed)          0.098     2.549    dbg_hub/inst/UUT_MASTER/U_ICON_INTERFACE/U_CMD6_WR/U_WR_FIFO/SUBCORE_FIFO.xsdbm_v1_0_wrfifo_inst/inst_fifo_gen/gconvfifo.rf/grf.rf/gntv_or_sync_fifo.gl0.wr/wpntr/Q[0]
    SLICE_X1Y56          FDCE                                         f  dbg_hub/inst/UUT_MASTER/U_ICON_INTERFACE/U_CMD6_WR/U_WR_FIFO/SUBCORE_FIFO.xsdbm_v1_0_wrfifo_inst/inst_fifo_gen/gconvfifo.rf/grf.rf/gntv_or_sync_fifo.gl0.wr/wpntr/gic0.gc0.count_d1_reg[3]/CLR
  -------------------------------------------------------------------    -------------------

                         (clock dbg_hub/inst/bscan_inst/SERIES7_BSCAN.bscan_inst/DRCK rise edge)
                                                      0.000     0.000 r  
    BSCAN_X0Y0           BSCANE2                      0.000     0.000 r  dbg_hub/inst/bscan_inst/SERIES7_BSCAN.bscan_inst/DRCK
                         net (fo=1, routed)           1.878     1.878    dbg_hub/inst/DRCK
    BUFGCTRL_X0Y1        BUFG (Prop_bufg_I_O)         0.030     1.908 r  dbg_hub/inst/u_bufg_icon/O
                         net (fo=457, routed)         0.968     2.876    dbg_hub/inst/UUT_MASTER/U_ICON_INTERFACE/U_CMD6_WR/U_WR_FIFO/SUBCORE_FIFO.xsdbm_v1_0_wrfifo_inst/inst_fifo_gen/gconvfifo.rf/grf.rf/gntv_or_sync_fifo.gl0.wr/wpntr/idrck
    SLICE_X1Y56                                                       r  dbg_hub/inst/UUT_MASTER/U_ICON_INTERFACE/U_CMD6_WR/U_WR_FIFO/SUBCORE_FIFO.xsdbm_v1_0_wrfifo_inst/inst_fifo_gen/gconvfifo.rf/grf.rf/gntv_or_sync_fifo.gl0.wr/wpntr/gic0.gc0.count_d1_reg[3]/C
                         clock pessimism             -0.510     2.366    
    SLICE_X1Y56          FDCE (Remov_fdce_C_CLR)     -0.069     2.297    dbg_hub/inst/UUT_MASTER/U_ICON_INTERFACE/U_CMD6_WR/U_WR_FIFO/SUBCORE_FIFO.xsdbm_v1_0_wrfifo_inst/inst_fifo_gen/gconvfifo.rf/grf.rf/gntv_or_sync_fifo.gl0.wr/wpntr/gic0.gc0.count_d1_reg[3]
  -------------------------------------------------------------------
                         required time                         -2.297    
                         arrival time                           2.549    
  -------------------------------------------------------------------
                         slack                                  0.252    

Slack (MET) :             0.252ns  (arrival time - required time)
  Source:                 dbg_hub/inst/UUT_MASTER/U_ICON_INTERFACE/U_CMD6_WR/U_WR_FIFO/SUBCORE_FIFO.xsdbm_v1_0_wrfifo_inst/inst_fifo_gen/gconvfifo.rf/grf.rf/rstblk/ngwrdrst.grst.g7serrst.wr_rst_reg_reg[1]/C
                            (rising edge-triggered cell FDPE clocked by dbg_hub/inst/bscan_inst/SERIES7_BSCAN.bscan_inst/DRCK  {rise@0.000ns fall@15.000ns period=30.000ns})
  Destination:            dbg_hub/inst/UUT_MASTER/U_ICON_INTERFACE/U_CMD6_WR/U_WR_FIFO/SUBCORE_FIFO.xsdbm_v1_0_wrfifo_inst/inst_fifo_gen/gconvfifo.rf/grf.rf/gntv_or_sync_fifo.gl0.wr/wpntr/gic0.gc0.count_d2_reg[1]/CLR
                            (removal check against rising-edge clock dbg_hub/inst/bscan_inst/SERIES7_BSCAN.bscan_inst/DRCK  {rise@0.000ns fall@15.000ns period=30.000ns})
  Path Group:             **async_default**
  Path Type:              Removal (Min at Fast Process Corner)
  Requirement:            0.000ns  (dbg_hub/inst/bscan_inst/SERIES7_BSCAN.bscan_inst/DRCK rise@0.000ns - dbg_hub/inst/bscan_inst/SERIES7_BSCAN.bscan_inst/DRCK rise@0.000ns)
  Data Path Delay:        0.198ns  (logic 0.100ns (50.592%)  route 0.098ns (49.408%))
  Logic Levels:           0  
  Clock Path Skew:        0.015ns (DCD - SCD - CPR)
    Destination Clock Delay (DCD):    2.876ns
    Source Clock Delay      (SCD):    2.351ns
    Clock Pessimism Removal (CPR):    0.510ns

    Location             Delay type                Incr(ns)  Path(ns)    Netlist Resource(s)
  -------------------------------------------------------------------    -------------------
                         (clock dbg_hub/inst/bscan_inst/SERIES7_BSCAN.bscan_inst/DRCK rise edge)
                                                      0.000     0.000 r  
    BSCAN_X0Y0           BSCANE2                      0.000     0.000 r  dbg_hub/inst/bscan_inst/SERIES7_BSCAN.bscan_inst/DRCK
                         net (fo=1, routed)           1.598     1.598    dbg_hub/inst/DRCK
    BUFGCTRL_X0Y1        BUFG (Prop_bufg_I_O)         0.026     1.624 r  dbg_hub/inst/u_bufg_icon/O
                         net (fo=457, routed)         0.727     2.351    dbg_hub/inst/UUT_MASTER/U_ICON_INTERFACE/U_CMD6_WR/U_WR_FIFO/SUBCORE_FIFO.xsdbm_v1_0_wrfifo_inst/inst_fifo_gen/gconvfifo.rf/grf.rf/rstblk/idrck
    SLICE_X0Y57                                                       r  dbg_hub/inst/UUT_MASTER/U_ICON_INTERFACE/U_CMD6_WR/U_WR_FIFO/SUBCORE_FIFO.xsdbm_v1_0_wrfifo_inst/inst_fifo_gen/gconvfifo.rf/grf.rf/rstblk/ngwrdrst.grst.g7serrst.wr_rst_reg_reg[1]/C
  -------------------------------------------------------------------    -------------------
    SLICE_X0Y57          FDPE (Prop_fdpe_C_Q)         0.100     2.451 f  dbg_hub/inst/UUT_MASTER/U_ICON_INTERFACE/U_CMD6_WR/U_WR_FIFO/SUBCORE_FIFO.xsdbm_v1_0_wrfifo_inst/inst_fifo_gen/gconvfifo.rf/grf.rf/rstblk/ngwrdrst.grst.g7serrst.wr_rst_reg_reg[1]/Q
                         net (fo=12, routed)          0.098     2.549    dbg_hub/inst/UUT_MASTER/U_ICON_INTERFACE/U_CMD6_WR/U_WR_FIFO/SUBCORE_FIFO.xsdbm_v1_0_wrfifo_inst/inst_fifo_gen/gconvfifo.rf/grf.rf/gntv_or_sync_fifo.gl0.wr/wpntr/Q[0]
    SLICE_X1Y56          FDCE                                         f  dbg_hub/inst/UUT_MASTER/U_ICON_INTERFACE/U_CMD6_WR/U_WR_FIFO/SUBCORE_FIFO.xsdbm_v1_0_wrfifo_inst/inst_fifo_gen/gconvfifo.rf/grf.rf/gntv_or_sync_fifo.gl0.wr/wpntr/gic0.gc0.count_d2_reg[1]/CLR
  -------------------------------------------------------------------    -------------------

                         (clock dbg_hub/inst/bscan_inst/SERIES7_BSCAN.bscan_inst/DRCK rise edge)
                                                      0.000     0.000 r  
    BSCAN_X0Y0           BSCANE2                      0.000     0.000 r  dbg_hub/inst/bscan_inst/SERIES7_BSCAN.bscan_inst/DRCK
                         net (fo=1, routed)           1.878     1.878    dbg_hub/inst/DRCK
    BUFGCTRL_X0Y1        BUFG (Prop_bufg_I_O)         0.030     1.908 r  dbg_hub/inst/u_bufg_icon/O
                         net (fo=457, routed)         0.968     2.876    dbg_hub/inst/UUT_MASTER/U_ICON_INTERFACE/U_CMD6_WR/U_WR_FIFO/SUBCORE_FIFO.xsdbm_v1_0_wrfifo_inst/inst_fifo_gen/gconvfifo.rf/grf.rf/gntv_or_sync_fifo.gl0.wr/wpntr/idrck
    SLICE_X1Y56                                                       r  dbg_hub/inst/UUT_MASTER/U_ICON_INTERFACE/U_CMD6_WR/U_WR_FIFO/SUBCORE_FIFO.xsdbm_v1_0_wrfifo_inst/inst_fifo_gen/gconvfifo.rf/grf.rf/gntv_or_sync_fifo.gl0.wr/wpntr/gic0.gc0.count_d2_reg[1]/C
                         clock pessimism             -0.510     2.366    
    SLICE_X1Y56          FDCE (Remov_fdce_C_CLR)     -0.069     2.297    dbg_hub/inst/UUT_MASTER/U_ICON_INTERFACE/U_CMD6_WR/U_WR_FIFO/SUBCORE_FIFO.xsdbm_v1_0_wrfifo_inst/inst_fifo_gen/gconvfifo.rf/grf.rf/gntv_or_sync_fifo.gl0.wr/wpntr/gic0.gc0.count_d2_reg[1]
  -------------------------------------------------------------------
                         required time                         -2.297    
                         arrival time                           2.549    
  -------------------------------------------------------------------
                         slack                                  0.252    

Slack (MET) :             0.252ns  (arrival time - required time)
  Source:                 dbg_hub/inst/UUT_MASTER/U_ICON_INTERFACE/U_CMD6_WR/U_WR_FIFO/SUBCORE_FIFO.xsdbm_v1_0_wrfifo_inst/inst_fifo_gen/gconvfifo.rf/grf.rf/rstblk/ngwrdrst.grst.g7serrst.wr_rst_reg_reg[1]/C
                            (rising edge-triggered cell FDPE clocked by dbg_hub/inst/bscan_inst/SERIES7_BSCAN.bscan_inst/DRCK  {rise@0.000ns fall@15.000ns period=30.000ns})
  Destination:            dbg_hub/inst/UUT_MASTER/U_ICON_INTERFACE/U_CMD6_WR/U_WR_FIFO/SUBCORE_FIFO.xsdbm_v1_0_wrfifo_inst/inst_fifo_gen/gconvfifo.rf/grf.rf/gntv_or_sync_fifo.gl0.wr/wpntr/gic0.gc0.count_d2_reg[2]/CLR
                            (removal check against rising-edge clock dbg_hub/inst/bscan_inst/SERIES7_BSCAN.bscan_inst/DRCK  {rise@0.000ns fall@15.000ns period=30.000ns})
  Path Group:             **async_default**
  Path Type:              Removal (Min at Fast Process Corner)
  Requirement:            0.000ns  (dbg_hub/inst/bscan_inst/SERIES7_BSCAN.bscan_inst/DRCK rise@0.000ns - dbg_hub/inst/bscan_inst/SERIES7_BSCAN.bscan_inst/DRCK rise@0.000ns)
  Data Path Delay:        0.198ns  (logic 0.100ns (50.592%)  route 0.098ns (49.408%))
  Logic Levels:           0  
  Clock Path Skew:        0.015ns (DCD - SCD - CPR)
    Destination Clock Delay (DCD):    2.876ns
    Source Clock Delay      (SCD):    2.351ns
    Clock Pessimism Removal (CPR):    0.510ns

    Location             Delay type                Incr(ns)  Path(ns)    Netlist Resource(s)
  -------------------------------------------------------------------    -------------------
                         (clock dbg_hub/inst/bscan_inst/SERIES7_BSCAN.bscan_inst/DRCK rise edge)
                                                      0.000     0.000 r  
    BSCAN_X0Y0           BSCANE2                      0.000     0.000 r  dbg_hub/inst/bscan_inst/SERIES7_BSCAN.bscan_inst/DRCK
                         net (fo=1, routed)           1.598     1.598    dbg_hub/inst/DRCK
    BUFGCTRL_X0Y1        BUFG (Prop_bufg_I_O)         0.026     1.624 r  dbg_hub/inst/u_bufg_icon/O
                         net (fo=457, routed)         0.727     2.351    dbg_hub/inst/UUT_MASTER/U_ICON_INTERFACE/U_CMD6_WR/U_WR_FIFO/SUBCORE_FIFO.xsdbm_v1_0_wrfifo_inst/inst_fifo_gen/gconvfifo.rf/grf.rf/rstblk/idrck
    SLICE_X0Y57                                                       r  dbg_hub/inst/UUT_MASTER/U_ICON_INTERFACE/U_CMD6_WR/U_WR_FIFO/SUBCORE_FIFO.xsdbm_v1_0_wrfifo_inst/inst_fifo_gen/gconvfifo.rf/grf.rf/rstblk/ngwrdrst.grst.g7serrst.wr_rst_reg_reg[1]/C
  -------------------------------------------------------------------    -------------------
    SLICE_X0Y57          FDPE (Prop_fdpe_C_Q)         0.100     2.451 f  dbg_hub/inst/UUT_MASTER/U_ICON_INTERFACE/U_CMD6_WR/U_WR_FIFO/SUBCORE_FIFO.xsdbm_v1_0_wrfifo_inst/inst_fifo_gen/gconvfifo.rf/grf.rf/rstblk/ngwrdrst.grst.g7serrst.wr_rst_reg_reg[1]/Q
                         net (fo=12, routed)          0.098     2.549    dbg_hub/inst/UUT_MASTER/U_ICON_INTERFACE/U_CMD6_WR/U_WR_FIFO/SUBCORE_FIFO.xsdbm_v1_0_wrfifo_inst/inst_fifo_gen/gconvfifo.rf/grf.rf/gntv_or_sync_fifo.gl0.wr/wpntr/Q[0]
    SLICE_X1Y56          FDCE                                         f  dbg_hub/inst/UUT_MASTER/U_ICON_INTERFACE/U_CMD6_WR/U_WR_FIFO/SUBCORE_FIFO.xsdbm_v1_0_wrfifo_inst/inst_fifo_gen/gconvfifo.rf/grf.rf/gntv_or_sync_fifo.gl0.wr/wpntr/gic0.gc0.count_d2_reg[2]/CLR
  -------------------------------------------------------------------    -------------------

                         (clock dbg_hub/inst/bscan_inst/SERIES7_BSCAN.bscan_inst/DRCK rise edge)
                                                      0.000     0.000 r  
    BSCAN_X0Y0           BSCANE2                      0.000     0.000 r  dbg_hub/inst/bscan_inst/SERIES7_BSCAN.bscan_inst/DRCK
                         net (fo=1, routed)           1.878     1.878    dbg_hub/inst/DRCK
    BUFGCTRL_X0Y1        BUFG (Prop_bufg_I_O)         0.030     1.908 r  dbg_hub/inst/u_bufg_icon/O
                         net (fo=457, routed)         0.968     2.876    dbg_hub/inst/UUT_MASTER/U_ICON_INTERFACE/U_CMD6_WR/U_WR_FIFO/SUBCORE_FIFO.xsdbm_v1_0_wrfifo_inst/inst_fifo_gen/gconvfifo.rf/grf.rf/gntv_or_sync_fifo.gl0.wr/wpntr/idrck
    SLICE_X1Y56                                                       r  dbg_hub/inst/UUT_MASTER/U_ICON_INTERFACE/U_CMD6_WR/U_WR_FIFO/SUBCORE_FIFO.xsdbm_v1_0_wrfifo_inst/inst_fifo_gen/gconvfifo.rf/grf.rf/gntv_or_sync_fifo.gl0.wr/wpntr/gic0.gc0.count_d2_reg[2]/C
                         clock pessimism             -0.510     2.366    
    SLICE_X1Y56          FDCE (Remov_fdce_C_CLR)     -0.069     2.297    dbg_hub/inst/UUT_MASTER/U_ICON_INTERFACE/U_CMD6_WR/U_WR_FIFO/SUBCORE_FIFO.xsdbm_v1_0_wrfifo_inst/inst_fifo_gen/gconvfifo.rf/grf.rf/gntv_or_sync_fifo.gl0.wr/wpntr/gic0.gc0.count_d2_reg[2]
  -------------------------------------------------------------------
                         required time                         -2.297    
                         arrival time                           2.549    
  -------------------------------------------------------------------
                         slack                                  0.252    

Slack (MET) :             0.252ns  (arrival time - required time)
  Source:                 dbg_hub/inst/UUT_MASTER/U_ICON_INTERFACE/U_CMD6_WR/U_WR_FIFO/SUBCORE_FIFO.xsdbm_v1_0_wrfifo_inst/inst_fifo_gen/gconvfifo.rf/grf.rf/rstblk/ngwrdrst.grst.g7serrst.wr_rst_reg_reg[1]/C
                            (rising edge-triggered cell FDPE clocked by dbg_hub/inst/bscan_inst/SERIES7_BSCAN.bscan_inst/DRCK  {rise@0.000ns fall@15.000ns period=30.000ns})
  Destination:            dbg_hub/inst/UUT_MASTER/U_ICON_INTERFACE/U_CMD6_WR/U_WR_FIFO/SUBCORE_FIFO.xsdbm_v1_0_wrfifo_inst/inst_fifo_gen/gconvfifo.rf/grf.rf/gntv_or_sync_fifo.gl0.wr/wpntr/gic0.gc0.count_d2_reg[3]/CLR
                            (removal check against rising-edge clock dbg_hub/inst/bscan_inst/SERIES7_BSCAN.bscan_inst/DRCK  {rise@0.000ns fall@15.000ns period=30.000ns})
  Path Group:             **async_default**
  Path Type:              Removal (Min at Fast Process Corner)
  Requirement:            0.000ns  (dbg_hub/inst/bscan_inst/SERIES7_BSCAN.bscan_inst/DRCK rise@0.000ns - dbg_hub/inst/bscan_inst/SERIES7_BSCAN.bscan_inst/DRCK rise@0.000ns)
  Data Path Delay:        0.198ns  (logic 0.100ns (50.592%)  route 0.098ns (49.408%))
  Logic Levels:           0  
  Clock Path Skew:        0.015ns (DCD - SCD - CPR)
    Destination Clock Delay (DCD):    2.876ns
    Source Clock Delay      (SCD):    2.351ns
    Clock Pessimism Removal (CPR):    0.510ns

    Location             Delay type                Incr(ns)  Path(ns)    Netlist Resource(s)
  -------------------------------------------------------------------    -------------------
                         (clock dbg_hub/inst/bscan_inst/SERIES7_BSCAN.bscan_inst/DRCK rise edge)
                                                      0.000     0.000 r  
    BSCAN_X0Y0           BSCANE2                      0.000     0.000 r  dbg_hub/inst/bscan_inst/SERIES7_BSCAN.bscan_inst/DRCK
                         net (fo=1, routed)           1.598     1.598    dbg_hub/inst/DRCK
    BUFGCTRL_X0Y1        BUFG (Prop_bufg_I_O)         0.026     1.624 r  dbg_hub/inst/u_bufg_icon/O
                         net (fo=457, routed)         0.727     2.351    dbg_hub/inst/UUT_MASTER/U_ICON_INTERFACE/U_CMD6_WR/U_WR_FIFO/SUBCORE_FIFO.xsdbm_v1_0_wrfifo_inst/inst_fifo_gen/gconvfifo.rf/grf.rf/rstblk/idrck
    SLICE_X0Y57                                                       r  dbg_hub/inst/UUT_MASTER/U_ICON_INTERFACE/U_CMD6_WR/U_WR_FIFO/SUBCORE_FIFO.xsdbm_v1_0_wrfifo_inst/inst_fifo_gen/gconvfifo.rf/grf.rf/rstblk/ngwrdrst.grst.g7serrst.wr_rst_reg_reg[1]/C
  -------------------------------------------------------------------    -------------------
    SLICE_X0Y57          FDPE (Prop_fdpe_C_Q)         0.100     2.451 f  dbg_hub/inst/UUT_MASTER/U_ICON_INTERFACE/U_CMD6_WR/U_WR_FIFO/SUBCORE_FIFO.xsdbm_v1_0_wrfifo_inst/inst_fifo_gen/gconvfifo.rf/grf.rf/rstblk/ngwrdrst.grst.g7serrst.wr_rst_reg_reg[1]/Q
                         net (fo=12, routed)          0.098     2.549    dbg_hub/inst/UUT_MASTER/U_ICON_INTERFACE/U_CMD6_WR/U_WR_FIFO/SUBCORE_FIFO.xsdbm_v1_0_wrfifo_inst/inst_fifo_gen/gconvfifo.rf/grf.rf/gntv_or_sync_fifo.gl0.wr/wpntr/Q[0]
    SLICE_X1Y56          FDCE                                         f  dbg_hub/inst/UUT_MASTER/U_ICON_INTERFACE/U_CMD6_WR/U_WR_FIFO/SUBCORE_FIFO.xsdbm_v1_0_wrfifo_inst/inst_fifo_gen/gconvfifo.rf/grf.rf/gntv_or_sync_fifo.gl0.wr/wpntr/gic0.gc0.count_d2_reg[3]/CLR
  -------------------------------------------------------------------    -------------------

                         (clock dbg_hub/inst/bscan_inst/SERIES7_BSCAN.bscan_inst/DRCK rise edge)
                                                      0.000     0.000 r  
    BSCAN_X0Y0           BSCANE2                      0.000     0.000 r  dbg_hub/inst/bscan_inst/SERIES7_BSCAN.bscan_inst/DRCK
                         net (fo=1, routed)           1.878     1.878    dbg_hub/inst/DRCK
    BUFGCTRL_X0Y1        BUFG (Prop_bufg_I_O)         0.030     1.908 r  dbg_hub/inst/u_bufg_icon/O
                         net (fo=457, routed)         0.968     2.876    dbg_hub/inst/UUT_MASTER/U_ICON_INTERFACE/U_CMD6_WR/U_WR_FIFO/SUBCORE_FIFO.xsdbm_v1_0_wrfifo_inst/inst_fifo_gen/gconvfifo.rf/grf.rf/gntv_or_sync_fifo.gl0.wr/wpntr/idrck
    SLICE_X1Y56                                                       r  dbg_hub/inst/UUT_MASTER/U_ICON_INTERFACE/U_CMD6_WR/U_WR_FIFO/SUBCORE_FIFO.xsdbm_v1_0_wrfifo_inst/inst_fifo_gen/gconvfifo.rf/grf.rf/gntv_or_sync_fifo.gl0.wr/wpntr/gic0.gc0.count_d2_reg[3]/C
                         clock pessimism             -0.510     2.366    
    SLICE_X1Y56          FDCE (Remov_fdce_C_CLR)     -0.069     2.297    dbg_hub/inst/UUT_MASTER/U_ICON_INTERFACE/U_CMD6_WR/U_WR_FIFO/SUBCORE_FIFO.xsdbm_v1_0_wrfifo_inst/inst_fifo_gen/gconvfifo.rf/grf.rf/gntv_or_sync_fifo.gl0.wr/wpntr/gic0.gc0.count_d2_reg[3]
  -------------------------------------------------------------------
                         required time                         -2.297    
                         arrival time                           2.549    
  -------------------------------------------------------------------
                         slack                                  0.252    

Slack (MET) :             0.254ns  (arrival time - required time)
  Source:                 dbg_hub/inst/UUT_MASTER/U_ICON_INTERFACE/U_CMD6_WR/U_WR_FIFO/SUBCORE_FIFO.xsdbm_v1_0_wrfifo_inst/inst_fifo_gen/gconvfifo.rf/grf.rf/rstblk/ngwrdrst.grst.g7serrst.wr_rst_reg_reg[1]/C
                            (rising edge-triggered cell FDPE clocked by dbg_hub/inst/bscan_inst/SERIES7_BSCAN.bscan_inst/DRCK  {rise@0.000ns fall@15.000ns period=30.000ns})
  Destination:            dbg_hub/inst/UUT_MASTER/U_ICON_INTERFACE/U_CMD6_WR/U_WR_FIFO/SUBCORE_FIFO.xsdbm_v1_0_wrfifo_inst/inst_fifo_gen/gconvfifo.rf/grf.rf/gntv_or_sync_fifo.gl0.wr/wpntr/gic0.gc0.count_d1_reg[1]/CLR
                            (removal check against rising-edge clock dbg_hub/inst/bscan_inst/SERIES7_BSCAN.bscan_inst/DRCK  {rise@0.000ns fall@15.000ns period=30.000ns})
  Path Group:             **async_default**
  Path Type:              Removal (Min at Fast Process Corner)
  Requirement:            0.000ns  (dbg_hub/inst/bscan_inst/SERIES7_BSCAN.bscan_inst/DRCK rise@0.000ns - dbg_hub/inst/bscan_inst/SERIES7_BSCAN.bscan_inst/DRCK rise@0.000ns)
  Data Path Delay:        0.200ns  (logic 0.100ns (50.061%)  route 0.100ns (49.939%))
  Logic Levels:           0  
  Clock Path Skew:        0.015ns (DCD - SCD - CPR)
    Destination Clock Delay (DCD):    2.876ns
    Source Clock Delay      (SCD):    2.351ns
    Clock Pessimism Removal (CPR):    0.510ns

    Location             Delay type                Incr(ns)  Path(ns)    Netlist Resource(s)
  -------------------------------------------------------------------    -------------------
                         (clock dbg_hub/inst/bscan_inst/SERIES7_BSCAN.bscan_inst/DRCK rise edge)
                                                      0.000     0.000 r  
    BSCAN_X0Y0           BSCANE2                      0.000     0.000 r  dbg_hub/inst/bscan_inst/SERIES7_BSCAN.bscan_inst/DRCK
                         net (fo=1, routed)           1.598     1.598    dbg_hub/inst/DRCK
    BUFGCTRL_X0Y1        BUFG (Prop_bufg_I_O)         0.026     1.624 r  dbg_hub/inst/u_bufg_icon/O
                         net (fo=457, routed)         0.727     2.351    dbg_hub/inst/UUT_MASTER/U_ICON_INTERFACE/U_CMD6_WR/U_WR_FIFO/SUBCORE_FIFO.xsdbm_v1_0_wrfifo_inst/inst_fifo_gen/gconvfifo.rf/grf.rf/rstblk/idrck
    SLICE_X0Y57                                                       r  dbg_hub/inst/UUT_MASTER/U_ICON_INTERFACE/U_CMD6_WR/U_WR_FIFO/SUBCORE_FIFO.xsdbm_v1_0_wrfifo_inst/inst_fifo_gen/gconvfifo.rf/grf.rf/rstblk/ngwrdrst.grst.g7serrst.wr_rst_reg_reg[1]/C
  -------------------------------------------------------------------    -------------------
    SLICE_X0Y57          FDPE (Prop_fdpe_C_Q)         0.100     2.451 f  dbg_hub/inst/UUT_MASTER/U_ICON_INTERFACE/U_CMD6_WR/U_WR_FIFO/SUBCORE_FIFO.xsdbm_v1_0_wrfifo_inst/inst_fifo_gen/gconvfifo.rf/grf.rf/rstblk/ngwrdrst.grst.g7serrst.wr_rst_reg_reg[1]/Q
                         net (fo=12, routed)          0.100     2.551    dbg_hub/inst/UUT_MASTER/U_ICON_INTERFACE/U_CMD6_WR/U_WR_FIFO/SUBCORE_FIFO.xsdbm_v1_0_wrfifo_inst/inst_fifo_gen/gconvfifo.rf/grf.rf/gntv_or_sync_fifo.gl0.wr/wpntr/Q[0]
    SLICE_X0Y56          FDCE                                         f  dbg_hub/inst/UUT_MASTER/U_ICON_INTERFACE/U_CMD6_WR/U_WR_FIFO/SUBCORE_FIFO.xsdbm_v1_0_wrfifo_inst/inst_fifo_gen/gconvfifo.rf/grf.rf/gntv_or_sync_fifo.gl0.wr/wpntr/gic0.gc0.count_d1_reg[1]/CLR
  -------------------------------------------------------------------    -------------------

                         (clock dbg_hub/inst/bscan_inst/SERIES7_BSCAN.bscan_inst/DRCK rise edge)
                                                      0.000     0.000 r  
    BSCAN_X0Y0           BSCANE2                      0.000     0.000 r  dbg_hub/inst/bscan_inst/SERIES7_BSCAN.bscan_inst/DRCK
                         net (fo=1, routed)           1.878     1.878    dbg_hub/inst/DRCK
    BUFGCTRL_X0Y1        BUFG (Prop_bufg_I_O)         0.030     1.908 r  dbg_hub/inst/u_bufg_icon/O
                         net (fo=457, routed)         0.968     2.876    dbg_hub/inst/UUT_MASTER/U_ICON_INTERFACE/U_CMD6_WR/U_WR_FIFO/SUBCORE_FIFO.xsdbm_v1_0_wrfifo_inst/inst_fifo_gen/gconvfifo.rf/grf.rf/gntv_or_sync_fifo.gl0.wr/wpntr/idrck
    SLICE_X0Y56                                                       r  dbg_hub/inst/UUT_MASTER/U_ICON_INTERFACE/U_CMD6_WR/U_WR_FIFO/SUBCORE_FIFO.xsdbm_v1_0_wrfifo_inst/inst_fifo_gen/gconvfifo.rf/grf.rf/gntv_or_sync_fifo.gl0.wr/wpntr/gic0.gc0.count_d1_reg[1]/C
                         clock pessimism             -0.510     2.366    
    SLICE_X0Y56          FDCE (Remov_fdce_C_CLR)     -0.069     2.297    dbg_hub/inst/UUT_MASTER/U_ICON_INTERFACE/U_CMD6_WR/U_WR_FIFO/SUBCORE_FIFO.xsdbm_v1_0_wrfifo_inst/inst_fifo_gen/gconvfifo.rf/grf.rf/gntv_or_sync_fifo.gl0.wr/wpntr/gic0.gc0.count_d1_reg[1]
  -------------------------------------------------------------------
                         required time                         -2.297    
                         arrival time                           2.551    
  -------------------------------------------------------------------
                         slack                                  0.254    

Slack (MET) :             0.254ns  (arrival time - required time)
  Source:                 dbg_hub/inst/UUT_MASTER/U_ICON_INTERFACE/U_CMD6_WR/U_WR_FIFO/SUBCORE_FIFO.xsdbm_v1_0_wrfifo_inst/inst_fifo_gen/gconvfifo.rf/grf.rf/rstblk/ngwrdrst.grst.g7serrst.wr_rst_reg_reg[1]/C
                            (rising edge-triggered cell FDPE clocked by dbg_hub/inst/bscan_inst/SERIES7_BSCAN.bscan_inst/DRCK  {rise@0.000ns fall@15.000ns period=30.000ns})
  Destination:            dbg_hub/inst/UUT_MASTER/U_ICON_INTERFACE/U_CMD6_WR/U_WR_FIFO/SUBCORE_FIFO.xsdbm_v1_0_wrfifo_inst/inst_fifo_gen/gconvfifo.rf/grf.rf/gntv_or_sync_fifo.gl0.wr/wpntr/gic0.gc0.count_d2_reg[0]/CLR
                            (removal check against rising-edge clock dbg_hub/inst/bscan_inst/SERIES7_BSCAN.bscan_inst/DRCK  {rise@0.000ns fall@15.000ns period=30.000ns})
  Path Group:             **async_default**
  Path Type:              Removal (Min at Fast Process Corner)
  Requirement:            0.000ns  (dbg_hub/inst/bscan_inst/SERIES7_BSCAN.bscan_inst/DRCK rise@0.000ns - dbg_hub/inst/bscan_inst/SERIES7_BSCAN.bscan_inst/DRCK rise@0.000ns)
  Data Path Delay:        0.200ns  (logic 0.100ns (50.061%)  route 0.100ns (49.939%))
  Logic Levels:           0  
  Clock Path Skew:        0.015ns (DCD - SCD - CPR)
    Destination Clock Delay (DCD):    2.876ns
    Source Clock Delay      (SCD):    2.351ns
    Clock Pessimism Removal (CPR):    0.510ns

    Location             Delay type                Incr(ns)  Path(ns)    Netlist Resource(s)
  -------------------------------------------------------------------    -------------------
                         (clock dbg_hub/inst/bscan_inst/SERIES7_BSCAN.bscan_inst/DRCK rise edge)
                                                      0.000     0.000 r  
    BSCAN_X0Y0           BSCANE2                      0.000     0.000 r  dbg_hub/inst/bscan_inst/SERIES7_BSCAN.bscan_inst/DRCK
                         net (fo=1, routed)           1.598     1.598    dbg_hub/inst/DRCK
    BUFGCTRL_X0Y1        BUFG (Prop_bufg_I_O)         0.026     1.624 r  dbg_hub/inst/u_bufg_icon/O
                         net (fo=457, routed)         0.727     2.351    dbg_hub/inst/UUT_MASTER/U_ICON_INTERFACE/U_CMD6_WR/U_WR_FIFO/SUBCORE_FIFO.xsdbm_v1_0_wrfifo_inst/inst_fifo_gen/gconvfifo.rf/grf.rf/rstblk/idrck
    SLICE_X0Y57                                                       r  dbg_hub/inst/UUT_MASTER/U_ICON_INTERFACE/U_CMD6_WR/U_WR_FIFO/SUBCORE_FIFO.xsdbm_v1_0_wrfifo_inst/inst_fifo_gen/gconvfifo.rf/grf.rf/rstblk/ngwrdrst.grst.g7serrst.wr_rst_reg_reg[1]/C
  -------------------------------------------------------------------    -------------------
    SLICE_X0Y57          FDPE (Prop_fdpe_C_Q)         0.100     2.451 f  dbg_hub/inst/UUT_MASTER/U_ICON_INTERFACE/U_CMD6_WR/U_WR_FIFO/SUBCORE_FIFO.xsdbm_v1_0_wrfifo_inst/inst_fifo_gen/gconvfifo.rf/grf.rf/rstblk/ngwrdrst.grst.g7serrst.wr_rst_reg_reg[1]/Q
                         net (fo=12, routed)          0.100     2.551    dbg_hub/inst/UUT_MASTER/U_ICON_INTERFACE/U_CMD6_WR/U_WR_FIFO/SUBCORE_FIFO.xsdbm_v1_0_wrfifo_inst/inst_fifo_gen/gconvfifo.rf/grf.rf/gntv_or_sync_fifo.gl0.wr/wpntr/Q[0]
    SLICE_X0Y56          FDCE                                         f  dbg_hub/inst/UUT_MASTER/U_ICON_INTERFACE/U_CMD6_WR/U_WR_FIFO/SUBCORE_FIFO.xsdbm_v1_0_wrfifo_inst/inst_fifo_gen/gconvfifo.rf/grf.rf/gntv_or_sync_fifo.gl0.wr/wpntr/gic0.gc0.count_d2_reg[0]/CLR
  -------------------------------------------------------------------    -------------------

                         (clock dbg_hub/inst/bscan_inst/SERIES7_BSCAN.bscan_inst/DRCK rise edge)
                                                      0.000     0.000 r  
    BSCAN_X0Y0           BSCANE2                      0.000     0.000 r  dbg_hub/inst/bscan_inst/SERIES7_BSCAN.bscan_inst/DRCK
                         net (fo=1, routed)           1.878     1.878    dbg_hub/inst/DRCK
    BUFGCTRL_X0Y1        BUFG (Prop_bufg_I_O)         0.030     1.908 r  dbg_hub/inst/u_bufg_icon/O
                         net (fo=457, routed)         0.968     2.876    dbg_hub/inst/UUT_MASTER/U_ICON_INTERFACE/U_CMD6_WR/U_WR_FIFO/SUBCORE_FIFO.xsdbm_v1_0_wrfifo_inst/inst_fifo_gen/gconvfifo.rf/grf.rf/gntv_or_sync_fifo.gl0.wr/wpntr/idrck
    SLICE_X0Y56                                                       r  dbg_hub/inst/UUT_MASTER/U_ICON_INTERFACE/U_CMD6_WR/U_WR_FIFO/SUBCORE_FIFO.xsdbm_v1_0_wrfifo_inst/inst_fifo_gen/gconvfifo.rf/grf.rf/gntv_or_sync_fifo.gl0.wr/wpntr/gic0.gc0.count_d2_reg[0]/C
                         clock pessimism             -0.510     2.366    
    SLICE_X0Y56          FDCE (Remov_fdce_C_CLR)     -0.069     2.297    dbg_hub/inst/UUT_MASTER/U_ICON_INTERFACE/U_CMD6_WR/U_WR_FIFO/SUBCORE_FIFO.xsdbm_v1_0_wrfifo_inst/inst_fifo_gen/gconvfifo.rf/grf.rf/gntv_or_sync_fifo.gl0.wr/wpntr/gic0.gc0.count_d2_reg[0]
  -------------------------------------------------------------------
                         required time                         -2.297    
                         arrival time                           2.551    
  -------------------------------------------------------------------
                         slack                                  0.254    

Slack (MET) :             0.254ns  (arrival time - required time)
  Source:                 dbg_hub/inst/UUT_MASTER/U_ICON_INTERFACE/U_CMD6_WR/U_WR_FIFO/SUBCORE_FIFO.xsdbm_v1_0_wrfifo_inst/inst_fifo_gen/gconvfifo.rf/grf.rf/rstblk/ngwrdrst.grst.g7serrst.wr_rst_reg_reg[1]/C
                            (rising edge-triggered cell FDPE clocked by dbg_hub/inst/bscan_inst/SERIES7_BSCAN.bscan_inst/DRCK  {rise@0.000ns fall@15.000ns period=30.000ns})
  Destination:            dbg_hub/inst/UUT_MASTER/U_ICON_INTERFACE/U_CMD6_WR/U_WR_FIFO/SUBCORE_FIFO.xsdbm_v1_0_wrfifo_inst/inst_fifo_gen/gconvfifo.rf/grf.rf/gntv_or_sync_fifo.gl0.wr/wpntr/gic0.gc0.count_reg[0]/CLR
                            (removal check against rising-edge clock dbg_hub/inst/bscan_inst/SERIES7_BSCAN.bscan_inst/DRCK  {rise@0.000ns fall@15.000ns period=30.000ns})
  Path Group:             **async_default**
  Path Type:              Removal (Min at Fast Process Corner)
  Requirement:            0.000ns  (dbg_hub/inst/bscan_inst/SERIES7_BSCAN.bscan_inst/DRCK rise@0.000ns - dbg_hub/inst/bscan_inst/SERIES7_BSCAN.bscan_inst/DRCK rise@0.000ns)
  Data Path Delay:        0.200ns  (logic 0.100ns (50.061%)  route 0.100ns (49.939%))
  Logic Levels:           0  
  Clock Path Skew:        0.015ns (DCD - SCD - CPR)
    Destination Clock Delay (DCD):    2.876ns
    Source Clock Delay      (SCD):    2.351ns
    Clock Pessimism Removal (CPR):    0.510ns

    Location             Delay type                Incr(ns)  Path(ns)    Netlist Resource(s)
  -------------------------------------------------------------------    -------------------
                         (clock dbg_hub/inst/bscan_inst/SERIES7_BSCAN.bscan_inst/DRCK rise edge)
                                                      0.000     0.000 r  
    BSCAN_X0Y0           BSCANE2                      0.000     0.000 r  dbg_hub/inst/bscan_inst/SERIES7_BSCAN.bscan_inst/DRCK
                         net (fo=1, routed)           1.598     1.598    dbg_hub/inst/DRCK
    BUFGCTRL_X0Y1        BUFG (Prop_bufg_I_O)         0.026     1.624 r  dbg_hub/inst/u_bufg_icon/O
                         net (fo=457, routed)         0.727     2.351    dbg_hub/inst/UUT_MASTER/U_ICON_INTERFACE/U_CMD6_WR/U_WR_FIFO/SUBCORE_FIFO.xsdbm_v1_0_wrfifo_inst/inst_fifo_gen/gconvfifo.rf/grf.rf/rstblk/idrck
    SLICE_X0Y57                                                       r  dbg_hub/inst/UUT_MASTER/U_ICON_INTERFACE/U_CMD6_WR/U_WR_FIFO/SUBCORE_FIFO.xsdbm_v1_0_wrfifo_inst/inst_fifo_gen/gconvfifo.rf/grf.rf/rstblk/ngwrdrst.grst.g7serrst.wr_rst_reg_reg[1]/C
  -------------------------------------------------------------------    -------------------
    SLICE_X0Y57          FDPE (Prop_fdpe_C_Q)         0.100     2.451 f  dbg_hub/inst/UUT_MASTER/U_ICON_INTERFACE/U_CMD6_WR/U_WR_FIFO/SUBCORE_FIFO.xsdbm_v1_0_wrfifo_inst/inst_fifo_gen/gconvfifo.rf/grf.rf/rstblk/ngwrdrst.grst.g7serrst.wr_rst_reg_reg[1]/Q
                         net (fo=12, routed)          0.100     2.551    dbg_hub/inst/UUT_MASTER/U_ICON_INTERFACE/U_CMD6_WR/U_WR_FIFO/SUBCORE_FIFO.xsdbm_v1_0_wrfifo_inst/inst_fifo_gen/gconvfifo.rf/grf.rf/gntv_or_sync_fifo.gl0.wr/wpntr/Q[0]
    SLICE_X0Y56          FDCE                                         f  dbg_hub/inst/UUT_MASTER/U_ICON_INTERFACE/U_CMD6_WR/U_WR_FIFO/SUBCORE_FIFO.xsdbm_v1_0_wrfifo_inst/inst_fifo_gen/gconvfifo.rf/grf.rf/gntv_or_sync_fifo.gl0.wr/wpntr/gic0.gc0.count_reg[0]/CLR
  -------------------------------------------------------------------    -------------------

                         (clock dbg_hub/inst/bscan_inst/SERIES7_BSCAN.bscan_inst/DRCK rise edge)
                                                      0.000     0.000 r  
    BSCAN_X0Y0           BSCANE2                      0.000     0.000 r  dbg_hub/inst/bscan_inst/SERIES7_BSCAN.bscan_inst/DRCK
                         net (fo=1, routed)           1.878     1.878    dbg_hub/inst/DRCK
    BUFGCTRL_X0Y1        BUFG (Prop_bufg_I_O)         0.030     1.908 r  dbg_hub/inst/u_bufg_icon/O
                         net (fo=457, routed)         0.968     2.876    dbg_hub/inst/UUT_MASTER/U_ICON_INTERFACE/U_CMD6_WR/U_WR_FIFO/SUBCORE_FIFO.xsdbm_v1_0_wrfifo_inst/inst_fifo_gen/gconvfifo.rf/grf.rf/gntv_or_sync_fifo.gl0.wr/wpntr/idrck
    SLICE_X0Y56                                                       r  dbg_hub/inst/UUT_MASTER/U_ICON_INTERFACE/U_CMD6_WR/U_WR_FIFO/SUBCORE_FIFO.xsdbm_v1_0_wrfifo_inst/inst_fifo_gen/gconvfifo.rf/grf.rf/gntv_or_sync_fifo.gl0.wr/wpntr/gic0.gc0.count_reg[0]/C
                         clock pessimism             -0.510     2.366    
    SLICE_X0Y56          FDCE (Remov_fdce_C_CLR)     -0.069     2.297    dbg_hub/inst/UUT_MASTER/U_ICON_INTERFACE/U_CMD6_WR/U_WR_FIFO/SUBCORE_FIFO.xsdbm_v1_0_wrfifo_inst/inst_fifo_gen/gconvfifo.rf/grf.rf/gntv_or_sync_fifo.gl0.wr/wpntr/gic0.gc0.count_reg[0]
  -------------------------------------------------------------------
                         required time                         -2.297    
                         arrival time                           2.551    
  -------------------------------------------------------------------
                         slack                                  0.254    





